batter,bowler,balls,runs,wickets,dots,fours,sixes,dot_pct,strike_rate,average
Dega Nischal,Mohammed Siraj,9339,12940,271,807,394,310,8.64,138.56,47.75
Yashasvi Jaiswal,Mohammed Siraj,9800,14513,275,730,508,397,7.45,148.09,52.77
Dega Nischal,Ravi Teja,6916,9607,200,576,291,219,8.33,138.91,48.03
Yashasvi Jaiswal,Ravi Teja,6975,9571,166,696,297,224,9.98,137.22,57.66
Dega Nischal,Prasidh Krishna,9593,14266,262,616,493,387,6.42,148.71,54.45
Yashasvi Jaiswal,Prasidh Krishna,9825,15214,262,575,633,430,5.85,154.85,58.07
Ryan Rickelton,Ravi Teja,2861,4360,110,368,206,173,12.86,152.39,39.64
Ryan Rickelton,Prasidh Krishna,4430,7709,206,316,444,332,7.13,174.02,37.42
Ryan Rickelton,Mohammed Siraj,4429,7262,257,462,382,331,10.43,163.96,28.26
Sahan Arachchige,Prasidh Krishna,968,1272,134,142,56,56,14.67,131.4,9.49
Sahan Arachchige,Mitchell Santner,1798,2477,333,291,161,131,16.18,137.76,7.44
Yashasvi Jaiswal,Mitchell Santner,5586,11127,308,631,761,688,11.3,199.19,36.13
Abhimanyu Easwaran,Mitchell Santner,5041,9395,279,686,682,529,13.61,186.37,33.67
Abhimanyu Easwaran,Liam Livingstone,4557,8901,278,536,654,526,11.76,195.33,32.02
Suryakumar Yadav,Liam Livingstone,2825,5797,111,321,438,333,11.36,205.2,52.23
Yashasvi Jaiswal,Sunil Narine,5772,10115,213,1110,661,604,19.23,175.24,47.49
Dasun Shanaka,Sunil Narine,1720,2661,171,358,162,159,20.81,154.71,15.56
Suryakumar Yadav,Sunil Narine,2441,4252,95,468,325,219,19.17,174.19,44.76
Suryakumar Yadav,Mitchell Santner,2439,4816,99,311,392,247,12.75,197.46,48.65
Dasun Shanaka,Mitchell Santner,1811,2948,205,264,184,162,14.58,162.78,14.38
Josh Tongue,Mitchell Santner,363,252,133,115,13,15,31.68,69.42,1.89
Josh Tongue,Sunil Narine,362,241,109,138,11,14,38.12,66.57,2.21
Kuldeep Yadav,Sunil Narine,561,154,188,300,12,5,53.48,27.45,0.82
Varun Chakravarthy,Liam Livingstone,771,720,114,133,11,5,17.25,93.39,6.32
Varun Chakravarthy,Mitchell Santner,947,981,105,142,16,5,14.99,103.59,9.34
Varun Chakravarthy,Sunil Narine,873,867,127,121,9,6,13.86,99.31,6.83
Suryakumar Yadav,Ravi Teja,624,1098,33,96,77,58,15.38,175.96,33.27
Varun Chakravarthy,Ravi Teja,245,249,21,40,4,1,16.33,101.63,11.86
Suryakumar Yadav,Prasidh Krishna,1316,2501,67,173,192,129,13.15,190.05,37.33
Varun Chakravarthy,Prasidh Krishna,251,262,33,33,1,3,13.15,104.38,7.94
Chamika Gunasekara,Prasidh Krishna,282,299,17,48,3,1,17.02,106.03,17.59
Vaibhav Suryavanshi,Chamika Gunasekara,6759,10543,151,419,418,322,6.2,155.98,69.82
Liam Livingstone,Chamika Gunasekara,9233,14049,239,682,561,401,7.39,152.16,58.78
Vaibhav Suryavanshi,Josh Tongue,6837,10629,209,476,461,317,6.96,155.46,50.86
Liam Livingstone,Josh Tongue,9173,13684,294,789,503,410,8.6,149.18,46.54
Vaibhav Suryavanshi,Varun Chakravarthy,13511,21588,280,929,908,722,6.88,159.78,77.1
Liam Livingstone,Varun Chakravarthy,5986,9867,141,479,455,378,8.0,164.83,69.98
Liam Livingstone,Kuldeep Yadav,5522,9449,229,425,474,422,7.7,171.12,41.26
Vaibhav Suryavanshi,Kuldeep Yadav,11855,20102,330,705,958,786,5.95,169.57,60.92
Sai Sudharsan,Varun Chakravarthy,6291,10077,196,866,530,455,13.77,160.18,51.41
Sai Sudharsan,Josh Tongue,4663,7731,258,468,388,370,10.04,165.79,29.97
Sai Sudharsan,Chamika Gunasekara,4605,7806,192,437,420,356,9.49,169.51,40.66
Sai Sudharsan,Kuldeep Yadav,6364,10979,363,667,593,563,10.48,172.52,30.25
Yashvardhan Dalal,Kuldeep Yadav,3825,6487,216,644,422,360,16.84,169.59,30.03
Jos Buttler,Kuldeep Yadav,7103,10324,309,900,442,322,12.67,145.35,33.41
Yashvardhan Dalal,Varun Chakravarthy,3395,5613,107,614,355,290,18.09,165.33,52.46
Jos Buttler,Varun Chakravarthy,7884,10830,237,1077,387,301,13.66,137.37,45.7
Jos Buttler,Sahan Arachchige,2874,5076,300,560,414,303,19.49,176.62,16.92
Yashvardhan Dalal,Sahan Arachchige,4882,8579,338,945,670,488,19.36,175.73,25.38
Kunal Chandela,Sahan Arachchige,3193,5642,289,587,461,313,18.38,176.7,19.52
Kunal Chandela,Dasun Shanaka,3821,8216,165,405,675,467,10.6,215.02,49.79
Shubman Gill,Athisayaraj Davidson,6350,9592,161,557,395,281,8.77,151.06,59.58
Ruturaj Gaikwad,Athisayaraj Davidson,6504,9614,127,725,408,305,11.15,147.82,75.7
Ruturaj Gaikwad,Arzan Nagwaswalla,15376,20231,399,2051,677,475,13.34,131.58,50.7
Shubman Gill,Arzan Nagwaswalla,17177,23316,498,1815,769,508,10.57,135.74,46.82
Ruturaj Gaikwad,Jasprit Bumrah,15651,21716,318,1837,765,567,11.74,138.75,68.29
Shubman Gill,Jasprit Bumrah,17631,24979,389,1729,844,638,9.81,141.68,64.21
Ruturaj Gaikwad,Noor Ahmad,6464,10874,93,567,537,444,8.77,168.22,116.92
Shubman Gill,Noor Ahmad,5936,10094,116,446,497,409,7.51,170.05,87.02
Karan Lal,Arzan Nagwaswalla,2214,3460,197,281,194,160,12.69,156.28,17.56
Karan Lal,Athisayaraj Davidson,2252,3726,163,245,224,167,10.88,165.45,22.86
Ishan Kishan,Athisayaraj Davidson,1822,3320,84,268,203,200,14.71,182.22,39.52
Ishan Kishan,Arzan Nagwaswalla,3443,5479,294,602,325,302,17.48,159.13,18.64
Heinrich Klaasen,Arzan Nagwaswalla,1862,2329,184,560,135,131,30.08,125.08,12.66
Heinrich Klaasen,Jasprit Bumrah,1734,2591,159,414,176,146,23.88,149.42,16.3
Karan Lal,Jasprit Bumrah,2025,3168,140,191,170,123,9.43,156.44,22.63
Heinrich Klaasen,Athisayaraj Davidson,958,1322,79,256,79,72,26.72,138.0,16.73
Karan Lal,Noor Ahmad,2376,4651,127,121,285,248,5.09,195.75,36.62
Heinrich Klaasen,Noor Ahmad,1160,1824,71,294,122,111,25.34,157.24,25.69
Karan Lal,Raj Angad Bawa,683,1672,36,43,160,95,6.3,244.8,46.44
Heinrich Klaasen,Raj Angad Bawa,982,1828,91,155,152,105,15.78,186.15,20.09
Karan Lal,Atit Sheth,671,1490,106,38,135,94,5.66,222.06,14.06
Marcus Stoinis,Atit Sheth,1136,1979,159,156,154,115,13.73,174.21,12.45
Heinrich Klaasen,Atit Sheth,1066,1962,145,137,160,112,12.85,184.05,13.53
Marcus Stoinis,Raj Angad Bawa,959,1697,75,156,136,87,16.27,176.96,22.63
Shivam Mavi,Atit Sheth,377,358,138,76,31,15,20.16,94.96,2.59
Shivam Mavi,Jasprit Bumrah,200,114,73,68,8,5,34.0,57.0,1.56
Dunith Wellalage,Jasprit Bumrah,743,867,35,205,37,32,27.59,116.69,24.77
Maheesh Theekshana,Jasprit Bumrah,186,111,49,52,0,1,27.96,59.68,2.27
Maheesh Theekshana,Noor Ahmad,107,79,35,32,5,4,29.91,73.83,2.26
Ottneil Baartman,Noor Ahmad,174,156,24,29,0,1,16.67,89.66,6.5
Mohsin Khan,Noor Ahmad,153,150,13,27,3,0,17.65,98.04,11.54
Christopher Britz,Mohsin Khan,12308,13635,249,4125,567,446,33.51,110.78,54.76
Karun Nair,Mohsin Khan,5551,6828,189,919,192,149,16.56,123.0,36.13
Christopher Britz,Ottneil Baartman,7572,8668,184,2064,302,241,27.26,114.47,47.11
Karun Nair,Ottneil Baartman,5433,6663,279,841,198,154,15.48,122.64,23.88
Karun Nair,Shivam Mavi,5546,7001,131,901,231,147,16.25,126.24,53.44
Christopher Britz,Shivam Mavi,7671,8735,108,2206,313,229,28.76,113.87,80.88
Christopher Britz,Maheesh Theekshana,8800,10826,122,2230,421,313,25.34,123.02,88.74
Glenn Phillips,Shivam Mavi,3122,5208,80,464,293,249,14.86,166.82,65.1
Glenn Phillips,Ottneil Baartman,3104,4974,194,384,275,219,12.37,160.24,25.64
Glenn Phillips,Maheesh Theekshana,3696,6461,105,555,412,319,15.02,174.81,61.53
Abhishek Sharma,Duan Jansen,2737,4117,119,164,158,117,5.99,150.42,34.6
Deepak Hooda,Duan Jansen,2445,2653,121,457,51,38,18.69,108.51,21.93
Deepak Hooda,Chamika Gunasekara,2648,3362,114,367,101,65,13.86,126.96,29.49
Abhishek Sharma,Chamika Gunasekara,4091,6675,194,258,314,248,6.31,163.16,34.41
Abhishek Sharma,Josh Tongue,4167,6334,292,330,279,232,7.92,152.0,21.69
Deepak Hooda,Josh Tongue,2543,3012,117,388,64,43,15.26,118.44,25.74
Abhishek Sharma,Vasuki Koushik,2735,3912,83,288,134,109,10.53,143.03,47.13
Deepak Hooda,Vasuki Koushik,2398,2658,135,453,61,41,18.89,110.84,19.69
Christopher Britz,Duan Jansen,2781,2568,81,1213,123,84,43.62,92.34,31.7
Glenn Phillips,Duan Jansen,1264,1851,105,315,118,105,24.92,146.44,17.63
Glenn Phillips,Vasuki Koushik,1258,1570,95,396,81,89,31.48,124.8,16.53
Deepak Hooda,Dasun Shanaka,767,1666,51,93,122,116,12.13,217.21,32.67
Glenn Phillips,Dasun Shanaka,4334,9349,219,467,767,550,10.78,215.71,42.69
Glenn Phillips,Charith Asalanka,2854,6133,74,330,454,383,11.56,214.89,82.88
Lalit Yadav,Charith Asalanka,1811,4129,72,121,340,247,6.68,228.0,57.35
Deepak Hooda,Charith Asalanka,905,1911,19,96,156,102,10.61,211.16,100.58
Lalit Yadav,Dasun Shanaka,4617,10029,199,344,810,563,7.45,217.22,50.4
Sdnv Prasad,Dasun Shanaka,3324,7210,116,295,513,445,8.87,216.91,62.16
Dian Forrester,Charith Asalanka,817,1642,23,92,100,103,11.26,200.98,71.39
Dian Forrester,Josh Tongue,244,414,17,50,25,28,20.49,169.67,24.35
Jai Moondra,Josh Tongue,72,77,20,18,6,4,25.0,106.94,3.85
Ismat Alam,Josh Tongue,166,213,41,38,13,15,22.89,128.31,5.2
Jai Moondra,Dasun Shanaka,152,155,45,32,6,9,21.05,101.97,3.44
Ismat Alam,Dasun Shanaka,434,738,95,72,62,46,16.59,170.05,7.77
Jasprit Bumrah,Dasun Shanaka,991,983,132,147,15,10,14.83,99.19,7.45
Dega Nischal,Jai Moondra,3761,5456,96,268,194,141,7.13,145.07,56.83
Yashasvi Jaiswal,Jai Moondra,3675,5584,63,186,199,145,5.06,151.95,88.63
Yashasvi Jaiswal,Arzan Nagwaswalla,16647,22398,499,1856,681,533,11.15,134.55,44.89
Dega Nischal,Arzan Nagwaswalla,16378,21837,476,1541,617,441,9.41,133.33,45.88
Yashasvi Jaiswal,Jasprit Bumrah,16805,23811,413,1636,810,610,9.74,141.69,57.65
Dega Nischal,Jasprit Bumrah,16495,22660,442,1439,675,505,8.72,137.37,51.27
Ryan Rickelton,Jasprit Bumrah,8104,12850,262,1107,641,566,13.66,158.56,49.05
Dhruv Jurel,Jasprit Bumrah,1806,2743,96,333,151,130,18.44,151.88,28.57
Dhruv Jurel,Jai Moondra,693,1105,40,108,69,54,15.58,159.45,27.62
Ryan Rickelton,Jai Moondra,1721,3057,49,127,160,141,7.38,177.63,62.39
Suryakumar Yadav,Jasprit Bumrah,1390,2118,63,337,129,118,24.24,152.37,33.62
Dhruv Jurel,Arzan Nagwaswalla,1907,2757,119,391,146,135,20.5,144.57,23.17
Suryakumar Yadav,Arzan Nagwaswalla,1491,2070,108,380,126,108,25.49,138.83,19.17
Charith Asalanka,Arzan Nagwaswalla,449,592,56,110,36,31,24.5,131.85,10.57
Charith Asalanka,Dian Forrester,2617,4339,224,413,288,234,15.78,165.8,19.37
Dhruv Jurel,Dian Forrester,4668,10148,212,363,744,639,7.78,217.4,47.87
Dhruv Jurel,Ismat Alam,1781,3152,136,326,228,193,18.3,176.98,23.18
Charith Asalanka,Ismat Alam,927,1313,99,232,103,61,25.03,141.64,13.26
Dasun Shanaka,Dian Forrester,2022,3793,121,203,237,216,10.04,187.59,31.35
Dasun Shanaka,Ismat Alam,721,1154,89,134,69,76,18.59,160.06,12.97
Duan Jansen,Ismat Alam,262,200,91,71,15,8,27.1,76.34,2.2
Josh Tongue,Ismat Alam,225,128,72,80,3,6,35.56,56.89,1.78
Vasuki Koushik,Dian Forrester,234,200,38,45,3,0,19.23,85.47,5.26
Chamika Gunasekara,Dian Forrester,253,255,17,39,0,0,15.42,100.79,15.0
Vasuki Koushik,Ismat Alam,270,237,52,44,2,4,16.3,87.78,4.56
Chamika Gunasekara,Ismat Alam,220,215,16,36,2,1,16.36,97.73,13.44
Vasuki Koushik,Arzan Nagwaswalla,116,115,14,18,1,1,15.52,99.14,8.21
Chamika Gunasekara,Arzan Nagwaswalla,280,297,24,30,0,0,10.71,106.07,12.38
Shubman Gill,Shiran Fernando,13989,20460,402,930,736,468,6.65,146.26,50.9
Ruturaj Gaikwad,Shiran Fernando,14432,20751,352,1107,700,501,7.67,143.78,58.95
Ruturaj Gaikwad,Rashid Khan,15105,22562,352,1397,920,675,9.25,149.37,64.1
Shubman Gill,Rashid Khan,16263,24588,363,1281,926,732,7.88,151.19,67.74
Shubman Gill,Gangam Anikethreddy,11202,16578,338,1320,709,554,11.78,147.99,49.05
Karan Lal,Gangam Anikethreddy,2316,4202,174,176,253,223,7.6,181.43,24.15
Ruturaj Gaikwad,Gangam Anikethreddy,11748,17644,280,1380,721,640,11.75,150.19,63.01
Karan Lal,Shiran Fernando,2362,3845,203,133,183,162,5.63,162.79,18.94
Karan Lal,Prince Yadav,2450,4075,183,175,209,180,7.14,166.33,22.27
Ishan Kishan,Prince Yadav,2380,4213,168,312,261,238,13.11,177.02,25.08
Ruturaj Gaikwad,Prince Yadav,8765,13161,184,843,530,423,9.62,150.15,71.53
Heinrich Klaasen,Prince Yadav,1347,2161,80,302,128,130,22.42,160.43,27.01
Heinrich Klaasen,Gangam Anikethreddy,2170,2650,232,627,166,130,28.89,122.12,11.42
Heinrich Klaasen,Rashid Khan,2173,3039,218,541,182,167,24.9,139.85,13.94
Shivam Mavi,Gangam Anikethreddy,307,216,121,87,13,11,28.34,70.36,1.79
Dunith Wellalage,Gangam Anikethreddy,897,1118,40,272,54,54,30.32,124.64,27.95
Marcus Stoinis,Gangam Anikethreddy,1103,1548,108,268,100,82,24.3,140.34,14.33
Maheesh Theekshana,Gangam Anikethreddy,201,107,71,66,4,4,32.84,53.23,1.51
Dunith Wellalage,Rashid Khan,939,1244,48,201,63,44,21.41,132.48,25.92
Maheesh Theekshana,Rashid Khan,226,141,54,70,2,2,30.97,62.39,2.61
Ottneil Baartman,Rashid Khan,225,203,48,34,4,2,15.11,90.22,4.23
Mohsin Khan,Rashid Khan,357,348,54,63,6,3,17.65,97.48,6.44
KL Rahul,Shivam Mavi,7014,11806,138,330,507,441,4.7,168.32,85.55
Nishant Sindhu,Shivam Mavi,5913,8806,150,578,339,272,9.78,148.93,58.71
Nishant Sindhu,Mohsin Khan,6009,8412,235,740,302,248,12.31,139.99,35.8
KL Rahul,Mohsin Khan,12331,21124,299,633,983,821,5.13,171.31,70.65
KL Rahul,Ottneil Baartman,6878,11311,217,351,489,410,5.1,164.45,52.12
Nishant Sindhu,Ottneil Baartman,5791,8163,274,540,274,215,9.32,140.96,29.79
Virat Singh,Ottneil Baartman,3433,5793,242,301,317,268,8.77,168.74,23.94
Harry Brook,Shivam Mavi,2048,4010,70,186,251,234,9.08,195.8,57.29
Shivam Dube,Ottneil Baartman,1077,1622,121,148,98,81,13.74,150.6,13.4
Tilak Varma,Ottneil Baartman,906,1342,71,191,90,67,21.08,148.12,18.9
Virat Singh,Maheesh Theekshana,3871,7432,96,328,426,404,8.47,191.99,77.42
Tilak Varma,Maheesh Theekshana,1022,1715,21,183,103,91,17.91,167.81,81.67
Rashid Khan,Maheesh Theekshana,235,257,66,60,13,17,25.53,109.36,3.89
Gangam Anikethreddy,Maheesh Theekshana,143,33,45,83,2,2,58.04,23.08,0.73
Virat Singh,Mohsin Khan,4922,8857,306,516,504,488,10.48,179.95,28.94
Gangam Anikethreddy,Mohsin Khan,348,199,120,157,14,14,45.11,57.18,1.66
Calvin Harrison,Mohsin Khan,346,309,56,115,19,9,33.24,89.31,5.52
Shiran Fernando,Mohsin Khan,341,325,41,57,2,3,16.72,95.31,7.93
Prince Yadav,Ottneil Baartman,191,195,24,32,2,4,16.75,102.09,8.12
Prince Yadav,Maheesh Theekshana,189,203,14,30,1,4,15.87,107.41,14.5
Ayush Mhatre,Ashish Singh,3253,4469,70,443,161,116,13.62,137.38,63.84
Yash Dhull,Ashish Singh,2798,3296,101,530,99,56,18.94,117.8,32.63
Ayush Mhatre,Binura Fernando,11488,16035,247,1260,503,393,10.97,139.58,64.92
Yash Dhull,Binura Fernando,3018,3674,112,473,95,46,15.67,121.74,32.8
Yash Dhull,Mohammed Shami,2912,3568,100,420,76,60,14.42,122.53,35.68
Ayush Mhatre,Mohammed Shami,10518,16485,232,715,667,510,6.8,156.73,71.06
Mukul Choudhary,Mohammed Shami,4135,6626,212,480,347,300,11.61,160.24,31.25
Mukul Choudhary,Binura Fernando,3745,5595,191,502,292,199,13.4,149.4,29.29
Mukul Choudhary,Ashish Singh,1323,1762,57,261,83,60,19.73,133.18,30.91
Mukul Choudhary,Auqib Nabi,1003,1956,67,116,136,118,11.57,195.01,29.19
Yash Dhull,Auqib Nabi,490,805,38,101,60,42,20.61,164.29,21.18
Yash Dhull,Mitchell Marsh,405,657,37,100,48,38,24.69,162.22,17.76
Mukul Choudhary,Mitchell Marsh,2668,5334,150,354,397,326,13.27,199.93,35.56
Mridul Surroch,Mitchell Marsh,3039,6095,206,454,477,375,14.94,200.56,29.59
Sairaj Patil,Mitchell Marsh,737,1294,83,84,100,67,11.4,175.58,15.59
Sairaj Patil,Mohammed Shami,194,290,19,36,24,12,18.56,149.48,15.26
Sairaj Patil,Ashish Singh,182,276,21,33,13,15,18.13,151.65,13.14
Yuvraj Chaudhary,Ashish Singh,237,328,18,49,11,19,20.68,138.4,18.22
David Warner,Mohamed Shiraz,3626,4858,64,497,146,115,13.71,133.98,75.91
Venkatesh Iyer,Mohamed Shiraz,3241,4257,86,420,119,105,12.96,131.35,49.5
Venkatesh Iyer,Mayank Yadav,3393,4850,83,285,156,115,8.4,142.94,58.43
David Warner,Mayank Yadav,3740,5379,51,359,206,136,9.6,143.82,105.47
Mitchell Marsh,Mayank Yadav,1073,1843,36,121,91,94,11.28,171.76,51.19
David Warner,Umesh Yadav,3656,5389,46,371,186,158,10.15,147.4,117.15
Mitchell Marsh,Umesh Yadav,1109,1671,41,177,82,74,15.96,150.68,40.76
Mitchell Marsh,Mohamed Shiraz,1152,1522,47,243,71,54,21.09,132.12,32.38
David Warner,Craig Overton,1246,2566,39,144,184,153,11.56,205.94,65.79
Matt Short,Craig Overton,896,1481,62,196,114,77,21.88,165.29,23.89
Shubham Dubey,Craig Overton,1000,1406,77,286,105,72,28.6,140.6,18.26
Matt Short,Mridul Surroch,2780,4889,189,517,340,291,18.6,175.86,25.87
Shubham Dubey,Mridul Surroch,1031,1556,50,289,109,91,28.03,150.92,31.12
Matt Short,Umesh Yadav,206,334,9,46,22,18,22.33,162.14,37.11
Shubham Dubey,Umesh Yadav,465,607,12,143,40,28,30.75,130.54,50.58
Finn Allen,Lasith Embuldeniya,6434,9355,127,585,346,231,9.09,145.4,73.66
Rohit Sharma,Lasith Embuldeniya,7722,10919,172,1029,462,311,13.33,141.4,63.48
Finn Allen,Akeal Hosein,6622,10376,151,324,414,284,4.89,156.69,68.72
Rohit Sharma,Akeal Hosein,7930,11652,215,891,478,370,11.24,146.94,54.2
Finn Allen,Binura Fernando,7106,10236,251,455,316,233,6.4,144.05,40.78
Rohit Sharma,Binura Fernando,7107,9939,203,594,279,229,8.36,139.85,48.96
Kumar Kushagra,Binura Fernando,3279,4682,162,602,237,178,18.36,142.79,28.9
Kumar Kushagra,Lasith Embuldeniya,3255,4175,71,888,195,153,27.28,128.26,58.8
Krunal Pandya,Binura Fernando,1154,1529,83,265,81,68,22.96,132.5,18.42
Krunal Pandya,Akeal Hosein,1820,2854,102,344,179,141,18.9,156.81,27.98
Naman Dhir,Akeal Hosein,544,883,36,120,74,40,22.06,162.32,24.53
Donovan Ferreira,Akeal Hosein,947,1536,100,187,112,90,19.75,162.2,15.36
Donovan Ferreira,Lasith Embuldeniya,1001,1501,87,241,103,84,24.08,149.95,17.25
Donovan Ferreira,Binura Fernando,348,543,43,51,39,27,14.66,156.03,12.63
Donovan Ferreira,Axar Patel,1208,2434,116,152,202,145,12.58,201.49,20.98
Rohit Sharma,Axar Patel,1738,3929,81,100,303,247,5.75,226.06,48.51
Rohit Sharma,Mitchell Marsh,1310,2654,86,144,178,174,10.99,202.6,30.86
Donovan Ferreira,Mitchell Marsh,1003,1959,122,116,152,124,11.57,195.31,16.06
Harsh Dubey,Akeal Hosein,190,164,66,49,14,7,25.79,86.32,2.48
Shardul Thakur,Akeal Hosein,275,293,30,86,19,9,31.27,106.55,9.77
Suryansh Shedge,Akeal Hosein,274,481,30,30,41,22,10.95,175.55,16.03
Mitchell Marsh,Kagiso Rabada,7255,10922,162,493,393,294,6.8,150.54,67.42
Luhan dre pretorious,Kagiso Rabada,6315,8137,234,623,229,132,9.87,128.85,34.77
Rishabh Pant,Kagiso Rabada,2660,3613,187,355,133,123,13.35,135.83,19.32
Rishabh Pant,Harsh Dubey,2602,3109,157,521,125,85,20.02,119.49,19.8
Mitchell Marsh,Harsh Dubey,6584,10039,129,554,381,316,8.41,152.48,77.82
Rishabh Pant,Anshul Kamboj,2726,3435,255,415,133,107,15.22,126.01,13.47
Mitchell Marsh,Anshul Kamboj,7898,11135,227,569,347,239,7.2,140.99,49.05
Rishabh Pant,Suryansh Shedge,605,956,56,118,78,47,19.5,158.02,17.07
Mitchell Marsh,Suryansh Shedge,1276,2865,43,40,208,168,3.13,224.53,66.63
Kartik Sharma,Suryansh Shedge,2153,4758,59,200,359,295,9.29,220.99,80.64
Kartik Sharma,Donovan Ferreira,5221,10304,162,711,711,624,13.62,197.36,63.6
Mitchell Marsh,Donovan Ferreira,1625,3763,41,48,263,237,2.95,231.57,91.78
Mitchell Marsh,Shardul Thakur,1322,2928,119,52,211,195,3.93,221.48,24.61
Kartik Sharma,Shardul Thakur,2400,4776,162,250,344,286,10.42,199.0,29.48
Mitchell Marsh,Krunal Pandya,1988,4519,67,111,355,263,5.58,227.31,67.45
Kartik Sharma,Krunal Pandya,6459,13084,208,856,945,787,13.25,202.57,62.9
Rinku Singh,Krunal Pandya,3686,7044,192,515,515,405,13.97,191.1,36.69
KL Rahul,Kuldeep Yadav,12214,20493,333,696,931,796,5.7,167.78,61.54
Kusal Mendis,Kuldeep Yadav,6127,8321,205,606,268,190,9.89,135.81,40.59
Kusal Mendis,Varun Chakravarthy,7156,9717,164,666,295,202,9.31,135.79,59.25
KL Rahul,Varun Chakravarthy,14038,22529,304,822,945,716,5.86,160.49,74.11
Harry Brook,Varun Chakravarthy,4586,7647,247,467,399,363,10.18,166.75,30.96
Harry Brook,Kuldeep Yadav,4876,8740,357,421,527,457,8.63,179.25,24.48
KL Rahul,Vaisakh Chandran,7535,11206,145,605,383,321,8.03,148.72,77.28
Harry Brook,Vaisakh Chandran,2675,3931,125,316,190,134,11.81,146.95,31.45
Shivam Dube,Vaisakh Chandran,534,848,46,96,39,55,17.98,158.8,18.43
Virat Singh,Vaisakh Chandran,1355,2281,40,240,151,110,17.71,168.34,57.02
Virat Singh,Kuldeep Yadav,4984,8601,361,532,524,431,10.67,172.57,23.83
Shivam Dube,Kuldeep Yadav,2111,3206,240,365,193,176,17.29,151.87,13.36
Tilak Varma,Kuldeep Yadav,2014,3276,119,346,193,169,17.18,162.66,27.53
Shahbaz Ahmed,Kuldeep Yadav,451,672,64,58,49,27,12.86,149.0,10.5
Rashid Khan,Kuldeep Yadav,444,442,153,103,26,29,23.2,99.55,2.89
Tilak Varma,Vaisakh Chandran,472,757,36,86,41,44,18.22,160.38,21.03
Tilak Varma,Charith Asalanka,1269,2433,30,183,151,147,14.42,191.73,81.1
Rashid Khan,Charith Asalanka,315,341,60,96,20,19,30.48,108.25,5.68
Tilak Varma,Sahan Arachchige,3916,6358,363,653,417,344,16.68,162.36,17.52
Rashid Khan,Sahan Arachchige,1014,966,348,236,62,52,23.27,95.27,2.78
Tilak Varma,Dasun Shanaka,3605,7224,133,383,527,396,10.62,200.39,54.32
Rashid Khan,Dasun Shanaka,963,1036,279,216,64,59,22.43,107.58,3.71
Gangam Anikethreddy,Charith Asalanka,186,89,30,112,4,5,60.22,47.85,2.97
Saransh Jain,Charith Asalanka,275,307,10,45,4,3,16.36,111.64,30.7
Saransh Jain,Dasun Shanaka,718,774,36,124,14,7,17.27,107.8,21.5
Saransh Jain,Sahan Arachchige,771,744,63,148,7,5,19.2,96.5,11.81
Saransh Jain,Varun Chakravarthy,233,258,11,34,2,1,14.59,110.73,23.45
Tilak Varma,Varun Chakravarthy,1720,2767,71,304,169,139,17.67,160.87,38.97
Shiran Fernando,Varun Chakravarthy,365,383,35,42,5,0,11.51,104.93,10.94
Shiran Fernando,Vaisakh Chandran,139,150,14,18,3,0,12.95,107.91,10.71
Dega Nischal,Rashid Khan,15844,22728,359,1349,749,603,8.51,143.45,63.31
Yashasvi Jaiswal,Rashid Khan,15934,23249,410,1337,831,656,8.39,145.91,56.7
Dega Nischal,Shiran Fernando,13880,19742,487,894,653,436,6.44,142.23,40.54
Yashasvi Jaiswal,Shiran Fernando,13547,20049,390,799,660,538,5.9,148.0,51.41
Yashasvi Jaiswal,Gangam Anikethreddy,11034,16625,344,1135,776,527,10.29,150.67,48.33
Dega Nischal,Gangam Anikethreddy,10928,16218,347,1058,654,514,9.68,148.41,46.74
Ryan Rickelton,Rashid Khan,7919,13101,283,868,693,573,10.96,165.44,46.29
Ryan Rickelton,Gangam Anikethreddy,6555,10731,318,862,580,516,13.15,163.71,33.75
Dega Nischal,Saransh Jain,1688,3447,85,177,209,228,10.49,204.21,40.55
Ryan Rickelton,Saransh Jain,2133,4140,126,310,302,258,14.53,194.09,32.86
Ryan Rickelton,Shahbaz Ahmed,2011,4385,108,129,318,267,6.41,218.05,40.6
Dega Nischal,Shahbaz Ahmed,1460,3149,70,70,211,190,4.79,215.68,44.99
Dhruv Jurel,Saransh Jain,2513,4479,160,455,341,250,18.11,178.23,27.99
Abhimanyu Easwaran,Saransh Jain,2111,3752,156,300,265,210,14.21,177.74,24.05
Shubman Gill,Vaisakh Chandran,7459,10349,164,745,340,236,9.99,138.75,63.1
Ruturaj Gaikwad,Vaisakh Chandran,7546,10307,144,819,323,234,10.85,136.59,71.58
Shubman Gill,Varun Chakravarthy,13655,20135,330,1162,748,566,8.51,147.46,61.02
Ruturaj Gaikwad,Varun Chakravarthy,13926,19896,277,1418,734,546,10.18,142.87,71.83
Ruturaj Gaikwad,Kuldeep Yadav,12577,19279,366,1144,862,637,9.1,153.29,52.67
Shubman Gill,Kuldeep Yadav,12072,19433,355,878,879,706,7.27,160.98,54.74
Ruchit Ahir,Vaisakh Chandran,2858,4323,88,395,193,170,13.82,151.26,49.12
Ruchit Ahir,Sahan Arachchige,2625,4303,241,540,293,264,20.57,163.92,17.85
Ruturaj Gaikwad,Sahan Arachchige,3722,6301,261,634,450,333,17.03,169.29,24.14
Ruturaj Gaikwad,Dasun Shanaka,3785,8303,121,252,608,501,6.66,219.37,68.62
Ruchit Ahir,Dasun Shanaka,2007,4485,76,117,366,253,5.83,223.47,59.01
Ishan Kishan,Sahan Arachchige,3752,6982,432,558,524,443,14.87,186.09,16.16
Ruturaj Gaikwad,Charith Asalanka,2754,6069,58,134,437,347,4.87,220.37,104.64
Heinrich Klaasen,Charith Asalanka,1930,3954,46,246,256,251,12.75,204.87,85.96
Heinrich Klaasen,Sahan Arachchige,3121,4491,498,673,333,242,21.56,143.9,9.02
Sarfaraz Khan,Sahan Arachchige,1754,2825,279,243,212,153,13.85,161.06,10.13
Matthew Forde,Sahan Arachchige,743,804,271,148,62,46,19.92,108.21,2.97
Akash Deep,Sahan Arachchige,628,500,214,180,36,22,28.66,79.62,2.34
Mohsin Khan,Sahan Arachchige,1160,864,237,290,16,4,25.0,74.48,3.65
Yash Thakur,Dasun Shanaka,781,908,83,91,12,18,11.65,116.26,10.94
Vidwath Kaverappa,Dasun Shanaka,551,546,52,70,3,0,12.7,99.09,10.5
Dega Nischal,Akash Deep,5432,8705,177,367,384,312,6.76,160.25,49.18
Yashasvi Jaiswal,Akash Deep,5524,9554,170,292,489,386,5.29,172.95,56.2
Dega Nischal,Mohsin Khan,11578,17329,367,1003,680,546,8.66,149.67,47.22
Yashasvi Jaiswal,Mohsin Khan,11642,18620,368,807,830,661,6.93,159.94,50.6
Dega Nischal,Matthew Forde,5456,8421,161,416,351,282,7.62,154.34,52.3
Ryan Rickelton,Matthew Forde,3163,5927,101,327,342,330,10.34,187.39,58.68
Yashasvi Jaiswal,Matthew Forde,5863,9699,137,422,465,350,7.2,165.43,70.8
Ryan Rickelton,Akash Deep,3291,6143,159,276,383,323,8.39,186.66,38.64
Yashasvi Jaiswal,Yash Thakur,5109,8900,193,325,474,375,6.36,174.2,46.11
Dhruv Jurel,Yash Thakur,2216,4198,177,282,293,249,12.73,189.44,23.72
Ryan Rickelton,Yash Thakur,3360,6224,215,304,404,326,9.05,185.24,28.95
Abhimanyu Easwaran,Yash Thakur,1676,3198,148,187,236,186,11.16,190.81,21.61
Abhimanyu Easwaran,Matthew Forde,1352,2548,67,170,180,144,12.57,188.46,38.03
Sahan Arachchige,Yash Thakur,633,873,143,84,65,41,13.27,137.91,6.1
Charith Asalanka,Yash Thakur,763,1197,95,123,75,68,16.12,156.88,12.6
Sahan Arachchige,Matthew Forde,555,947,81,69,57,60,12.43,170.63,11.69
Dasun Shanaka,Matthew Forde,556,994,43,88,67,58,15.83,178.78,23.12
Charith Asalanka,Matthew Forde,740,1175,65,145,82,60,19.59,158.78,18.08
Charith Asalanka,Akash Deep,685,1021,74,128,48,61,18.69,149.05,13.8
Dasun Shanaka,Akash Deep,589,1001,70,64,67,49,10.87,169.95,14.3
Dasun Shanaka,Vidwath Kaverappa,560,1018,27,62,68,51,11.07,181.79,37.7
Charith Asalanka,Vidwath Kaverappa,703,1216,52,115,75,71,16.36,172.97,23.38
Kuldeep Yadav,Yash Thakur,259,78,96,135,4,6,52.12,30.12,0.81
Varun Chakravarthy,Yash Thakur,385,360,52,72,2,4,18.7,93.51,6.92
Dasun Shanaka,Mohsin Khan,1195,1811,124,216,99,99,18.08,151.55,14.6
Varun Chakravarthy,Mohsin Khan,564,527,71,104,4,7,18.44,93.44,7.42
Vaisakh Chandran,Mohsin Khan,219,218,26,40,1,4,18.26,99.54,8.38
Liam Livingstone,Arzan Nagwaswalla,9527,12877,310,1241,470,325,13.03,135.16,41.54
Kamil Mishara,Arzan Nagwaswalla,2917,3838,100,278,115,73,9.53,131.57,38.38
Sai Sudharsan,Arzan Nagwaswalla,7787,11046,300,1259,518,420,16.17,141.85,36.82
Sai Sudharsan,Jasprit Bumrah,7744,11528,238,1174,536,465,15.16,148.86,48.44
Liam Livingstone,Jasprit Bumrah,9690,13682,277,1160,523,371,11.97,141.2,49.39
Sai Sudharsan,Jai Moondra,1539,2458,61,150,133,91,9.75,159.71,40.3
Liam Livingstone,Jai Moondra,3219,4849,73,239,186,136,7.42,150.64,66.42
Lahiru Udara,Jai Moondra,587,1061,30,70,74,56,11.93,180.75,35.37
Lahiru Udara,Arzan Nagwaswalla,551,671,50,115,36,23,20.87,121.78,13.42
Liam Livingstone,Dian Forrester,2412,5325,100,164,404,318,6.8,220.77,53.25
Lahiru Udara,Dian Forrester,1113,2232,100,92,166,131,8.27,200.54,22.32
Lahiru Udara,Ismat Alam,1115,1859,124,170,122,110,15.25,166.73,14.99
Jos Buttler,Ismat Alam,1535,2632,120,322,211,147,20.98,171.47,21.93
Liam Livingstone,Ismat Alam,1325,2655,69,177,178,172,13.36,200.38,38.48
Nitish Rana,Dian Forrester,968,1867,64,139,157,101,14.36,192.87,29.17
Jos Buttler,Dian Forrester,3802,8689,164,262,645,550,6.89,228.54,52.98
Nitish Rana,Ismat Alam,951,1558,96,195,117,89,20.5,163.83,16.23
Kunal Chandela,Ismat Alam,722,1322,51,114,99,74,15.79,183.1,25.92
Kunal Chandela,Dian Forrester,2781,6025,107,280,468,360,10.07,216.65,56.31
Jaydev Unadkat,Ismat Alam,211,189,74,65,11,13,30.81,89.57,2.55
Jaydev Unadkat,Dian Forrester,163,118,47,58,10,4,35.58,72.39,2.51
Prasidh Krishna,Dian Forrester,157,118,38,56,5,6,35.67,75.16,3.11
Mohammed Siraj,Dian Forrester,181,171,28,31,2,3,17.13,94.48,6.11
Mohammed Siraj,Ismat Alam,192,167,27,47,2,2,24.48,86.98,6.19
Avesh Khan,Ismat Alam,136,156,14,16,4,2,11.76,114.71,11.14
Avesh Khan,Jasprit Bumrah,55,57,4,7,0,0,12.73,103.64,14.25
Kunal Chandela,Jasprit Bumrah,911,1596,60,148,106,91,16.25,175.19,26.6
Abhishek Sharma,Prasidh Krishna,3672,6221,141,194,320,227,5.28,169.42,44.12
Deepak Hooda,Prasidh Krishna,2508,3128,87,439,90,74,17.5,124.72,35.95
Abhishek Sharma,Mohammed Siraj,3690,6112,182,253,288,246,6.86,165.64,33.58
Deepak Hooda,Mohammed Siraj,2430,2753,96,436,59,40,17.94,113.29,28.68
Abhishek Sharma,Jaydev Unadkat,2499,3657,93,220,143,102,8.8,146.34,39.32
Deepak Hooda,Jaydev Unadkat,2468,2852,108,480,67,52,19.45,115.56,26.41
Christopher Britz,Jaydev Unadkat,2204,1933,73,1001,105,56,45.42,87.7,26.48
Christopher Britz,Mohammed Siraj,10146,11055,166,2949,373,252,29.07,108.96,66.6
Christopher Britz,Avesh Khan,2301,2428,43,963,115,102,41.85,105.52,56.47
Deepak Hooda,Avesh Khan,2457,3226,92,406,122,88,16.52,131.3,35.07
Christopher Britz,Prasidh Krishna,10147,11774,215,2707,371,337,26.68,116.03,54.76
Glenn Phillips,Prasidh Krishna,3463,5947,141,407,349,276,11.75,171.73,42.18
Glenn Phillips,Avesh Khan,1093,1951,36,183,135,105,16.74,178.5,54.19
Glenn Phillips,Mohammed Siraj,3645,6060,155,590,366,303,16.19,166.26,39.1
Lalit Yadav,Mohammed Siraj,1215,2429,55,141,166,148,11.6,199.92,44.16
Lalit Yadav,Avesh Khan,597,1152,27,68,84,64,11.39,192.96,42.67
Lalit Yadav,Jaydev Unadkat,635,1200,24,92,83,72,14.49,188.98,50.0
Sdnv Prasad,Jaydev Unadkat,399,686,9,101,49,41,25.31,171.93,76.22
Glenn Phillips,Jaydev Unadkat,1062,1413,71,272,94,58,25.61,133.05,19.9
Sdnv Prasad,Avesh Khan,378,678,12,69,44,38,18.25,179.37,56.5
Sdnv Prasad,Liam Livingstone,6146,11487,214,1059,819,677,17.23,186.9,53.68
Glenn Phillips,Liam Livingstone,6224,12707,267,866,918,808,13.91,204.16,47.59
Sdnv Prasad,Prasidh Krishna,368,607,21,69,43,33,18.75,164.95,28.9
Virat Kohli,Mohammed Shami,9332,14229,323,549,554,408,5.88,152.48,44.05
Prabhsimran Singh,Mohammed Shami,9372,14375,259,559,509,433,5.96,153.38,55.5
Virat Kohli,Binura Fernando,10613,14877,332,824,446,349,7.76,140.18,44.81
Prabhsimran Singh,Binura Fernando,10521,14713,301,888,433,347,8.44,139.84,48.88
Devdutt Padikkal,Mohammed Shami,4861,8000,235,446,394,344,9.18,164.58,34.04
Devdutt Padikkal,Binura Fernando,4479,6408,198,674,290,234,15.05,143.07,32.36
Shreyas Iyer,Binura Fernando,1995,3194,99,324,194,149,16.24,160.1,32.26
David Miller,Binura Fernando,800,1099,90,182,62,62,22.75,137.38,12.21
David Miller,Mohammed Shami,378,654,32,79,44,44,20.9,173.02,20.44
David Miller,Ashish Singh,363,502,27,106,30,26,29.2,138.29,18.59
Devdutt Padikkal,Ashish Singh,1617,2268,75,254,108,79,15.71,140.26,30.24
Will Jacks,Binura Fernando,185,315,13,30,24,14,16.22,170.27,24.23
Will Jacks,Ashish Singh,230,424,18,30,25,26,13.04,184.35,23.56
David Miller,Mitchell Marsh,2415,4166,220,454,315,236,18.8,172.51,18.94
Will Jacks,Mitchell Marsh,894,1646,77,143,129,94,16.0,184.12,21.38
Washington Sundar,Mitchell Marsh,1179,1731,128,225,114,82,19.08,146.82,13.52
David Miller,Auqib Nabi,1048,1870,91,164,131,115,15.65,178.44,20.55
Washington Sundar,Auqib Nabi,608,1087,61,108,77,66,17.76,178.78,17.82
Washington Sundar,Ashish Singh,178,332,18,17,23,20,9.55,186.52,18.44
Manav Suthar,Ashish Singh,66,74,22,11,7,2,16.67,112.12,3.36
Manav Suthar,Mitchell Marsh,218,137,66,72,9,3,33.03,62.84,2.08
Theesan Vithushan,Mitchell Marsh,200,115,56,90,5,6,45.0,57.5,2.05
Bhuvneshwar Kumar,Mitchell Marsh,347,362,38,55,4,4,15.85,104.32,9.53
David Warner,Duvindu Tillakaratne,3295,5410,48,391,282,232,11.87,164.19,112.71
Venkatesh Iyer,Duvindu Tillakaratne,2955,4987,40,300,257,205,10.15,168.76,124.67
Venkatesh Iyer,Bhuvneshwar Kumar,3408,4526,172,404,161,114,11.85,132.81,26.31
David Warner,Bhuvneshwar Kumar,3863,5288,119,501,185,137,12.97,136.89,44.44
David Warner,Manav Suthar,3715,5998,49,345,276,216,9.29,161.45,122.41
Venkatesh Iyer,Manav Suthar,3275,5062,63,314,224,171,9.59,154.56,80.35
Venkatesh Iyer,Theesan Vithushan,10664,14866,139,649,394,246,6.09,139.4,106.95
David Warner,Theesan Vithushan,11124,15990,146,671,425,333,6.03,143.74,109.52
Mitchell Marsh,Bhuvneshwar Kumar,1558,2316,72,256,117,97,16.43,148.65,32.17
Shubham Dubey,Theesan Vithushan,828,1296,20,200,76,70,24.15,156.52,64.8
Shubham Dubey,Bhuvneshwar Kumar,740,791,68,247,46,29,33.38,106.89,11.63
Shubham Dubey,Manav Suthar,792,997,32,255,50,51,32.2,125.88,31.16
Shubham Dubey,Duvindu Tillakaratne,950,1262,18,301,83,63,31.68,132.84,70.11
Matt Short,Theesan Vithushan,953,1851,62,101,126,107,10.6,194.23,29.85
Luhan dre pretorious,Theesan Vithushan,163,280,11,30,22,15,18.4,171.78,25.45
Shubham Dubey,Washington Sundar,917,1728,52,140,142,90,15.27,188.44,33.23
Luhan dre pretorious,Washington Sundar,3261,6345,199,366,444,384,11.22,194.57,31.88
Luhan dre pretorious,Will Jacks,289,565,24,40,48,33,13.84,195.5,23.54
Vaibhav Suryavanshi,Jasprit Bumrah,13945,21044,288,1138,827,576,8.16,150.91,73.07
Jos Buttler,Jasprit Bumrah,8142,11420,199,1079,444,304,13.25,140.26,57.39
Jos Buttler,Praveen Jayawickrama,6211,7561,178,1209,275,148,19.47,121.74,42.48
Vaibhav Suryavanshi,Praveen Jayawickrama,6419,8702,174,991,350,236,15.44,135.57,50.01
Sai Sudharsan,Praveen Jayawickrama,2984,4118,121,565,183,171,18.93,138.0,34.03
Vaibhav Suryavanshi,Arzan Nagwaswalla,13680,19506,371,1468,730,516,10.73,142.59,52.58
Yashvardhan Dalal,Arzan Nagwaswalla,3073,4350,149,820,268,225,26.68,141.56,29.19
Yashvardhan Dalal,Jasprit Bumrah,2920,4748,112,571,317,239,19.55,162.6,42.39
Yashvardhan Dalal,Dian Forrester,3765,8152,103,354,595,501,9.4,216.52,79.15
Vaibhav Suryavanshi,Dian Forrester,3030,7568,89,64,561,493,2.11,249.77,85.03
Vaibhav Suryavanshi,Rachin Ravindra,2968,6923,165,147,526,445,4.95,233.25,41.96
Yashvardhan Dalal,Rachin Ravindra,3934,6983,298,729,521,420,18.53,177.5,23.43
Sdnv Prasad,CV Stephen,8218,10816,97,529,239,81,6.44,131.61,111.51
Deepak Hooda,CV Stephen,6495,7815,152,497,83,12,7.65,120.32,51.41
Deepak Hooda,Malinda Pushpakumara,6435,7848,165,465,71,20,7.23,121.96,47.56
Sdnv Prasad,Malinda Pushpakumara,7963,10402,117,509,215,87,6.39,130.63,88.91
Christopher Britz,Malinda Pushpakumara,3043,4041,59,413,134,70,13.57,132.8,68.49
Christopher Britz,CV Stephen,2920,4104,61,382,158,101,13.08,140.55,67.28
Christopher Britz,Liam Livingstone,10575,13287,245,4401,934,731,41.62,125.65,54.23
Deepak Hooda,Liam Livingstone,2380,3563,192,679,249,213,28.53,149.71,18.56
Deepak Hooda,Mitchell Santner,2317,2728,220,877,185,153,37.85,117.74,12.4
Christopher Britz,Mitchell Santner,9941,11721,312,4383,811,646,44.09,117.91,37.57
Glenn Phillips,Mitchell Santner,5576,10155,359,1014,760,607,18.19,182.12,28.29
Abhishek Sharma,Mitchell Santner,3239,6653,328,333,526,423,10.28,205.4,20.28
Rachin Ravindra,Mitchell Santner,834,1408,114,123,130,66,14.75,168.82,12.35
Rachin Ravindra,Liam Livingstone,839,1468,130,119,117,87,14.18,174.97,11.29
Lalit Yadav,Mitchell Santner,2912,5939,138,301,458,336,10.34,203.95,43.04
Lalit Yadav,Sunil Narine,2725,5300,85,419,366,329,15.38,194.5,62.35
Rachin Ravindra,Sunil Narine,774,1074,99,180,74,56,23.26,138.76,10.85
Lalit Yadav,Liam Livingstone,3543,7726,105,378,588,475,10.67,218.06,73.58
Dian Forrester,Mitchell Santner,411,636,32,100,42,40,24.33,154.74,19.88
Dian Forrester,Sunil Narine,357,479,15,106,36,21,29.69,134.17,31.93
Rachin Ravindra,CV Stephen,418,732,79,46,51,42,11.0,175.12,9.27
Dian Forrester,CV Stephen,569,938,27,112,55,53,19.68,164.85,34.74
Rachin Ravindra,Malinda Pushpakumara,391,683,82,44,51,44,11.25,174.68,8.33
Praveen Jayawickrama,Malinda Pushpakumara,153,87,46,63,2,6,41.18,56.86,1.89
Jasprit Bumrah,Malinda Pushpakumara,193,157,39,37,1,1,19.17,81.35,4.03
Dian Forrester,Malinda Pushpakumara,662,1004,48,156,64,58,23.56,151.66,20.92
Ayush Mhatre,Duan Jansen,2598,3883,85,302,156,135,11.62,149.46,45.68
Yash Dhull,Duan Jansen,2204,2706,108,391,86,61,17.74,122.78,25.06
Ayush Mhatre,Chamika Gunasekara,9054,14007,226,661,556,431,7.3,154.71,61.98
Yash Dhull,Chamika Gunasekara,2354,3015,94,351,85,76,14.91,128.08,32.07
Ayush Mhatre,Vasuki Koushik,2720,3513,85,461,118,90,16.95,129.15,41.33
Yash Dhull,Vasuki Koushik,2241,2544,96,433,64,32,19.32,113.52,26.5
Ayush Mhatre,Josh Tongue,8913,13342,261,763,525,389,8.56,149.69,51.12
Yash Dhull,Josh Tongue,2323,2938,87,378,88,66,16.27,126.47,33.77
Mukul Choudhary,Vasuki Koushik,1416,1737,81,335,69,71,23.66,122.67,21.44
Ashton Turner,Vasuki Koushik,626,601,77,157,15,22,25.08,96.01,7.81
Mukul Choudhary,Duan Jansen,1364,1875,95,230,84,77,16.86,137.46,19.74
Mukul Choudhary,Josh Tongue,4092,6132,312,578,318,269,14.13,149.85,19.65
Ashton Turner,Josh Tongue,598,611,86,138,30,18,23.08,102.17,7.1
Mridul Surroch,Josh Tongue,2325,4207,164,304,276,241,13.08,180.95,25.65
Mridul Surroch,Vasuki Koushik,764,980,61,223,64,51,29.19,128.27,16.07
Ashton Turner,Chamika Gunasekara,664,712,85,168,30,29,25.3,107.23,8.38
Sairaj Patil,Chamika Gunasekara,396,679,47,44,46,38,11.11,171.46,14.45
Yuvraj Chaudhary,Josh Tongue,828,1126,84,188,62,55,22.71,135.99,13.4
Sairaj Patil,Josh Tongue,467,720,61,61,41,41,13.06,154.18,11.8
Yuvraj Chaudhary,Chamika Gunasekara,761,961,80,192,62,42,25.23,126.28,12.01
Yuvraj Chaudhary,Duan Jansen,447,551,43,124,30,27,27.74,123.27,12.81
Sairaj Patil,Duan Jansen,499,717,67,82,38,38,16.43,143.69,10.7
Sairaj Patil,Charith Asalanka,521,1126,19,27,87,62,5.18,216.12,59.26
Yuvraj Chaudhary,Charith Asalanka,1209,2062,31,218,123,111,18.03,170.55,66.52
Sairaj Patil,Dasun Shanaka,617,1245,52,52,99,70,8.43,201.78,23.94
Yuvraj Chaudhary,Dasun Shanaka,2667,4585,195,412,329,233,15.45,171.92,23.51
Mayank Yadav,Charith Asalanka,140,116,23,46,5,3,32.86,82.86,5.04
Craig Overton,Charith Asalanka,370,695,13,78,38,50,21.08,187.84,53.46
Craig Overton,Dasun Shanaka,465,640,62,110,41,29,23.66,137.63,10.32
Mayank Yadav,Dasun Shanaka,219,174,68,64,10,8,29.22,79.45,2.56
Umesh Yadav,Dasun Shanaka,441,436,54,63,7,1,14.29,98.87,8.07
Mohamed Shiraz,Dasun Shanaka,386,446,25,37,3,0,9.59,115.54,17.84
Mohamed Shiraz,Josh Tongue,145,168,10,19,3,1,13.1,115.86,16.8
Mayank Yadav,Josh Tongue,96,52,31,32,0,2,33.33,54.17,1.68
Mohamed Shiraz,Vasuki Koushik,124,138,12,15,1,2,12.1,111.29,11.5
Mayank Yadav,Vasuki Koushik,123,57,37,46,2,1,37.4,46.34,1.54
Dega Nischal,Mayank Yadav,3266,4823,75,222,186,124,6.8,147.67,64.31
Yashasvi Jaiswal,Mayank Yadav,3257,5006,68,220,196,144,6.75,153.7,73.62
Yashasvi Jaiswal,Mohamed Shiraz,3254,4518,79,301,133,111,9.25,138.84,57.19
Dega Nischal,Mohamed Shiraz,3312,4296,85,348,130,76,10.51,129.71,50.54
Yashasvi Jaiswal,Umesh Yadav,3232,4889,71,254,200,133,7.86,151.27,68.86
Dega Nischal,Umesh Yadav,3272,4800,66,239,158,127,7.3,146.7,72.73
Ryan Rickelton,Umesh Yadav,1383,2250,43,155,100,101,11.21,162.69,52.33
Ryan Rickelton,Mohamed Shiraz,1329,1790,62,235,94,56,17.68,134.69,28.87
Dega Nischal,Mridul Surroch,4517,9064,313,330,626,532,7.31,200.66,28.96
Ryan Rickelton,Mridul Surroch,5723,11482,392,512,813,698,8.95,200.63,29.29
Ryan Rickelton,Craig Overton,937,1775,53,120,130,101,12.81,189.43,33.49
Dega Nischal,Craig Overton,670,1272,38,78,80,79,11.64,189.85,33.47
Shubman Gill,Scott Curie,7541,9812,107,421,179,64,5.58,130.12,91.7
Ruturaj Gaikwad,Scott Curie,7388,9840,76,361,201,66,4.89,133.19,129.47
Shubman Gill,Theesan Vithushan,11089,16363,140,572,486,351,5.16,147.56,116.88
Ruturaj Gaikwad,Theesan Vithushan,9277,12950,144,618,404,220,6.66,139.59,89.93
Ruturaj Gaikwad,Shubham Agarwal,3829,5827,226,831,377,312,21.7,152.18,25.78
Shubman Gill,Shubham Agarwal,3653,6415,229,646,454,375,17.68,175.61,28.01
Shubman Gill,Isitha Wijesundara,7406,15845,206,734,1097,1004,9.91,213.95,76.92
Ruturaj Gaikwad,Isitha Wijesundara,8395,16607,201,1093,1125,1013,13.02,197.82,82.62
Shubman Gill,Will Jacks,4236,9251,132,380,679,578,8.97,218.39,70.08
Ruturaj Gaikwad,Will Jacks,5022,10041,161,594,701,596,11.83,199.94,62.37
Ruchit Ahir,Will Jacks,2819,5604,118,365,399,346,12.95,198.79,47.49
Shubman Gill,Washington Sundar,8916,20110,298,508,1343,1317,5.7,225.55,67.48
Ruchit Ahir,Washington Sundar,2927,5987,165,362,442,379,12.37,204.54,36.28
Ruchit Ahir,Isitha Wijesundara,2468,5165,56,274,378,308,11.1,209.28,92.23
Ruchit Ahir,Shubham Agarwal,3113,4895,262,716,296,318,23.0,157.24,18.68
Ishan Kishan,Shubham Agarwal,2401,4381,241,370,308,279,15.41,182.47,18.18
Ishan Kishan,Isitha Wijesundara,4833,10378,221,445,697,686,9.21,214.73,46.96
Ishan Kishan,Will Jacks,3075,7033,130,243,556,441,7.9,228.72,54.1
Ishan Kishan,Washington Sundar,6677,15653,270,391,1207,1003,5.86,234.43,57.97
Ishan Kishan,Scott Curie,741,1551,41,50,141,72,6.75,209.31,37.83
Heinrich Klaasen,Theesan Vithushan,928,1770,72,90,130,94,9.7,190.73,24.58
Sarfaraz Khan,Theesan Vithushan,506,964,54,35,69,49,6.92,190.51,17.85
Matthew Forde,Theesan Vithushan,193,260,64,16,18,12,8.29,134.72,4.06
Akash Deep,Theesan Vithushan,167,151,59,24,12,3,14.37,90.42,2.56
Virat Kohli,Mohsin Khan,10643,17091,371,626,725,583,5.88,160.58,46.07
Prabhsimran Singh,Mohsin Khan,10565,17263,342,623,745,626,5.9,163.4,50.48
Prabhsimran Singh,Akash Deep,5075,8531,183,245,411,323,4.83,168.1,46.62
Virat Kohli,Akash Deep,4961,7947,184,241,333,274,4.86,160.19,43.19
Prabhsimran Singh,Vidwath Kaverappa,5184,9130,116,217,428,378,4.19,176.12,78.71
Virat Kohli,Vidwath Kaverappa,4947,8188,128,203,363,282,4.1,165.51,63.97
Devdutt Padikkal,Vidwath Kaverappa,3217,6461,82,231,391,364,7.18,200.84,78.79
Prabhsimran Singh,Yash Thakur,4425,7658,170,222,386,305,5.02,173.06,45.05
Devdutt Padikkal,Yash Thakur,3178,5918,181,299,384,305,9.41,186.22,32.7
Prabhsimran Singh,Matthew Forde,5096,8703,136,286,431,329,5.61,170.78,63.99
Devdutt Padikkal,Matthew Forde,3289,5916,127,371,356,293,11.28,179.87,46.58
Devdutt Padikkal,Akash Deep,3268,5944,180,281,391,280,8.6,181.88,33.02
Devdutt Padikkal,Mohsin Khan,6809,12215,294,768,732,623,11.28,179.39,41.55
Shreyas Iyer,Yash Thakur,2540,4971,125,248,344,284,9.76,195.71,39.77
Shreyas Iyer,Vidwath Kaverappa,2433,5255,68,210,387,313,8.63,215.99,77.28
Shreyas Iyer,Mohsin Khan,4730,8812,241,557,635,465,11.78,186.3,36.56
Shreyas Iyer,Matthew Forde,2395,4602,80,260,291,268,10.86,192.15,57.52
Shreyas Iyer,Akash Deep,2448,4878,156,216,347,281,8.82,199.26,31.27
Chris Lynn,Akash Deep,1300,2430,113,182,183,139,14.0,186.92,21.5
Chris Lynn,Matthew Forde,1236,2267,102,200,161,139,16.18,183.41,22.23
Chris Lynn,Mohsin Khan,1369,2570,128,235,205,156,17.17,187.73,20.08
Ayush Mhatre,Akeal Hosein,14115,21842,275,1467,978,723,10.39,154.74,79.43
Sanju Samson,Akeal Hosein,13077,19722,296,1244,755,636,9.51,150.81,66.63
Sanju Samson,Mohammed Shami,6548,9696,176,493,346,270,7.53,148.08,55.09
Ayush Mhatre,Dushan Hemantha,6430,9853,158,799,435,355,12.43,153.23,62.36
Sanju Samson,Dushan Hemantha,5904,8445,180,755,339,267,12.79,143.04,46.92
Mukul Choudhary,Dushan Hemantha,3152,4612,167,625,257,208,19.83,146.32,27.62
Mridul Surroch,Mohammed Shami,2086,3821,102,279,253,213,13.37,183.17,37.46
Mridul Surroch,Dushan Hemantha,2130,3508,121,445,230,199,20.89,164.69,28.99
Riyan Parag,Dushan Hemantha,1011,1491,71,265,107,83,26.21,147.48,21.0
Riyan Parag,Mohammed Shami,774,1259,85,160,84,82,20.67,162.66,14.81
Karan Shinde,Akeal Hosein,1146,2056,55,213,160,118,18.59,179.41,37.38
Ayush Mhatre,Lasith Embuldeniya,14053,19090,260,2358,728,549,16.78,135.84,73.42
Karan Shinde,Lasith Embuldeniya,1204,2091,38,244,140,120,20.27,173.67,55.03
Karan Shinde,Dushan Hemantha,714,1097,42,148,74,54,20.73,153.64,26.12
Yuvraj Chaudhary,Lasith Embuldeniya,624,840,44,163,54,37,26.12,134.62,19.09
Yuvraj Chaudhary,Akeal Hosein,608,982,61,136,72,58,22.37,161.51,16.1
Akash Vasisht,Lasith Embuldeniya,529,818,23,103,48,44,19.47,154.63,35.57
Sonal Dinusha,Lasith Embuldeniya,174,163,9,45,3,1,25.86,93.68,18.11
Sonal Dinusha,Akeal Hosein,151,146,6,46,2,2,30.46,96.69,24.33
Akash Vasisht,Akeal Hosein,484,703,43,92,30,39,19.01,145.25,16.35
Adam Zampa,Akeal Hosein,38,41,5,4,0,1,10.53,107.89,8.2
Venkatesh Iyer,Mitchell Starc,7255,9077,121,421,115,20,5.8,125.11,75.02
David Warner,Mitchell Starc,7043,8922,108,387,129,28,5.49,126.68,82.61
David Warner,Adam Zampa,7049,8827,97,426,113,23,6.04,125.22,91.0
Venkatesh Iyer,Adam Zampa,7117,8945,123,382,112,24,5.37,125.68,72.72
Kartik Sharma,Adam Zampa,2134,2849,35,135,80,26,6.33,133.51,81.4
Kartik Sharma,Mitchell Starc,2081,2874,51,144,80,45,6.92,138.11,56.35
David Warner,Mridul Surroch,4231,8342,179,548,581,506,12.95,197.16,46.6
Kartik Sharma,Mridul Surroch,7102,14040,279,955,985,848,13.45,197.69,50.32
Matt Short,Riyan Parag,2030,3210,211,399,234,173,19.66,158.13,15.21
Kartik Sharma,Riyan Parag,3317,6117,194,505,426,355,15.22,184.41,31.53
Kartik Sharma,Sonal Dinusha,3441,6435,157,582,470,380,16.91,187.01,40.99
Sanvir Singh,Sonal Dinusha,1016,1707,164,113,132,89,11.12,168.01,10.41
Rinku Singh,Sonal Dinusha,1405,2451,119,223,177,137,15.87,174.45,20.6
Matt Short,Akash Vasisht,1820,2706,172,406,174,158,22.31,148.68,15.73
Rinku Singh,Akash Vasisht,3548,6444,312,504,454,388,14.21,181.62,20.65
Rinku Singh,Riyan Parag,1459,2205,164,265,152,111,18.16,151.13,13.45
Rinku Singh,Mridul Surroch,3453,6315,249,498,450,367,14.42,182.88,25.36
Arpit Vasavada,Akash Vasisht,1845,2269,168,521,126,105,28.24,122.98,13.51
Arpit Vasavada,Mridul Surroch,1670,2313,111,429,144,113,25.69,138.5,20.84
Arpit Vasavada,Riyan Parag,1046,1505,118,220,83,82,21.03,143.88,12.75
Dushan Hemantha,Riyan Parag,321,242,105,76,10,9,23.68,75.39,2.3
Dushan Hemantha,Sonal Dinusha,421,307,108,131,13,9,31.12,72.92,2.84
Tim Seifert,Akeal Hosein,5753,8244,185,729,317,274,12.67,143.3,44.56
Smaran Ravichandra,Akeal Hosein,6365,8994,140,1035,365,292,16.26,141.3,64.24
Smaran Ravichandra,Lasith Embuldeniya,6326,8011,125,1398,342,219,22.1,126.64,64.09
Tim Seifert,Lasith Embuldeniya,5610,7240,127,976,223,201,17.4,129.06,57.01
Rahul Tripathi,Lasith Embuldeniya,2767,3025,116,844,137,108,30.5,109.32,26.08
Rahul Tripathi,Mohammed Shami,3819,5516,166,647,273,224,16.94,144.44,33.23
Smaran Ravichandra,Mohammed Shami,10139,15040,233,1069,566,474,10.54,148.34,64.55
Rahul Tripathi,Dushan Hemantha,2832,3730,207,618,183,174,21.82,131.71,18.02
Smaran Ravichandra,Dushan Hemantha,6206,9424,150,844,415,361,13.6,151.85,62.83
Rahul Tripathi,Akeal Hosein,3039,4094,115,757,214,177,24.91,134.72,35.6
Ankit Kumar,Akeal Hosein,1266,1701,135,302,105,83,23.85,134.36,12.6
Ankit Kumar,Dushan Hemantha,1377,2061,155,253,118,115,18.37,149.67,13.3
Ankit Kumar,Mohammed Shami,1479,2319,159,204,152,110,13.79,156.8,14.58
Donovan Ferreira,Mohammed Shami,504,918,68,52,64,58,10.32,182.14,13.5
Krunal Pandya,Mohammed Shami,442,772,28,71,57,38,16.06,174.66,27.57
Krunal Pandya,Dushan Hemantha,576,785,49,136,54,37,23.61,136.28,16.02
Venkatesh Iyer,Ravi Bishnoi,6844,9663,143,675,304,254,9.86,141.19,67.57
David Warner,Ravi Bishnoi,7002,9963,135,757,369,248,10.81,142.29,73.8
David Warner,Nishan Peiris,6943,9474,155,900,344,222,12.96,136.45,61.12
Venkatesh Iyer,Nishan Peiris,6736,9050,179,809,299,205,12.01,134.35,50.56
Venkatesh Iyer,Harsh Dubey,6712,9021,138,804,261,220,11.98,134.4,65.37
David Warner,Harsh Dubey,6869,9472,140,830,310,238,12.08,137.89,67.66
Kartik Sharma,Harsh Dubey,5148,8324,107,885,500,372,17.19,161.69,77.79
David Warner,Donovan Ferreira,2260,4762,59,260,363,282,11.5,210.71,80.71
Kartik Sharma,Prashant Veer,3254,5802,161,692,418,356,21.27,178.3,36.04
David Warner,Prashant Veer,2632,4801,113,509,379,265,19.34,182.41,42.49
Matt Short,Prashant Veer,2115,3287,174,472,243,172,22.32,155.41,18.89
Matt Short,Krunal Pandya,2217,3963,129,444,297,226,20.03,178.76,30.72
Sanvir Singh,Krunal Pandya,2267,4567,275,190,363,287,8.38,201.46,16.61
David Warner,Krunal Pandya,2492,4978,96,328,378,289,13.16,199.76,51.85
Sanvir Singh,Prashant Veer,1142,2005,167,136,167,110,11.91,175.57,12.01
Rinku Singh,Prashant Veer,1400,2311,102,278,162,127,19.86,165.07,22.66
Sanvir Singh,Nishan Peiris,315,567,46,28,41,32,8.89,180.0,12.33
Rinku Singh,Nishan Peiris,392,641,45,60,41,36,15.31,163.52,14.24
Rinku Singh,Harsh Dubey,1275,2129,84,230,141,120,18.04,166.98,25.35
Kusal Mendis,Vaisakh Chandran,6980,9307,177,692,272,173,9.91,133.34,52.58
Virat Singh,Varun Chakravarthy,4587,7885,231,543,491,373,11.84,171.9,34.13
Virat Singh,Charith Asalanka,2550,5798,63,142,428,355,5.57,227.37,92.03
KL Rahul,Charith Asalanka,2638,6491,55,44,439,442,1.67,246.06,118.02
Virat Singh,Sahan Arachchige,3448,6120,334,544,472,355,15.78,177.49,18.32
KL Rahul,Sahan Arachchige,3539,7066,231,431,507,435,12.18,199.66,30.59
Virat Singh,Dasun Shanaka,3302,7466,189,224,548,490,6.78,226.11,39.5
KL Rahul,Dasun Shanaka,3271,7776,164,118,629,477,3.61,237.73,47.41
Shivam Dube,Sahan Arachchige,3154,5280,428,452,416,274,14.33,167.41,12.34
Shivam Dube,Dasun Shanaka,3283,7104,257,236,597,412,7.19,216.39,27.64
Shahbaz Ahmed,Varun Chakravarthy,342,524,25,65,32,27,19.01,153.22,20.96
Ryan Rickelton,Shiran Fernando,6401,10517,346,501,534,433,7.83,164.3,30.4
Dhruv Jurel,Shahbaz Ahmed,2410,5079,109,238,346,338,9.88,210.75,46.6
Sahan Arachchige,Saransh Jain,961,1319,188,137,92,61,14.26,137.25,7.02
Charith Asalanka,Saransh Jain,1354,1848,121,305,112,86,22.53,136.48,15.27
Charith Asalanka,Shahbaz Ahmed,1263,2055,135,190,138,108,15.04,162.71,15.22
Dasun Shanaka,Shahbaz Ahmed,1005,1581,109,125,89,75,12.44,157.31,14.5
Dasun Shanaka,Rashid Khan,864,1384,70,117,97,56,13.54,160.19,19.77
Dhruv Jurel,Rashid Khan,1979,3174,99,356,196,156,17.99,160.38,32.06
Kuldeep Yadav,Rashid Khan,232,114,69,113,7,6,48.71,49.14,1.65
Varun Chakravarthy,Rashid Khan,517,503,54,77,3,3,14.89,97.29,9.31
Varun Chakravarthy,Gangam Anikethreddy,687,676,78,114,11,3,16.59,98.4,8.67
Vaisakh Chandran,Gangam Anikethreddy,319,313,34,64,1,2,20.06,98.12,9.21
Mayank Agarwal,Prasidh Krishna,8717,11734,283,996,399,265,11.43,134.61,41.46
Brian Bennett,Prasidh Krishna,10426,16088,202,819,634,496,7.86,154.31,79.64
Mayank Agarwal,Avesh Khan,2523,3475,77,315,120,94,12.49,137.73,45.13
Brian Bennett,Avesh Khan,2945,4642,58,279,183,179,9.47,157.62,80.03
Mayank Agarwal,Jaydev Unadkat,2493,3008,111,396,79,62,15.88,120.66,27.1
Brian Bennett,Jaydev Unadkat,3000,4376,79,366,154,167,12.2,145.87,55.39
Kangabam Priyojit Singh,Prasidh Krishna,1639,3280,57,56,199,171,3.42,200.12,57.54
Kangabam Priyojit Singh,Jaydev Unadkat,1689,3007,86,142,179,152,8.41,178.03,34.97
James Rew,Jaydev Unadkat,915,1160,70,260,65,61,28.42,126.78,16.57
James Rew,Avesh Khan,868,1400,34,188,82,81,21.66,161.29,41.18
Brian Bennett,Mohammed Siraj,10630,14807,198,1359,528,406,12.78,139.29,74.78
James Rew,Mohammed Siraj,3518,4919,176,677,234,208,19.24,139.82,27.95
Brian Bennett,Liam Livingstone,8458,16957,246,1217,1183,1074,14.39,200.48,68.93
Hardik Pandya,Liam Livingstone,2536,5576,98,217,385,366,8.56,219.87,56.9
James Rew,Liam Livingstone,5779,10089,353,1083,657,615,18.74,174.58,28.58
Hardik Pandya,Mohammed Siraj,1317,2339,99,210,170,136,15.95,177.6,23.63
Jitesh Sharma,Mohammed Siraj,1300,1628,131,301,88,70,23.15,125.23,12.43
Sonu Yadav,Mohammed Siraj,152,228,14,21,13,11,13.82,150.0,16.29
Sonu Yadav,Liam Livingstone,490,1015,21,47,82,53,9.59,207.14,48.33
Liam Livingstone,Lance Morris,2743,3791,72,320,145,94,11.67,138.21,52.65
Kamil Mishara,Lance Morris,2790,4188,74,255,185,126,9.14,150.11,56.59
Liam Livingstone,Tripuresh Singh,2865,3478,108,515,119,71,17.98,121.4,32.2
Kamil Mishara,Tripuresh Singh,2757,3716,108,316,118,96,11.46,134.78,34.41
Sai Sudharsan,Tripuresh Singh,1505,1744,79,360,72,61,23.92,115.88,22.08
Sai Sudharsan,Lance Morris,1489,2183,71,253,113,96,16.99,146.61,30.75
Kamil Mishara,Arshdeep Singh,2807,4528,73,141,180,163,5.02,161.31,62.03
Sai Sudharsan,Arshdeep Singh,1513,2770,50,159,172,146,10.51,183.08,55.4
Lahiru Udara,Arshdeep Singh,635,1018,63,69,48,57,10.87,160.31,16.16
Lahiru Udara,Lance Morris,769,1181,60,117,66,56,15.21,153.58,19.68
Lahiru Udara,Nathan Ellis,686,1082,63,104,65,60,15.16,157.73,17.17
Jos Buttler,Nathan Ellis,602,728,76,194,42,45,32.23,120.93,9.58
Sai Sudharsan,Nathan Ellis,1573,2579,74,208,161,116,13.22,163.95,34.85
Nitish Rana,Nathan Ellis,420,559,46,105,33,31,25.0,133.1,12.15
Nitish Rana,Arshdeep Singh,443,713,27,97,47,41,21.9,160.95,26.41
Jos Buttler,Arshdeep Singh,521,874,31,127,65,49,24.38,167.75,28.19
Nitish Rana,Hardik Pandya,701,1177,70,113,97,56,16.12,167.9,16.81
Jos Buttler,Hardik Pandya,3157,6048,220,573,478,369,18.15,191.57,27.49
Kunal Chandela,Hardik Pandya,2831,5319,182,403,425,288,14.24,187.88,29.23
Kunal Chandela,Nathan Ellis,367,524,24,81,36,23,22.07,142.78,21.83
Jaydev Unadkat,Nathan Ellis,92,76,31,32,5,5,34.78,82.61,2.45
Prasidh Krishna,Hardik Pandya,594,494,118,135,12,9,22.73,83.16,4.19
Mohammed Siraj,Hardik Pandya,707,549,145,191,8,10,27.02,77.65,3.79
KL Rahul,Kagiso Rabada,7502,11378,151,426,418,280,5.68,151.67,75.35
Nishant Sindhu,Kagiso Rabada,6843,9274,211,690,268,197,10.08,135.53,43.95
KL Rahul,Harsh Dubey,13679,20976,258,951,800,606,6.95,153.34,81.3
Nishant Sindhu,Harsh Dubey,6194,8751,173,673,304,229,10.87,141.28,50.58
Virat Singh,Kagiso Rabada,3032,4861,104,291,209,203,9.6,160.32,46.74
KL Rahul,Anshul Kamboj,10720,15980,271,514,554,377,4.79,149.07,58.97
Virat Singh,Anshul Kamboj,3518,5811,171,274,301,230,7.79,165.18,33.98
Virat Singh,Harsh Dubey,4257,7083,186,572,414,328,13.44,166.38,38.08
Harry Brook,Anshul Kamboj,1499,2803,95,123,190,141,8.21,186.99,29.51
Shivam Dube,Anshul Kamboj,691,1198,81,82,84,64,11.87,173.37,14.79
KL Rahul,Donovan Ferreira,3770,9044,102,87,661,577,2.31,239.89,88.67
Shivam Dube,Donovan Ferreira,2278,4530,123,264,321,278,11.59,198.86,36.83
KL Rahul,Krunal Pandya,4511,10694,158,195,840,672,4.32,237.06,67.68
Shivam Dube,Krunal Pandya,3136,6617,244,340,533,413,10.84,211.0,27.12
KL Rahul,Shardul Thakur,1591,3621,99,41,278,216,2.58,227.59,36.58
Tilak Varma,Shardul Thakur,1330,2556,106,164,187,150,12.33,192.18,24.11
Rashid Khan,Shardul Thakur,293,305,109,52,25,15,17.75,104.1,2.8
Shivam Dube,Shardul Thakur,1184,2214,152,97,161,130,8.19,186.99,14.57
Rashid Khan,Krunal Pandya,570,507,190,141,34,25,24.74,88.95,2.67
Gangam Anikethreddy,Krunal Pandya,619,306,203,275,22,13,44.43,49.43,1.51
Shivam Dube,Suryansh Shedge,1019,2192,55,94,151,145,9.22,215.11,39.85
Gangam Anikethreddy,Suryansh Shedge,190,81,61,88,9,2,46.32,42.63,1.33
Calvin Harrison,Suryansh Shedge,359,453,27,96,31,16,26.74,126.18,16.78
Calvin Harrison,Krunal Pandya,716,937,57,199,68,38,27.79,130.87,16.44
Calvin Harrison,Shardul Thakur,521,524,77,174,31,22,33.4,100.58,6.81
Calvin Harrison,Harsh Dubey,285,365,27,83,19,20,29.12,128.07,13.52
Shivam Dube,Harsh Dubey,1064,1726,100,156,109,92,14.66,162.22,17.26
Shiran Fernando,Anshul Kamboj,179,178,30,21,0,2,11.73,99.44,5.93
Finn Allen,Prince Yadav,5621,8545,202,308,318,249,5.48,152.02,42.3
Rohit Sharma,Prince Yadav,6167,9407,162,408,349,285,6.62,152.54,58.07
Finn Allen,Rashid Khan,5281,8460,177,237,387,253,4.49,160.2,47.8
Rohit Sharma,Rashid Khan,6608,10855,219,424,490,419,6.42,164.27,49.57
Kumar Kushagra,Prince Yadav,3563,5401,151,600,266,240,16.84,151.59,35.77
Kumar Kushagra,Shiran Fernando,3526,5709,237,434,298,271,12.31,161.91,24.09
Rohit Sharma,Shiran Fernando,6954,10546,281,462,413,318,6.64,151.65,37.53
Rohit Sharma,Gangam Anikethreddy,5887,9649,237,520,450,424,8.83,163.9,40.71
Kumar Kushagra,Gangam Anikethreddy,4036,6052,136,977,325,315,24.21,149.95,44.5
Kumar Kushagra,Rashid Khan,3710,5965,131,583,329,278,15.71,160.78,45.53
Krunal Pandya,Gangam Anikethreddy,2961,4307,176,693,251,226,23.4,145.46,24.47
Naman Dhir,Gangam Anikethreddy,1616,2212,109,494,138,126,30.57,136.88,20.29
Naman Dhir,Rashid Khan,1360,2154,116,323,131,138,23.75,158.38,18.57
Donovan Ferreira,Rashid Khan,1234,2049,144,174,137,113,14.1,166.05,14.23
Donovan Ferreira,Gangam Anikethreddy,1392,2242,165,210,159,117,15.09,161.06,13.59
Suryansh Shedge,Gangam Anikethreddy,713,1042,64,131,64,45,18.37,146.14,16.28
Rohit Sharma,Calvin Harrison,599,1306,60,30,95,84,5.01,218.03,21.77
Suryansh Shedge,Calvin Harrison,1006,1743,104,128,102,106,12.72,173.26,16.76
Harsh Dubey,Calvin Harrison,455,379,148,133,25,20,29.23,83.3,2.56
Shardul Thakur,Calvin Harrison,769,754,93,239,27,32,31.08,98.05,8.11
Anshul Kamboj,Calvin Harrison,644,659,86,99,11,6,15.37,102.33,7.66
Kagiso Rabada,Calvin Harrison,467,520,38,50,4,4,10.71,111.35,13.68
Kagiso Rabada,Shiran Fernando,199,240,21,13,2,2,6.53,120.6,11.43
Shardul Thakur,Shiran Fernando,345,335,61,101,13,15,29.28,97.1,5.49
Ayush Mhatre,Nathan Ellis,2969,4551,84,311,190,152,10.47,153.28,54.18
Yash Dhull,Nathan Ellis,2500,3043,90,501,103,72,20.04,121.72,33.81
Ayush Mhatre,Lance Morris,2944,4305,73,381,173,142,12.94,146.23,58.97
Yash Dhull,Lance Morris,2634,3184,88,517,95,67,19.63,120.88,36.18
Ayush Mhatre,Arshdeep Singh,2984,4608,79,238,177,154,7.98,154.42,58.33
Yash Dhull,Arshdeep Singh,2589,3394,85,373,135,74,14.41,131.09,39.93
Yash Dhull,Tripuresh Singh,2656,2871,128,606,64,52,22.82,108.09,22.43
Ayush Mhatre,Tripuresh Singh,3161,3746,96,677,131,79,21.42,118.51,39.02
Mukul Choudhary,Nathan Ellis,1606,2439,87,273,134,107,17.0,151.87,28.03
Mukul Choudhary,Arshdeep Singh,1646,2848,59,197,147,145,11.97,173.03,48.27
Mukul Choudhary,Lance Morris,1643,2400,88,323,120,112,19.66,146.07,27.27
Ashton Turner,Tripuresh Singh,621,532,88,173,21,14,27.86,85.67,6.05
Mukul Choudhary,Tripuresh Singh,1537,1831,78,381,82,62,24.79,119.13,23.47
Ashton Turner,Lance Morris,716,825,82,186,34,44,25.98,115.22,10.06
Mridul Surroch,Lance Morris,710,1128,51,161,63,73,22.68,158.87,22.12
Mridul Surroch,Arshdeep Singh,758,1504,32,106,100,98,13.98,198.42,47.0
Mridul Surroch,Nathan Ellis,760,1291,46,164,90,78,21.58,169.87,28.07
Mukul Choudhary,Hardik Pandya,3811,7818,183,456,599,466,11.97,205.14,42.72
Sairaj Patil,Hardik Pandya,767,1467,57,68,105,83,8.87,191.26,25.74
Mridul Surroch,Hardik Pandya,4189,8306,270,595,648,499,14.2,198.28,30.76
Yuvraj Chaudhary,Hardik Pandya,2118,3274,153,482,244,162,22.76,154.58,21.4
Craig Overton,Tripuresh Singh,202,205,35,85,13,13,42.08,101.49,5.86
Mayank Yadav,Tripuresh Singh,99,52,24,45,0,3,45.45,52.53,2.17
Craig Overton,Hardik Pandya,479,629,54,162,42,38,33.82,131.32,11.65
Mayank Yadav,Hardik Pandya,178,102,59,56,4,3,31.46,57.3,1.73
Mayank Agarwal,Mohamed Shiraz,3098,3662,108,487,93,53,15.72,118.21,33.91
Brian Bennett,Mohamed Shiraz,3679,4788,73,519,154,97,14.11,130.14,65.59
Mayank Agarwal,Mayank Yadav,3285,4190,104,377,110,68,11.48,127.55,40.29
Brian Bennett,Mayank Yadav,3840,5463,58,409,195,127,10.65,142.27,94.19
Brian Bennett,Umesh Yadav,3675,5291,56,425,181,151,11.56,143.97,94.48
Mayank Agarwal,Umesh Yadav,3059,3975,75,361,111,70,11.8,129.94,53.0
Kangabam Priyojit Singh,Mayank Yadav,1356,2506,28,85,139,118,6.27,184.81,89.5
Kangabam Priyojit Singh,Umesh Yadav,1368,2471,37,120,145,108,8.77,180.63,66.78
James Rew,Umesh Yadav,525,725,28,124,46,32,23.62,138.1,25.89
James Rew,Mohamed Shiraz,579,663,39,181,39,23,31.26,114.51,17.0
Hardik Pandya,Mohamed Shiraz,298,505,14,41,28,26,13.76,169.46,36.07
Hardik Pandya,Craig Overton,778,1535,42,92,110,91,11.83,197.3,36.55
Mayank Agarwal,Craig Overton,494,660,34,152,40,38,30.77,133.6,19.41
Mayank Agarwal,Mridul Surroch,1863,3504,145,243,250,212,13.04,188.08,24.17
Hardik Pandya,Mridul Surroch,2741,5643,197,232,429,343,8.46,205.87,28.64
Jitesh Sharma,Mridul Surroch,1743,2737,251,316,180,172,18.13,157.03,10.9
Jitesh Sharma,Craig Overton,419,617,47,97,36,38,23.15,147.26,13.13
Sonu Yadav,Mridul Surroch,334,546,34,42,42,26,12.57,163.47,16.06
Lance Morris,Mridul Surroch,169,137,41,50,7,5,29.59,81.07,3.34
Arshdeep Singh,Mridul Surroch,160,113,35,60,9,1,37.5,70.62,3.23
Hardik Pandya,Umesh Yadav,293,563,17,29,37,33,9.9,192.15,33.12
Arshdeep Singh,Umesh Yadav,65,43,15,23,2,1,35.38,66.15,2.87
Hardik Pandya,Mayank Yadav,270,491,11,32,33,23,11.85,181.85,44.64
Tripuresh Singh,Mayank Yadav,126,180,8,3,2,4,2.38,142.86,22.5
Virat Kohli,Akeal Hosein,12166,18332,305,941,698,534,7.73,150.68,60.1
Prabhsimran Singh,Akeal Hosein,12263,18980,291,938,752,613,7.65,154.77,65.22
Virat Kohli,Dushan Hemantha,5465,8525,188,412,351,295,7.54,155.99,45.35
Prabhsimran Singh,Dushan Hemantha,5595,8095,248,619,317,267,11.06,144.68,32.64
Prabhsimran Singh,Lasith Embuldeniya,12271,17216,242,1483,612,482,12.09,140.3,71.14
Virat Kohli,Lasith Embuldeniya,12110,16929,268,1369,588,437,11.3,139.79,63.17
Devdutt Padikkal,Lasith Embuldeniya,6476,9091,184,1387,489,349,21.42,140.38,49.41
Devdutt Padikkal,Dushan Hemantha,3555,5812,173,509,339,284,14.32,163.49,33.6
Shreyas Iyer,Lasith Embuldeniya,3539,5432,105,776,332,267,21.93,153.49,51.73
Chris Lynn,Lasith Embuldeniya,1299,1718,59,456,107,103,35.1,132.26,29.12
Chris Lynn,Dushan Hemantha,1301,1999,84,337,137,111,25.9,153.65,23.8
Will Jacks,Dushan Hemantha,761,1300,40,146,86,76,19.19,170.83,32.5
Washington Sundar,Dushan Hemantha,350,497,39,78,36,23,22.29,142.0,12.74
Venkatesh Iyer,Scott Curie,7754,10118,77,441,178,60,5.69,130.49,131.4
David Warner,Scott Curie,7521,9793,92,448,176,54,5.96,130.21,106.45
Kartik Sharma,Theesan Vithushan,1936,2961,35,172,121,80,8.88,152.94,84.6
Kartik Sharma,Scott Curie,1851,2975,32,140,136,90,7.56,160.72,92.97
Venkatesh Iyer,Isitha Wijesundara,3199,6527,89,373,459,392,11.66,204.03,73.34
Kartik Sharma,Isitha Wijesundara,7622,14919,238,1187,1048,912,15.57,195.74,62.68
Kartik Sharma,Will Jacks,3523,6778,116,571,470,409,16.21,192.39,58.43
Venkatesh Iyer,Will Jacks,3987,8026,133,547,554,496,13.72,201.3,60.35
Kartik Sharma,Washington Sundar,8578,17640,225,1072,1227,1110,12.5,205.64,78.4
Venkatesh Iyer,Washington Sundar,4063,8404,170,431,607,508,10.61,206.84,49.44
Matt Short,Will Jacks,2779,4987,104,544,379,274,19.58,179.45,47.95
Venkatesh Iyer,Shubham Agarwal,3432,5770,237,723,377,363,21.07,168.12,24.35
Sanvir Singh,Shubham Agarwal,1048,1730,190,140,140,101,13.36,165.08,9.11
Rinku Singh,Shubham Agarwal,998,1710,101,177,137,98,17.74,171.34,16.93
Rinku Singh,Will Jacks,714,1302,52,125,101,77,17.51,182.35,25.04
Arpit Vasavada,Will Jacks,462,692,35,111,53,35,24.03,149.78,19.77
Akeal Hosein,Shubham Agarwal,172,131,59,50,11,5,29.07,76.16,2.22
Dushan Hemantha,Shubham Agarwal,135,100,40,43,5,5,31.85,74.07,2.5
Arpit Vasavada,Shubham Agarwal,611,820,57,171,55,43,27.99,134.21,14.39
Dushan Hemantha,Isitha Wijesundara,101,69,30,27,2,2,26.73,68.32,2.3
Mohammed Shami,Isitha Wijesundara,51,56,6,3,1,0,5.88,109.8,9.33
Lasith Embuldeniya,Isitha Wijesundara,297,273,27,67,4,3,22.56,91.92,10.11
Mohammed Shami,Shubham Agarwal,47,47,11,10,1,2,21.28,100.0,4.27
Vaibhav Suryavanshi,Binura Fernando,7612,11306,173,613,414,305,8.05,148.53,65.35
Liam Livingstone,Binura Fernando,10797,14928,284,1171,466,373,10.85,138.26,52.56
Liam Livingstone,Lasith Embuldeniya,6957,9396,132,1008,334,248,14.49,135.06,71.18
Vaibhav Suryavanshi,Lasith Embuldeniya,13707,19623,223,1941,788,591,14.16,143.16,88.0
Vaibhav Suryavanshi,Akeal Hosein,13404,21808,234,1037,954,780,7.74,162.7,93.2
Liam Livingstone,Akeal Hosein,6993,10904,137,619,474,352,8.85,155.93,79.59
Sai Sudharsan,Akeal Hosein,6102,10098,182,865,558,482,14.18,165.49,55.48
Sai Sudharsan,Binura Fernando,4102,6191,131,547,294,231,13.33,150.93,47.26
Sai Sudharsan,Lasith Embuldeniya,6007,8629,168,1233,423,383,20.53,143.65,51.36
Liam Livingstone,Mitchell Marsh,2377,4942,151,272,359,315,11.44,207.91,32.73
Sai Sudharsan,Mitchell Marsh,3372,6561,158,438,533,352,12.99,194.57,41.53
Yashvardhan Dalal,Mitchell Marsh,1945,3564,111,367,283,205,18.87,183.24,32.11
Liam Livingstone,Axar Patel,1807,3991,73,128,330,229,7.08,220.86,54.67
Yashvardhan Dalal,Axar Patel,2263,4537,77,327,343,265,14.45,200.49,58.92
Kunal Chandela,Mitchell Marsh,1580,2953,77,252,214,166,15.95,186.9,38.35
Mitchell Santner,Mitchell Marsh,458,811,53,104,74,46,22.71,177.07,15.3
Ravi Teja,Mitchell Marsh,130,104,39,41,8,4,31.54,80.0,2.67
Mohammed Siraj,Mitchell Marsh,388,334,65,89,7,2,22.94,86.08,5.14
Prasidh Krishna,Mitchell Marsh,265,237,72,61,8,9,23.02,89.43,3.29
Yashvardhan Dalal,Binura Fernando,1000,1686,43,195,110,93,19.5,168.6,39.21
Prasidh Krishna,Binura Fernando,147,143,36,24,3,5,16.33,97.28,3.97
Mitchell Marsh,Prasidh Krishna,8290,13445,220,545,590,473,6.57,162.18,61.11
Luhan dre pretorious,Prasidh Krishna,6148,8216,210,684,234,199,11.13,133.64,39.12
Mitchell Marsh,Ravi Teja,6887,9733,160,699,362,225,10.15,141.32,60.83
Luhan dre pretorious,Ravi Teja,5917,7392,220,718,180,117,12.13,124.93,33.6
Luhan dre pretorious,Mohammed Siraj,6076,7891,228,720,251,152,11.85,129.87,34.61
Mitchell Marsh,Mohammed Siraj,8572,13240,219,831,556,449,9.69,154.46,60.46
Rishabh Pant,Ravi Teja,2434,2968,182,502,111,97,20.62,121.94,16.31
Rishabh Pant,Mohammed Siraj,2735,3641,179,466,152,121,17.04,133.13,20.34
Rishabh Pant,Prasidh Krishna,2630,3633,217,353,168,122,13.42,138.14,16.74
Mitchell Marsh,Mitchell Santner,2521,5808,96,196,461,364,7.77,230.38,60.5
Kartik Sharma,Mitchell Santner,8738,16299,363,1538,1164,971,17.6,186.53,44.9
Rishabh Pant,Mitchell Santner,1037,1533,108,237,112,78,22.85,147.83,14.19
Rishabh Pant,Liam Livingstone,1276,2287,121,188,157,133,14.73,179.23,18.9
Kartik Sharma,Liam Livingstone,7988,15763,230,1212,1098,978,15.17,197.33,68.53
Kartik Sharma,Sunil Narine,8810,14577,272,2239,998,870,25.41,165.46,53.59
Rishabh Pant,Sunil Narine,1080,1304,113,363,82,75,33.61,120.74,11.54
Rinku Singh,Mitchell Santner,3579,6488,278,574,442,402,16.04,181.28,23.34
Rinku Singh,Sunil Narine,3273,5420,209,718,383,311,21.94,165.6,25.93
Axar Patel,Sunil Narine,1058,1574,103,228,95,85,21.55,148.77,15.28
Sanvir Singh,Sunil Narine,2357,4108,289,320,311,235,13.58,174.29,14.21
Sanvir Singh,Ravi Teja,345,588,59,39,46,31,11.3,170.43,9.97
Axar Patel,Ravi Teja,332,491,60,54,34,27,16.27,147.89,8.18
Axar Patel,Mohammed Siraj,353,495,47,63,30,23,17.85,140.23,10.53
Sanvir Singh,Mohammed Siraj,334,613,49,29,42,37,8.68,183.53,12.51
Mitchell Marsh,Athisayaraj Davidson,6395,9803,143,627,402,328,9.8,153.29,68.55
Luhan dre pretorious,Athisayaraj Davidson,5158,6687,174,668,194,156,12.95,129.64,38.43
Luhan dre pretorious,Noor Ahmad,4753,6562,138,696,252,203,14.64,138.06,47.55
Mitchell Marsh,Noor Ahmad,5999,10669,111,391,517,477,6.52,177.85,96.12
Luhan dre pretorious,Arzan Nagwaswalla,5427,6616,246,768,180,114,14.15,121.91,26.89
Mitchell Marsh,Arzan Nagwaswalla,7940,11211,221,1004,396,345,12.64,141.2,50.73
Luhan dre pretorious,Jasprit Bumrah,5579,7194,198,742,210,156,13.3,128.95,36.33
Mitchell Marsh,Jasprit Bumrah,8034,11583,201,993,456,362,12.36,144.17,57.63
Rishabh Pant,Arzan Nagwaswalla,2381,2570,284,528,97,78,22.18,107.94,9.05
Rishabh Pant,Noor Ahmad,2155,2851,132,500,136,135,23.2,132.3,21.6
Kartik Sharma,Noor Ahmad,3149,5790,61,505,392,322,16.04,183.87,94.92
Kartik Sharma,Jasprit Bumrah,5397,7664,179,1190,419,336,22.05,142.0,42.82
Kartik Sharma,Athisayaraj Davidson,2696,4434,79,566,271,252,20.99,164.47,56.13
Kartik Sharma,Arzan Nagwaswalla,5528,7405,184,1364,362,315,24.67,133.95,40.24
Rinku Singh,Jasprit Bumrah,1546,2309,109,346,152,121,22.38,149.35,21.18
Rinku Singh,Athisayaraj Davidson,1256,1766,58,338,98,99,26.91,140.61,30.45
Sanvir Singh,Jasprit Bumrah,679,1066,107,83,65,62,12.22,157.0,9.96
Luhan dre pretorious,Raj Angad Bawa,493,909,46,65,70,48,13.18,184.38,19.76
Sanvir Singh,Raj Angad Bawa,885,1832,107,72,152,110,8.14,207.01,17.12
Sanvir Singh,Atit Sheth,1001,1937,218,54,172,117,5.39,193.51,8.89
Axar Patel,Atit Sheth,1034,1521,190,167,95,88,16.15,147.1,8.01
Axar Patel,Raj Angad Bawa,923,1533,91,145,112,79,15.71,166.09,16.85
Arpit Vasavada,Atit Sheth,1251,1638,108,322,91,81,25.74,130.94,15.17
Akeal Hosein,Atit Sheth,376,283,115,101,12,9,26.86,75.27,2.46
Akeal Hosein,Arzan Nagwaswalla,176,163,53,39,13,4,22.16,92.61,3.08
Arpit Vasavada,Arzan Nagwaswalla,676,827,57,178,51,29,26.33,122.34,14.51
Akeal Hosein,Athisayaraj Davidson,113,101,27,26,5,3,23.01,89.38,3.74
Arpit Vasavada,Athisayaraj Davidson,468,560,27,130,24,24,27.78,119.66,20.74
Christopher Britz,Binura Fernando,10604,11572,203,2710,279,221,25.56,109.13,57.0
Karun Nair,Binura Fernando,6878,8441,209,990,225,132,14.39,122.72,40.39
Karun Nair,Lasith Embuldeniya,6118,7193,114,1112,178,118,18.18,117.57,63.1
Christopher Britz,Lasith Embuldeniya,12428,12102,193,4657,386,324,37.47,97.38,62.7
Glenn Phillips,Lasith Embuldeniya,4181,5585,116,1163,304,254,27.82,133.58,48.15
Glenn Phillips,Binura Fernando,3118,4821,139,476,231,220,15.27,154.62,34.68
Glenn Phillips,Akeal Hosein,4157,6540,150,803,379,322,19.32,157.32,43.6
Christopher Britz,Akeal Hosein,12335,13435,218,3991,481,411,32.36,108.92,61.63
Abhishek Sharma,Lasith Embuldeniya,1631,2725,93,330,194,149,20.23,167.08,29.3
Abhishek Sharma,Binura Fernando,3831,5517,160,332,213,142,8.67,144.01,34.48
Raj Angad Bawa,Akeal Hosein,346,567,33,76,54,26,21.97,163.87,17.18
Raj Angad Bawa,Lasith Embuldeniya,344,523,24,106,38,30,30.81,152.03,21.79
Lalit Yadav,Lasith Embuldeniya,1005,1880,34,149,153,96,14.83,187.06,55.29
Atit Sheth,Mitchell Marsh,482,711,55,78,44,36,16.18,147.51,12.93
Lalit Yadav,Mitchell Marsh,2588,5177,112,324,423,283,12.52,200.04,46.22
Lalit Yadav,Axar Patel,1354,2899,45,118,208,178,8.71,214.11,64.42
Atit Sheth,Axar Patel,498,851,41,69,58,43,13.86,170.88,20.76
Brian Bennett,Akeal Hosein,15689,21906,255,2334,858,681,14.88,139.63,85.91
Kangabam Priyojit Singh,Akeal Hosein,6686,10889,159,529,526,379,7.91,162.86,68.48
Brian Bennett,Dushan Hemantha,7341,10333,179,1145,425,338,15.6,140.76,57.73
Kangabam Priyojit Singh,Dushan Hemantha,6619,11231,166,467,517,454,7.06,169.68,67.66
Kangabam Priyojit Singh,Mohammed Shami,8955,14938,236,409,657,531,4.57,166.81,63.3
Brian Bennett,Mohammed Shami,11625,16805,212,1257,619,496,10.81,144.56,79.27
Brian Bennett,Lasith Embuldeniya,15672,20058,213,2865,711,521,18.28,127.99,94.17
Kangabam Priyojit Singh,Lasith Embuldeniya,6808,10336,122,794,430,357,11.66,151.82,84.72
James Rew,Dushan Hemantha,2912,3968,175,695,208,192,23.87,136.26,22.67
James Rew,Akeal Hosein,5816,8356,199,1245,457,362,21.41,143.67,41.99
James Rew,Lasith Embuldeniya,5793,7055,161,1640,302,280,28.31,121.78,43.82
James Rew,Mohammed Shami,3287,4810,193,589,237,226,17.92,146.33,24.92
Vishen Halambage,Mohammed Shami,456,1002,30,58,65,77,12.72,219.74,33.4
Aneurin Donald,Mohammed Shami,1016,2064,58,132,156,126,12.99,203.15,35.59
Vishen Halambage,Lasith Embuldeniya,511,805,29,105,73,32,20.55,157.53,27.76
Aneurin Donald,Lasith Embuldeniya,1182,1841,39,356,118,120,30.12,155.75,47.21
Venkatesh Iyer,Yuzvendra Chahal,7447,9288,91,398,110,13,5.34,124.72,102.07
David Warner,Yuzvendra Chahal,7648,9844,95,413,147,48,5.4,128.71,103.62
David Warner,Harpreet Brar,7654,9665,145,445,141,29,5.81,126.27,66.66
Venkatesh Iyer,Harpreet Brar,7622,9502,156,419,137,23,5.5,124.67,60.91
Kartik Sharma,Yuzvendra Chahal,4540,7271,76,455,336,263,10.02,160.15,95.67
Kartik Sharma,Harpreet Brar,4266,6521,93,511,281,230,11.98,152.86,70.12
Kartik Sharma,Vishen Halambage,4320,4694,345,1595,292,228,36.92,108.66,13.61
Matt Short,Vishen Halambage,2933,3152,324,1001,173,164,34.13,107.47,9.73
Sanvir Singh,Vishen Halambage,1537,2019,338,255,137,106,16.59,131.36,5.97
Venkatesh Iyer,Vishen Halambage,2831,3169,247,942,170,172,33.27,111.94,12.83
Sanvir Singh,Ravindra Jadeja,1359,2423,185,155,168,145,11.41,178.29,13.1
Rinku Singh,Ravindra Jadeja,1914,3146,132,324,197,164,16.93,164.37,23.83
Arpit Vasavada,Ravindra Jadeja,1383,1694,119,385,88,81,27.84,122.49,14.24
Rinku Singh,Vishen Halambage,2023,2516,244,484,122,129,23.92,124.37,10.31
Arpit Vasavada,Vishen Halambage,1453,1435,211,488,97,54,33.59,98.76,6.8
Akeal Hosein,Vishen Halambage,652,490,200,207,41,14,31.75,75.15,2.45
Akeal Hosein,Seekkuge Prasanna,1112,747,377,329,47,26,29.59,67.18,1.98
Arpit Vasavada,Seekkuge Prasanna,3023,3160,363,1009,174,145,33.38,104.53,8.71
Akeal Hosein,Ravindra Jadeja,515,398,166,143,27,13,27.77,77.28,2.4
Dushan Hemantha,Ravindra Jadeja,575,401,157,199,12,20,34.61,69.74,2.55
Dushan Hemantha,Seekkuge Prasanna,559,381,165,189,23,15,33.81,68.16,2.31
Lasith Embuldeniya,Seekkuge Prasanna,1441,1280,213,285,12,9,19.78,88.83,6.01
Lasith Embuldeniya,Vishen Halambage,767,693,105,152,8,5,19.82,90.35,6.6
Lasith Embuldeniya,Ravindra Jadeja,848,794,86,164,3,5,19.34,93.63,9.23
Arpit Vasavada,Harpreet Brar,851,1103,111,147,61,39,17.27,129.61,9.94
Lasith Embuldeniya,Harpreet Brar,1053,1147,83,142,7,7,13.49,108.93,13.82
Mohammed Shami,Harpreet Brar,581,641,38,67,4,2,11.53,110.33,16.87
Mohammed Shami,Yuzvendra Chahal,647,712,35,70,3,2,10.82,110.05,20.34
Lasith Embuldeniya,Yuzvendra Chahal,1112,1130,102,156,9,3,14.03,101.62,11.08
Ayush Mhatre,Theesan Vithushan,10773,15546,143,667,460,305,6.19,144.31,108.71
Sanju Samson,Theesan Vithushan,6955,8953,91,366,157,46,5.26,128.73,98.38
Sanju Samson,Scott Curie,6993,9097,74,377,158,62,5.39,130.09,122.93
Ayush Mhatre,Scott Curie,7554,9819,56,486,177,61,6.43,129.98,175.34
Mukul Choudhary,Scott Curie,1285,1968,36,66,81,41,5.14,153.15,54.67
Mukul Choudhary,Washington Sundar,7675,16790,338,668,1265,1039,8.7,218.76,49.67
Ayush Mhatre,Washington Sundar,9622,22404,293,505,1685,1410,5.25,232.84,76.46
Mridul Surroch,Washington Sundar,6278,13658,226,640,1018,851,10.19,217.55,60.43
Riyan Parag,Washington Sundar,1223,2245,78,233,175,135,19.05,183.57,28.78
Mukul Choudhary,Shubham Agarwal,2690,4091,196,677,263,247,25.17,152.08,20.87
Riyan Parag,Shubham Agarwal,1264,1947,175,267,149,115,21.12,154.03,11.13
Mukul Choudhary,Will Jacks,3279,6569,155,419,480,397,12.78,200.34,42.38
Riyan Parag,Will Jacks,1129,1960,76,230,145,116,20.37,173.6,25.79
Karan Shinde,Will Jacks,761,1428,41,117,109,82,15.37,187.65,34.83
Karan Shinde,Washington Sundar,2058,4082,90,279,297,247,13.56,198.35,45.36
Yuvraj Chaudhary,Shubham Agarwal,506,675,72,139,62,31,27.47,133.4,9.38
Akash Vasisht,Shubham Agarwal,297,436,29,57,26,23,19.19,146.8,15.03
Akash Vasisht,Washington Sundar,450,831,25,52,48,47,11.56,184.67,33.24
Akash Vasisht,Will Jacks,225,341,10,43,24,14,19.11,151.56,34.1
Karan Shinde,Shubham Agarwal,1055,1688,84,234,136,90,22.18,160.0,20.1
Akash Vasisht,Isitha Wijesundara,520,1035,19,65,78,58,12.5,199.04,54.47
Karan Shinde,Isitha Wijesundara,1765,3410,64,257,246,200,14.56,193.2,53.28
Akash Vasisht,Scott Curie,364,683,20,29,45,35,7.97,187.64,34.15
Karan Shinde,Scott Curie,578,1184,39,68,84,76,11.76,204.84,30.36
Akash Vasisht,Theesan Vithushan,422,826,15,43,49,47,10.19,195.73,55.07
Karan Shinde,Theesan Vithushan,525,1026,28,57,85,50,10.86,195.43,36.64
Virat Kohli,Mitchell Starc,6634,8380,151,330,130,20,4.97,126.32,55.5
Prabhsimran Singh,Mitchell Starc,6319,7911,121,293,100,18,4.64,125.19,65.38
Virat Kohli,Adam Zampa,6356,8065,122,262,100,21,4.12,126.89,66.11
Prabhsimran Singh,Adam Zampa,6453,8179,116,312,114,19,4.83,126.75,70.51
Virat Kohli,Akash Vasisht,3307,7184,248,152,489,461,4.6,217.24,28.97
Prabhsimran Singh,Akash Vasisht,3954,8584,279,203,618,541,5.13,217.1,30.77
Devdutt Padikkal,Akash Vasisht,4579,9611,376,392,722,600,8.56,209.89,25.56
Virat Kohli,Mridul Surroch,4156,9412,226,166,661,606,3.99,226.47,41.65
Devdutt Padikkal,Mridul Surroch,5479,11519,344,461,842,713,8.41,210.24,33.49
Virat Kohli,Sonal Dinusha,1624,3252,144,109,219,197,6.71,200.25,22.58
Devdutt Padikkal,Sonal Dinusha,2164,3886,159,346,269,230,15.99,179.57,24.44
Shreyas Iyer,Sonal Dinusha,2637,4840,148,352,357,251,13.35,183.54,32.7
Shreyas Iyer,Mridul Surroch,7075,14587,295,707,1087,847,9.99,206.18,49.45
Chris Lynn,Sonal Dinusha,1744,2959,143,347,207,181,19.9,169.67,20.69
Chris Lynn,Mridul Surroch,1703,2442,126,443,140,139,26.01,143.39,19.38
Will Jacks,Sonal Dinusha,1419,2364,155,227,164,132,16.0,166.6,15.25
Will Jacks,Mridul Surroch,1913,3274,145,318,253,168,16.62,171.14,22.58
Will Jacks,Riyan Parag,1448,2498,199,189,188,138,13.05,172.51,12.55
Chris Lynn,Riyan Parag,1785,2984,209,298,209,172,16.69,167.17,14.28
Washington Sundar,Riyan Parag,1155,1871,158,171,144,91,14.81,161.99,11.84
Washington Sundar,Sonal Dinusha,1083,1730,142,162,113,95,14.96,159.74,12.18
Shubham Agarwal,Sonal Dinusha,722,604,132,277,30,27,38.37,83.66,4.58
Theesan Vithushan,Sonal Dinusha,434,304,121,164,16,14,37.79,70.05,2.51
Isitha Wijesundara,Sonal Dinusha,888,916,56,199,13,12,22.41,103.15,16.36
Isitha Wijesundara,Riyan Parag,802,806,73,196,17,9,24.44,100.5,11.04
Chris Lynn,Akash Vasisht,1765,2621,176,386,176,138,21.87,148.5,14.89
Isitha Wijesundara,Akash Vasisht,1030,1015,116,307,29,29,29.81,98.54,8.75
Isitha Wijesundara,Mitchell Starc,946,1025,46,194,14,3,20.51,108.35,22.28
Chris Lynn,Mitchell Starc,268,460,24,18,33,17,6.72,171.64,19.17
Isitha Wijesundara,Adam Zampa,940,1025,45,160,10,5,17.02,109.04,22.78
Chris Lynn,Adam Zampa,297,438,20,37,25,14,12.46,147.47,21.9
Ayush Mhatre,Maheesh Theekshana,10663,16804,136,731,669,507,6.86,157.59,123.56
Yash Dhull,Maheesh Theekshana,3557,4396,45,274,54,11,7.7,123.59,97.69
Yash Dhull,Gurinder Singh,3515,4367,50,243,38,16,6.91,124.24,87.34
Ayush Mhatre,Gurinder Singh,3803,4965,48,246,104,36,6.47,130.55,103.44
Yash Dhull,Joel Davies,1121,1889,60,285,149,108,25.42,168.51,31.48
Ayush Mhatre,Joel Davies,1416,2717,66,230,192,166,16.24,191.88,41.17
Mukul Choudhary,Joel Davies,1263,2145,69,244,147,124,19.32,169.83,31.09
Ayush Mhatre,Sai Kishore,1505,3643,35,32,247,236,2.13,242.06,104.09
Mukul Choudhary,Sai Kishore,1217,2889,45,42,205,195,3.45,237.39,64.2
Ashton Turner,Joel Davies,667,894,77,148,41,54,22.19,134.03,11.61
Ashton Turner,Nimesh Vimukthi,738,952,40,189,46,48,25.61,129.0,23.8
Mridul Surroch,Nimesh Vimukthi,786,1471,48,135,117,87,17.18,187.15,30.65
Ayush Mhatre,Nimesh Vimukthi,1414,3009,44,140,203,194,9.9,212.8,68.39
Mridul Surroch,Gurinder Singh,284,607,32,27,56,35,9.51,213.73,18.97
Mridul Surroch,Maheesh Theekshana,2221,4414,81,272,302,266,12.25,198.74,54.49
Shubman Gill,Mohamed Shiraz,3412,4421,85,424,134,82,12.43,129.57,52.01
Joel Davies,Mohamed Shiraz,3119,3865,122,384,83,72,12.31,123.92,31.68
Joel Davies,Mayank Yadav,3152,4357,68,267,141,90,8.47,138.23,64.07
Shubman Gill,Mayank Yadav,3528,5444,78,203,196,156,5.75,154.31,69.79
Joel Davies,Umesh Yadav,3135,4234,75,313,121,96,9.98,135.06,56.45
Shubman Gill,Umesh Yadav,3437,5219,61,258,211,139,7.51,151.85,85.56
Ruturaj Gaikwad,Umesh Yadav,1606,2489,39,184,114,94,11.46,154.98,63.82
Ruturaj Gaikwad,Mohamed Shiraz,1659,2380,33,264,112,79,15.91,143.46,72.12
Ishan Kishan,Umesh Yadav,616,1221,38,59,64,81,9.58,198.21,32.13
Ishan Kishan,Mayank Yadav,530,1023,24,47,59,60,8.87,193.02,42.62
Shubman Gill,Craig Overton,972,2046,48,90,147,125,9.26,210.49,42.62
Ishan Kishan,Craig Overton,1072,2192,68,98,160,126,9.14,204.48,32.24
Heinrich Klaasen,Craig Overton,794,1421,50,136,101,81,17.13,178.97,28.42
Heinrich Klaasen,Mridul Surroch,3813,6420,347,758,469,372,19.88,168.37,18.5
Shubman Gill,Mridul Surroch,5833,12645,298,325,904,763,5.57,216.78,42.43
Marcus Stoinis,Craig Overton,643,886,58,163,66,41,25.35,137.79,15.28
Gurinder Singh,Craig Overton,231,238,76,53,18,11,22.94,103.03,3.13
Sai Kishore,Craig Overton,324,404,68,79,35,19,24.38,124.69,5.94
Dunith Wellalage,Mridul Surroch,1133,1714,73,210,107,77,18.53,151.28,23.48
Dunith Wellalage,Craig Overton,452,580,14,103,26,21,22.79,128.32,41.43
Nimesh Vimukthi,Craig Overton,261,264,10,52,5,1,19.92,101.15,26.4
Maheesh Theekshana,Craig Overton,97,93,10,15,1,0,15.46,95.88,9.3
Luhan dre pretorious,Harsh Dubey,5754,7686,147,637,228,170,11.07,133.58,52.29
Luhan dre pretorious,Anshul Kamboj,6251,8134,270,654,236,159,10.46,130.12,30.13
Luhan dre pretorious,Donovan Ferreira,941,1883,40,104,115,121,11.05,200.11,47.08
Luhan dre pretorious,Krunal Pandya,927,1903,30,102,138,115,11.0,205.29,63.43
Luhan dre pretorious,Shardul Thakur,689,1230,106,77,92,73,11.18,178.52,11.6
Luhan dre pretorious,Suryansh Shedge,629,1228,36,57,77,74,9.06,195.23,34.11
Kartik Sharma,Kagiso Rabada,1988,3412,76,319,197,189,16.05,171.63,44.89
Rinku Singh,Suryansh Shedge,1334,2669,77,169,188,163,12.67,200.07,34.66
Naman Dhir,Binura Fernando,471,701,51,113,52,36,23.99,148.83,13.75
Naman Dhir,Axar Patel,1498,2684,150,282,209,163,18.83,179.17,17.89
Naman Dhir,Mitchell Marsh,1341,2154,152,306,172,122,22.82,160.63,14.17
Suryansh Shedge,Mitchell Marsh,748,1190,99,130,81,70,17.38,159.09,12.02
Suryansh Shedge,Axar Patel,810,1489,81,126,117,84,15.56,183.83,18.38
Harsh Dubey,Axar Patel,310,292,87,93,27,13,30.0,94.19,3.36
Suryansh Shedge,Lasith Embuldeniya,296,509,18,55,43,25,18.58,171.96,28.28
Harsh Dubey,Lasith Embuldeniya,215,110,73,65,5,1,30.23,51.16,1.51
Shardul Thakur,Lasith Embuldeniya,282,280,17,108,17,9,38.3,99.29,16.47
Virat Kohli,Harsh Dubey,12555,18530,328,902,641,508,7.18,147.59,56.49
Prabhsimran Singh,Harsh Dubey,12710,19148,301,1009,731,559,7.94,150.65,63.61
Prabhsimran Singh,Ravi Bishnoi,6294,9188,168,415,304,221,6.59,145.98,54.69
Virat Kohli,Ravi Bishnoi,6393,9248,173,442,303,218,6.91,144.66,53.46
Prabhsimran Singh,Nishan Peiris,6153,8614,189,581,299,204,9.44,140.0,45.58
Virat Kohli,Nishan Peiris,6285,8911,191,537,252,230,8.54,141.78,46.65
Devdutt Padikkal,Ravi Bishnoi,3049,5043,138,268,267,213,8.79,165.4,36.54
Devdutt Padikkal,Nishan Peiris,3056,4550,111,454,204,179,14.86,148.89,40.99
Devdutt Padikkal,Harsh Dubey,6369,10251,202,869,561,435,13.64,160.95,50.75
Shreyas Iyer,Ravi Bishnoi,1503,2736,43,176,178,139,11.71,182.04,63.63
Shreyas Iyer,Nishan Peiris,1486,2395,61,276,148,124,18.57,161.17,39.26
Devdutt Padikkal,Prashant Veer,2488,4384,210,455,341,257,18.29,176.21,20.88
Shreyas Iyer,Prashant Veer,2985,5328,174,525,374,320,17.59,178.49,30.62
Shreyas Iyer,Krunal Pandya,5503,11339,225,632,896,665,11.48,206.05,50.4
Chris Lynn,Krunal Pandya,2135,4206,116,362,341,255,16.96,197.0,36.26
Shreyas Iyer,Donovan Ferreira,4428,8916,177,518,582,563,11.7,201.36,50.37
Chris Lynn,Donovan Ferreira,1566,2792,68,339,222,158,21.65,178.29,41.06
Chris Lynn,Prashant Veer,2162,3861,219,426,305,240,19.7,178.58,17.63
Will Jacks,Prashant Veer,1609,2825,160,287,229,158,17.84,175.57,17.66
Will Jacks,Krunal Pandya,1619,3033,102,238,244,156,14.7,187.34,29.74
Washington Sundar,Krunal Pandya,1908,3348,112,299,236,180,15.67,175.47,29.89
Washington Sundar,Prashant Veer,1081,1708,121,200,118,87,18.5,158.0,14.12
Washington Sundar,Harsh Dubey,628,998,49,84,58,47,13.38,158.92,20.37
Shreyas Iyer,Harsh Dubey,3215,5695,105,431,364,291,13.41,177.14,54.24
Tim Seifert,Theesan Vithushan,10326,14938,140,578,476,281,5.6,144.66,106.7
Rahul Tripathi,Theesan Vithushan,2951,4764,67,231,217,174,7.83,161.44,71.1
Smaran Ravichandra,Theesan Vithushan,10818,15354,141,776,437,293,7.17,141.93,108.89
Smaran Ravichandra,Scott Curie,7252,9364,76,511,170,64,7.05,129.12,123.21
Rahul Tripathi,Scott Curie,1535,2206,36,104,70,37,6.78,143.71,61.28
Smaran Ravichandra,Will Jacks,4657,9708,143,630,713,612,13.53,208.46,67.89
Rahul Tripathi,Will Jacks,3206,5978,146,560,427,360,17.47,186.46,40.95
Smaran Ravichandra,Isitha Wijesundara,3526,7656,81,416,592,470,11.8,217.13,94.52
Rahul Tripathi,Isitha Wijesundara,2148,4030,73,382,246,269,17.78,187.62,55.21
Ankit Kumar,Will Jacks,2184,4583,137,218,344,288,9.98,209.84,33.45
Ankit Kumar,Isitha Wijesundara,1369,2879,65,130,192,188,9.5,210.3,44.29
Rohit Sharma,Will Jacks,1393,2708,58,198,196,163,14.21,194.4,46.69
Donovan Ferreira,Will Jacks,702,1290,71,111,101,80,15.81,183.76,18.17
Rohit Sharma,Washington Sundar,5226,11690,246,301,832,738,5.76,223.69,47.52
Donovan Ferreira,Washington Sundar,2301,4688,212,189,352,289,8.21,203.74,22.11
Krunal Pandya,Washington Sundar,4845,8977,228,772,612,531,15.93,185.28,39.37
Krunal Pandya,Shubham Agarwal,838,1272,85,185,92,66,22.08,151.79,14.96
Rohit Sharma,Shubham Agarwal,1636,2589,189,306,194,138,18.7,158.25,13.7
Prashant Veer,Shubham Agarwal,468,615,60,129,40,35,27.56,131.41,10.25
Prashant Veer,Washington Sundar,421,683,29,83,51,37,19.71,162.23,23.55
Krunal Pandya,Isitha Wijesundara,4130,6777,189,881,451,377,21.33,164.09,35.86
Prashant Veer,Isitha Wijesundara,240,396,13,53,20,26,22.08,165.0,30.46
Harsh Dubey,Washington Sundar,415,307,125,119,21,8,28.67,73.98,2.46
Ravi Bishnoi,Washington Sundar,159,152,18,42,3,3,26.42,95.6,8.44
Prashant Veer,Will Jacks,307,498,31,65,29,32,21.17,162.21,16.06
Ravi Bishnoi,Will Jacks,103,71,23,26,1,0,25.24,68.93,3.09
Nishan Peiris,Will Jacks,77,71,7,13,1,0,16.88,92.21,10.14
Nishan Peiris,Washington Sundar,79,75,13,8,1,0,10.13,94.94,5.77
Nishan Peiris,Theesan Vithushan,163,190,16,10,2,0,6.13,116.56,11.88
Prashant Veer,Theesan Vithushan,497,922,13,60,47,52,12.07,185.51,70.92
Nishan Peiris,Scott Curie,145,154,14,16,0,2,11.03,106.21,11.0
Prashant Veer,Scott Curie,458,835,21,52,57,42,11.35,182.31,39.76
Sanju Samson,Lasith Embuldeniya,12953,17917,246,1831,671,491,14.14,138.32,72.83
Mukul Choudhary,Lasith Embuldeniya,5285,6995,181,1298,335,296,24.56,132.36,38.65
Mukul Choudhary,Akeal Hosein,5503,8853,204,826,499,408,15.01,160.88,43.4
Mridul Surroch,Akeal Hosein,3106,5182,133,625,346,283,20.12,166.84,38.96
Riyan Parag,Akeal Hosein,969,1303,80,282,90,72,29.1,134.47,16.29
Matt Short,Adam Zampa,511,790,25,34,26,28,6.65,154.6,31.6
Venkatesh Iyer,Sonal Dinusha,2317,4441,118,333,309,270,14.37,191.67,37.64
Matt Short,Sonal Dinusha,1925,3271,156,386,243,194,20.05,169.92,20.97
Venkatesh Iyer,Akash Vasisht,2337,4330,142,339,302,256,14.51,185.28,30.49
Venkatesh Iyer,Mridul Surroch,3294,6567,171,368,455,405,11.17,199.36,38.4
Sanvir Singh,Akash Vasisht,2262,4347,345,187,321,274,8.27,192.18,12.6
Arpit Vasavada,Sonal Dinusha,1048,1397,88,269,85,67,25.67,133.3,15.88
Akeal Hosein,Akash Vasisht,563,446,193,151,27,20,26.82,79.22,2.31
Dushan Hemantha,Akash Vasisht,340,253,100,89,12,8,26.18,74.41,2.53
Lasith Embuldeniya,Akash Vasisht,782,689,99,157,5,3,20.08,88.11,6.96
Lasith Embuldeniya,Mridul Surroch,708,646,90,142,8,4,20.06,91.24,7.18
Lasith Embuldeniya,Riyan Parag,488,452,66,92,4,2,18.85,92.62,6.85
Virat Kohli,Maheesh Theekshana,9548,14987,151,437,590,405,4.58,156.96,99.25
Prabhsimran Singh,Maheesh Theekshana,9356,14357,144,579,541,383,6.19,153.45,99.7
Prabhsimran Singh,Ottneil Baartman,5947,9389,264,293,380,313,4.93,157.88,35.56
Virat Kohli,Ottneil Baartman,5894,9104,250,284,355,286,4.82,154.46,36.42
Virat Kohli,Shivam Mavi,5871,9318,146,355,374,317,6.05,158.71,63.82
Prabhsimran Singh,Shivam Mavi,5812,9145,140,382,381,284,6.57,157.35,65.32
Devdutt Padikkal,Ottneil Baartman,3520,5890,220,353,303,287,10.03,167.33,26.77
Devdutt Padikkal,Maheesh Theekshana,4521,8111,96,360,415,382,7.96,179.41,84.49
Devdutt Padikkal,Shivam Mavi,3524,6300,112,367,353,317,10.41,178.77,56.25
Shreyas Iyer,Shivam Mavi,2181,4066,62,258,243,238,11.83,186.43,65.58
David Miller,Shivam Mavi,1089,1699,70,239,116,90,21.95,156.01,24.27
Shubman Gill,Raj Limbani,7381,9600,179,395,169,72,5.35,130.06,53.63
Ruturaj Gaikwad,Raj Limbani,7382,9590,136,374,181,57,5.07,129.91,70.51
Karan Lal,Raj Limbani,1957,2660,67,97,73,27,4.96,135.92,39.7
Karan Lal,Avinov Choudhary,1934,2580,66,120,57,34,6.2,133.4,39.09
Shubman Gill,Avinov Choudhary,7325,9485,114,406,164,57,5.54,129.49,83.2
Ishan Kishan,Avinov Choudhary,778,1371,46,48,80,57,6.17,176.22,29.8
Ishan Kishan,Raj Limbani,860,1573,63,53,99,71,6.16,182.91,24.97
Ishan Kishan,Ashwin Das,3203,6881,203,311,496,453,9.71,214.83,33.9
Shubman Gill,Ashwin Das,4216,8430,178,502,566,525,11.91,199.95,47.36
Heinrich Klaasen,Ashwin Das,1955,3457,129,396,236,218,20.26,176.83,26.8
Heinrich Klaasen,Isitha Wijesundara,2749,5043,168,503,375,304,18.3,183.45,30.02
Shivam Mavi,Ashwin Das,295,217,112,79,13,10,26.78,73.56,1.94
Dunith Wellalage,Ashwin Das,699,899,47,176,44,42,25.18,128.61,19.13
Marcus Stoinis,Ashwin Das,1270,2100,103,299,129,142,23.54,165.35,20.39
Maheesh Theekshana,Ashwin Das,136,104,55,38,6,8,27.94,76.47,1.89
Maheesh Theekshana,Isitha Wijesundara,161,75,46,67,2,3,41.61,46.58,1.63
Marcus Stoinis,Isitha Wijesundara,1182,2016,79,244,133,123,20.64,170.56,25.52
Ottneil Baartman,Isitha Wijesundara,181,171,28,35,2,2,19.34,94.48,6.11
Ottneil Baartman,Ashwin Das,219,192,37,38,0,2,17.35,87.67,5.19
Mohsin Khan,Ashwin Das,134,133,16,18,2,0,13.43,99.25,8.31
Marcus Stoinis,Raj Limbani,577,1027,87,63,90,52,10.92,177.99,11.8
Mohsin Khan,Raj Limbani,211,205,24,30,2,0,14.22,97.16,8.54
Tim Seifert,Scott Curie,7253,9427,102,371,164,54,5.12,129.97,92.42
Tim Seifert,Isitha Wijesundara,2711,5856,77,218,410,361,8.04,216.01,76.05
Smaran Ravichandra,Shubham Agarwal,4176,6954,175,1033,499,402,24.74,166.52,39.74
Tim Seifert,Shubham Agarwal,3104,5122,224,636,355,292,20.49,165.01,22.87
Tim Seifert,Washington Sundar,3856,8243,153,332,591,506,8.61,213.77,53.88
Smaran Ravichandra,Washington Sundar,4863,10163,156,570,716,629,11.72,208.99,65.15
Tim Seifert,Will Jacks,3738,8125,120,336,553,530,8.99,217.36,67.71
Rahul Tripathi,Washington Sundar,3378,6527,199,537,466,415,15.9,193.22,32.8
Rahul Tripathi,Shubham Agarwal,2750,3439,274,864,206,203,31.42,125.05,12.55
Ankit Kumar,Scott Curie,430,747,34,29,50,29,6.74,173.72,21.97
Ankit Kumar,Theesan Vithushan,1054,2134,55,52,149,114,4.93,202.47,38.8
Prabhsimran Singh,Donovan Ferreira,3060,6999,129,102,500,439,3.33,228.73,54.26
Devdutt Padikkal,Donovan Ferreira,4044,8658,116,338,677,478,8.36,214.09,74.64
Prabhsimran Singh,Prashant Veer,1625,2972,123,234,197,183,14.4,182.89,24.16
Prabhsimran Singh,Krunal Pandya,3444,7913,129,197,602,496,5.72,229.76,61.34
Devdutt Padikkal,Krunal Pandya,4747,10697,170,447,859,669,9.42,225.34,62.92
KL Rahul,CV Stephen,7486,9708,104,375,171,51,5.01,129.68,93.35
Kusal Mendis,CV Stephen,6974,9024,112,372,143,52,5.33,129.39,80.57
Kusal Mendis,Malinda Pushpakumara,6902,8860,131,320,135,32,4.64,128.37,67.63
KL Rahul,Malinda Pushpakumara,7219,9391,113,338,150,48,4.68,130.09,83.11
KL Rahul,Sunil Narine,7250,13769,227,1252,947,863,17.27,189.92,60.66
Kusal Mendis,Sunil Narine,3526,4966,157,858,309,253,24.33,140.84,31.63
Harry Brook,Sunil Narine,5813,10193,316,1168,722,617,20.09,175.35,32.26
KL Rahul,Liam Livingstone,7192,16316,268,338,1199,1008,4.7,226.86,60.88
Harry Brook,Liam Livingstone,5871,12735,329,457,967,788,7.78,216.91,38.71
KL Rahul,Mitchell Santner,6763,15159,253,484,1063,991,7.16,224.15,59.92
Harry Brook,Mitchell Santner,5509,11140,355,602,776,706,10.93,202.21,31.38
Virat Singh,Mitchell Santner,5462,10774,378,693,826,638,12.69,197.25,28.5
Virat Singh,Liam Livingstone,5990,12888,264,597,952,816,9.97,215.16,48.82
Shivam Dube,Mitchell Santner,3605,6854,275,522,483,435,14.48,190.12,24.92
Shivam Dube,Liam Livingstone,3794,7391,346,401,550,442,10.57,194.81,21.36
Tilak Varma,Sunil Narine,3448,5377,142,792,353,282,22.97,155.95,37.87
Shahbaz Ahmed,Liam Livingstone,927,1557,47,193,108,86,20.82,167.96,33.13
Tilak Varma,Liam Livingstone,2978,5433,122,446,406,285,14.98,182.44,44.53
Shahbaz Ahmed,Mitchell Santner,1049,1675,85,259,136,92,24.69,159.68,19.71
Rashid Khan,Mitchell Santner,626,649,213,132,45,36,21.09,103.67,3.05
Gangam Anikethreddy,Mitchell Santner,575,335,180,258,28,17,44.87,58.26,1.86
Saransh Jain,Sunil Narine,360,353,24,81,5,2,22.5,98.06,14.71
Saransh Jain,Mitchell Santner,353,417,14,56,10,6,15.86,118.13,29.79
Tilak Varma,Mitchell Santner,3522,6285,211,550,439,351,15.62,178.45,29.79
Saransh Jain,CV Stephen,530,561,30,84,7,2,15.85,105.85,18.7
Tilak Varma,CV Stephen,742,1377,63,82,103,68,11.05,185.58,21.86
Shiran Fernando,CV Stephen,193,189,16,29,1,0,15.03,97.93,11.81
Tilak Varma,Malinda Pushpakumara,732,1309,47,84,98,60,11.48,178.83,27.85
Shiran Fernando,Malinda Pushpakumara,247,250,26,33,3,2,13.36,101.21,9.62
Vaibhav Suryavanshi,Gangam Anikethreddy,11086,18372,267,898,827,736,8.1,165.72,68.81
Jos Buttler,Gangam Anikethreddy,6934,9536,219,1281,409,330,18.47,137.53,43.54
Jos Buttler,Shiran Fernando,7728,11163,269,757,385,339,9.8,144.45,41.5
Sai Sudharsan,Shiran Fernando,6171,10452,267,530,556,452,8.59,169.37,39.15
Vaibhav Suryavanshi,Shiran Fernando,13432,20548,397,759,777,584,5.65,152.98,51.76
Vaibhav Suryavanshi,Rashid Khan,12642,19862,265,860,790,632,6.8,157.11,74.95
Sai Sudharsan,Rashid Khan,7615,12758,263,828,689,575,10.87,167.54,48.51
Sai Sudharsan,Gangam Anikethreddy,6318,10238,203,908,588,461,14.37,162.04,50.43
Yashvardhan Dalal,Shiran Fernando,3005,5300,187,385,360,269,12.81,176.37,28.34
Yashvardhan Dalal,Gangam Anikethreddy,3790,6124,188,793,411,329,20.92,161.58,32.57
Yashvardhan Dalal,Rashid Khan,3508,5881,138,605,367,308,17.25,167.65,42.62
Salil Arora,Rashid Khan,496,1007,40,62,82,62,12.5,203.02,25.18
Salil Arora,Gangam Anikethreddy,636,1028,67,108,90,44,16.98,161.64,15.34
Salil Arora,Shahbaz Ahmed,1471,3318,137,83,258,219,5.64,225.56,24.22
Vaibhav Suryavanshi,Shahbaz Ahmed,1900,4670,72,44,353,305,2.32,245.79,64.86
Kunal Chandela,Shahbaz Ahmed,1432,2927,74,189,227,175,13.2,204.4,39.55
Vaibhav Suryavanshi,Saransh Jain,1971,4358,109,141,307,286,7.15,221.11,39.98
Kunal Chandela,Saransh Jain,1675,3060,96,305,222,182,18.21,182.69,31.88
Liam Livingstone,Saransh Jain,1002,1696,88,197,136,92,19.66,169.26,19.27
KL Rahul,Mohammed Siraj,9879,15453,237,608,629,472,6.15,156.42,65.2
Nishant Sindhu,Mohammed Siraj,5909,7903,219,666,242,165,11.27,133.75,36.09
Virat Singh,Mohammed Siraj,3776,6047,214,402,319,261,10.65,160.14,28.26
Virat Singh,Ravi Teja,2927,4547,127,371,225,188,12.68,155.35,35.8
KL Rahul,Ravi Teja,6821,9714,162,594,314,251,8.71,142.41,59.96
Harry Brook,Ravi Teja,1300,2284,94,160,141,125,12.31,175.69,24.3
Virat Singh,Prasidh Krishna,3781,6781,151,319,377,329,8.44,179.34,44.91
Shivam Dube,Prasidh Krishna,910,1794,77,98,126,116,10.77,197.14,23.3
Shivam Dube,Mohammed Siraj,911,1537,65,168,115,77,18.44,168.72,23.65
Shivam Dube,Ravi Teja,596,1047,69,86,76,65,14.43,175.67,15.17
Tilak Varma,Mohammed Siraj,523,913,35,85,60,51,16.25,174.57,26.09
Tilak Varma,Prasidh Krishna,529,939,32,73,61,53,13.8,177.5,29.34
Rashid Khan,Prasidh Krishna,180,204,56,43,16,12,23.89,113.33,3.64
Rashid Khan,Mohammed Siraj,139,119,43,35,10,4,25.18,85.61,2.77
Gangam Anikethreddy,Mohammed Siraj,79,46,29,30,4,2,37.97,58.23,1.59
Gangam Anikethreddy,Prasidh Krishna,89,35,33,39,2,2,43.82,39.33,1.06
Calvin Harrison,Prasidh Krishna,284,394,23,70,23,17,24.65,138.73,17.13
Calvin Harrison,Mitchell Santner,776,880,54,281,44,44,36.21,113.4,16.3
Shivam Dube,Sunil Narine,3497,5815,322,686,435,335,19.62,166.29,18.06
Calvin Harrison,Sunil Narine,731,835,38,273,49,38,37.35,114.23,21.97
Shiran Fernando,Mitchell Santner,490,517,60,60,5,4,12.24,105.51,8.62
Prince Yadav,Mitchell Santner,250,249,28,46,5,1,18.4,99.6,8.89
Liam Livingstone,Gangam Anikethreddy,5411,9090,179,554,441,417,10.24,167.99,50.78
Vaibhav Suryavanshi,Prince Yadav,6106,9909,151,324,443,324,5.31,162.28,65.62
Liam Livingstone,Prince Yadav,9236,13499,224,920,509,379,9.96,146.16,60.26
Liam Livingstone,Shiran Fernando,6139,9117,243,438,381,244,7.13,148.51,37.52
Sai Sudharsan,Prince Yadav,4392,7468,134,500,405,350,11.38,170.04,55.73
Finn Allen,Noor Ahmad,5163,9115,149,164,404,384,3.18,176.54,61.17
Rohit Sharma,Noor Ahmad,5522,9333,121,384,420,375,6.95,169.01,77.13
Rohit Sharma,Athisayaraj Davidson,5746,8606,159,457,335,256,7.95,149.77,54.13
Finn Allen,Athisayaraj Davidson,5634,8771,168,342,329,277,6.07,155.68,52.21
Rohit Sharma,Jasprit Bumrah,6347,9200,190,643,364,265,10.13,144.95,48.42
Finn Allen,Jasprit Bumrah,5801,9032,180,320,330,277,5.52,155.7,50.18
Finn Allen,Arzan Nagwaswalla,5719,8505,220,444,330,240,7.76,148.71,38.66
Rohit Sharma,Arzan Nagwaswalla,6486,8764,289,819,327,238,12.63,135.12,30.33
Kumar Kushagra,Jasprit Bumrah,3167,4193,158,724,221,162,22.86,132.4,26.54
Kumar Kushagra,Arzan Nagwaswalla,3359,4383,184,806,215,181,24.0,130.49,23.82
Krunal Pandya,Jasprit Bumrah,2270,2601,161,696,154,98,30.66,114.58,16.16
Krunal Pandya,Noor Ahmad,2101,2908,88,543,150,153,25.84,138.41,33.05
Kumar Kushagra,Noor Ahmad,3525,5893,105,635,344,310,18.01,167.18,56.12
Krunal Pandya,Arzan Nagwaswalla,2087,2302,184,633,132,90,30.33,110.3,12.51
Krunal Pandya,Athisayaraj Davidson,1913,2387,128,551,121,126,28.8,124.78,18.65
Kumar Kushagra,Athisayaraj Davidson,3390,4615,145,759,226,191,22.39,136.14,31.83
Naman Dhir,Athisayaraj Davidson,1165,1681,84,308,96,100,26.44,144.29,20.01
Naman Dhir,Jasprit Bumrah,1192,1333,98,414,73,64,34.73,111.83,13.6
Krunal Pandya,Raj Angad Bawa,1215,2249,81,195,182,125,16.05,185.1,27.77
Naman Dhir,Raj Angad Bawa,1317,2656,78,200,215,159,15.19,201.67,34.05
Naman Dhir,Atit Sheth,1347,2266,191,207,158,132,15.37,168.23,11.86
Donovan Ferreira,Atit Sheth,1293,2549,198,117,213,153,9.05,197.14,12.87
Krunal Pandya,Atit Sheth,1195,2053,145,175,142,122,14.64,171.8,14.16
Suryansh Shedge,Atit Sheth,1060,1741,204,126,126,101,11.89,164.25,8.53
Harsh Dubey,Atit Sheth,554,531,156,143,36,24,25.81,95.85,3.4
Harsh Dubey,Raj Angad Bawa,468,408,145,143,21,25,30.56,87.18,2.81
Shardul Thakur,Raj Angad Bawa,820,825,74,280,33,35,34.15,100.61,11.15
Donovan Ferreira,Raj Angad Bawa,1159,2395,93,132,185,152,11.39,206.64,25.75
Anshul Kamboj,Atit Sheth,679,710,103,84,11,8,12.37,104.57,6.89
Donovan Ferreira,Arzan Nagwaswalla,1021,1557,134,179,101,89,17.53,152.5,11.62
Anshul Kamboj,Arzan Nagwaswalla,293,244,53,63,5,3,21.5,83.28,4.6
Anshul Kamboj,Athisayaraj Davidson,259,264,31,38,7,0,14.67,101.93,8.52
Kagiso Rabada,Athisayaraj Davidson,233,267,17,22,2,0,9.44,114.59,15.71
Christopher Britz,Anshul Kamboj,9872,11740,160,2092,350,223,21.19,118.92,73.38
Karun Nair,Anshul Kamboj,6350,8029,229,850,192,171,13.39,126.44,35.06
Karun Nair,Kagiso Rabada,6599,8185,166,910,207,132,13.79,124.03,49.31
Christopher Britz,Kagiso Rabada,8558,9618,131,1981,230,167,23.15,112.39,73.42
Christopher Britz,Harsh Dubey,11964,13227,173,3547,471,327,29.65,110.56,76.46
Karun Nair,Harsh Dubey,6020,7475,157,941,230,142,15.63,124.17,47.61
Karun Nair,Shardul Thakur,1010,1488,122,214,100,81,21.19,147.33,12.2
Christopher Britz,Shardul Thakur,2363,3808,87,713,270,230,30.17,161.15,43.77
Christopher Britz,Suryansh Shedge,2101,3316,50,616,253,177,29.32,157.83,66.32
Karun Nair,Suryansh Shedge,955,1800,39,171,140,105,17.91,188.48,46.15
Glenn Phillips,Suryansh Shedge,1654,3609,55,177,251,240,10.7,218.2,65.62
Glenn Phillips,Shardul Thakur,1708,3521,148,174,268,226,10.19,206.15,23.79
Abhishek Sharma,Suryansh Shedge,1147,2647,68,59,205,167,5.14,230.78,38.93
Abhishek Sharma,Donovan Ferreira,2259,4976,120,174,399,306,7.7,220.27,41.47
Glenn Phillips,Donovan Ferreira,3766,7169,150,584,512,429,15.51,190.36,47.79
Abhishek Sharma,Krunal Pandya,3448,7638,297,279,628,479,8.09,221.52,25.72
Glenn Phillips,Krunal Pandya,4971,10056,262,768,779,628,15.45,202.29,38.38
Brian Bennett,Jasprit Bumrah,17965,24284,324,2281,774,593,12.7,135.17,74.95
Kangabam Priyojit Singh,Jasprit Bumrah,8592,13220,186,619,495,404,7.2,153.86,71.08
Brian Bennett,Arzan Nagwaswalla,18000,23588,399,2568,752,535,14.27,131.04,59.12
Kangabam Priyojit Singh,Arzan Nagwaswalla,8598,12511,267,812,460,340,9.44,145.51,46.86
Brian Bennett,Praveen Jayawickrama,6857,8153,203,1261,237,160,18.39,118.9,40.16
Kangabam Priyojit Singh,Praveen Jayawickrama,6271,8282,208,819,293,182,13.06,132.07,39.82
James Rew,Jasprit Bumrah,6032,7729,291,1327,353,283,22.0,128.13,26.56
James Rew,Praveen Jayawickrama,2568,2490,162,727,81,47,28.31,96.96,15.37
Kangabam Priyojit Singh,Rachin Ravindra,2195,4985,178,96,365,336,4.37,227.11,28.01
James Rew,Rachin Ravindra,2268,3022,257,568,184,162,25.04,133.25,11.76
Rajat Patidar,Rachin Ravindra,2446,4273,325,273,304,244,11.16,174.69,13.15
Kangabam Priyojit Singh,Dian Forrester,3801,9093,126,84,690,570,2.21,239.23,72.17
Rajat Patidar,Dian Forrester,2514,5937,97,104,422,392,4.14,236.16,61.21
Aneurin Donald,Dian Forrester,3343,7933,102,208,598,519,6.22,237.3,77.77
Aneurin Donald,Rachin Ravindra,3353,6188,250,567,463,373,16.91,184.55,24.75
Vishen Halambage,Dian Forrester,2293,5182,57,163,398,311,7.11,225.99,90.91
Vishen Halambage,Rachin Ravindra,2237,4099,239,299,282,262,13.37,183.24,17.15
Rajat Patidar,Arzan Nagwaswalla,1109,1625,85,199,111,66,17.94,146.53,19.12
Seekkuge Prasanna,Arzan Nagwaswalla,685,971,101,174,72,57,25.4,141.75,9.61
Vishen Halambage,Jasprit Bumrah,367,682,22,57,54,36,15.53,185.83,31.0
Seekkuge Prasanna,Jasprit Bumrah,626,872,88,179,70,47,28.59,139.3,9.91
Sdnv Prasad,Harpreet Brar,7763,9847,137,486,180,37,6.26,126.85,71.88
Deepak Hooda,Harpreet Brar,6526,7874,169,495,54,18,7.59,120.66,46.59
Sdnv Prasad,Yuzvendra Chahal,7601,9674,83,524,142,53,6.89,127.27,116.55
Deepak Hooda,Yuzvendra Chahal,6503,7861,166,472,69,10,7.26,120.88,47.36
Christopher Britz,Yuzvendra Chahal,10894,13492,138,2143,402,291,19.67,123.85,97.77
Christopher Britz,Harpreet Brar,11560,14134,173,2187,395,243,18.92,122.27,81.7
Christopher Britz,Seekkuge Prasanna,11319,9507,408,6134,641,432,54.19,83.99,23.3
Deepak Hooda,Seekkuge Prasanna,1372,1059,215,637,71,48,46.43,77.19,4.93
Deepak Hooda,Vishen Halambage,1477,1149,221,691,72,59,46.78,77.79,5.2
Christopher Britz,Vishen Halambage,6127,4762,231,3463,292,229,56.52,77.72,20.61
Christopher Britz,Ravindra Jadeja,6093,6020,134,3135,379,327,51.45,98.8,44.93
Deepak Hooda,Ravindra Jadeja,1533,1969,143,512,124,120,33.4,128.44,13.77
Glenn Phillips,Ravindra Jadeja,2539,4243,130,552,290,252,21.74,167.11,32.64
Glenn Phillips,Seekkuge Prasanna,6856,9838,517,1883,681,550,27.46,143.49,19.03
Glenn Phillips,Vishen Halambage,2947,3411,361,943,220,186,32.0,115.74,9.45
Abhishek Sharma,Vishen Halambage,1792,2648,272,391,184,165,21.82,147.77,9.74
Abhishek Sharma,Ravindra Jadeja,1644,3258,135,202,239,203,12.29,198.18,24.13
Rachin Ravindra,Ravindra Jadeja,1195,1987,132,217,153,111,18.16,166.28,15.05
Abhishek Sharma,Seekkuge Prasanna,4302,6696,620,853,476,408,19.83,155.65,10.8
Lalit Yadav,Seekkuge Prasanna,4276,7498,201,748,556,396,17.49,175.35,37.3
Rachin Ravindra,Seekkuge Prasanna,1251,1571,244,305,120,83,24.38,125.58,6.44
Lalit Yadav,Vishen Halambage,1673,2631,173,316,203,136,18.89,157.26,15.21
Rachin Ravindra,Vishen Halambage,1241,1580,263,265,117,84,21.35,127.32,6.01
Dian Forrester,Vishen Halambage,1025,1393,116,253,84,75,24.68,135.9,12.01
Praveen Jayawickrama,Vishen Halambage,338,192,110,127,12,8,37.57,56.8,1.75
Praveen Jayawickrama,Ravindra Jadeja,272,162,89,93,11,4,34.19,59.56,1.82
Praveen Jayawickrama,Seekkuge Prasanna,254,120,88,96,5,4,37.8,47.24,1.36
Praveen Jayawickrama,Harpreet Brar,224,156,79,60,8,6,26.79,69.64,1.97
Jasprit Bumrah,Harpreet Brar,625,587,80,102,8,3,16.32,93.92,7.34
Rachin Ravindra,Harpreet Brar,268,411,76,26,25,28,9.7,153.36,5.41
Arzan Nagwaswalla,Harpreet Brar,445,495,37,35,4,0,7.87,111.24,13.38
Dega Nischal,Adam Zampa,7030,8890,117,320,114,21,4.55,126.46,75.98
Yashasvi Jaiswal,Adam Zampa,6887,8715,123,328,123,22,4.76,126.54,70.85
Dega Nischal,Mitchell Starc,7138,8970,152,332,109,28,4.65,125.67,59.01
Yashasvi Jaiswal,Mitchell Starc,6986,8828,123,360,116,29,5.15,126.37,71.77
Ryan Rickelton,Adam Zampa,2190,2802,45,110,44,13,5.02,127.95,62.27
Ryan Rickelton,Mitchell Starc,2074,2747,40,101,44,27,4.87,132.45,68.67
Dhruv Jurel,Mridul Surroch,3232,5605,242,509,384,319,15.75,173.42,23.16
Dega Nischal,Akash Vasisht,3591,7310,251,302,518,441,8.41,203.56,29.12
Dhruv Jurel,Akash Vasisht,2230,3715,184,396,244,206,17.76,166.59,20.19
Dega Nischal,Riyan Parag,1849,3369,157,203,210,203,10.98,182.21,21.46
Abhimanyu Easwaran,Riyan Parag,1757,2861,207,235,189,155,13.38,162.83,13.82
Sahan Arachchige,Mridul Surroch,1719,2321,319,294,138,136,17.1,135.02,7.28
Charith Asalanka,Mridul Surroch,1564,2136,174,345,124,104,22.06,136.57,12.28
Dasun Shanaka,Mridul Surroch,2136,3501,205,308,208,188,14.42,163.9,17.08
Kuldeep Yadav,Akash Vasisht,722,295,239,367,14,19,50.83,40.86,1.23
Varun Chakravarthy,Akash Vasisht,1062,993,144,189,14,8,17.8,93.5,6.9
Vaisakh Chandran,Akash Vasisht,457,430,45,97,1,3,21.23,94.09,9.56
Ayush Mhatre,Kuldeep Yadav,11802,18937,334,1059,865,697,8.97,160.46,56.7
Sanju Samson,Kuldeep Yadav,10892,16764,374,922,713,555,8.46,153.91,44.82
Ayush Mhatre,Varun Chakravarthy,13246,19640,301,1357,703,617,10.24,148.27,65.25
Sanju Samson,Varun Chakravarthy,12107,17536,275,1146,649,481,9.47,144.84,63.77
Sanju Samson,Vaisakh Chandran,6620,8999,169,671,274,202,10.14,135.94,53.25
Ayush Mhatre,Vaisakh Chandran,7453,10408,130,864,368,235,11.59,139.65,80.06
Mukul Choudhary,Vaisakh Chandran,2917,4065,125,483,195,144,16.56,139.36,32.52
Mukul Choudhary,Varun Chakravarthy,5677,9046,220,725,481,394,12.77,159.34,41.12
Mukul Choudhary,Kuldeep Yadav,5889,10024,278,699,546,509,11.87,170.22,36.06
Ayush Mhatre,Dasun Shanaka,2888,6560,159,159,538,393,5.51,227.15,41.26
Brian Bennett,Rashid Khan,17583,25464,337,2031,949,766,11.55,144.82,75.56
Mayank Agarwal,Rashid Khan,7923,10499,229,1023,350,235,12.91,132.51,45.85
Mayank Agarwal,Prince Yadav,8504,10542,268,1169,280,174,13.75,123.97,39.34
Brian Bennett,Prince Yadav,10560,15272,195,1154,532,456,10.93,144.62,78.32
Brian Bennett,Gangam Anikethreddy,11739,16447,257,1921,655,561,16.36,140.11,64.0
Mayank Agarwal,Gangam Anikethreddy,3753,4681,211,661,160,141,17.61,124.73,22.18
Mayank Agarwal,Shiran Fernando,5010,6403,209,584,167,128,11.66,127.8,30.64
James Rew,Shiran Fernando,4866,7093,339,614,337,269,12.62,145.77,20.92
Brian Bennett,Shiran Fernando,14341,20410,324,1290,717,487,9.0,142.32,62.99
James Rew,Prince Yadav,2926,4188,141,530,214,171,18.11,143.13,29.7
James Rew,Rashid Khan,5641,7576,363,1135,355,300,20.12,134.3,20.87
Jitesh Sharma,Rashid Khan,1515,2214,148,285,129,113,18.81,146.14,14.96
Hardik Pandya,Rashid Khan,1570,2745,115,218,177,154,13.89,174.84,23.87
Hardik Pandya,Gangam Anikethreddy,1516,2588,80,239,142,158,15.77,170.71,32.35
Bipin Saurabh,Gangam Anikethreddy,966,1520,80,164,98,77,16.98,157.35,19.0
Seekkuge Prasanna,Gangam Anikethreddy,866,1391,93,204,94,88,23.56,160.62,14.96
Seekkuge Prasanna,Prince Yadav,456,661,57,108,46,37,23.68,144.96,11.6
Harpreet Brar,Prince Yadav,250,311,49,58,21,14,23.2,124.4,6.35
Harpreet Brar,Shiran Fernando,258,282,66,55,18,13,21.32,109.3,4.27
Harpreet Brar,Gangam Anikethreddy,363,420,69,61,26,11,16.8,115.7,6.09
Dan Lawrence,Gangam Anikethreddy,708,1041,36,120,51,47,16.95,147.03,28.92
Brian Bennett,Calvin Harrison,1236,2640,39,144,205,157,11.65,213.59,67.69
Tanay Thyagarajan,Calvin Harrison,538,637,26,77,11,9,14.31,118.4,24.5
Dan Lawrence,Calvin Harrison,827,1248,30,120,65,53,14.51,150.91,41.6
Dan Lawrence,Shiran Fernando,486,794,33,51,46,37,10.49,163.37,24.06
Tanay Thyagarajan,Shiran Fernando,223,245,22,26,5,3,11.66,109.87,11.14
Yuzvendra Chahal,Shiran Fernando,165,174,14,22,1,1,13.33,105.45,12.43
Yuzvendra Chahal,Calvin Harrison,269,303,13,26,2,0,9.67,112.64,23.31
KL Rahul,Tanay Thyagarajan,6265,9378,135,527,346,282,8.41,149.69,69.47
Nishant Sindhu,Tanay Thyagarajan,5282,6732,199,739,207,135,13.99,127.45,33.83
Nishant Sindhu,Harpreet Brar,5828,7649,248,604,218,136,10.36,131.25,30.84
KL Rahul,Harpreet Brar,14140,19169,298,828,472,251,5.86,135.57,64.33
Virat Singh,Harpreet Brar,3267,5021,135,325,240,173,9.95,153.69,37.19
KL Rahul,Yuzvendra Chahal,13277,18800,190,667,498,341,5.02,141.6,98.95
Virat Singh,Yuzvendra Chahal,3362,5749,120,267,270,257,7.94,171.0,47.91
KL Rahul,Seekkuge Prasanna,5738,9994,401,1079,675,617,18.8,174.17,24.92
Virat Singh,Seekkuge Prasanna,5915,8567,562,1448,564,481,24.48,144.84,15.24
Harry Brook,Seekkuge Prasanna,5129,7504,566,1179,479,442,22.99,146.31,13.26
Harry Brook,Hardik Pandya,3334,6868,227,349,534,406,10.47,206.0,30.26
KL Rahul,Hardik Pandya,3685,8586,135,188,648,552,5.1,233.0,63.6
Shivam Dube,Hardik Pandya,2990,5762,231,402,443,344,13.44,192.71,24.94
Shivam Dube,Seekkuge Prasanna,4431,6294,566,922,434,332,20.81,142.04,11.12
David Warner,Prasidh Krishna,3529,5573,72,271,217,195,7.68,157.92,77.4
Venkatesh Iyer,Prasidh Krishna,3294,5189,87,243,241,160,7.38,157.53,59.64
Venkatesh Iyer,Mohammed Siraj,3213,4649,87,380,161,159,11.83,144.69,53.44
David Warner,Mohammed Siraj,3667,5440,80,434,233,176,11.84,148.35,68.0
David Warner,Jaydev Unadkat,3466,5016,80,448,222,154,12.93,144.72,62.7
Venkatesh Iyer,Jaydev Unadkat,3210,4717,93,376,189,152,11.71,146.95,50.72
David Warner,Avesh Khan,3474,5700,62,267,264,205,7.69,164.08,91.94
Venkatesh Iyer,Avesh Khan,3173,4993,82,258,220,170,8.13,157.36,60.89
Venkatesh Iyer,Liam Livingstone,4596,9086,166,645,648,541,14.03,197.69,54.73
David Warner,Liam Livingstone,5791,11441,194,819,802,711,14.14,197.57,58.97
Mitchell Marsh,Jaydev Unadkat,1664,2742,82,275,178,134,16.53,164.78,33.44
Mitchell Marsh,Avesh Khan,1610,3094,48,153,202,169,9.5,192.17,64.46
Kamil Mishara,Binura Fernando,3421,4786,73,275,151,107,8.04,139.9,65.56
Kamil Mishara,Mohammed Shami,3545,4975,117,262,166,106,7.39,140.34,42.52
Liam Livingstone,Mohammed Shami,3993,5884,89,387,253,162,9.69,147.36,66.11
Kamil Mishara,Ashish Singh,3212,4743,91,230,174,129,7.16,147.67,52.12
Liam Livingstone,Ashish Singh,3576,4961,97,421,164,126,11.77,138.73,51.14
Sai Sudharsan,Ashish Singh,1469,2064,66,228,93,79,15.52,140.5,31.27
Sai Sudharsan,Mohammed Shami,4833,8423,169,487,465,398,10.08,174.28,49.84
Lahiru Udara,Mohammed Shami,507,842,45,52,51,41,10.26,166.07,18.71
Lahiru Udara,Ashish Singh,616,910,52,105,48,43,17.05,147.73,17.5
Jos Buttler,Ashish Singh,357,561,35,88,43,35,24.65,157.14,16.03
Liam Livingstone,Auqib Nabi,919,1893,46,94,146,111,10.23,205.98,41.15
Jos Buttler,Auqib Nabi,1021,1811,84,169,123,108,16.55,177.38,21.56
Nitish Rana,Mitchell Marsh,760,1188,88,149,103,56,19.61,156.32,13.5
Jos Buttler,Mitchell Marsh,1976,3428,199,413,275,203,20.9,173.48,17.23
Nitish Rana,Auqib Nabi,716,1287,64,121,92,79,16.9,179.75,20.11
Jos Buttler,Mohammed Shami,6736,9915,171,679,402,283,10.08,147.19,57.98
Nitish Rana,Mohammed Shami,196,343,23,33,31,19,16.84,175.0,14.91
Nitish Rana,Binura Fernando,205,300,26,39,11,19,19.02,146.34,11.54
Jaydev Unadkat,Binura Fernando,59,59,19,16,2,5,27.12,100.0,3.11
Virat Kohli,Khaleel Ahmed,3701,5457,96,240,190,141,6.48,147.45,56.84
Prabhsimran Singh,Khaleel Ahmed,3828,5559,90,316,187,148,8.25,145.22,61.77
Virat Kohli,Rashid Khan,15953,24580,440,976,952,721,6.12,154.08,55.86
Prabhsimran Singh,Rashid Khan,16019,24240,463,1068,931,689,6.67,151.32,52.35
Prabhsimran Singh,Prince Yadav,9660,14857,269,603,544,467,6.24,153.8,55.23
Virat Kohli,Prince Yadav,9642,14061,301,656,497,353,6.8,145.83,46.71
Devdutt Padikkal,Rashid Khan,8566,14240,307,880,731,620,10.27,166.24,46.38
Devdutt Padikkal,Prince Yadav,5372,9018,209,591,453,420,11.0,167.87,43.15
Shreyas Iyer,Jason Holder,1661,3202,121,208,233,192,12.52,192.78,26.46
Devdutt Padikkal,Jason Holder,1213,2324,108,167,157,152,13.77,191.59,21.52
David Miller,Jason Holder,1101,1794,138,199,134,98,18.07,162.94,13.0
Will Jacks,Jason Holder,1051,1836,79,156,146,87,14.84,174.69,23.24
David Miller,Sam Curran,926,1556,80,167,117,81,18.03,168.03,19.45
Will Jacks,Sam Curran,804,1518,56,96,103,87,11.94,188.81,27.11
Will Jacks,Khaleel Ahmed,216,403,11,25,36,16,11.57,186.57,36.64
David Miller,Khaleel Ahmed,267,456,21,53,29,28,19.85,170.79,21.71
Washington Sundar,Khaleel Ahmed,153,275,14,17,20,14,11.11,179.74,19.64
David Miller,Prince Yadav,1363,2108,93,325,138,118,23.84,154.66,22.67
Manav Suthar,Prince Yadav,70,43,24,17,2,1,24.29,61.43,1.79
Theesan Vithushan,Prince Yadav,63,43,24,19,1,3,30.16,68.25,1.79
Bhuvneshwar Kumar,Prince Yadav,124,120,17,15,2,0,12.1,96.77,7.06
KL Rahul,Theesan Vithushan,12105,17935,158,535,550,380,4.42,148.16,113.51
Priyansh Arya,Theesan Vithushan,3303,5827,75,95,267,223,2.88,176.42,77.69
Priyansh Arya,Duvindu Tillakaratne,2828,5300,51,97,291,227,3.43,187.41,103.92
KL Rahul,Duvindu Tillakaratne,3552,6940,66,170,417,340,4.79,195.38,105.15
Priyansh Arya,Bhuvneshwar Kumar,3540,5208,158,221,173,141,6.24,147.12,32.96
KL Rahul,Bhuvneshwar Kumar,4133,6169,94,338,224,177,8.18,149.26,65.63
KL Rahul,Manav Suthar,4014,7047,76,188,303,300,4.68,175.56,92.72
Priyansh Arya,Manav Suthar,3359,5731,90,108,242,217,3.22,170.62,63.68
Kishan Lyngdoh,Bhuvneshwar Kumar,2138,3295,53,413,192,151,19.32,154.12,62.17
Kishan Lyngdoh,Theesan Vithushan,2214,4249,42,198,259,228,8.94,191.92,101.17
Kishan Lyngdoh,Duvindu Tillakaratne,2468,4459,41,391,311,228,15.84,180.67,108.76
Virat Singh,Manav Suthar,899,1910,24,92,123,126,10.23,212.46,79.58
Kishan Lyngdoh,Manav Suthar,2316,3772,60,405,208,192,17.49,162.87,62.87
Harry Brook,Manav Suthar,363,645,25,55,44,39,15.15,177.69,25.8
Harry Brook,Duvindu Tillakaratne,488,1024,11,67,73,67,13.73,209.84,93.09
Shivam Dube,Duvindu Tillakaratne,274,631,6,43,53,43,15.69,230.29,105.17
Virat Singh,Duvindu Tillakaratne,1014,1959,39,137,134,114,13.51,193.2,50.23
Shivam Dube,Manav Suthar,180,382,8,19,27,23,10.56,212.22,47.75
Sam Curran,Manav Suthar,123,197,4,33,7,14,26.83,160.16,49.25
Sam Curran,Duvindu Tillakaratne,136,226,4,28,19,11,20.59,166.18,56.5
Rashid Khan,Manav Suthar,18,10,6,5,1,0,27.78,55.56,1.67
Virat Singh,Will Jacks,3317,7004,148,426,536,445,12.84,211.15,47.32
Rashid Khan,Will Jacks,200,208,54,52,19,9,26.0,104.0,3.85
Rashid Khan,Washington Sundar,452,478,144,97,31,30,21.46,105.75,3.32
Jason Holder,Washington Sundar,106,191,5,19,13,9,17.92,180.19,38.2
Khaleel Ahmed,Washington Sundar,51,51,5,8,0,0,15.69,100.0,10.2
Khaleel Ahmed,Will Jacks,52,55,5,8,1,0,15.38,105.77,11.0
Virat Singh,Washington Sundar,7814,17422,332,568,1230,1137,7.27,222.96,52.48
Prince Yadav,Washington Sundar,178,200,11,18,1,2,10.11,112.36,18.18
Virat Singh,Bhuvneshwar Kumar,684,1196,70,81,80,66,11.84,174.85,17.09
Prince Yadav,Bhuvneshwar Kumar,9,9,2,1,0,0,11.11,100.0,4.5
Prabhsimran Singh,Kagiso Rabada,7136,10510,162,433,388,242,6.07,147.28,64.88
Virat Kohli,Kagiso Rabada,7043,10564,209,357,352,276,5.07,149.99,50.55
Virat Kohli,Anshul Kamboj,10158,14286,326,514,411,268,5.06,140.64,43.82
Prabhsimran Singh,Anshul Kamboj,10236,14548,284,538,462,259,5.26,142.13,51.23
Devdutt Padikkal,Kagiso Rabada,3291,5262,146,330,243,214,10.03,159.89,36.04
Devdutt Padikkal,Anshul Kamboj,4417,6840,175,369,281,241,8.35,154.86,39.09
Shreyas Iyer,Anshul Kamboj,1926,3357,115,158,200,156,8.2,174.3,29.19
David Miller,Anshul Kamboj,759,1168,84,117,80,55,15.42,153.89,13.9
David Miller,Krunal Pandya,1766,3409,105,246,249,203,13.93,193.04,32.47
David Miller,Donovan Ferreira,1237,2470,41,202,179,161,16.33,199.68,60.24
Ramandeep Singh,Krunal Pandya,1129,2298,99,107,151,151,9.48,203.54,23.21
Ramandeep Singh,Suryansh Shedge,732,1575,68,66,114,107,9.02,215.16,23.16
David Miller,Suryansh Shedge,1121,2146,73,156,150,128,13.92,191.44,29.4
Ashwin Das,Donovan Ferreira,526,710,42,178,43,42,33.84,134.98,16.9
Ashwin Das,Krunal Pandya,858,1237,81,217,97,59,25.29,144.17,15.27
Washington Sundar,Suryansh Shedge,491,914,21,78,65,52,15.89,186.15,43.52
Washington Sundar,Shardul Thakur,729,1228,96,107,73,81,14.68,168.45,12.79
David Miller,Shardul Thakur,1438,2619,177,199,177,173,13.84,182.13,14.8
Isitha Wijesundara,Shardul Thakur,301,282,72,106,20,17,35.22,93.69,3.92
Isitha Wijesundara,Kagiso Rabada,150,106,22,75,10,3,50.0,70.67,4.82
Raj Limbani,Kagiso Rabada,119,135,14,12,3,1,10.08,113.45,9.64
Avinov Choudhary,Kagiso Rabada,103,120,11,10,4,0,9.71,116.5,10.91
Finn Allen,Avinov Choudhary,7073,9012,158,332,147,31,4.69,127.41,57.04
Rohit Sharma,Avinov Choudhary,7082,9040,133,336,136,47,4.74,127.65,67.97
Rohit Sharma,Raj Limbani,7126,9103,167,359,150,53,5.04,127.74,54.51
Finn Allen,Raj Limbani,7032,8952,159,335,150,32,4.76,127.3,56.3
Kumar Kushagra,Avinov Choudhary,2602,3388,49,189,77,31,7.26,130.21,69.14
Kumar Kushagra,Raj Limbani,2688,3618,82,194,107,43,7.22,134.6,44.12
Finn Allen,Isitha Wijesundara,2872,6530,139,174,474,425,6.06,227.37,46.98
Kumar Kushagra,Isitha Wijesundara,4201,7588,180,828,516,472,19.71,180.62,42.16
Finn Allen,Washington Sundar,3176,7497,187,26,568,469,0.82,236.05,40.09
Kumar Kushagra,Washington Sundar,4549,9815,181,403,708,618,8.86,215.76,54.23
Naman Dhir,Washington Sundar,2491,4929,143,366,349,314,14.69,197.87,34.47
Kumar Kushagra,Ashwin Das,4351,7648,259,889,513,478,20.43,175.78,29.53
Naman Dhir,Ashwin Das,2409,4023,187,526,292,231,21.83,167.0,21.51
Naman Dhir,Isitha Wijesundara,2398,4051,164,519,298,231,21.64,168.93,24.7
Donovan Ferreira,Isitha Wijesundara,2254,4600,157,277,365,277,12.29,204.08,29.3
Donovan Ferreira,Ashwin Das,1504,2819,158,207,199,181,13.76,187.43,17.84
Abhimanyu Easwaran,Shahbaz Ahmed,2025,4038,128,186,275,245,9.19,199.41,31.55
Yashasvi Jaiswal,Shahbaz Ahmed,1707,3941,57,54,275,243,3.16,230.87,69.14
Yashasvi Jaiswal,Saransh Jain,1665,3202,100,176,218,184,10.57,192.31,32.02
Sahan Arachchige,Rashid Khan,1293,1654,212,227,87,78,17.56,127.92,7.8
Abhimanyu Easwaran,Rashid Khan,2214,3901,129,313,255,216,14.14,176.2,30.24
Sahan Arachchige,Shiran Fernando,1225,1565,220,170,76,72,13.88,127.76,7.11
Charith Asalanka,Shiran Fernando,333,474,52,55,34,22,16.52,142.34,9.12
Abhimanyu Easwaran,Shiran Fernando,1746,3072,189,191,195,179,10.94,175.95,16.25
Dasun Shanaka,Shiran Fernando,737,1166,102,96,65,65,13.03,158.21,11.43
Harry Brook,Sahan Arachchige,3172,6012,328,438,469,365,13.81,189.53,18.33
Harry Brook,Charith Asalanka,2319,5680,53,59,438,361,2.54,244.93,107.17
Shubman Gill,Josh Tongue,9687,14286,283,762,513,392,7.87,147.48,50.48
Ruturaj Gaikwad,Josh Tongue,8531,12448,250,795,511,352,9.32,145.91,49.79
Ruturaj Gaikwad,Chamika Gunasekara,8795,12913,232,856,484,414,9.73,146.82,55.66
Shubman Gill,Chamika Gunasekara,9636,14689,258,641,527,464,6.65,152.44,56.93
Karan Lal,Kuldeep Yadav,2317,4286,222,88,279,210,3.8,184.98,19.31
Karan Lal,Varun Chakravarthy,2307,4292,145,132,247,218,5.72,186.04,29.6
Ishan Kishan,Kuldeep Yadav,3558,6998,223,327,442,431,9.19,196.68,31.38
Ishan Kishan,Chamika Gunasekara,2584,4892,171,191,291,274,7.39,189.32,28.61
Heinrich Klaasen,Kuldeep Yadav,2033,3164,215,445,226,183,21.89,155.63,14.72
Heinrich Klaasen,Josh Tongue,1627,2471,190,341,168,143,20.96,151.87,13.01
Ishan Kishan,Josh Tongue,2520,4354,242,249,264,238,9.88,172.78,17.99
Ishan Kishan,Dasun Shanaka,3595,8590,222,168,676,567,4.67,238.94,38.69
Heinrich Klaasen,Dasun Shanaka,3016,6138,219,339,452,375,11.24,203.51,28.03
Marcus Stoinis,Dasun Shanaka,2038,3809,166,265,281,211,13.0,186.9,22.95
Marcus Stoinis,Kuldeep Yadav,1165,1629,104,273,114,74,23.43,139.83,15.66
Dunith Wellalage,Josh Tongue,948,1211,84,220,68,51,23.21,127.74,14.42
Maheesh Theekshana,Josh Tongue,266,145,74,84,2,1,31.58,54.51,1.96
Ottneil Baartman,Josh Tongue,281,275,40,53,7,3,18.86,97.86,6.88
Dega Nischal,Shivam Mavi,6377,9826,134,497,396,311,7.79,154.08,73.33
Yashasvi Jaiswal,Shivam Mavi,6298,10199,145,423,435,376,6.72,161.94,70.34
Yashasvi Jaiswal,Ottneil Baartman,6306,9639,209,431,366,316,6.83,152.85,46.12
Dega Nischal,Ottneil Baartman,6326,9246,261,434,362,249,6.86,146.16,35.43
Yashasvi Jaiswal,Maheesh Theekshana,9769,14909,151,620,587,388,6.35,152.62,98.74
Dega Nischal,Maheesh Theekshana,9668,14265,135,622,479,350,6.43,147.55,105.67
Tim Seifert,Rashid Khan,9828,14212,218,896,538,359,9.12,144.61,65.19
Smaran Ravichandra,Rashid Khan,10231,14449,199,1259,505,397,12.31,141.23,72.61
Smaran Ravichandra,Prince Yadav,3606,5087,65,395,163,131,10.95,141.07,78.26
Tim Seifert,Prince Yadav,3462,5005,57,331,169,136,9.56,144.57,87.81
Tim Seifert,Khaleel Ahmed,3608,5137,71,334,169,127,9.26,142.38,72.35
Smaran Ravichandra,Khaleel Ahmed,3640,5072,68,428,175,126,11.76,139.34,74.59
Rahul Tripathi,Khaleel Ahmed,1086,1500,41,208,71,53,19.15,138.12,36.59
Rahul Tripathi,Prince Yadav,1048,1555,41,178,78,65,16.98,148.38,37.93
Rahul Tripathi,Rashid Khan,3622,4733,160,710,191,166,19.6,130.67,29.58
Rahul Tripathi,Sam Curran,886,1527,70,151,94,94,17.04,172.35,21.81
Ankit Kumar,Sam Curran,680,1273,94,57,97,76,8.38,187.21,13.54
Ankit Kumar,Jason Holder,693,1289,99,89,79,90,12.84,186.0,13.02
Smaran Ravichandra,Jason Holder,1085,2231,56,145,156,147,13.36,205.62,39.84
Smaran Ravichandra,Sam Curran,1086,2171,53,103,144,123,9.48,199.91,40.96
Cameron Green,Jason Holder,844,1415,80,155,93,85,18.36,167.65,17.69
Nitish Kumar Reddy,Jason Holder,666,1196,92,86,90,72,12.91,179.58,13.0
Nitish Kumar Reddy,Sam Curran,600,1142,70,82,89,73,13.67,190.33,16.31
Kranthi Kumar,Sam Curran,453,785,50,53,55,43,11.7,173.29,15.7
Kranthi Kumar,Jason Holder,563,973,56,89,66,58,15.81,172.82,17.38
Corbin Bosch,Sam Curran,325,420,38,84,28,22,25.85,129.23,11.05
Corbin Bosch,Rashid Khan,174,267,16,27,13,13,15.52,153.45,16.69
Anshul Kamboj,Rashid Khan,372,360,52,77,7,4,20.7,96.77,6.92
Ashok Sharma,Khaleel Ahmed,157,200,6,19,3,4,12.1,127.39,33.33
KL Rahul,Sonny Baker,3471,4448,80,192,73,28,5.53,128.15,55.6
Priyansh Arya,Sonny Baker,3070,3893,70,149,40,15,4.85,126.81,55.61
Priyansh Arya,Anshul Kamboj,3134,3965,77,156,56,9,4.98,126.52,51.49
Priyansh Arya,Kranthi Kumar,557,662,68,174,41,39,31.24,118.85,9.74
KL Rahul,Kranthi Kumar,1055,1441,48,324,93,78,30.71,136.59,30.02
KL Rahul,Ashok Sharma,1056,2312,67,66,167,148,6.25,218.94,34.51
Priyansh Arya,Ashok Sharma,537,1063,70,20,87,59,3.72,197.95,15.19
KL Rahul,Corbin Bosch,934,1986,47,75,139,124,8.03,212.63,42.26
Priyansh Arya,Corbin Bosch,429,824,65,41,60,54,9.56,192.07,12.68
Priyansh Arya,Cameron Green,601,1394,31,12,99,89,2.0,231.95,44.97
KL Rahul,Cameron Green,1079,2633,28,26,187,178,2.41,244.02,94.04
Kishan Lyngdoh,Cameron Green,1355,2595,35,179,164,156,13.21,191.51,74.14
Kishan Lyngdoh,Nitish Kumar Reddy,1385,2558,47,256,167,163,18.48,184.69,54.43
Kishan Lyngdoh,Corbin Bosch,1220,2047,58,241,118,126,19.75,167.79,35.29
Kishan Lyngdoh,Kranthi Kumar,1515,1711,96,557,100,90,36.77,112.94,17.82
Kishan Lyngdoh,Ashok Sharma,1503,2623,64,285,191,150,18.96,174.52,40.98
Virat Singh,Kranthi Kumar,926,1400,82,238,99,82,25.7,151.19,17.07
Liam Livingstone,Rashid Khan,9193,14765,226,730,656,538,7.94,160.61,65.33
Kunal Chandela,Gangam Anikethreddy,1278,2200,101,235,144,127,18.39,172.14,21.78
Mitchell Santner,Gangam Anikethreddy,734,1181,67,173,79,71,23.57,160.9,17.63
Jos Buttler,Prince Yadav,1095,1973,71,225,138,125,20.55,180.18,27.79
Mitchell Santner,Prince Yadav,323,447,45,85,28,27,26.32,138.39,9.93
Ravi Teja,Prince Yadav,122,70,38,47,7,1,38.52,57.38,1.84
Mohammed Siraj,Prince Yadav,205,162,38,51,2,3,24.88,79.02,4.26
Mohammed Siraj,Gangam Anikethreddy,144,87,40,60,5,4,41.67,60.42,2.17
Prasidh Krishna,Gangam Anikethreddy,161,134,27,34,1,1,21.12,83.23,4.96
Jos Buttler,Calvin Harrison,1006,2169,84,120,180,135,11.93,215.61,25.82
Prasidh Krishna,Calvin Harrison,301,274,52,50,3,2,16.61,91.03,5.27
Prasidh Krishna,Prince Yadav,176,158,36,31,1,3,17.61,89.77,4.39
Sunil Narine,Gangam Anikethreddy,352,431,38,57,12,13,16.19,122.44,11.34
KL Rahul,Prasidh Krishna,9730,16032,195,431,642,570,4.43,164.77,82.22
Nishant Sindhu,Prasidh Krishna,5797,8395,212,460,307,206,7.94,144.82,39.6
Nishant Sindhu,Ravi Teja,5815,7646,182,666,227,145,11.45,131.49,42.01
Virat Singh,Sunil Narine,5787,10128,243,1239,704,614,21.41,175.01,41.68
KL Rahul,Scott Curie,8261,10900,95,435,207,88,5.27,131.95,114.74
Kusal Mendis,Scott Curie,7572,9876,105,300,148,50,3.96,130.43,94.06
Kusal Mendis,Theesan Vithushan,7608,9723,88,400,142,46,5.26,127.8,110.49
Harry Brook,Theesan Vithushan,2042,3210,55,114,137,93,5.58,157.2,58.36
Harry Brook,Will Jacks,3494,7679,146,283,573,478,8.1,219.78,52.6
Kusal Mendis,Will Jacks,3440,7025,135,319,468,425,9.27,204.22,52.04
Harry Brook,Shubham Agarwal,2882,5043,286,439,366,294,15.23,174.98,17.63
Kusal Mendis,Shubham Agarwal,3318,5612,216,592,381,328,17.84,169.14,25.98
Virat Singh,Shubham Agarwal,2561,4103,254,554,307,240,21.63,160.21,16.15
Virat Singh,Isitha Wijesundara,6016,12576,228,676,906,788,11.24,209.04,55.16
Kusal Mendis,Isitha Wijesundara,3053,6365,107,269,448,386,8.81,208.48,59.49
Kusal Mendis,Washington Sundar,3639,7632,139,312,523,469,8.57,209.73,54.91
Shivam Dube,Will Jacks,1655,3325,100,199,272,188,12.02,200.91,33.25
Shivam Dube,Washington Sundar,3998,8494,227,356,628,531,8.9,212.46,37.42
Shivam Dube,Isitha Wijesundara,3083,6240,191,352,469,376,11.42,202.4,32.67
Shivam Dube,Shubham Agarwal,1655,2712,200,321,200,159,19.4,163.87,13.56
Tilak Varma,Will Jacks,933,1530,48,169,109,76,18.11,163.99,31.88
Shahbaz Ahmed,Will Jacks,542,864,31,131,67,43,24.17,159.41,27.87
Shahbaz Ahmed,Theesan Vithushan,570,1019,41,66,86,42,11.58,178.77,24.85
Shivam Dube,Theesan Vithushan,552,1124,61,46,89,71,8.33,203.62,18.43
Rashid Khan,Theesan Vithushan,216,212,83,36,13,12,16.67,98.15,2.55
Gangam Anikethreddy,Theesan Vithushan,198,150,54,80,6,10,40.4,75.76,2.78
Shahbaz Ahmed,Scott Curie,530,972,40,67,70,50,12.64,183.4,24.3
Saransh Jain,Scott Curie,385,423,28,53,5,5,13.77,109.87,15.11
Virat Kohli,Shiran Fernando,13549,19768,472,765,634,486,5.65,145.9,41.88
Prabhsimran Singh,Shiran Fernando,13233,19440,412,745,659,473,5.63,146.91,47.18
Prabhsimran Singh,Gangam Anikethreddy,10480,16191,343,980,687,585,9.35,154.49,47.2
Virat Kohli,Gangam Anikethreddy,10384,16417,354,840,727,588,8.09,158.1,46.38
Devdutt Padikkal,Gangam Anikethreddy,6769,11026,262,967,628,518,14.29,162.89,42.08
Shreyas Iyer,Rashid Khan,4879,8633,188,615,481,474,12.61,176.94,45.92
Shreyas Iyer,Gangam Anikethreddy,4529,7797,229,668,482,431,14.75,172.16,34.05
Chris Lynn,Shahbaz Ahmed,2138,4260,136,268,321,255,12.54,199.25,31.32
Will Jacks,Shahbaz Ahmed,1738,3449,102,220,247,208,12.66,198.45,33.81
Washington Sundar,Saransh Jain,1366,2292,134,216,162,122,15.81,167.79,17.1
Chris Lynn,Saransh Jain,2222,3931,194,408,307,226,18.36,176.91,20.26
Shubham Agarwal,Shahbaz Ahmed,528,419,113,208,17,21,39.39,79.36,3.71
Theesan Vithushan,Shahbaz Ahmed,328,194,99,130,15,7,39.63,59.15,1.96
Chris Lynn,Gangam Anikethreddy,894,1257,86,193,72,62,21.59,140.6,14.62
Scott Curie,Gangam Anikethreddy,260,282,20,27,1,0,10.38,108.46,14.1
Kusal Mendis,Mohsin Khan,4786,7774,122,304,346,278,6.35,162.43,63.72
Kusal Mendis,Matthew Forde,4921,8127,121,330,375,312,6.71,165.15,67.17
KL Rahul,Matthew Forde,5403,9748,109,274,507,427,5.07,180.42,89.43
Kusal Mendis,Yash Thakur,4498,7725,136,283,409,304,6.29,171.74,56.8
KL Rahul,Yash Thakur,4778,8814,145,239,502,398,5.0,184.47,60.79
Kusal Mendis,Akash Deep,4844,8150,161,274,425,297,5.66,168.25,50.62
KL Rahul,Akash Deep,5268,9333,139,211,466,378,4.01,177.16,67.14
Kusal Mendis,Vidwath Kaverappa,5055,8630,116,264,424,326,5.22,170.72,74.4
KL Rahul,Vidwath Kaverappa,5545,9946,100,216,514,399,3.9,179.37,99.46
Harry Brook,Vidwath Kaverappa,2382,4784,90,124,326,245,5.21,200.84,53.16
Harry Brook,Akash Deep,2512,4931,168,121,313,262,4.82,196.3,29.35
Virat Singh,Akash Deep,1521,2984,151,124,209,176,8.15,196.19,19.76
Virat Singh,Vidwath Kaverappa,1505,3202,83,117,226,203,7.77,212.76,38.58
Shivam Dube,Vidwath Kaverappa,1067,2207,57,118,166,132,11.06,206.84,38.72
Shivam Dube,Matthew Forde,964,1871,53,115,123,117,11.93,194.09,35.3
Virat Singh,Matthew Forde,1450,2843,77,160,207,159,11.03,196.07,36.92
Shivam Dube,Yash Thakur,1179,2256,130,125,164,137,10.6,191.35,17.35
Shivam Dube,Mohsin Khan,2150,3881,231,266,259,235,12.37,180.51,16.8
Virat Singh,Yash Thakur,1545,2895,133,176,183,177,11.39,187.38,21.77
Tilak Varma,Akash Deep,1078,1884,73,169,120,107,15.68,174.77,25.81
Shivam Dube,Akash Deep,1095,2189,111,107,153,142,9.77,199.91,19.72
Tilak Varma,Vidwath Kaverappa,979,1928,51,119,132,119,12.16,196.94,37.8
Shahbaz Ahmed,Vidwath Kaverappa,662,1172,33,106,91,61,16.01,177.04,35.52
Shahbaz Ahmed,Akash Deep,649,1032,52,116,68,52,17.87,159.01,19.85
Rashid Khan,Akash Deep,177,153,62,42,9,8,23.73,86.44,2.47
Gangam Anikethreddy,Akash Deep,146,71,56,61,5,4,41.78,48.63,1.27
Gangam Anikethreddy,Vidwath Kaverappa,131,118,39,45,7,7,34.35,90.08,3.03
Gangam Anikethreddy,Yash Thakur,206,128,73,81,11,7,39.32,62.14,1.75
Saransh Jain,Yash Thakur,425,475,30,64,13,4,15.06,111.76,15.83
Ruchit Ahir,Gangam Anikethreddy,2790,4220,104,471,229,180,16.88,151.25,40.58
Ruchit Ahir,Rashid Khan,2788,3867,121,479,167,145,17.18,138.7,31.96
Ruchit Ahir,Saransh Jain,2423,4672,116,344,301,293,14.2,192.82,40.28
Heinrich Klaasen,Saransh Jain,1722,2722,151,405,227,142,23.52,158.07,18.03
Ishan Kishan,Saransh Jain,1819,3658,155,230,282,230,12.64,201.1,23.6
Ishan Kishan,Shahbaz Ahmed,1758,4019,97,94,295,262,5.35,228.61,41.43
Heinrich Klaasen,Shahbaz Ahmed,1441,2411,118,269,159,139,18.67,167.31,20.43
Sarfaraz Khan,Shahbaz Ahmed,1311,2677,98,84,199,153,6.41,204.2,27.32
Akash Deep,Shahbaz Ahmed,394,331,123,116,23,16,29.44,84.01,2.69
Mohsin Khan,Saransh Jain,460,293,120,163,12,9,35.43,63.7,2.44
Yash Thakur,Saransh Jain,737,750,81,109,8,6,14.79,101.76,9.26
Mohsin Khan,Gangam Anikethreddy,453,414,82,88,3,6,19.43,91.39,5.05
Yash Thakur,Gangam Anikethreddy,362,422,43,34,4,6,9.39,116.57,9.81
KL Rahul,Arzan Nagwaswalla,17189,25062,421,1493,923,672,8.69,145.8,59.53
Kusal Mendis,Arzan Nagwaswalla,6903,9366,172,668,292,194,9.68,135.68,54.45
KL Rahul,Jasprit Bumrah,17331,26224,385,1360,964,808,7.85,151.31,68.11
Kusal Mendis,Jasprit Bumrah,6729,9064,159,626,247,189,9.3,134.7,57.01
KL Rahul,Praveen Jayawickrama,6274,8746,161,743,310,245,11.84,139.4,54.32
Kusal Mendis,Praveen Jayawickrama,5800,7270,182,717,211,136,12.36,125.34,39.95
Harry Brook,Jasprit Bumrah,4387,7159,261,531,399,332,12.1,163.19,27.43
Harry Brook,Praveen Jayawickrama,2644,3270,181,537,119,118,20.31,123.68,18.07
Harry Brook,Dian Forrester,3518,8064,170,145,574,529,4.12,229.22,47.44
Kusal Mendis,Dian Forrester,2253,5375,88,67,361,362,2.97,238.57,61.08
Harry Brook,Rachin Ravindra,2308,4709,248,158,346,295,6.85,204.03,18.99
Kusal Mendis,Rachin Ravindra,2177,4079,200,219,289,240,10.06,187.37,20.39
Virat Singh,Rachin Ravindra,2978,5505,321,402,376,353,13.5,184.86,17.15
Shivam Dube,Rachin Ravindra,2325,3984,317,321,272,245,13.81,171.35,12.57
Shivam Dube,Dian Forrester,3139,7042,208,207,531,448,6.59,224.34,33.86
Tilak Varma,Rachin Ravindra,2528,3890,272,450,278,190,17.8,153.88,14.3
Shahbaz Ahmed,Rachin Ravindra,1824,2673,204,401,199,132,21.98,146.55,13.1
Rashid Khan,Rachin Ravindra,585,492,204,141,41,19,24.1,84.1,2.41
Rashid Khan,Dian Forrester,726,723,203,205,50,41,28.24,99.59,3.56
Rashid Khan,Arzan Nagwaswalla,289,256,92,76,15,13,26.3,88.58,2.78
Gangam Anikethreddy,Arzan Nagwaswalla,250,131,73,117,7,8,46.8,52.4,1.79
Saransh Jain,Arzan Nagwaswalla,260,280,11,35,3,0,13.46,107.69,25.45
Shivam Dube,Arzan Nagwaswalla,1639,2420,195,314,179,119,19.16,147.65,12.41
Shiran Fernando,Arzan Nagwaswalla,314,343,28,44,3,4,14.01,109.24,12.25
Sdnv Prasad,Rashid Khan,7546,10164,161,980,343,242,12.99,134.69,63.13
Deepak Hooda,Rashid Khan,9074,11177,278,1444,271,209,15.91,123.18,40.21
Sdnv Prasad,Shiran Fernando,7551,10378,156,740,304,226,9.8,137.44,66.53
Deepak Hooda,Shiran Fernando,6408,7734,303,849,166,103,13.25,120.69,25.52
Sdnv Prasad,Gangam Anikethreddy,6179,8113,146,1005,313,203,16.26,131.3,55.57
Deepak Hooda,Gangam Anikethreddy,4692,5403,216,840,142,76,17.9,115.15,25.01
Christopher Britz,Gangam Anikethreddy,10792,11158,213,4159,484,402,38.54,103.39,52.38
Glenn Phillips,Gangam Anikethreddy,4721,7728,198,931,465,426,19.72,163.69,39.03
Christopher Britz,Shiran Fernando,11449,12833,277,3116,404,328,27.22,112.09,46.33
Abhishek Sharma,Shiran Fernando,1663,3154,204,117,206,191,7.04,189.66,15.46
Rachin Ravindra,Gangam Anikethreddy,359,524,66,71,42,28,19.78,145.96,7.94
Rachin Ravindra,Saransh Jain,1023,1775,148,147,150,96,14.37,173.51,11.99
Christopher Britz,Saransh Jain,3991,4614,128,1770,328,238,44.35,115.61,36.05
Christopher Britz,Shahbaz Ahmed,3557,4992,115,1294,346,294,36.38,140.34,43.41
Rachin Ravindra,Shahbaz Ahmed,941,1861,127,110,146,121,11.69,197.77,14.65
Lalit Yadav,Saransh Jain,1429,2646,57,204,186,145,14.28,185.16,46.42
Dian Forrester,Saransh Jain,874,1371,43,189,76,76,21.62,156.86,31.88
Dian Forrester,Shahbaz Ahmed,735,1360,32,105,98,73,14.29,185.03,42.5
Dian Forrester,Gangam Anikethreddy,465,664,20,115,35,33,24.73,142.8,33.2
Dian Forrester,Shiran Fernando,282,420,25,53,28,19,18.79,148.94,16.8
Kartik Sharma,Ravi Bishnoi,2858,4802,68,367,264,218,12.84,168.02,70.62
Kartik Sharma,Nishan Peiris,2911,4160,100,570,182,188,19.58,142.91,41.6
Matt Short,Donovan Ferreira,1573,2737,63,334,177,170,21.23,174.0,43.44
Sanvir Singh,Ravi Bishnoi,317,505,66,33,31,29,10.41,159.31,7.65
Tim Seifert,Mohammed Shami,9643,14229,233,735,494,375,7.62,147.56,61.07
Ankit Kumar,Lasith Embuldeniya,1288,1681,84,363,97,86,28.18,130.51,20.01
Rohit Sharma,Dushan Hemantha,1225,2037,128,222,134,127,18.12,166.29,15.91
Rohit Sharma,Mohammed Shami,935,1751,54,130,118,109,13.9,187.27,32.43
Donovan Ferreira,Dushan Hemantha,678,1066,67,140,73,61,20.65,157.23,15.91
Krunal Pandya,Lasith Embuldeniya,1921,2507,74,557,156,109,29.0,130.5,33.88
Tim Seifert,Matthew Forde,5884,9881,116,416,482,368,7.07,167.93,85.18
Smaran Ravichandra,Matthew Forde,6073,9970,104,614,468,388,10.11,164.17,95.87
Tim Seifert,Akash Deep,5753,9726,165,348,465,377,6.05,169.06,58.95
Smaran Ravichandra,Akash Deep,5991,10293,153,523,518,450,8.73,171.81,67.27
Tim Seifert,Vidwath Kaverappa,5881,10350,131,281,521,419,4.78,175.99,79.01
Smaran Ravichandra,Vidwath Kaverappa,6110,10612,118,451,511,458,7.38,173.68,89.93
Tim Seifert,Yash Thakur,5224,9143,172,360,478,399,6.89,175.02,53.16
Smaran Ravichandra,Yash Thakur,5620,9722,155,479,542,402,8.52,172.99,62.72
Tim Seifert,Mohsin Khan,5439,9208,141,421,429,387,7.74,169.3,65.3
Smaran Ravichandra,Mohsin Khan,5859,9753,154,568,498,379,9.69,166.46,63.33
Rahul Tripathi,Yash Thakur,2697,4547,188,370,271,232,13.72,168.59,24.19
Ankit Kumar,Matthew Forde,1312,2612,122,125,191,153,9.53,199.09,21.41
Rahul Tripathi,Matthew Forde,2621,4438,101,427,254,235,16.29,169.32,43.94
Ankit Kumar,Vidwath Kaverappa,1380,2818,110,91,205,163,6.59,204.2,25.62
Rahul Tripathi,Vidwath Kaverappa,2733,5029,99,307,338,253,11.23,184.01,50.8
Ankit Kumar,Yash Thakur,1483,2957,155,104,214,179,7.01,199.39,19.08
Donovan Ferreira,Vidwath Kaverappa,835,1821,58,89,138,120,10.66,218.08,31.4
Krunal Pandya,Vidwath Kaverappa,719,1318,43,91,86,72,12.66,183.31,30.65
Rohit Sharma,Vidwath Kaverappa,1304,2670,66,118,186,160,9.05,204.75,40.45
Krunal Pandya,Mohsin Khan,2752,3906,209,622,237,187,22.6,141.93,18.69
Rohit Sharma,Mohsin Khan,7419,11699,306,617,586,404,8.32,157.69,38.23
Krunal Pandya,Yash Thakur,996,1714,97,170,118,101,17.07,172.09,17.67
Rohit Sharma,Yash Thakur,1454,2699,145,171,193,163,11.76,185.63,18.61
Prashant Veer,Yash Thakur,649,1078,61,87,72,58,13.41,166.1,17.67
Prashant Veer,Mohsin Khan,617,1172,44,91,76,79,14.75,189.95,26.64
Prashant Veer,Akash Deep,560,906,56,72,53,49,12.86,161.79,16.18
Krunal Pandya,Akash Deep,791,1279,87,118,103,57,14.92,161.69,14.7
Krunal Pandya,Matthew Forde,809,1347,53,150,97,66,18.54,166.5,25.42
Prashant Veer,Matthew Forde,614,877,29,142,56,35,23.13,142.83,30.24
Harsh Dubey,Akash Deep,176,86,60,58,7,0,32.95,48.86,1.43
Harsh Dubey,Mohsin Khan,398,278,125,131,17,13,32.91,69.85,2.22
Ravi Bishnoi,Mohsin Khan,278,247,32,77,4,5,27.7,88.85,7.72
Ravi Bishnoi,Akash Deep,269,207,45,84,3,4,31.23,76.95,4.6
Nishan Peiris,Akash Deep,200,184,15,47,1,1,23.5,92.0,12.27
Shubman Gill,Ravi Bishnoi,7302,10782,176,551,346,315,7.55,147.66,61.26
Ruturaj Gaikwad,Ravi Bishnoi,7427,10638,151,624,349,267,8.4,143.23,70.45
Ruturaj Gaikwad,Harsh Dubey,14100,19794,275,1465,696,526,10.39,140.38,71.98
Shubman Gill,Harsh Dubey,13625,19777,282,1193,676,544,8.76,145.15,70.13
Ruturaj Gaikwad,Nishan Peiris,7125,9668,156,783,303,220,10.99,135.69,61.97
Shubman Gill,Nishan Peiris,7076,9915,174,722,294,264,10.2,140.12,56.98
Ruchit Ahir,Nishan Peiris,2563,3628,142,421,176,133,16.43,141.55,25.55
Ishan Kishan,Nishan Peiris,1176,1952,93,195,121,108,16.58,165.99,20.99
Ishan Kishan,Harsh Dubey,2593,4808,148,288,351,250,11.11,185.42,32.49
Ishan Kishan,Ravi Bishnoi,1073,1951,59,115,128,105,10.72,181.83,33.07
Ishan Kishan,Donovan Ferreira,3180,6996,173,253,514,450,7.96,220.0,40.44
Ruturaj Gaikwad,Donovan Ferreira,4048,8421,92,356,620,468,8.79,208.03,91.53
Ishan Kishan,Prashant Veer,2261,4227,187,355,338,247,15.7,186.95,22.6
Heinrich Klaasen,Prashant Veer,1621,2480,181,397,190,144,24.49,152.99,13.7
Ruturaj Gaikwad,Prashant Veer,2596,4544,128,437,293,268,16.83,175.04,35.5
Sarfaraz Khan,Prashant Veer,1468,2772,167,160,227,148,10.9,188.83,16.6
Heinrich Klaasen,Krunal Pandya,3144,5661,254,558,428,338,17.75,180.06,22.29
Matthew Forde,Krunal Pandya,506,612,172,91,55,32,17.98,120.95,3.56
Akash Deep,Krunal Pandya,459,384,164,107,23,18,23.31,83.66,2.34
Matthew Forde,Donovan Ferreira,217,161,61,71,7,8,32.72,74.19,2.64
Matthew Forde,Prashant Veer,451,479,171,88,41,27,19.51,106.21,2.8
Mohsin Khan,Prashant Veer,388,205,132,125,9,4,32.22,52.84,1.55
Yash Thakur,Prashant Veer,682,647,96,124,9,2,18.18,94.87,6.74
Vidwath Kaverappa,Prashant Veer,514,515,52,79,6,0,15.37,100.19,9.9
Mayank Agarwal,Mohammed Siraj,8918,11230,262,1201,309,201,13.47,125.93,42.86
Mayank Agarwal,Ravi Teja,6262,7458,233,898,177,102,14.34,119.1,32.01
Brian Bennett,Ravi Teja,7505,10043,150,997,291,243,13.28,133.82,66.95
Brian Bennett,Mitchell Santner,8024,14923,267,1420,1033,901,17.7,185.98,55.89
Mayank Agarwal,Mitchell Santner,1070,1896,111,185,149,112,17.29,177.2,17.08
Brian Bennett,Sunil Narine,8191,12933,214,2174,862,757,26.54,157.89,60.43
Mayank Agarwal,Sunil Narine,1156,1485,75,362,76,91,31.31,128.46,19.8
James Rew,Sunil Narine,5528,7216,331,1764,502,370,31.91,130.54,21.8
James Rew,Mitchell Santner,5367,8927,294,1195,627,526,22.27,166.33,30.36
Jitesh Sharma,Mitchell Santner,1640,2586,198,319,209,131,19.45,157.68,13.06
Jitesh Sharma,Liam Livingstone,1866,3308,163,311,243,192,16.67,177.28,20.29
Seekkuge Prasanna,Mitchell Santner,1610,3284,160,240,270,211,14.91,203.98,20.52
Bipin Saurabh,Mitchell Santner,1784,3610,131,208,307,204,11.66,202.35,27.56
Seekkuge Prasanna,Liam Livingstone,1233,2308,118,198,194,132,16.06,187.19,19.56
Bipin Saurabh,Liam Livingstone,1277,2451,96,144,165,148,11.28,191.93,25.53
Bipin Saurabh,Ravi Teja,469,797,47,74,51,48,15.78,169.94,16.96
Seekkuge Prasanna,Ravi Teja,279,471,49,45,44,25,16.13,168.82,9.61
Harpreet Brar,Ravi Teja,168,257,52,18,18,19,10.71,152.98,4.94
Dan Lawrence,Ravi Teja,303,417,32,43,19,19,14.19,137.62,13.03
Dan Lawrence,Prasidh Krishna,357,619,21,25,36,26,7.0,173.39,29.48
Bipin Saurabh,Prasidh Krishna,491,980,40,47,75,55,9.57,199.59,24.5
Vaibhav Suryavanshi,Harpreet Brar,14733,19950,303,1071,513,307,7.27,135.41,65.84
Liam Livingstone,Harpreet Brar,7722,11073,255,717,410,286,9.29,143.4,43.42
Liam Livingstone,Yuzvendra Chahal,6862,10731,162,472,447,331,6.88,156.38,66.24
Vaibhav Suryavanshi,Yuzvendra Chahal,13675,19419,192,784,543,363,5.73,142.0,101.14
Sai Sudharsan,Harpreet Brar,4968,7136,130,485,270,190,9.76,143.64,54.89
Sai Sudharsan,Tanay Thyagarajan,2969,4333,82,456,212,158,15.36,145.94,52.84
Liam Livingstone,Tanay Thyagarajan,6398,8713,164,788,277,212,12.32,136.18,53.13
Sai Sudharsan,Yuzvendra Chahal,5209,8434,101,381,375,301,7.31,161.91,83.5
Liam Livingstone,Seekkuge Prasanna,4044,6360,348,891,462,354,22.03,157.27,18.28
Yashvardhan Dalal,Seekkuge Prasanna,7195,10162,503,2084,711,556,28.96,141.24,20.2
Sai Sudharsan,Seekkuge Prasanna,6961,10034,591,1722,676,545,24.74,144.15,16.98
Yashvardhan Dalal,Hardik Pandya,3827,7075,178,654,521,405,17.09,184.87,39.75
Sai Sudharsan,Hardik Pandya,4390,9136,199,490,656,582,11.16,208.11,45.91
Jos Buttler,Seekkuge Prasanna,4947,6219,535,1721,447,353,34.79,125.71,11.62
Tim Seifert,Arzan Nagwaswalla,10716,14413,268,1155,415,304,10.78,134.5,53.78
Smaran Ravichandra,Arzan Nagwaswalla,11344,14540,281,1675,430,293,14.77,128.17,51.74
Smaran Ravichandra,Praveen Jayawickrama,6728,8055,210,1300,255,155,19.32,119.72,38.36
Tim Seifert,Praveen Jayawickrama,6378,8201,194,903,244,175,14.16,128.58,42.27
Tim Seifert,Jasprit Bumrah,10965,15094,239,1109,481,335,10.11,137.66,63.15
Smaran Ravichandra,Jasprit Bumrah,11390,15147,236,1526,471,325,13.4,132.99,64.18
Rahul Tripathi,Jasprit Bumrah,4255,5882,148,769,258,213,18.07,138.24,39.74
Ankit Kumar,Jasprit Bumrah,1350,1864,146,245,90,94,18.15,138.07,12.77
Rahul Tripathi,Arzan Nagwaswalla,4142,5030,242,870,178,170,21.0,121.44,20.79
Rohit Sharma,Praveen Jayawickrama,722,973,88,157,63,49,21.75,134.76,11.06
Rahul Tripathi,Praveen Jayawickrama,2752,2899,190,741,100,92,26.93,105.34,15.26
Donovan Ferreira,Praveen Jayawickrama,386,544,61,81,39,31,20.98,140.93,8.92
Krunal Pandya,Praveen Jayawickrama,472,645,42,113,36,33,23.94,136.65,15.36
Donovan Ferreira,Rachin Ravindra,2236,3835,372,276,287,230,12.34,171.51,10.31
Krunal Pandya,Rachin Ravindra,2163,3150,240,435,211,158,20.11,145.63,13.12
Donovan Ferreira,Dian Forrester,2178,4888,127,136,393,297,6.24,224.43,38.49
Krunal Pandya,Dian Forrester,2192,4359,78,247,311,242,11.27,198.86,55.88
Prashant Veer,Dian Forrester,1473,2830,45,143,179,153,9.71,192.12,62.89
Prashant Veer,Rachin Ravindra,1485,2189,159,309,137,122,20.81,147.41,13.77
Prashant Veer,Jasprit Bumrah,368,593,31,50,37,28,13.59,161.14,19.13
Ravi Bishnoi,Jasprit Bumrah,193,180,24,47,1,3,24.35,93.26,7.5
Nishan Peiris,Jasprit Bumrah,166,182,11,18,0,0,10.84,109.64,16.55
Harsh Dubey,Jasprit Bumrah,289,182,89,86,7,5,29.76,62.98,2.04
Sdnv Prasad,Nishan Peiris,7683,10268,138,1054,348,235,13.72,133.65,74.41
Deepak Hooda,Nishan Peiris,6237,7372,237,1079,182,118,17.3,118.2,31.11
Sdnv Prasad,Ravi Bishnoi,7911,11090,119,901,390,276,11.39,140.18,93.19
Deepak Hooda,Ravi Bishnoi,6438,8196,198,929,231,164,14.43,127.31,41.39
Sdnv Prasad,Harsh Dubey,7931,10823,134,1010,351,275,12.73,136.46,80.77
Deepak Hooda,Harsh Dubey,6479,7653,220,1094,182,123,16.89,118.12,34.79
Glenn Phillips,Nishan Peiris,1178,1656,80,291,100,79,24.7,140.58,20.7
Abhishek Sharma,Nishan Peiris,502,1022,41,55,86,60,10.96,203.59,24.93
Christopher Britz,Nishan Peiris,3894,4030,112,1467,178,138,37.67,103.49,35.98
Abhishek Sharma,Harsh Dubey,1489,2894,124,132,212,164,8.87,194.36,23.34
Rachin Ravindra,Harsh Dubey,291,500,57,42,40,31,14.43,171.82,8.77
Rachin Ravindra,Nishan Peiris,288,538,43,35,44,32,12.15,186.81,12.51
Rachin Ravindra,Krunal Pandya,1178,2194,134,166,183,126,14.09,186.25,16.37
Lalit Yadav,Krunal Pandya,3038,6250,109,333,508,340,10.96,205.73,57.34
Lalit Yadav,Prashant Veer,1368,2635,73,209,217,146,15.28,192.62,36.1
Rachin Ravindra,Prashant Veer,1102,1915,186,159,179,99,14.43,173.77,10.3
Rachin Ravindra,Donovan Ferreira,596,1050,55,91,73,63,15.27,176.17,19.09
Lalit Yadav,Donovan Ferreira,1457,3005,49,170,211,190,11.67,206.25,61.33
Virat Kohli,Chamika Gunasekara,7594,11195,260,475,375,303,6.25,147.42,43.06
Devdutt Padikkal,Chamika Gunasekara,4756,7708,219,529,402,333,11.12,162.07,35.2
Prabhsimran Singh,Chamika Gunasekara,7847,12102,270,457,472,358,5.82,154.22,44.82
Prabhsimran Singh,Kuldeep Yadav,9740,15561,356,601,690,531,6.17,159.76,43.71
Devdutt Padikkal,Kuldeep Yadav,6375,11172,285,645,620,543,10.12,175.25,39.2
Devdutt Padikkal,Josh Tongue,4725,7186,285,592,372,276,12.53,152.08,25.21
Prabhsimran Singh,Josh Tongue,8104,12069,315,495,491,300,6.11,148.93,38.31
Prabhsimran Singh,Varun Chakravarthy,11485,16955,297,949,569,498,8.26,147.63,57.09
Devdutt Padikkal,Varun Chakravarthy,6196,10051,261,695,526,424,11.22,162.22,38.51
Shreyas Iyer,Josh Tongue,2889,5080,164,344,308,270,11.91,175.84,30.98
Shreyas Iyer,Varun Chakravarthy,3664,6536,139,502,416,352,13.7,178.38,47.02
Shreyas Iyer,Kuldeep Yadav,4115,7283,267,532,465,396,12.93,176.99,27.28
Shreyas Iyer,Chamika Gunasekara,3106,5798,180,337,370,332,10.85,186.67,32.21
Devdutt Padikkal,Dasun Shanaka,3002,7052,111,182,565,441,6.06,234.91,63.53
Shreyas Iyer,Dasun Shanaka,4260,9727,169,281,799,566,6.6,228.33,57.56
Devdutt Padikkal,Sahan Arachchige,3142,5486,309,555,446,305,17.66,174.6,17.75
David Miller,Sahan Arachchige,1172,1974,147,211,133,118,18.0,168.43,13.43
David Miller,Dasun Shanaka,1908,3636,148,258,264,214,13.52,190.57,24.57
David Miller,Josh Tongue,1657,2384,172,386,155,129,23.3,143.87,13.86
David Miller,Chamika Gunasekara,1676,2732,149,332,187,161,19.81,163.01,18.34
Ramandeep Singh,Chamika Gunasekara,557,856,85,71,56,44,12.75,153.68,10.07
Dega Nischal,Raj Limbani,6341,8040,140,290,119,20,4.57,126.79,57.43
Yashasvi Jaiswal,Raj Limbani,6332,8171,131,313,138,47,4.94,129.04,62.37
Dega Nischal,Avinov Choudhary,6344,8096,120,285,132,27,4.49,127.62,67.47
Yashasvi Jaiswal,Avinov Choudhary,6383,8228,115,338,156,42,5.3,128.9,71.55
Ryan Rickelton,Avinov Choudhary,2175,2962,63,122,94,36,5.61,136.18,47.02
Ryan Rickelton,Washington Sundar,7669,17080,307,561,1245,1091,7.32,222.71,55.64
Dega Nischal,Washington Sundar,6712,14191,281,456,1021,824,6.79,211.43,50.5
Sahan Arachchige,Washington Sundar,2114,3525,297,251,262,189,11.87,166.75,11.87
Sahan Arachchige,Isitha Wijesundara,1938,2781,280,358,197,140,18.47,143.5,9.93
Dega Nischal,Isitha Wijesundara,5338,10830,190,558,680,707,10.45,202.88,57.0
Abhimanyu Easwaran,Washington Sundar,4198,8687,203,437,619,547,10.41,206.93,42.79
Abhimanyu Easwaran,Isitha Wijesundara,3804,7377,163,500,544,418,13.14,193.93,45.26
Dega Nischal,Ashwin Das,2819,5272,214,291,342,310,10.32,187.02,24.64
Abhimanyu Easwaran,Ashwin Das,2423,4634,169,297,346,269,12.26,191.25,27.42
Dasun Shanaka,Ashwin Das,819,1418,96,139,97,88,16.97,173.14,14.77
Dasun Shanaka,Raj Limbani,416,657,81,29,42,34,6.97,157.93,8.11
Josh Tongue,Raj Limbani,220,187,75,55,16,5,25.0,85.0,2.49
Kuldeep Yadav,Avinov Choudhary,219,68,76,122,5,5,55.71,31.05,0.89
Varun Chakravarthy,Avinov Choudhary,384,351,55,63,4,0,16.41,91.41,6.38
Devdutt Padikkal,Khaleel Ahmed,1694,2650,46,203,136,95,11.98,156.43,57.61
Prabhsimran Singh,Jason Holder,815,1647,64,61,126,93,7.48,202.09,25.73
Devdutt Padikkal,Sam Curran,1174,2406,74,115,167,150,9.8,204.94,32.51
Washington Sundar,Sam Curran,539,884,42,79,62,41,14.66,164.01,21.05
Will Jacks,Prince Yadav,218,376,17,24,32,15,11.01,172.48,22.12
Theesan Vithushan,Khaleel Ahmed,63,33,26,16,2,0,25.4,52.38,1.27
Bhuvneshwar Kumar,Khaleel Ahmed,176,183,18,26,1,1,14.77,103.98,10.17
Duvindu Tillakaratne,Khaleel Ahmed,114,123,15,5,0,0,4.39,107.89,8.2
Kishan Lyngdoh,Will Jacks,1190,2683,55,90,218,160,7.56,225.46,48.78
Harry Brook,Washington Sundar,7131,15958,374,394,1199,979,5.53,223.78,42.67
Sanju Samson,Will Jacks,3237,6856,94,365,467,445,11.28,211.8,72.94
Ayush Mhatre,Will Jacks,4263,9392,124,395,694,591,9.27,220.31,75.74
Ayush Mhatre,Shubham Agarwal,3599,6416,207,758,463,390,21.06,178.27,31.0
Mridul Surroch,Isitha Wijesundara,4530,9051,167,646,687,540,14.26,199.8,54.2
Mukul Choudhary,Isitha Wijesundara,6165,11841,252,875,839,701,14.19,192.07,46.99
Mridul Surroch,Will Jacks,2754,5604,146,372,432,339,13.51,203.49,38.38
Riyan Parag,Isitha Wijesundara,910,1643,43,154,134,83,16.92,180.55,38.21
Mridul Surroch,Shubham Agarwal,2295,3605,207,534,250,215,23.27,157.08,17.42
Yuvraj Chaudhary,Isitha Wijesundara,908,1463,49,208,122,71,22.91,161.12,29.86
Virat Kohli,Riyan Parag,1566,3283,153,72,237,207,4.6,209.64,21.46
Prabhsimran Singh,Riyan Parag,1710,3411,164,103,237,209,6.02,199.47,20.8
Prabhsimran Singh,Sonal Dinusha,1970,4090,134,172,275,255,8.73,207.61,30.52
Shreyas Iyer,Riyan Parag,2632,4543,200,374,307,247,14.21,172.61,22.71
Devdutt Padikkal,Riyan Parag,2048,3842,214,227,291,218,11.08,187.6,17.95
Washington Sundar,Mridul Surroch,2056,3552,156,304,223,201,14.79,172.76,22.77
Washington Sundar,Mitchell Starc,416,656,44,24,34,21,5.77,157.69,14.91
Devdutt Padikkal,Mitchell Starc,2014,2540,42,129,33,13,6.41,126.12,60.48
Devdutt Padikkal,Adam Zampa,2083,2623,47,113,36,9,5.42,125.92,55.81
Shubham Agarwal,Adam Zampa,301,257,47,90,6,6,29.9,85.38,5.47
Theesan Vithushan,Adam Zampa,226,172,59,72,7,5,31.86,76.11,2.92
Scott Curie,Adam Zampa,481,559,28,44,6,1,9.15,116.22,19.96
Virat Kohli,Jasprit Bumrah,14855,21018,418,1176,690,476,7.92,141.49,50.28
Prabhsimran Singh,Jasprit Bumrah,15310,21930,389,1355,767,549,8.85,143.24,56.38
Prabhsimran Singh,Arzan Nagwaswalla,15342,20849,482,1612,666,469,10.51,135.89,43.26
Virat Kohli,Arzan Nagwaswalla,14687,19743,536,1352,585,423,9.21,134.43,36.83
Devdutt Padikkal,Jasprit Bumrah,7841,11258,307,1293,532,423,16.49,143.58,36.67
Prabhsimran Singh,Jai Moondra,3283,5113,86,156,210,145,4.75,155.74,59.45
Devdutt Padikkal,Jai Moondra,1604,2547,44,150,125,89,9.35,158.79,57.89
Devdutt Padikkal,Arzan Nagwaswalla,7779,10465,457,1335,466,355,17.16,134.53,22.9
Shreyas Iyer,Arzan Nagwaswalla,4473,6813,192,823,373,324,18.4,152.31,35.48
Shreyas Iyer,Jai Moondra,859,1504,34,108,96,74,12.57,175.09,44.24
Shreyas Iyer,Dian Forrester,5919,13285,180,360,925,842,6.08,224.45,73.81
David Miller,Dian Forrester,1492,2793,99,210,215,158,14.08,187.2,28.21
David Miller,Ismat Alam,1522,2385,149,342,166,137,22.47,156.7,16.01
Shreyas Iyer,Ismat Alam,2117,4020,135,301,278,249,14.22,189.89,29.78
Will Jacks,Ismat Alam,1140,1919,100,198,149,98,17.37,168.33,19.19
Will Jacks,Dian Forrester,3700,7606,195,398,566,451,10.76,205.57,39.01
Washington Sundar,Ismat Alam,733,1176,84,118,81,65,16.1,160.44,14.0
Manav Suthar,Ismat Alam,247,189,91,67,15,8,27.13,76.52,2.08
Theesan Vithushan,Ismat Alam,236,145,71,101,8,8,42.8,61.44,2.04
Theesan Vithushan,Dian Forrester,772,476,233,318,23,26,41.19,61.66,2.04
Bhuvneshwar Kumar,Dian Forrester,357,387,44,63,8,10,17.65,108.4,8.8
Duvindu Tillakaratne,Dian Forrester,258,289,28,24,3,2,9.3,112.02,10.32
Duvindu Tillakaratne,Ismat Alam,226,241,15,37,0,3,16.37,106.64,16.07
Duvindu Tillakaratne,Arzan Nagwaswalla,115,104,16,20,0,0,17.39,90.43,6.5
Will Jacks,Arzan Nagwaswalla,656,1135,45,117,90,56,17.84,173.02,25.22
Will Jacks,Jai Moondra,235,422,13,23,26,21,9.79,179.57,32.46
Duvindu Tillakaratne,Jai Moondra,124,153,2,11,3,1,8.87,123.39,76.5
Abhishek Sharma,Duvindu Tillakaratne,2629,4817,40,137,265,212,5.21,183.23,120.42
Deepak Hooda,Duvindu Tillakaratne,2576,3892,62,457,201,155,17.74,151.09,62.77
Abhishek Sharma,Bhuvneshwar Kumar,3361,4862,124,256,171,125,7.62,144.66,39.21
Deepak Hooda,Bhuvneshwar Kumar,3188,3674,148,550,89,60,17.25,115.24,24.82
Abhishek Sharma,Theesan Vithushan,3629,6782,98,94,383,287,2.59,186.88,69.2
Deepak Hooda,Theesan Vithushan,9949,13122,192,909,287,175,9.14,131.89,68.34
Abhishek Sharma,Manav Suthar,3129,5310,86,141,278,183,4.51,169.7,61.74
Deepak Hooda,Manav Suthar,3056,4255,69,485,181,120,15.87,139.23,61.67
Christopher Britz,Manav Suthar,2257,2529,46,880,123,110,38.99,112.05,54.98
Christopher Britz,Duvindu Tillakaratne,2537,2834,48,1091,162,138,43.0,111.71,59.04
Christopher Britz,Bhuvneshwar Kumar,2115,1920,70,904,78,55,42.74,90.78,27.43
Christopher Britz,Washington Sundar,11949,16686,311,4400,1170,941,36.82,139.64,53.65
Abhishek Sharma,Washington Sundar,4239,9780,226,252,779,611,5.94,230.71,43.27
Abhishek Sharma,Will Jacks,1671,3939,77,132,320,258,7.9,235.73,51.16
Glenn Phillips,Will Jacks,3120,6193,119,475,477,370,15.22,198.49,52.04
Glenn Phillips,Washington Sundar,7565,15596,281,969,1115,977,12.81,206.16,55.5
Ruchit Ahir,Kuldeep Yadav,2845,3731,187,567,166,148,19.93,131.14,19.95
Ishan Kishan,Vaisakh Chandran,1105,1867,73,176,128,94,15.93,168.96,25.58
Ishan Kishan,Varun Chakravarthy,3021,5703,208,293,359,337,9.7,188.78,27.42
Shubman Gill,Sahan Arachchige,2861,4881,301,489,332,300,17.09,170.6,16.22
Ishan Kishan,Charith Asalanka,2479,5822,53,93,458,344,3.75,234.85,109.85
Shubman Gill,Charith Asalanka,2197,5224,50,47,384,324,2.14,237.78,104.48
Shubman Gill,Dasun Shanaka,2639,6032,116,118,452,363,4.47,228.57,52.0
Sarfaraz Khan,Kuldeep Yadav,425,727,52,34,40,39,8.0,171.06,13.98
Matthew Forde,Kuldeep Yadav,156,211,47,22,20,8,14.1,135.26,4.49
Matthew Forde,Vaisakh Chandran,129,135,39,24,8,6,18.6,104.65,3.46
Akash Deep,Vaisakh Chandran,135,121,34,41,7,6,30.37,89.63,3.56
Dega Nischal,Yash Thakur,4703,8048,172,290,412,330,6.17,171.12,46.79
Dega Nischal,Vidwath Kaverappa,5438,9034,119,287,410,316,5.28,166.13,75.92
Yashasvi Jaiswal,Vidwath Kaverappa,5566,9702,102,226,450,375,4.06,174.31,95.12
Dhruv Jurel,Mohsin Khan,2041,3757,125,290,273,205,14.21,184.08,30.06
Sahan Arachchige,Akash Deep,528,878,123,55,65,57,10.42,166.29,7.14
Dasun Shanaka,Yash Thakur,674,1099,84,78,74,56,11.57,163.06,13.08
Varun Chakravarthy,Matthew Forde,270,245,35,55,1,0,20.37,90.74,7.0
Varun Chakravarthy,Vidwath Kaverappa,355,366,40,52,4,4,14.65,103.1,9.15
Varun Chakravarthy,Akash Deep,311,313,47,44,4,3,14.15,100.64,6.66
Vaisakh Chandran,Vidwath Kaverappa,245,219,26,53,1,0,21.63,89.39,8.42
James Rew,Gangam Anikethreddy,5032,6316,274,1268,295,261,25.2,125.52,23.05
Jitesh Sharma,Prince Yadav,1252,1553,132,304,76,72,24.28,124.04,11.77
Jitesh Sharma,Gangam Anikethreddy,1488,1889,160,407,114,92,27.35,126.95,11.81
Jitesh Sharma,Shiran Fernando,1175,1681,157,177,86,86,15.06,143.06,10.71
Hardik Pandya,Prince Yadav,1386,2571,87,190,172,152,13.71,185.5,29.55
Bipin Saurabh,Prince Yadav,693,1036,59,138,60,57,19.91,149.49,17.56
Bipin Saurabh,Rashid Khan,820,1275,55,132,76,62,16.1,155.49,23.18
Seekkuge Prasanna,Rashid Khan,626,1053,73,116,74,63,18.53,168.21,14.42
Seekkuge Prasanna,Shiran Fernando,552,1011,85,78,68,73,14.13,183.15,11.89
Seekkuge Prasanna,Calvin Harrison,822,1648,85,106,129,106,12.9,200.49,19.39
Harpreet Brar,Calvin Harrison,492,806,93,62,61,46,12.6,163.82,8.67
Tanay Thyagarajan,Rashid Khan,211,240,15,27,3,2,12.8,113.74,16.0
Nishant Sindhu,Yuzvendra Chahal,5192,7617,129,445,258,202,8.57,146.71,59.05
Virat Singh,Tanay Thyagarajan,2962,4231,95,482,173,160,16.27,142.84,44.54
Harry Brook,Yuzvendra Chahal,2914,4134,92,208,121,101,7.14,141.87,44.93
Harry Brook,Harpreet Brar,2815,3770,112,276,120,79,9.8,133.93,33.66
Harry Brook,Tanay Thyagarajan,1006,1310,70,242,61,61,24.06,130.22,18.71
Shivam Dube,Yuzvendra Chahal,785,1338,56,85,80,65,10.83,170.45,23.89
Tilak Varma,Harpreet Brar,930,1485,64,102,89,57,10.97,159.68,23.2
Shivam Dube,Harpreet Brar,653,1027,66,71,57,50,10.87,157.27,15.56
Tilak Varma,Tanay Thyagarajan,507,798,22,85,47,36,16.77,157.4,36.27
Shivam Dube,Tanay Thyagarajan,532,893,41,97,58,52,18.23,167.86,21.78
Tilak Varma,Seekkuge Prasanna,4828,6620,369,1146,408,317,23.74,137.12,17.94
Tilak Varma,Hardik Pandya,2399,4208,99,416,269,240,17.34,175.41,42.51
Shubman Gill,Lasith Embuldeniya,13144,17799,257,1863,603,490,14.17,135.42,69.26
Ruturaj Gaikwad,Lasith Embuldeniya,13546,17926,242,2007,657,444,14.82,132.33,74.07
Shubman Gill,Binura Fernando,11429,16117,281,1030,500,404,9.01,141.02,57.36
Ruturaj Gaikwad,Binura Fernando,9453,12566,245,1026,390,269,10.85,132.93,51.29
Shubman Gill,Akeal Hosein,13420,19988,287,1280,807,587,9.54,148.94,69.64
Ruturaj Gaikwad,Akeal Hosein,13918,19331,250,1658,699,509,11.91,138.89,77.32
Karan Lal,Lasith Embuldeniya,2425,3842,97,347,195,166,14.31,158.43,39.61
Karan Lal,Akeal Hosein,2329,4050,108,176,224,172,7.56,173.89,37.5
Karan Lal,Binura Fernando,2384,3891,117,222,203,155,9.31,163.21,33.26
Karan Lal,Axar Patel,1472,3361,117,74,275,208,5.03,228.33,28.73
Ruturaj Gaikwad,Axar Patel,2352,4747,83,239,337,274,10.16,201.83,57.19
Ishan Kishan,Axar Patel,1982,4529,100,135,346,297,6.81,228.51,45.29
Ruturaj Gaikwad,Mitchell Marsh,3112,6028,162,452,447,359,14.52,193.7,37.21
Ishan Kishan,Mitchell Marsh,2954,6018,197,339,407,395,11.48,203.72,30.55
Ishan Kishan,Akeal Hosein,2915,5415,114,405,353,309,13.89,185.76,47.5
Ishan Kishan,Lasith Embuldeniya,3163,5049,128,669,314,274,21.15,159.63,39.45
Mitchell Marsh,Shivam Mavi,6650,10510,110,515,457,336,7.74,158.05,95.55
Luhan dre pretorious,Shivam Mavi,5401,7194,159,635,239,170,11.76,133.2,45.25
Rishabh Pant,Shivam Mavi,2413,2971,182,471,120,102,19.52,123.12,16.32
Mitchell Marsh,Maheesh Theekshana,7058,12033,124,513,605,461,7.27,170.49,97.04
Rishabh Pant,Maheesh Theekshana,2535,3377,134,558,179,133,22.01,133.21,25.2
Mitchell Marsh,Ottneil Baartman,6579,10779,204,428,443,413,6.51,163.84,52.84
Rishabh Pant,Ottneil Baartman,2461,2923,271,453,100,104,18.41,118.77,10.79
Kartik Sharma,Shivam Mavi,2740,4966,75,414,324,278,15.11,181.24,66.21
Kartik Sharma,Maheesh Theekshana,3235,6115,60,528,401,360,16.32,189.03,101.92
Kartik Sharma,Ottneil Baartman,2901,5211,119,461,299,317,15.89,179.63,43.79
Mitchell Marsh,Mohsin Khan,6325,9269,176,611,346,291,9.66,146.55,52.66
Kartik Sharma,Mohsin Khan,6236,11323,208,923,752,608,14.8,181.57,54.44
Rinku Singh,Mohsin Khan,2143,3835,165,359,261,238,16.75,178.95,23.24
Yashasvi Jaiswal,Craig Overton,864,1823,38,82,136,113,9.49,211.0,47.97
Yashasvi Jaiswal,Mridul Surroch,5268,11694,193,332,817,740,6.3,221.98,60.59
Dhruv Jurel,Craig Overton,892,1588,50,163,131,84,18.27,178.03,31.76
Suryakumar Yadav,Mridul Surroch,2750,5698,112,285,407,337,10.36,207.2,50.88
Suryakumar Yadav,Craig Overton,885,1549,59,156,128,74,17.63,175.03,26.25
Charith Asalanka,Craig Overton,521,768,48,125,44,47,23.99,147.41,16.0
Charith Asalanka,Mohamed Shiraz,122,179,13,28,10,10,22.95,146.72,13.77
Dasun Shanaka,Mohamed Shiraz,93,162,8,7,7,10,7.53,174.19,20.25
Duan Jansen,Mohamed Shiraz,54,53,17,12,6,1,22.22,98.15,3.12
Dasun Shanaka,Umesh Yadav,133,231,9,18,18,11,13.53,173.68,25.67
Josh Tongue,Umesh Yadav,45,31,14,11,0,1,24.44,68.89,2.21
Vasuki Koushik,Umesh Yadav,100,110,13,15,4,1,15.0,110.0,8.46
Chamika Gunasekara,Umesh Yadav,121,129,5,16,0,0,13.22,106.61,25.8
Sairaj Patil,Vasuki Koushik,436,558,46,96,33,24,22.02,127.98,12.13
Mridul Surroch,Chamika Gunasekara,2165,3799,190,262,243,209,12.1,175.47,19.99
Mridul Surroch,Duan Jansen,800,1224,61,163,72,68,20.38,153.0,20.07
Yuvraj Chaudhary,Vasuki Koushik,454,478,29,149,22,17,32.82,105.29,16.48
Craig Overton,Vasuki Koushik,237,217,47,103,18,10,43.46,91.56,4.62
Mridul Surroch,Charith Asalanka,2780,6138,69,231,458,370,8.31,220.79,88.96
Umesh Yadav,Charith Asalanka,320,369,13,30,1,2,9.38,115.31,28.38
Mridul Surroch,Dasun Shanaka,4015,9027,219,303,726,545,7.55,224.83,41.22
Venkatesh Iyer,Riyan Parag,2342,4377,186,321,296,267,13.71,186.89,23.53
David Warner,Akash Vasisht,2841,5357,153,445,357,330,15.66,188.56,35.01
Kartik Sharma,Akash Vasisht,6894,13826,259,911,964,858,13.21,200.55,53.38
Akeal Hosein,Mridul Surroch,487,395,159,129,17,21,26.49,81.11,2.48
Dushan Hemantha,Mridul Surroch,314,280,79,77,11,10,24.52,89.17,3.54
Mohammed Shami,Adam Zampa,424,474,30,46,5,1,10.85,111.79,15.8
Matt Short,Mitchell Starc,542,814,34,55,31,29,10.15,150.18,23.94
Mohammed Shami,Mitchell Starc,404,461,39,29,6,2,7.18,114.11,11.82
Mridul Surroch,Lasith Embuldeniya,3183,4333,101,965,280,207,30.32,136.13,42.9
Riyan Parag,Lasith Embuldeniya,916,1105,42,294,76,47,32.1,120.63,26.31
Abhishek Sharma,Anshul Kamboj,4467,6263,148,264,187,116,5.91,140.21,42.32
Deepak Hooda,Anshul Kamboj,3278,3929,82,238,29,5,7.26,119.86,47.91
Deepak Hooda,Sonny Baker,3292,3972,101,236,37,7,7.17,120.66,39.33
Abhishek Sharma,Sonny Baker,3589,4594,73,165,74,12,4.6,128.0,62.93
Glenn Phillips,Sonny Baker,402,636,9,28,24,21,6.97,158.21,70.67
Christopher Britz,Sonny Baker,1473,1858,41,151,46,17,10.25,126.14,45.32
Glenn Phillips,Anshul Kamboj,3010,4574,131,368,212,172,12.23,151.96,34.92
Christopher Britz,Kranthi Kumar,1835,1408,106,1048,90,76,57.11,76.73,13.28
Glenn Phillips,Nitish Kumar Reddy,965,1791,60,159,121,112,16.48,185.6,29.85
Lalit Yadav,Nitish Kumar Reddy,973,1977,40,111,133,127,11.41,203.19,49.42
Glenn Phillips,Kranthi Kumar,1066,1349,123,317,98,66,29.74,126.55,10.97
Sdnv Prasad,Kranthi Kumar,884,1366,53,216,102,69,24.43,154.52,25.77
Ismat Alam,Kranthi Kumar,254,237,64,86,17,13,33.86,93.31,3.7
Lalit Yadav,Cameron Green,948,2038,37,84,150,131,8.86,214.98,55.08
Lalit Yadav,Kranthi Kumar,1149,1727,100,255,123,93,22.19,150.3,17.27
Dian Forrester,Nitish Kumar Reddy,298,555,14,45,32,36,15.1,186.24,39.64
Dian Forrester,Kranthi Kumar,433,515,26,140,28,24,32.33,118.94,19.81
Dian Forrester,Cameron Green,266,389,14,44,21,18,16.54,146.24,27.79
Dian Forrester,Corbin Bosch,341,485,30,66,23,27,19.35,142.23,16.17
Lalit Yadav,Corbin Bosch,1043,1970,59,157,141,123,15.05,188.88,33.39
Jai Moondra,Corbin Bosch,88,47,36,24,4,1,27.27,53.41,1.31
Jai Moondra,Nitish Kumar Reddy,70,74,23,14,2,6,20.0,105.71,3.22
Dian Forrester,Ashok Sharma,425,650,30,71,37,30,16.71,152.94,21.67
Jasprit Bumrah,Ashok Sharma,164,152,27,32,5,1,19.51,92.68,5.63
Jasprit Bumrah,Corbin Bosch,129,149,21,19,4,4,14.73,115.5,7.1
Dian Forrester,Sonny Baker,392,578,34,59,30,25,15.05,147.45,17.0
Jasprit Bumrah,Sonny Baker,229,264,26,27,6,3,11.79,115.28,10.15
Jasprit Bumrah,Anshul Kamboj,461,460,61,76,3,6,16.49,99.78,7.54
Dian Forrester,Anshul Kamboj,352,571,14,37,30,23,10.51,162.22,40.79
Smaran Ravichandra,Jai Moondra,3785,5414,55,395,177,152,10.44,143.04,98.44
Tim Seifert,Jai Moondra,3671,5584,73,259,224,145,7.06,152.11,76.49
Tim Seifert,Dian Forrester,4059,9587,136,126,751,577,3.1,236.19,70.49
Ankit Kumar,Dian Forrester,3153,6978,214,145,510,427,4.6,221.31,32.61
Tim Seifert,Ismat Alam,1384,2708,85,181,198,163,13.08,195.66,31.86
Ankit Kumar,Ismat Alam,1101,1886,129,152,156,95,13.81,171.3,14.62
Ayush Mhatre,Shiran Fernando,14371,21341,387,1037,748,581,7.22,148.5,55.14
Sanju Samson,Shiran Fernando,13933,20465,401,1018,716,552,7.31,146.88,51.03
Mukul Choudhary,Shiran Fernando,5635,9278,358,447,489,385,7.93,164.65,25.92
Sanju Samson,Prince Yadav,6496,9982,161,519,372,327,7.99,153.66,62.0
Mukul Choudhary,Prince Yadav,4495,7641,143,511,416,354,11.37,169.99,53.43
Sanju Samson,Gangam Anikethreddy,11408,17140,310,1384,738,607,12.13,150.25,55.29
Mukul Choudhary,Gangam Anikethreddy,5828,8977,270,1020,499,414,17.5,154.03,33.25
Mukul Choudhary,Rashid Khan,7546,12653,326,859,659,594,11.38,167.68,38.81
Sanju Samson,Rashid Khan,12854,19001,297,1231,700,577,9.58,147.82,63.98
Mridul Surroch,Gangam Anikethreddy,3487,5822,209,614,351,327,17.61,166.96,27.86
Mridul Surroch,Rashid Khan,3536,6441,172,531,409,371,15.02,182.15,37.45
Mridul Surroch,Shiran Fernando,2633,4487,229,296,300,213,11.24,170.41,19.59
Mridul Surroch,Prince Yadav,2007,3626,124,277,239,199,13.8,180.67,29.24
Mridul Surroch,Calvin Harrison,1236,2664,99,131,239,153,10.6,215.53,26.91
Karan Shinde,Calvin Harrison,1257,2511,94,132,194,143,10.5,199.76,26.71
Yuvraj Chaudhary,Calvin Harrison,852,1497,62,138,110,79,16.2,175.7,24.15
Akash Vasisht,Calvin Harrison,763,1417,36,93,83,81,12.19,185.71,39.36
Beau Webster,Calvin Harrison,1260,2222,91,333,198,125,26.43,176.35,24.42
Akash Vasisht,Shiran Fernando,594,1042,55,53,64,51,8.92,175.42,18.95
Beau Webster,Shiran Fernando,998,1104,109,465,72,75,46.59,110.62,10.13
Akash Vasisht,Prince Yadav,359,679,24,43,55,36,11.98,189.14,28.29
Beau Webster,Prince Yadav,1110,1293,83,519,101,77,46.76,116.49,15.58
KL Rahul,Lungi Ngidi,7757,11321,143,640,380,309,8.25,145.95,79.17
Nishant Sindhu,Lungi Ngidi,7054,9208,190,920,294,172,13.04,130.54,48.46
Nishant Sindhu,Rahul Chahar,6304,10003,152,366,415,319,5.81,158.68,65.81
KL Rahul,Rahul Chahar,7287,12468,120,271,522,471,3.72,171.1,103.9
KL Rahul,Mukesh Kumar,7849,12894,108,333,573,388,4.24,164.28,119.39
Nishant Sindhu,Mukesh Kumar,6806,9965,181,519,341,263,7.63,146.41,55.06
Virat Singh,Mukesh Kumar,2749,4984,89,180,261,235,6.55,181.3,56.0
Virat Singh,Lungi Ngidi,2622,4158,85,329,193,185,12.55,158.58,48.92
Virat Singh,Rahul Chahar,2924,5765,86,141,338,302,4.82,197.16,67.03
Virat Singh,Beau Webster,2242,4990,143,156,357,331,6.96,222.57,34.9
Harry Brook,Beau Webster,2036,4434,149,138,327,288,6.78,217.78,29.76
KL Rahul,Beau Webster,2423,5777,100,65,427,371,2.68,238.42,57.77
Harry Brook,Akash Vasisht,4342,8993,388,278,636,554,6.4,207.12,23.18
KL Rahul,Akash Vasisht,5021,11547,256,175,815,740,3.49,229.97,45.11
KL Rahul,Mridul Surroch,6538,15423,261,203,1133,984,3.1,235.9,59.09
Harry Brook,Mridul Surroch,5169,10797,400,376,792,652,7.27,208.88,26.99
Shivam Dube,Beau Webster,1700,3434,139,185,267,208,10.88,202.0,24.71
Shivam Dube,Mridul Surroch,3828,7562,334,414,546,474,10.82,197.54,22.64
Shivam Dube,Rahul Chahar,483,961,31,38,78,48,7.87,198.96,31.0
Sanju Samson,Sahan Arachchige,2500,4261,256,421,326,238,16.84,170.44,16.64
Mukul Choudhary,Sahan Arachchige,3134,5264,345,583,409,304,18.6,167.96,15.26
Ayush Mhatre,Sahan Arachchige,3043,5937,230,516,465,372,16.96,195.1,25.81
Mukul Choudhary,Dasun Shanaka,2989,6872,173,216,556,436,7.23,229.91,39.72
Mridul Surroch,Sahan Arachchige,3911,6516,429,788,498,384,20.15,166.61,15.19
Ayush Mhatre,Charith Asalanka,2427,5858,61,53,463,354,2.18,241.37,96.03
Riyan Parag,Charith Asalanka,1439,2844,46,201,212,169,13.97,197.64,61.83
Riyan Parag,Sahan Arachchige,1919,2526,307,462,175,138,24.08,131.63,8.23
Riyan Parag,Dasun Shanaka,1494,2992,97,178,255,166,11.91,200.27,30.85
Karan Shinde,Dasun Shanaka,3274,6704,152,349,522,379,10.66,204.76,44.11
Karan Shinde,Varun Chakravarthy,1229,2034,65,208,137,105,16.92,165.5,31.29
Karan Shinde,Kuldeep Yadav,1491,2404,137,213,168,118,14.29,161.23,17.55
Abhimanyu Easwaran,Mridul Surroch,3800,7046,285,488,501,410,12.84,185.42,24.72
Yashasvi Jaiswal,Sonal Dinusha,2071,3999,160,227,288,237,10.96,193.1,24.99
Sahan Arachchige,Sonal Dinusha,850,1042,202,133,72,47,15.65,122.59,5.16
Yashasvi Jaiswal,Riyan Parag,2059,3892,205,215,275,234,10.44,189.02,18.99
Sahan Arachchige,Riyan Parag,915,1103,222,147,63,60,16.07,120.55,4.97
Yashasvi Jaiswal,Akash Vasisht,4241,8797,270,298,634,504,7.03,207.43,32.58
Charith Asalanka,Akash Vasisht,1116,1235,138,327,60,60,29.3,110.66,8.95
Sahan Arachchige,Akash Vasisht,1747,2614,368,250,168,161,14.31,149.63,7.1
Kuldeep Yadav,Mridul Surroch,701,258,209,364,16,8,51.93,36.8,1.23
Dasun Shanaka,Riyan Parag,1180,1759,161,178,102,86,15.08,149.07,10.93
Kuldeep Yadav,Riyan Parag,466,189,177,212,18,6,45.49,40.56,1.07
Varun Chakravarthy,Riyan Parag,714,656,112,130,8,7,18.21,91.88,5.86
Vaisakh Chandran,Riyan Parag,542,492,48,130,6,2,23.99,90.77,10.25
Dasun Shanaka,Akash Vasisht,1813,2899,199,256,195,142,14.12,159.9,14.57
Vaisakh Chandran,Sonal Dinusha,570,551,61,116,7,5,20.35,96.67,9.03
Dasun Shanaka,Sonal Dinusha,1215,1821,131,136,104,72,11.19,149.88,13.9
Christopher Britz,Rashid Khan,13360,14766,248,4203,566,430,31.46,110.52,59.54
Glenn Phillips,Rashid Khan,4998,7876,247,883,469,373,17.67,157.58,31.89
Abhishek Sharma,Rashid Khan,5248,9128,207,346,467,401,6.59,173.93,44.1
Rachin Ravindra,Rashid Khan,323,640,50,45,58,39,13.93,198.14,12.8
Lalit Yadav,Rashid Khan,1582,3055,83,182,227,169,11.5,193.11,36.81
Lalit Yadav,Shiran Fernando,1011,1913,65,88,131,106,8.7,189.22,29.43
KL Rahul,Rachin Ravindra,2734,6083,178,126,422,395,4.61,222.49,34.17
KL Rahul,Dian Forrester,4525,11017,117,99,783,719,2.19,243.47,94.16
David Warner,Maheesh Theekshana,4028,5378,36,193,87,40,4.79,133.52,149.39
Venkatesh Iyer,Maheesh Theekshana,3858,5005,26,208,86,24,5.39,129.73,192.5
Venkatesh Iyer,Gurinder Singh,3880,4966,44,249,82,31,6.42,127.99,112.86
David Warner,Gurinder Singh,4039,5359,46,219,117,37,5.42,132.68,116.5
David Warner,Joel Davies,1674,2939,58,341,186,178,20.37,175.57,50.67
Venkatesh Iyer,Joel Davies,1594,2728,71,309,186,155,19.39,171.14,38.42
Venkatesh Iyer,Nimesh Vimukthi,1423,2810,56,192,199,170,13.49,197.47,50.18
David Warner,Nimesh Vimukthi,1545,3143,49,214,230,194,13.85,203.43,64.14
Venkatesh Iyer,Sai Kishore,1458,3509,54,39,254,228,2.67,240.67,64.98
Mitchell Marsh,Sai Kishore,1227,2894,37,46,225,176,3.75,235.86,78.22
David Warner,Sai Kishore,1576,3684,35,69,247,240,4.38,233.76,105.26
Shubham Dubey,Sai Kishore,876,1479,39,216,109,85,24.66,168.84,37.92
Shubham Dubey,Gurinder Singh,261,433,23,35,28,18,13.41,165.9,18.83
Matt Short,Gurinder Singh,290,585,29,29,48,33,10.0,201.72,20.17
Matt Short,Maheesh Theekshana,286,603,20,29,50,37,10.14,210.84,30.15
Joel Davies,Binura Fernando,3285,4284,120,322,112,83,9.8,130.41,35.7
Joel Davies,Ashish Singh,3088,4055,95,326,106,85,10.56,131.31,42.68
Shubman Gill,Ashish Singh,3452,4944,80,336,168,133,9.73,143.22,61.8
Ruturaj Gaikwad,Ashish Singh,1694,2317,60,324,100,94,19.13,136.78,38.62
Joel Davies,Mohammed Shami,3153,4206,86,283,111,83,8.98,133.4,48.91
Ruturaj Gaikwad,Mohammed Shami,8555,12680,218,801,463,400,9.36,148.22,58.17
Ruturaj Gaikwad,Auqib Nabi,1245,2260,71,208,157,134,16.71,181.53,31.83
Joel Davies,Auqib Nabi,606,1163,41,94,84,73,15.51,191.91,28.37
Ishan Kishan,Mohammed Shami,2102,4029,130,159,256,216,7.56,191.67,30.99
Joel Davies,Mitchell Marsh,590,861,59,109,51,45,18.47,145.93,14.59
Heinrich Klaasen,Auqib Nabi,670,1157,75,120,88,69,17.91,172.69,15.43
Marcus Stoinis,Auqib Nabi,708,1111,84,146,68,70,20.62,156.92,13.23
Ishan Kishan,Auqib Nabi,1134,2542,84,73,186,167,6.44,224.16,30.26
Gurinder Singh,Mitchell Marsh,222,161,86,65,14,6,29.28,72.52,1.87
Sai Kishore,Mitchell Marsh,421,475,82,135,34,26,32.07,112.83,5.79
Marcus Stoinis,Mitchell Marsh,1817,2924,187,372,224,156,20.47,160.92,15.64
Marcus Stoinis,Mohammed Shami,230,364,15,50,19,22,21.74,158.26,24.27
Sai Kishore,Mohammed Shami,84,99,15,19,4,5,22.62,117.86,6.6
Nimesh Vimukthi,Mitchell Marsh,411,415,26,90,9,2,21.9,100.97,15.96
Maheesh Theekshana,Mitchell Marsh,266,167,69,82,2,3,30.83,62.78,2.42
Abhishek Sharma,Nathan Ellis,2505,3657,83,210,115,104,8.38,145.99,44.06
Deepak Hooda,Nathan Ellis,2241,2643,110,392,63,52,17.49,117.94,24.03
Deepak Hooda,Arshdeep Singh,2395,2874,99,369,82,36,15.41,120.0,29.03
Abhishek Sharma,Arshdeep Singh,2566,3927,71,126,142,113,4.91,153.04,55.31
Abhishek Sharma,Tripuresh Singh,2507,3179,137,296,90,68,11.81,126.8,23.2
Deepak Hooda,Tripuresh Singh,2357,2505,120,472,41,24,20.03,106.28,20.88
Christopher Britz,Tripuresh Singh,2548,1987,80,1250,76,64,49.06,77.98,24.84
Christopher Britz,Arshdeep Singh,2482,2502,49,1041,134,87,41.94,100.81,51.06
Christopher Britz,Lance Morris,2646,2405,62,1223,119,88,46.22,90.89,38.79
Deepak Hooda,Lance Morris,2258,2626,94,410,69,45,18.16,116.3,27.94
Christopher Britz,Nathan Ellis,2504,2356,71,1142,103,97,45.61,94.09,33.18
Glenn Phillips,Lance Morris,1243,1840,48,326,123,94,26.23,148.03,38.33
Glenn Phillips,Nathan Ellis,1250,1771,76,348,105,100,27.84,141.68,23.3
Glenn Phillips,Hardik Pandya,5061,9865,183,817,709,605,16.14,194.92,53.91
Christopher Britz,Hardik Pandya,6191,9027,170,2182,683,500,35.24,145.81,53.1
Lalit Yadav,Nathan Ellis,701,1200,49,105,95,59,14.98,171.18,24.49
Lalit Yadav,Arshdeep Singh,717,1438,33,95,100,92,13.25,200.56,43.58
Mayank Agarwal,Jai Moondra,3176,4252,96,343,127,90,10.8,133.88,44.29
Brian Bennett,Jai Moondra,3506,4955,54,399,162,131,11.38,141.33,91.76
Mayank Agarwal,Arzan Nagwaswalla,8253,9732,382,1272,268,148,15.41,117.92,25.48
Mayank Agarwal,Jasprit Bumrah,8382,10274,295,1108,233,184,13.22,122.57,34.83
Kangabam Priyojit Singh,Jai Moondra,1323,2505,50,66,138,128,4.99,189.34,50.1
Kangabam Priyojit Singh,Ismat Alam,1731,3417,126,167,260,190,9.65,197.4,27.12
Mayank Agarwal,Ismat Alam,730,1009,71,170,57,54,23.29,138.22,14.21
Mayank Agarwal,Dian Forrester,725,1153,34,149,74,63,20.55,159.03,33.91
James Rew,Dian Forrester,3725,7434,153,506,513,473,13.58,199.57,48.59
Nishant Sindhu,Liam Livingstone,927,2171,46,44,149,153,4.75,234.2,47.2
Yashvardhan Dalal,Prince Yadav,1733,2960,57,330,191,167,19.04,170.8,51.93
Yashvardhan Dalal,Calvin Harrison,1562,3264,68,200,267,189,12.8,208.96,48.0
Sai Sudharsan,Calvin Harrison,1146,2464,79,112,185,158,9.77,215.01,31.19
Shubman Gill,Lungi Ngidi,8110,11399,156,874,373,291,10.78,140.55,73.07
Karan Lal,Lungi Ngidi,2150,3464,101,203,171,137,9.44,161.12,34.3
Ruturaj Gaikwad,Lungi Ngidi,8063,11085,139,843,349,251,10.46,137.48,79.75
Ruturaj Gaikwad,Rahul Chahar,7622,12516,116,465,586,412,6.1,164.21,107.9
Karan Lal,Rahul Chahar,2263,4587,92,64,278,243,2.83,202.7,49.86
Ruturaj Gaikwad,Mukesh Kumar,8074,12151,132,585,450,337,7.25,150.5,92.05
Karan Lal,Mukesh Kumar,2179,4085,89,111,224,195,5.09,187.47,45.9
Ishan Kishan,Rahul Chahar,1114,2469,49,53,177,150,4.76,221.63,50.39
Ishan Kishan,Mukesh Kumar,985,1989,50,72,133,113,7.31,201.93,39.78
Heinrich Klaasen,Rahul Chahar,479,900,25,69,69,50,14.41,187.89,36.0
Heinrich Klaasen,Lungi Ngidi,402,645,42,93,47,41,23.13,160.45,15.36
Heinrich Klaasen,Mukesh Kumar,383,736,31,63,53,49,16.45,192.17,23.74
Marcus Stoinis,Mukesh Kumar,305,508,20,50,30,28,16.39,166.56,25.4
Marcus Stoinis,Akash Vasisht,1287,2401,130,173,215,118,13.44,186.56,18.47
Ruturaj Gaikwad,Akash Vasisht,5759,11745,255,503,783,720,8.73,203.94,46.06
Shivam Mavi,Akash Vasisht,372,331,137,89,25,18,23.92,88.98,2.42
Marcus Stoinis,Mridul Surroch,1749,3171,168,246,256,174,14.07,181.3,18.88
Maheesh Theekshana,Akash Vasisht,238,144,76,79,4,6,33.19,60.5,1.89
Ottneil Baartman,Akash Vasisht,370,398,38,59,11,5,15.95,107.57,10.47
Ottneil Baartman,Mridul Surroch,315,316,41,60,5,4,19.05,100.32,7.71
Dunith Wellalage,Beau Webster,879,1289,47,181,78,62,20.59,146.64,27.43
Ottneil Baartman,Beau Webster,363,332,53,71,7,3,19.56,91.46,6.26
Dunith Wellalage,Akash Vasisht,911,1188,62,234,76,50,25.69,130.41,19.16
Mohsin Khan,Mridul Surroch,665,507,160,178,18,6,26.77,76.24,3.17
Mohsin Khan,Akash Vasisht,665,457,157,197,12,7,29.62,68.72,2.91
Dunith Wellalage,Mukesh Kumar,283,437,12,38,24,16,13.43,154.42,36.42
Mohsin Khan,Mukesh Kumar,150,161,9,16,2,0,10.67,107.33,17.89
Mohsin Khan,Lungi Ngidi,102,103,9,9,0,0,8.82,100.98,11.44
Dunith Wellalage,Lungi Ngidi,403,613,17,73,39,25,18.11,152.11,36.06
Sanju Samson,Maheesh Theekshana,6267,10768,127,413,519,458,6.59,171.82,84.79
Ayush Mhatre,Mohsin Khan,13409,22528,329,1012,1055,890,7.55,168.01,68.47
Sanju Samson,Mohsin Khan,11922,18975,321,1001,881,673,8.4,159.16,59.11
Sanju Samson,Shivam Mavi,6565,10341,141,538,452,357,8.19,157.52,73.34
Ayush Mhatre,Shivam Mavi,7127,11732,114,525,571,399,7.37,164.61,102.91
Ayush Mhatre,Ottneil Baartman,7102,12053,209,404,580,447,5.69,169.71,57.67
Sanju Samson,Ottneil Baartman,6407,10214,237,384,450,345,5.99,159.42,43.1
Mukul Choudhary,Shivam Mavi,2942,5136,105,322,260,262,10.94,174.58,48.91
Mridul Surroch,Shivam Mavi,1782,3301,76,281,201,207,15.77,185.24,43.43
Beau Webster,Mohsin Khan,1154,1246,109,591,92,88,51.21,107.97,11.43
Karan Shinde,Mohsin Khan,1878,3269,150,261,228,176,13.9,174.07,21.79
Karan Shinde,Maheesh Theekshana,790,1395,23,136,90,79,17.22,176.58,60.65
Karan Shinde,Shivam Mavi,710,1264,26,106,82,70,14.93,178.03,48.62
Mridul Surroch,Ottneil Baartman,1740,2995,145,223,183,165,12.82,172.13,20.66
Karan Shinde,Ottneil Baartman,760,1390,61,125,94,89,16.45,182.89,22.79
Mridul Surroch,Mohsin Khan,3937,7412,223,570,543,426,14.48,188.27,33.24
Yuvraj Chaudhary,Maheesh Theekshana,693,1209,23,117,66,76,16.88,174.46,52.57
Yuvraj Chaudhary,Ottneil Baartman,392,554,67,78,39,30,19.9,141.33,8.27
Akash Vasisht,Ottneil Baartman,317,588,37,32,40,37,10.09,185.49,15.89
Christopher Britz,Tanay Thyagarajan,8056,8896,120,2160,287,179,26.81,110.43,74.13
Karun Nair,Tanay Thyagarajan,5811,6906,170,903,159,102,15.54,118.84,40.62
Karun Nair,Yuzvendra Chahal,5908,7438,169,863,216,150,14.61,125.9,44.01
Karun Nair,Harpreet Brar,6431,7769,214,825,177,97,12.83,120.81,36.3
Karun Nair,Hardik Pandya,1700,2588,114,428,168,151,25.18,152.24,22.7
Karun Nair,Seekkuge Prasanna,1728,2036,172,575,129,108,33.28,117.82,11.84
Abhishek Sharma,Hardik Pandya,2796,6121,180,235,481,385,8.4,218.92,34.01
Raj Angad Bawa,Seekkuge Prasanna,1871,2338,284,576,177,125,30.79,124.96,8.23
Raj Angad Bawa,Harpreet Brar,390,497,69,110,37,28,28.21,127.44,7.2
Lalit Yadav,Harpreet Brar,1458,2874,122,133,213,156,9.12,197.12,23.56
Brian Bennett,Athisayaraj Davidson,6917,9647,131,930,377,267,13.45,139.47,73.64
Mayank Agarwal,Athisayaraj Davidson,5324,6837,169,761,193,159,14.29,128.42,40.46
Mayank Agarwal,Noor Ahmad,4632,6117,123,759,212,171,16.39,132.06,49.73
Brian Bennett,Noor Ahmad,6282,10130,99,689,492,391,10.97,161.25,102.32
Mayank Agarwal,Raj Angad Bawa,392,691,24,63,66,28,16.07,176.28,28.79
Brian Bennett,Raj Angad Bawa,1475,3038,48,169,217,185,11.46,205.97,63.29
Brian Bennett,Atit Sheth,1452,2992,96,161,227,178,11.09,206.06,31.17
James Rew,Atit Sheth,913,1703,124,95,119,109,10.41,186.53,13.73
Mayank Agarwal,Atit Sheth,369,588,68,54,43,34,14.63,159.35,8.65
Jitesh Sharma,Atit Sheth,587,861,144,78,72,43,13.29,146.68,5.98
Hardik Pandya,Atit Sheth,1504,3069,182,122,257,182,8.11,204.06,16.86
Hardik Pandya,Jasprit Bumrah,1577,2601,119,281,165,155,17.82,164.93,21.86
Mitchell Marsh,Manav Suthar,1702,3252,57,165,192,185,9.69,191.07,57.05
Mitchell Marsh,Theesan Vithushan,1849,3960,30,90,227,236,4.87,214.17,132.0
Matt Short,Bhuvneshwar Kumar,347,466,33,111,31,28,31.99,134.29,14.12
Matt Short,Duvindu Tillakaratne,543,887,13,128,58,50,23.57,163.35,68.23
Matt Short,Manav Suthar,422,776,19,70,57,44,16.59,183.89,40.84
Shubham Dubey,Will Jacks,808,1510,34,141,111,89,17.45,186.88,44.41
Matt Short,Washington Sundar,2872,5328,166,519,408,310,18.07,185.52,32.1
Luhan dre pretorious,Duvindu Tillakaratne,221,345,9,60,28,16,27.15,156.11,38.33
Rishabh Pant,Washington Sundar,2705,4893,234,420,345,297,15.53,180.89,20.91
Prabhsimran Singh,Ashish Singh,3178,4519,86,280,151,117,8.81,142.2,52.55
Virat Kohli,Ashish Singh,3073,4272,99,267,151,87,8.69,139.02,43.15
Devdutt Padikkal,Auqib Nabi,1052,2024,90,108,160,110,10.27,192.4,22.49
Will Jacks,Auqib Nabi,952,1708,87,150,109,109,15.76,179.41,19.63
Manav Suthar,Auqib Nabi,211,174,81,45,15,6,21.33,82.46,2.15
Theesan Vithushan,Auqib Nabi,227,126,64,101,11,4,44.49,55.51,1.97
Theesan Vithushan,Binura Fernando,69,57,16,29,2,5,42.03,82.61,3.56
Bhuvneshwar Kumar,Binura Fernando,141,141,13,16,1,0,11.35,100.0,10.85
Nishant Sindhu,Kuldeep Yadav,4214,6739,213,323,335,235,7.66,159.92,31.64
Nishant Sindhu,Josh Tongue,5543,7457,226,553,209,158,9.98,134.53,33.0
KL Rahul,Josh Tongue,9122,14232,254,559,516,461,6.13,156.02,56.03
Virat Singh,Josh Tongue,3879,6125,228,450,289,288,11.6,157.9,26.86
Virat Singh,Chamika Gunasekara,3889,6571,176,343,347,294,8.82,168.96,37.34
KL Rahul,Chamika Gunasekara,9305,14727,227,488,596,451,5.24,158.27,64.88
Shivam Dube,Varun Chakravarthy,1884,3178,175,268,218,167,14.23,168.68,18.16
Tilak Varma,Josh Tongue,1052,1578,72,205,92,80,19.49,150.0,21.92
Harry Brook,Josh Tongue,2263,3963,216,267,230,233,11.8,175.12,18.35
Tilak Varma,Chamika Gunasekara,962,1405,65,177,79,65,18.4,146.05,21.62
Harry Brook,Chamika Gunasekara,2222,4132,178,196,250,245,8.82,185.96,23.21
Harry Brook,Dasun Shanaka,3105,7325,209,147,587,473,4.73,235.91,35.05
Gangam Anikethreddy,Dasun Shanaka,712,423,261,244,23,19,34.27,59.41,1.62
Gangam Anikethreddy,Sahan Arachchige,790,456,272,297,26,20,37.59,57.72,1.68
Calvin Harrison,Sahan Arachchige,1010,926,122,388,48,38,38.42,91.68,7.59
Calvin Harrison,Dasun Shanaka,933,1225,71,256,66,63,27.44,131.3,17.25
Calvin Harrison,Chamika Gunasekara,363,355,54,119,22,11,32.78,97.8,6.57
Dega Nischal,Prince Yadav,9522,14044,235,699,499,388,7.34,147.49,59.76
Yashasvi Jaiswal,Prince Yadav,9338,13998,230,676,548,387,7.24,149.9,60.86
Sahan Arachchige,Gangam Anikethreddy,1455,1691,269,281,79,82,19.31,116.22,6.29
Sahan Arachchige,Prince Yadav,994,1239,139,173,56,53,17.4,124.65,8.91
Ryan Rickelton,Prince Yadav,4356,7225,148,471,350,344,10.81,165.86,48.82
Abhimanyu Easwaran,Prince Yadav,1318,2256,68,210,147,120,15.93,171.17,33.18
Abhimanyu Easwaran,Calvin Harrison,1082,2273,96,88,175,140,8.13,210.07,23.68
Dasun Shanaka,Calvin Harrison,864,1517,107,90,104,81,10.42,175.58,14.18
Josh Tongue,Calvin Harrison,402,277,131,121,14,11,30.1,68.91,2.11
Kuldeep Yadav,Calvin Harrison,389,189,113,185,18,3,47.56,48.59,1.67
Kuldeep Yadav,Shiran Fernando,300,95,84,171,5,4,57.0,31.67,1.13
Kuldeep Yadav,Prince Yadav,131,61,46,58,6,1,44.27,46.56,1.33
Varun Chakravarthy,Prince Yadav,273,308,28,37,6,3,13.55,112.82,11.0
Venkatesh Iyer,CV Stephen,7482,9667,117,400,162,47,5.35,129.2,82.62
David Warner,CV Stephen,7554,9921,98,465,237,67,6.16,131.33,101.23
David Warner,Malinda Pushpakumara,7532,9793,111,474,191,63,6.29,130.02,88.23
Venkatesh Iyer,Malinda Pushpakumara,7097,9060,141,368,153,36,5.19,127.66,64.26
David Warner,Mitchell Santner,4816,8668,166,948,563,534,19.68,179.98,52.22
David Warner,Sunil Narine,5150,7361,155,1573,499,400,30.54,142.93,47.49
Venkatesh Iyer,Sunil Narine,3946,5509,179,1185,363,299,30.03,139.61,30.78
Venkatesh Iyer,Mitchell Santner,3867,6678,204,775,446,402,20.04,172.69,32.74
Matt Short,Liam Livingstone,3410,6143,198,627,451,355,18.39,180.15,31.03
Matt Short,Sunil Narine,2706,3681,134,827,251,191,30.56,136.03,27.47
Matt Short,Mitchell Santner,2818,4297,193,695,323,221,24.66,152.48,22.26
Sanvir Singh,Liam Livingstone,2078,4167,231,172,316,253,8.28,200.53,18.04
Rinku Singh,Liam Livingstone,3017,5712,171,433,429,329,14.35,189.33,33.4
Rinku Singh,CV Stephen,598,1050,68,71,79,51,11.87,175.59,15.44
Akeal Hosein,CV Stephen,175,164,64,34,7,11,19.43,93.71,2.56
Dushan Hemantha,CV Stephen,180,164,54,44,12,6,24.44,91.11,3.04
Rinku Singh,Malinda Pushpakumara,552,1014,70,51,77,53,9.24,183.7,14.49
Dushan Hemantha,Malinda Pushpakumara,230,189,72,61,12,8,26.52,82.17,2.62
Lasith Embuldeniya,Malinda Pushpakumara,377,350,58,61,2,2,16.18,92.84,6.03
Mohammed Shami,Malinda Pushpakumara,242,237,27,41,2,2,16.94,97.93,8.78
Vaibhav Suryavanshi,Mohammed Shami,6807,11027,172,370,481,360,5.44,162.0,64.11
Vaibhav Suryavanshi,Dushan Hemantha,6369,10527,160,486,516,393,7.63,165.28,65.79
Jos Buttler,Dushan Hemantha,5954,8531,182,902,368,289,15.15,143.28,46.87
Sai Sudharsan,Dushan Hemantha,3614,5905,130,577,357,285,15.97,163.39,45.42
Jos Buttler,Lasith Embuldeniya,6559,8660,167,1365,373,270,20.81,132.03,51.86
Yashvardhan Dalal,Lasith Embuldeniya,3019,4104,109,886,241,210,29.35,135.94,37.65
Yashvardhan Dalal,Dushan Hemantha,2077,3254,92,527,212,191,25.37,156.67,35.37
Yashvardhan Dalal,Akeal Hosein,3140,5083,100,723,327,286,23.03,161.88,50.83
Yashvardhan Dalal,Mohammed Shami,1653,2670,70,353,157,152,21.36,161.52,38.14
Salil Arora,Akeal Hosein,837,1517,45,147,107,88,17.56,181.24,33.71
Salil Arora,Lasith Embuldeniya,850,1336,49,211,98,75,24.82,157.18,27.27
Kunal Chandela,Lasith Embuldeniya,818,1332,42,177,90,72,21.64,162.84,31.71
Mitchell Santner,Lasith Embuldeniya,413,698,25,108,65,32,26.15,169.01,27.92
Dega Nischal,CV Stephen,6999,8897,137,321,130,26,4.59,127.12,64.94
Yashasvi Jaiswal,CV Stephen,6855,8858,125,349,150,48,5.09,129.22,70.86
Dega Nischal,Malinda Pushpakumara,6808,8736,123,324,135,35,4.76,128.32,71.02
Yashasvi Jaiswal,Malinda Pushpakumara,6747,8518,142,336,118,35,4.98,126.25,59.99
Ryan Rickelton,Malinda Pushpakumara,2207,2952,49,132,63,28,5.98,133.76,60.24
Ryan Rickelton,CV Stephen,2076,2823,66,131,75,44,6.31,135.98,42.77
Dhruv Jurel,Malinda Pushpakumara,751,1142,63,50,50,35,6.66,152.06,18.13
Dhruv Jurel,CV Stephen,849,1435,44,71,80,57,8.36,169.02,32.61
Abhimanyu Easwaran,Malinda Pushpakumara,629,1184,47,44,81,59,7.0,188.24,25.19
Abhimanyu Easwaran,Sunil Narine,5160,8613,288,959,621,467,18.59,166.92,29.91
Ryan Rickelton,Sunil Narine,5938,9320,380,1439,651,536,24.23,156.96,24.53
Ryan Rickelton,Liam Livingstone,5886,11827,318,635,876,690,10.79,200.93,37.19
Ryan Rickelton,Mitchell Santner,5762,11145,328,834,797,695,14.47,193.42,33.98
Sahan Arachchige,Sunil Narine,1817,2261,309,404,148,115,22.23,124.44,7.32
Charith Asalanka,Sunil Narine,1095,1325,88,324,79,61,29.59,121.0,15.06
Charith Asalanka,Liam Livingstone,1755,2852,159,311,199,152,17.72,162.51,17.94
Dasun Shanaka,Liam Livingstone,1886,3273,181,240,219,180,12.73,173.54,18.08
Varun Chakravarthy,Malinda Pushpakumara,469,453,58,76,5,4,16.2,96.59,7.81
Vaisakh Chandran,CV Stephen,338,365,23,56,0,2,16.57,107.99,15.87
Varun Chakravarthy,CV Stephen,417,450,41,58,5,5,13.91,107.91,10.98
Vaibhav Suryavanshi,Vaisakh Chandran,7026,10042,143,650,341,244,9.25,142.93,70.22
Jos Buttler,Vaisakh Chandran,6747,8809,166,939,280,187,13.92,130.56,53.07
Sai Sudharsan,Vaisakh Chandran,2886,4433,80,378,212,179,13.1,153.6,55.41
Salil Arora,Kuldeep Yadav,656,1231,53,112,97,75,17.07,187.65,23.23
Kunal Chandela,Varun Chakravarthy,1050,1850,43,159,134,91,15.14,176.19,43.02
Kunal Chandela,Kuldeep Yadav,1360,2356,111,206,188,115,15.15,173.24,21.23
Mitchell Santner,Kuldeep Yadav,829,1216,74,182,81,59,21.95,146.68,16.43
Liam Livingstone,Charith Asalanka,898,1871,27,102,123,119,11.36,208.35,69.3
Mitchell Santner,Charith Asalanka,172,267,4,48,20,13,27.91,155.23,66.75
Mitchell Santner,Dasun Shanaka,1501,2747,82,245,208,140,16.32,183.01,33.5
Liam Livingstone,Dasun Shanaka,1923,4163,117,171,326,245,8.89,216.48,35.58
Liam Livingstone,Sahan Arachchige,1822,3393,227,247,252,219,13.56,186.22,14.95
Sunil Narine,Sahan Arachchige,681,718,78,123,14,18,18.06,105.43,9.21
Mitchell Santner,Sahan Arachchige,1577,2401,181,382,177,138,24.22,152.25,13.27
CV Stephen,Sahan Arachchige,186,138,36,43,2,1,23.12,74.19,3.83
CV Stephen,Charith Asalanka,31,30,3,4,0,0,12.9,96.77,10.0
Sunil Narine,Charith Asalanka,84,95,3,25,10,1,29.76,113.1,31.67
CV Stephen,Dasun Shanaka,174,188,17,17,0,2,9.77,108.05,11.06
Sunil Narine,Dasun Shanaka,627,883,37,73,35,27,11.64,140.83,23.86
Ishan Kishan,Rashid Khan,3542,6452,280,355,439,341,10.02,182.16,23.04
Ishan Kishan,Shiran Fernando,2479,4673,234,183,294,264,7.38,188.5,19.97
Ruturaj Gaikwad,Shahbaz Ahmed,2119,4442,76,175,305,262,8.26,209.63,58.45
Ruturaj Gaikwad,Saransh Jain,2057,3833,72,273,269,203,13.27,186.34,53.24
Sarfaraz Khan,Saransh Jain,1394,2717,115,147,200,158,10.55,194.91,23.63
Matthew Forde,Saransh Jain,412,380,145,85,33,12,20.63,92.23,2.62
Akash Deep,Saransh Jain,433,350,134,133,21,19,30.72,80.83,2.61
Mohsin Khan,Shahbaz Ahmed,345,213,91,117,7,7,33.91,61.74,2.34
Vidwath Kaverappa,Saransh Jain,471,457,47,67,2,1,14.23,97.03,9.72
Vidwath Kaverappa,Shahbaz Ahmed,438,479,43,54,4,3,12.33,109.36,11.14
Vidwath Kaverappa,Rashid Khan,160,176,6,17,0,1,10.62,110.0,29.33
Sarfaraz Khan,Rashid Khan,374,645,52,29,52,30,7.75,172.46,12.4
Harry Brook,Matthew Forde,2556,4894,105,223,316,261,8.72,191.47,46.61
Harry Brook,Yash Thakur,2593,5268,138,142,350,297,5.48,203.16,38.17
Harry Brook,Mohsin Khan,4647,9158,253,384,595,532,8.26,197.07,36.2
Sdnv Prasad,Akash Deep,6400,10761,129,556,520,434,8.69,168.14,83.42
Deepak Hooda,Akash Deep,4222,5214,220,654,159,109,15.49,123.5,23.7
Sdnv Prasad,Vidwath Kaverappa,6498,11004,120,499,526,446,7.68,169.34,91.7
Deepak Hooda,Vidwath Kaverappa,4234,5733,139,554,194,139,13.08,135.4,41.24
Sdnv Prasad,Matthew Forde,6409,10288,126,709,521,387,11.06,160.52,81.65
Deepak Hooda,Matthew Forde,4254,5362,111,772,164,137,18.15,126.05,48.31
Deepak Hooda,Yash Thakur,3567,4675,191,550,177,127,15.42,131.06,24.48
Sdnv Prasad,Yash Thakur,6076,10515,141,630,580,468,10.37,173.06,74.57
Christopher Britz,Vidwath Kaverappa,4562,6148,120,1518,392,300,33.27,134.77,51.23
Christopher Britz,Matthew Forde,4627,5252,117,1882,308,243,40.67,113.51,44.89
Glenn Phillips,Mohsin Khan,5055,8527,210,808,482,465,15.98,168.68,40.6
Glenn Phillips,Matthew Forde,1913,3628,97,288,251,220,15.05,189.65,37.4
Glenn Phillips,Yash Thakur,2038,3749,152,309,265,222,15.16,183.95,24.66
Christopher Britz,Yash Thakur,4565,5600,131,1665,330,263,36.47,122.67,42.75
Abhishek Sharma,Yash Thakur,1144,2453,151,63,176,167,5.51,214.42,16.25
Rachin Ravindra,Yash Thakur,761,1397,133,68,113,81,8.94,183.57,10.5
Rachin Ravindra,Matthew Forde,662,1356,73,70,121,78,10.57,204.83,18.58
Glenn Phillips,Vidwath Kaverappa,1894,3801,90,224,264,239,11.83,200.69,42.23
Rachin Ravindra,Vidwath Kaverappa,664,1481,52,67,106,107,10.09,223.04,28.48
Rachin Ravindra,Mohsin Khan,620,1203,98,64,88,82,10.32,194.03,12.28
Lalit Yadav,Mohsin Khan,1726,3516,70,196,254,205,11.36,203.71,50.23
Lalit Yadav,Yash Thakur,894,1867,55,66,147,110,7.38,208.84,33.95
Ruturaj Gaikwad,Praveen Jayawickrama,6179,7759,158,821,197,146,13.29,125.57,49.11
Shubman Gill,Praveen Jayawickrama,6287,8041,184,949,249,192,15.09,127.9,43.7
Shubman Gill,Rachin Ravindra,2448,5028,173,212,365,302,8.66,205.39,29.06
Ruturaj Gaikwad,Rachin Ravindra,3173,6054,191,402,446,344,12.67,190.8,31.7
Ruturaj Gaikwad,Dian Forrester,5456,11792,155,364,857,698,6.67,216.13,76.08
Shubman Gill,Dian Forrester,4117,9728,120,131,694,613,3.18,236.29,81.07
Ruchit Ahir,Dian Forrester,3111,7057,73,184,481,448,5.91,226.84,96.67
Ruchit Ahir,Rachin Ravindra,3101,5700,288,442,378,364,14.25,183.81,19.79
Ishan Kishan,Rachin Ravindra,2906,5124,347,405,365,299,13.94,176.32,14.77
Ishan Kishan,Dian Forrester,4452,10472,197,151,745,681,3.39,235.22,53.16
Heinrich Klaasen,Rachin Ravindra,2445,3575,352,500,253,187,20.45,146.22,10.16
Sarfaraz Khan,Rachin Ravindra,2126,3762,278,201,270,203,9.45,176.95,13.53
Matthew Forde,Rachin Ravindra,704,731,230,150,57,36,21.31,103.84,3.18
Akash Deep,Rachin Ravindra,609,502,204,168,41,20,27.59,82.43,2.46
Virat Kohli,Mohamed Shiraz,3130,4372,119,282,146,103,9.01,139.68,36.74
Prabhsimran Singh,Mohamed Shiraz,3199,4367,107,297,117,113,9.28,136.51,40.81
Virat Kohli,Mayank Yadav,3226,4740,78,182,159,101,5.64,146.93,60.77
Prabhsimran Singh,Mayank Yadav,3250,4939,68,177,180,133,5.45,151.97,72.63
Virat Kohli,Umesh Yadav,3108,4710,55,178,157,130,5.73,151.54,85.64
Prabhsimran Singh,Umesh Yadav,3133,4815,67,171,197,140,5.46,153.69,71.87
Prabhsimran Singh,Craig Overton,733,1540,37,59,100,101,8.05,210.1,41.62
Virat Kohli,Craig Overton,630,1395,33,42,102,90,6.67,221.43,42.27
Shreyas Iyer,Craig Overton,1359,2718,63,187,220,159,13.76,200.0,43.14
David Miller,Craig Overton,893,1503,48,167,115,75,18.7,168.31,31.31
David Miller,Mridul Surroch,2789,5491,201,351,396,343,12.59,196.88,27.32
Will Jacks,Craig Overton,733,1361,65,110,112,77,15.01,185.68,20.94
David Miller,Mayank Yadav,294,504,15,55,28,31,18.71,171.43,33.6
Washington Sundar,Mayank Yadav,155,254,15,16,19,11,10.32,163.87,16.93
Manav Suthar,Mayank Yadav,52,36,26,14,3,3,26.92,69.23,1.38
Theesan Vithushan,Mayank Yadav,74,55,25,25,4,2,33.78,74.32,2.2
Will Jacks,Mayank Yadav,177,320,18,22,32,14,12.43,180.79,17.78
Theesan Vithushan,Umesh Yadav,62,55,12,25,4,3,40.32,88.71,4.58
Will Jacks,Umesh Yadav,207,412,14,21,25,25,10.14,199.03,29.43
Ayush Mhatre,Manav Suthar,3293,5718,57,189,247,236,5.74,173.64,100.32
Yash Dhull,Manav Suthar,3087,4973,78,326,225,195,10.56,161.09,63.76
Mukul Choudhary,Manav Suthar,1558,2848,56,154,179,137,9.88,182.8,50.86
Mukul Choudhary,Theesan Vithushan,2878,5219,52,133,249,237,4.62,181.34,100.37
Mukul Choudhary,Bhuvneshwar Kumar,1460,2169,82,207,104,91,14.18,148.56,26.45
Ayush Mhatre,Bhuvneshwar Kumar,3530,5162,100,385,179,162,10.91,146.23,51.62
Ayush Mhatre,Duvindu Tillakaratne,3026,5876,44,204,335,296,6.74,194.18,133.55
Mukul Choudhary,Duvindu Tillakaratne,1630,3091,33,211,164,189,12.94,189.63,93.67
Ashton Turner,Bhuvneshwar Kumar,470,533,69,105,26,23,22.34,113.4,7.72
Ashton Turner,Duvindu Tillakaratne,618,803,30,158,45,37,25.57,129.94,26.77
Mridul Surroch,Duvindu Tillakaratne,621,1265,12,93,91,78,14.98,203.7,105.42
Mridul Surroch,Bhuvneshwar Kumar,344,612,33,48,44,35,13.95,177.91,18.55
Sairaj Patil,Bhuvneshwar Kumar,191,293,28,25,16,17,13.09,153.4,10.46
Sairaj Patil,Manav Suthar,266,558,8,33,43,34,12.41,209.77,69.75
Yuvraj Chaudhary,Manav Suthar,152,265,6,32,14,16,21.05,174.34,44.17
Sairaj Patil,Theesan Vithushan,253,555,7,25,47,31,9.88,219.37,79.29
Yuvraj Chaudhary,Theesan Vithushan,531,963,37,82,77,51,15.44,181.36,26.03
Yuvraj Chaudhary,Will Jacks,591,1068,41,93,66,68,15.74,180.71,26.05
Sairaj Patil,Will Jacks,440,1060,24,23,85,72,5.23,240.91,44.17
Sairaj Patil,Washington Sundar,533,1289,33,40,111,84,7.5,241.84,39.06
Yuvraj Chaudhary,Washington Sundar,1248,2128,61,248,134,122,19.87,170.51,34.89
Vaibhav Suryavanshi,Noor Ahmad,6149,11561,100,266,596,535,4.33,188.01,115.61
Liam Livingstone,Noor Ahmad,5620,9669,102,468,516,388,8.33,172.05,94.79
Vaibhav Suryavanshi,Athisayaraj Davidson,6291,10142,148,459,444,349,7.3,161.21,68.53
Sai Sudharsan,Athisayaraj Davidson,3287,5624,109,450,353,270,13.69,171.1,51.6
Sai Sudharsan,Noor Ahmad,3593,6513,79,412,374,344,11.47,181.27,82.44
Yashvardhan Dalal,Athisayaraj Davidson,1828,3054,54,389,197,166,21.28,167.07,56.56
Yashvardhan Dalal,Raj Angad Bawa,1811,3821,83,235,312,225,12.98,210.99,46.04
Jos Buttler,Raj Angad Bawa,1233,2460,93,192,213,146,15.57,199.51,26.45
Jos Buttler,Atit Sheth,1325,2578,160,169,202,159,12.75,194.57,16.11
Yashvardhan Dalal,Atit Sheth,1911,3977,130,212,336,222,11.09,208.11,30.59
Kunal Chandela,Atit Sheth,1099,2110,123,127,162,122,11.56,191.99,17.15
Kunal Chandela,Arzan Nagwaswalla,924,1503,80,170,109,80,18.4,162.66,18.79
Kunal Chandela,Athisayaraj Davidson,456,752,35,84,57,38,18.42,164.91,21.49
Mitchell Santner,Athisayaraj Davidson,241,406,20,57,30,25,23.65,168.46,20.3
Ravi Teja,Athisayaraj Davidson,57,41,25,12,2,2,21.05,71.93,1.64
Karun Nair,Mohammed Siraj,6121,7279,196,959,176,113,15.67,118.92,37.14
Christopher Britz,Ravi Teja,7916,8828,130,1937,250,145,24.47,111.52,67.91
Karun Nair,Ravi Teja,6044,7414,183,837,182,110,13.85,122.67,40.51
Karun Nair,Prasidh Krishna,6051,7613,169,826,216,140,13.65,125.81,45.05
Raj Angad Bawa,Mohammed Siraj,500,780,67,112,71,40,22.4,156.0,11.64
Raj Angad Bawa,Prasidh Krishna,534,842,78,94,63,46,17.6,157.68,10.79
Lalit Yadav,Prasidh Krishna,1292,2764,72,108,199,173,8.36,213.93,38.39
Lalit Yadav,Ravi Teja,643,1283,26,63,84,77,9.8,199.53,49.35
Atit Sheth,Mohammed Siraj,276,432,42,32,25,23,11.59,156.52,10.29
Atit Sheth,Prasidh Krishna,288,442,35,36,29,19,12.5,153.47,12.63
Noor Ahmad,Prasidh Krishna,101,71,42,29,5,4,28.71,70.3,1.69
Athisayaraj Davidson,Mohammed Siraj,103,82,28,34,7,3,33.01,79.61,2.93
Jasprit Bumrah,Mohammed Siraj,203,191,26,36,3,0,17.73,94.09,7.35
Jasprit Bumrah,Ravi Teja,143,151,19,14,1,1,9.79,105.59,7.95
Jasprit Bumrah,Sunil Narine,322,301,43,63,2,4,19.57,93.48,7.0
Jasprit Bumrah,Liam Livingstone,302,290,47,42,5,3,13.91,96.03,6.17
Jasprit Bumrah,Mitchell Santner,362,317,57,66,4,1,18.23,87.57,5.56
Arzan Nagwaswalla,Mitchell Santner,265,292,31,27,3,3,10.19,110.19,9.42
Arzan Nagwaswalla,Liam Livingstone,240,278,21,19,4,2,7.92,115.83,13.24
Dega Nischal,Sonal Dinusha,1864,3289,148,235,211,194,12.61,176.45,22.22
Ryan Rickelton,Sonal Dinusha,2259,4227,177,265,285,248,11.73,187.12,23.88
Dhruv Jurel,Sonal Dinusha,2318,3950,193,376,259,234,16.22,170.41,20.47
Abhimanyu Easwaran,Akash Vasisht,3783,7037,319,412,459,418,10.89,186.02,22.06
Abhimanyu Easwaran,Sonal Dinusha,1917,3134,186,263,175,183,13.72,163.48,16.85
Charith Asalanka,Sonal Dinusha,1261,1690,154,270,98,84,21.41,134.02,10.97
Varun Chakravarthy,Mridul Surroch,1038,1001,130,180,15,7,17.34,96.44,7.7
Varun Chakravarthy,Sonal Dinusha,823,836,114,112,10,9,13.61,101.58,7.33
Varun Chakravarthy,Adam Zampa,596,679,40,53,4,3,8.89,113.93,16.98
Dasun Shanaka,Adam Zampa,427,591,33,46,22,19,10.77,138.41,17.91
Dasun Shanaka,Mitchell Starc,526,805,46,53,34,35,10.08,153.04,17.5
Varun Chakravarthy,Mitchell Starc,638,673,61,81,6,3,12.7,105.49,11.03
Vaisakh Chandran,Mitchell Starc,589,610,36,107,4,2,18.17,103.57,16.94
Mridul Surroch,Kuldeep Yadav,3561,5895,227,612,376,320,17.19,165.54,25.97
Mridul Surroch,Varun Chakravarthy,3091,5440,123,476,344,290,15.4,175.99,44.23
Mridul Surroch,Vaisakh Chandran,1267,1887,54,267,115,86,21.07,148.93,34.94
Karan Shinde,Sahan Arachchige,3575,6130,308,590,420,353,16.5,171.47,19.9
Yuvraj Chaudhary,Sahan Arachchige,2266,3087,344,504,201,165,22.24,136.23,8.97
Yuvraj Chaudhary,Varun Chakravarthy,669,947,52,154,59,44,23.02,141.55,18.21
Akash Vasisht,Varun Chakravarthy,615,1072,40,71,75,52,11.54,174.31,26.8
Riyan Parag,Varun Chakravarthy,466,763,31,91,55,38,19.53,163.73,24.61
Riyan Parag,Vaisakh Chandran,517,742,41,119,44,40,23.02,143.52,18.1
Akash Vasisht,Vaisakh Chandran,289,499,23,55,26,34,19.03,172.66,21.7
Virat Kohli,Athisayaraj Davidson,5286,7943,171,406,316,230,7.68,150.26,46.45
Prabhsimran Singh,Athisayaraj Davidson,5525,8400,146,448,323,271,8.11,152.04,57.53
Virat Kohli,Noor Ahmad,4787,8255,108,224,401,318,4.68,172.45,76.44
Prabhsimran Singh,Noor Ahmad,4919,8691,110,265,462,352,5.39,176.68,79.01
Devdutt Padikkal,Noor Ahmad,3146,5797,93,320,382,279,10.17,184.27,62.33
Shreyas Iyer,Noor Ahmad,2209,3921,73,312,249,210,14.12,177.5,53.71
Shreyas Iyer,Jasprit Bumrah,4375,7332,180,682,425,381,15.59,167.59,40.73
Shreyas Iyer,Athisayaraj Davidson,1838,3043,83,329,179,167,17.9,165.56,36.66
David Miller,Athisayaraj Davidson,819,1193,65,212,85,62,25.89,145.67,18.35
Devdutt Padikkal,Athisayaraj Davidson,2983,4719,105,439,242,213,14.72,158.2,44.94
David Miller,Arzan Nagwaswalla,1156,1195,142,363,63,55,31.4,103.37,8.42
Ramandeep Singh,Arzan Nagwaswalla,545,865,67,112,58,56,20.55,158.72,12.91
Ramandeep Singh,Athisayaraj Davidson,484,751,55,84,35,51,17.36,155.17,13.65
Ashwin Das,Athisayaraj Davidson,369,419,49,123,23,23,33.33,113.55,8.55
David Miller,Atit Sheth,1147,2052,177,153,161,119,13.34,178.9,11.59
Washington Sundar,Atit Sheth,936,1510,115,134,106,75,14.32,161.32,13.13
David Miller,Raj Angad Bawa,1086,2205,69,163,176,137,15.01,203.04,31.96
Washington Sundar,Raj Angad Bawa,791,1324,35,117,83,66,14.79,167.38,37.83
Isitha Wijesundara,Atit Sheth,433,363,95,190,26,19,43.88,83.83,3.82
Isitha Wijesundara,Raj Angad Bawa,372,228,60,203,17,9,54.57,61.29,3.8
Isitha Wijesundara,Arzan Nagwaswalla,577,506,58,186,7,9,32.24,87.69,8.72
Raj Limbani,Arzan Nagwaswalla,172,178,26,20,4,2,11.63,103.49,6.85
Avinov Choudhary,Athisayaraj Davidson,118,123,10,17,2,0,14.41,104.24,12.3
Christopher Britz,Raj Limbani,7229,8995,107,651,130,50,9.01,124.43,84.07
Karun Nair,Raj Limbani,6087,7524,140,420,101,25,6.9,123.61,53.74
Karun Nair,Avinov Choudhary,6036,7507,131,381,102,26,6.31,124.37,57.31
Christopher Britz,Avinov Choudhary,7196,8831,77,693,123,39,9.63,122.72,114.69
Christopher Britz,Isitha Wijesundara,9955,10980,248,4712,774,590,47.33,110.3,44.27
Karun Nair,Isitha Wijesundara,2866,3869,158,881,259,203,30.74,135.0,24.49
Karun Nair,Washington Sundar,3104,5449,105,643,382,323,20.72,175.55,51.9
Abhishek Sharma,Isitha Wijesundara,3229,6977,190,334,548,439,10.34,216.07,36.72
Glenn Phillips,Isitha Wijesundara,5415,10583,174,897,763,653,16.57,195.44,60.82
Glenn Phillips,Ashwin Das,3604,6689,197,625,481,411,17.34,185.6,33.95
Raj Angad Bawa,Ashwin Das,1206,1801,146,336,144,107,27.86,149.34,12.34
Abhishek Sharma,Ashwin Das,2306,4739,164,253,343,304,10.97,205.51,28.9
Raj Angad Bawa,Washington Sundar,1155,1971,91,277,142,131,23.98,170.65,21.66
Lalit Yadav,Washington Sundar,2647,6082,107,219,490,381,8.27,229.77,56.84
Lalit Yadav,Ashwin Das,1220,2570,50,144,197,158,11.8,210.66,51.4
Atit Sheth,Ashwin Das,505,875,54,75,66,50,14.85,173.27,16.2
Lalit Yadav,Isitha Wijesundara,1575,3111,57,200,238,169,12.7,197.52,54.58
Atit Sheth,Isitha Wijesundara,458,697,25,70,41,31,15.28,152.18,27.88
Atit Sheth,Washington Sundar,481,861,40,66,57,50,13.72,179.0,21.52
Lalit Yadav,Avinov Choudhary,692,1455,46,67,117,83,9.68,210.26,31.63
Noor Ahmad,Avinov Choudhary,178,94,71,55,5,3,30.9,52.81,1.32
Athisayaraj Davidson,Avinov Choudhary,218,158,60,77,7,8,35.32,72.48,2.63
Atit Sheth,Raj Limbani,415,643,79,46,41,36,11.08,154.94,8.14
Jasprit Bumrah,Raj Limbani,209,207,28,39,4,2,18.66,99.04,7.39
Arzan Nagwaswalla,Raj Limbani,142,161,13,10,3,0,7.04,113.38,12.38
Virat Kohli,Mohammed Siraj,8842,12960,303,650,464,345,7.35,146.57,42.77
Prabhsimran Singh,Mohammed Siraj,9100,13639,300,694,502,395,7.63,149.88,45.46
Prabhsimran Singh,Prasidh Krishna,9384,14973,267,400,597,474,4.26,159.56,56.08
Devdutt Padikkal,Prasidh Krishna,5215,9283,192,444,505,448,8.51,178.01,48.35
Devdutt Padikkal,Mohammed Siraj,5232,8481,220,624,467,349,11.93,162.1,38.55
Prabhsimran Singh,Avesh Khan,2762,4625,73,127,188,178,4.6,167.45,63.36
Devdutt Padikkal,Avesh Khan,1916,3653,70,132,206,191,6.89,190.66,52.19
Shreyas Iyer,Mohammed Siraj,2941,5538,134,348,361,317,11.83,188.3,41.33
Devdutt Padikkal,Jaydev Unadkat,1915,2822,80,339,134,124,17.7,147.36,35.27
Shreyas Iyer,Jaydev Unadkat,1212,2080,64,191,115,125,15.76,171.62,32.5
Shreyas Iyer,Avesh Khan,1234,2513,38,113,162,148,9.16,203.65,66.13
David Miller,Mohammed Siraj,1414,2307,140,277,178,123,19.59,163.15,16.48
David Miller,Jaydev Unadkat,684,801,57,209,49,38,30.56,117.11,14.05
David Miller,Prasidh Krishna,1396,2465,105,222,172,139,15.9,176.58,23.48
Will Jacks,Prasidh Krishna,421,743,26,70,55,41,16.63,176.48,28.58
Will Jacks,Avesh Khan,438,857,29,48,48,59,10.96,195.66,29.55
Will Jacks,Jaydev Unadkat,496,829,38,102,58,46,20.56,167.14,21.82
Devdutt Padikkal,Liam Livingstone,6893,14380,335,666,1064,866,9.66,208.62,42.93
Will Jacks,Liam Livingstone,2224,4377,170,296,329,265,13.31,196.81,25.75
Washington Sundar,Liam Livingstone,2288,4058,135,334,299,203,14.6,177.36,30.06
Washington Sundar,Prasidh Krishna,684,1193,46,80,74,59,11.7,174.42,25.93
Washington Sundar,Jaydev Unadkat,283,399,26,70,35,15,24.73,140.99,15.35
Liam Livingstone,Manav Suthar,3776,6329,73,267,319,222,7.07,167.61,86.7
Kamil Mishara,Manav Suthar,3468,5638,65,166,271,181,4.79,162.57,86.74
Liam Livingstone,Bhuvneshwar Kumar,3795,5281,102,436,190,133,11.49,139.16,51.77
Kamil Mishara,Bhuvneshwar Kumar,3637,5494,100,257,209,168,7.07,151.06,54.94
Liam Livingstone,Duvindu Tillakaratne,3319,6079,42,267,356,272,8.04,183.16,144.74
Kamil Mishara,Duvindu Tillakaratne,3180,5958,39,180,318,283,5.66,187.36,152.77
Liam Livingstone,Theesan Vithushan,3946,7158,89,195,412,294,4.94,181.4,80.43
Kamil Mishara,Theesan Vithushan,3521,6640,58,108,320,309,3.07,188.58,114.48
Sai Sudharsan,Manav Suthar,1692,3053,42,189,188,149,11.17,180.44,72.69
Sai Sudharsan,Duvindu Tillakaratne,1804,3484,30,223,219,200,12.36,193.13,116.13
Lahiru Udara,Theesan Vithushan,630,1405,28,38,97,89,6.03,223.02,50.18
Sai Sudharsan,Theesan Vithushan,3448,6242,75,191,347,277,5.54,181.03,83.23
Lahiru Udara,Manav Suthar,684,1328,36,77,97,76,11.26,194.15,36.89
Jos Buttler,Manav Suthar,370,696,22,69,58,38,18.65,188.11,31.64
Jos Buttler,Duvindu Tillakaratne,478,846,9,101,68,41,21.13,176.99,94.0
Jos Buttler,Theesan Vithushan,7437,9689,110,516,208,87,6.94,130.28,88.08
Sai Sudharsan,Will Jacks,4320,8807,147,486,678,498,11.25,203.87,59.91
Jos Buttler,Will Jacks,3862,7922,175,485,573,493,12.56,205.13,45.27
Sai Sudharsan,Washington Sundar,9207,19827,298,774,1492,1177,8.41,215.35,66.53
Jos Buttler,Washington Sundar,5412,11619,206,662,878,725,12.23,214.69,56.4
Nitish Rana,Washington Sundar,492,1132,25,43,80,77,8.74,230.08,45.28
Nitish Rana,Will Jacks,416,981,30,32,69,71,7.69,235.82,32.7
Kunal Chandela,Washington Sundar,1799,3597,87,246,262,219,13.67,199.94,41.34
Nitish Rana,Bhuvneshwar Kumar,176,298,31,34,21,22,19.32,169.32,9.61
Kunal Chandela,Bhuvneshwar Kumar,130,253,19,12,19,17,9.23,194.62,13.32
Jaydev Unadkat,Bhuvneshwar Kumar,48,18,19,18,2,0,37.5,37.5,0.95
Prasidh Krishna,Bhuvneshwar Kumar,38,34,14,11,3,2,28.95,89.47,2.43
Mohammed Siraj,Washington Sundar,149,141,26,37,8,4,24.83,94.63,5.42
Shubman Gill,Harpreet Brar,14543,19586,344,1018,480,274,7.0,134.68,56.94
Ruturaj Gaikwad,Harpreet Brar,14088,18590,301,987,410,235,7.01,131.96,61.76
Ruturaj Gaikwad,Yuzvendra Chahal,13453,18520,191,900,533,288,6.69,137.66,96.96
Shubman Gill,Yuzvendra Chahal,13467,18846,209,788,499,314,5.85,139.94,90.17
Ruturaj Gaikwad,Vishen Halambage,3055,4082,226,751,225,210,24.58,133.62,18.06
Shubman Gill,Vishen Halambage,2305,3163,249,556,190,176,24.12,137.22,12.7
Ruchit Ahir,Vishen Halambage,2955,3123,318,1001,191,145,33.87,105.69,9.82
Ruchit Ahir,Seekkuge Prasanna,2900,2917,288,1065,172,130,36.72,100.59,10.13
Shubman Gill,Seekkuge Prasanna,5000,7371,437,1191,464,433,23.82,147.42,16.87
Ruchit Ahir,Ravindra Jadeja,2634,4453,158,521,289,268,19.78,169.06,28.18
Shubman Gill,Ravindra Jadeja,2513,4239,112,480,290,234,19.1,168.68,37.85
Ishan Kishan,Vishen Halambage,2540,3170,350,667,193,174,26.26,124.8,9.06
Heinrich Klaasen,Vishen Halambage,2066,1996,327,681,120,89,32.96,96.61,6.1
Sarfaraz Khan,Vishen Halambage,2006,2589,262,359,150,104,17.9,129.06,9.88
Sarfaraz Khan,Seekkuge Prasanna,1926,2581,236,375,170,107,19.47,134.01,10.94
Matthew Forde,Vishen Halambage,746,558,250,215,39,24,28.82,74.8,2.23
Matthew Forde,Ravindra Jadeja,628,536,212,160,27,31,25.48,85.35,2.53
Akash Deep,Ravindra Jadeja,741,517,222,228,22,19,30.77,69.77,2.33
Akash Deep,Seekkuge Prasanna,752,503,236,253,27,20,33.64,66.89,2.13
Mohsin Khan,Ravindra Jadeja,672,385,193,243,16,11,36.16,57.29,1.99
Yash Thakur,Ravindra Jadeja,1114,1160,126,158,13,5,14.18,104.13,9.21
Mohsin Khan,Harpreet Brar,389,357,72,63,3,4,16.2,91.77,4.96
Yash Thakur,Harpreet Brar,689,737,66,79,9,3,11.47,106.97,11.17
Vidwath Kaverappa,Harpreet Brar,703,762,41,80,2,2,11.38,108.39,18.59
Mohsin Khan,Yuzvendra Chahal,415,377,56,66,2,0,15.9,90.84,6.73
Vidwath Kaverappa,Yuzvendra Chahal,705,803,44,70,4,1,9.93,113.9,18.25
Brian Bennett,Vidwath Kaverappa,5925,10023,89,475,468,410,8.02,169.16,112.62
Kangabam Priyojit Singh,Vidwath Kaverappa,5408,9330,112,204,449,345,3.77,172.52,83.3
Brian Bennett,Matthew Forde,6163,9514,112,702,432,337,11.39,154.37,84.95
Kangabam Priyojit Singh,Matthew Forde,5587,9839,128,257,486,396,4.6,176.11,76.87
Brian Bennett,Yash Thakur,5229,8385,103,545,387,329,10.42,160.36,81.41
Kangabam Priyojit Singh,Yash Thakur,5046,9283,129,199,469,413,3.94,183.97,71.96
Brian Bennett,Akash Deep,5704,9333,118,468,442,342,8.2,163.62,79.09
Kangabam Priyojit Singh,Akash Deep,5191,9206,131,191,464,359,3.68,177.35,70.27
Brian Bennett,Mohsin Khan,12484,19360,303,1379,829,722,11.05,155.08,63.89
Kangabam Priyojit Singh,Mohsin Khan,5251,9230,126,272,480,374,5.18,175.78,73.25
James Rew,Matthew Forde,2299,3662,88,404,218,178,17.57,159.29,41.61
James Rew,Vidwath Kaverappa,2234,3749,81,317,227,178,14.19,167.82,46.28
James Rew,Mohsin Khan,5177,7666,334,945,410,357,18.25,148.08,22.95
Rajat Patidar,Mohsin Khan,1455,2764,126,150,206,156,10.31,189.97,21.94
Aneurin Donald,Matthew Forde,1231,2525,41,209,183,166,16.98,205.12,61.59
Aneurin Donald,Akash Deep,1270,2661,59,172,171,188,13.54,209.53,45.1
Rajat Patidar,Akash Deep,1366,2787,91,117,195,171,8.57,204.03,30.63
Aneurin Donald,Yash Thakur,1301,2642,79,170,204,164,13.07,203.07,33.44
Vishen Halambage,Yash Thakur,693,1468,73,65,117,96,9.38,211.83,20.11
Vishen Halambage,Akash Deep,617,1226,82,43,99,72,6.97,198.7,14.95
Seekkuge Prasanna,Akash Deep,330,659,54,39,55,44,11.82,199.7,12.2
Ravindra Jadeja,Akash Deep,343,600,14,72,38,38,20.99,174.93,42.86
Ravindra Jadeja,Matthew Forde,253,450,5,54,29,27,21.34,177.87,90.0
Rajat Patidar,Matthew Forde,1368,2566,67,166,191,139,12.13,187.57,38.3
Ravindra Jadeja,Vidwath Kaverappa,332,661,18,42,37,47,12.65,199.1,36.72
Dan Lawrence,Vidwath Kaverappa,156,268,6,14,12,14,8.97,171.79,44.67
Dan Lawrence,Mohsin Khan,528,803,42,80,45,35,15.15,152.08,19.12
Ravindra Jadeja,Mohsin Khan,320,438,22,88,26,24,27.5,136.88,19.91
Harpreet Brar,Mohsin Khan,271,365,63,42,21,21,15.5,134.69,5.79
Ravindra Jadeja,Yash Thakur,398,649,26,78,46,32,19.6,163.07,24.96
Harpreet Brar,Yash Thakur,105,132,12,16,10,2,15.24,125.71,11.0
Shubman Gill,CV Stephen,7747,9972,146,425,165,54,5.49,128.72,68.3
Ruturaj Gaikwad,CV Stephen,7604,9829,119,420,182,62,5.52,129.26,82.6
Ruturaj Gaikwad,Malinda Pushpakumara,7697,10030,101,399,169,64,5.18,130.31,99.31
Shubman Gill,Malinda Pushpakumara,7345,9371,129,387,152,48,5.27,127.58,72.64
Ruturaj Gaikwad,Liam Livingstone,8499,16902,253,1015,1235,961,11.94,198.87,66.81
Shubman Gill,Liam Livingstone,6749,14426,258,609,1005,907,9.02,213.75,55.91
Ruchit Ahir,Liam Livingstone,4116,7666,196,665,526,466,16.16,186.25,39.11
Ruturaj Gaikwad,Mitchell Santner,7609,14083,245,1183,967,810,15.55,185.08,57.48
Ruchit Ahir,Mitchell Santner,3907,7209,199,708,523,440,18.12,184.51,36.23
Ruturaj Gaikwad,Sunil Narine,7810,12427,274,1710,796,689,21.9,159.12,45.35
Ruchit Ahir,Sunil Narine,4260,5519,203,1417,362,296,33.26,129.55,27.19
Ishan Kishan,Liam Livingstone,5446,11773,264,441,879,725,8.1,216.18,44.59
Heinrich Klaasen,Liam Livingstone,3750,6634,326,671,475,402,17.89,176.91,20.35
Sarfaraz Khan,Liam Livingstone,1333,2622,115,122,221,135,9.15,196.7,22.8
Sarfaraz Khan,Sunil Narine,1319,2225,124,200,142,130,15.16,168.69,17.94
Sarfaraz Khan,Mitchell Santner,1294,2388,110,138,165,135,10.66,184.54,21.71
Matthew Forde,Liam Livingstone,380,434,128,72,37,21,18.95,114.21,3.39
Akash Deep,Liam Livingstone,361,285,114,101,21,9,27.98,78.95,2.5
Akash Deep,Sunil Narine,345,217,117,115,18,7,33.33,62.9,1.85
Mohsin Khan,Sunil Narine,510,371,109,146,6,6,28.63,72.75,3.4
Yash Thakur,CV Stephen,453,521,60,51,13,6,11.26,115.01,8.68
Vidwath Kaverappa,CV Stephen,396,404,42,49,1,1,12.37,102.02,9.62
Vidwath Kaverappa,Malinda Pushpakumara,453,472,33,70,2,1,15.45,104.19,14.3
Vaibhav Suryavanshi,Akash Deep,5974,10279,179,311,518,406,5.21,172.06,57.42
Jos Buttler,Akash Deep,5707,9455,137,461,490,345,8.08,165.67,69.01
Jos Buttler,Matthew Forde,5577,9091,144,530,401,371,9.5,163.01,63.13
Vaibhav Suryavanshi,Matthew Forde,5894,10317,117,375,507,436,6.36,175.04,88.18
Jos Buttler,Vidwath Kaverappa,5811,9903,124,395,475,382,6.8,170.42,79.86
Vaibhav Suryavanshi,Vidwath Kaverappa,5836,10377,110,252,523,411,4.32,177.81,94.34
Jos Buttler,Mohsin Khan,6512,10678,244,709,524,467,10.89,163.97,43.76
Vaibhav Suryavanshi,Mohsin Khan,12578,21526,328,714,1054,833,5.68,171.14,65.63
Sai Sudharsan,Matthew Forde,3146,5865,86,354,360,318,11.25,186.43,68.2
Jos Buttler,Yash Thakur,5240,9107,156,433,498,387,8.26,173.8,58.38
Sai Sudharsan,Yash Thakur,3339,6391,134,318,445,328,9.52,191.4,47.69
Sai Sudharsan,Mohsin Khan,6339,11328,264,682,661,589,10.76,178.7,42.91
Sai Sudharsan,Vidwath Kaverappa,3167,6257,92,235,415,328,7.42,197.57,68.01
Sai Sudharsan,Akash Deep,3150,5932,152,258,369,303,8.19,188.32,39.03
Yashvardhan Dalal,Yash Thakur,2346,4501,100,341,335,254,14.54,191.86,45.01
Yashvardhan Dalal,Vidwath Kaverappa,2106,4266,87,283,328,260,13.44,202.56,49.03
Salil Arora,Vidwath Kaverappa,1106,2513,55,72,216,145,6.51,227.22,45.69
Kunal Chandela,Vidwath Kaverappa,945,2033,34,120,158,123,12.7,215.13,59.79
Kunal Chandela,Yash Thakur,939,1875,78,119,142,113,12.67,199.68,24.04
Liam Livingstone,Yash Thakur,472,966,41,54,65,69,11.44,204.66,23.56
Liam Livingstone,Mohsin Khan,6367,10131,222,541,445,374,8.5,159.12,45.64
Sdnv Prasad,Adam Zampa,7714,9876,99,474,152,52,6.14,128.03,99.76
Deepak Hooda,Adam Zampa,6620,8041,163,482,68,17,7.28,121.47,49.33
Sdnv Prasad,Mitchell Starc,7740,9951,110,457,169,61,5.9,128.57,90.46
Deepak Hooda,Mitchell Starc,6775,8230,200,495,81,9,7.31,121.48,41.15
Sdnv Prasad,Riyan Parag,3362,6152,172,567,443,358,16.86,182.99,35.77
Deepak Hooda,Riyan Parag,1088,1360,157,316,85,80,29.04,125.0,8.66
Sdnv Prasad,Sonal Dinusha,3362,6158,149,582,416,371,17.31,183.16,41.33
Deepak Hooda,Sonal Dinusha,1139,1659,137,313,120,103,27.48,145.65,12.11
Deepak Hooda,Akash Vasisht,1158,1441,127,409,103,86,35.32,124.44,11.35
Sdnv Prasad,Akash Vasisht,3450,6381,133,608,437,394,17.62,184.96,47.98
Deepak Hooda,Mridul Surroch,1480,2014,159,448,132,123,30.27,136.08,12.67
Sdnv Prasad,Mridul Surroch,4200,7624,131,744,463,479,17.71,181.52,58.2
Christopher Britz,Mridul Surroch,10182,13473,298,3939,955,739,38.69,132.32,45.21
Christopher Britz,Riyan Parag,4622,5192,182,2098,350,284,45.39,112.33,28.53
Glenn Phillips,Riyan Parag,2298,3951,229,404,254,254,17.58,171.93,17.25
Glenn Phillips,Akash Vasisht,5217,10190,318,756,755,620,14.49,195.32,32.04
Glenn Phillips,Sonal Dinusha,2247,3976,161,391,278,234,17.4,176.95,24.7
Abhishek Sharma,Sonal Dinusha,1310,2544,162,143,189,161,10.92,194.2,15.7
Abhishek Sharma,Riyan Parag,1343,2457,209,118,182,146,8.79,182.95,11.76
Abhishek Sharma,Adam Zampa,274,549,46,19,46,31,6.93,200.36,11.93
Rachin Ravindra,Adam Zampa,250,484,43,16,37,30,6.4,193.6,11.26
Rachin Ravindra,Mitchell Starc,307,613,54,23,61,34,7.49,199.67,11.35
Ayush Mhatre,Arzan Nagwaswalla,17960,24690,460,2337,878,634,13.01,137.47,53.67
Sanju Samson,Arzan Nagwaswalla,13256,17899,350,1563,550,434,11.79,135.03,51.14
Ayush Mhatre,Praveen Jayawickrama,6584,8590,210,1074,307,202,16.31,130.47,40.9
Sanju Samson,Praveen Jayawickrama,6281,7754,169,1085,243,162,17.27,123.45,45.88
Ayush Mhatre,Jasprit Bumrah,18181,25988,382,2132,990,706,11.73,142.94,68.03
Sanju Samson,Jasprit Bumrah,13370,19094,322,1349,630,521,10.09,142.81,59.3
Mukul Choudhary,Jasprit Bumrah,7294,11074,264,1103,534,471,15.12,151.82,41.95
Mridul Surroch,Jasprit Bumrah,3050,4801,163,593,279,253,19.44,157.41,29.45
Mridul Surroch,Praveen Jayawickrama,1381,1614,91,446,88,74,32.3,116.87,17.74
Riyan Parag,Praveen Jayawickrama,629,785,57,179,47,39,28.46,124.8,13.77
Sanju Samson,Rachin Ravindra,2612,5035,213,261,353,297,9.99,192.76,23.64
Riyan Parag,Rachin Ravindra,2633,4084,346,502,294,230,19.07,155.11,11.8
Sanju Samson,Dian Forrester,2654,6284,92,77,491,384,2.9,236.77,68.3
Riyan Parag,Dian Forrester,2551,5276,105,292,388,321,11.45,206.82,50.25
Karan Shinde,Rachin Ravindra,2610,4188,224,437,289,222,16.74,160.46,18.7
Karan Shinde,Dian Forrester,2686,5525,94,249,398,318,9.27,205.7,58.78
Yuvraj Chaudhary,Rachin Ravindra,1541,2010,225,356,119,110,23.1,130.43,8.93
Yuvraj Chaudhary,Dian Forrester,2505,4168,110,492,290,213,19.64,166.39,37.89
Akash Vasisht,Dian Forrester,1130,2317,37,72,154,129,6.37,205.04,62.62
Akash Vasisht,Rachin Ravindra,1219,1853,129,213,132,85,17.47,152.01,14.36
Karan Shinde,Jasprit Bumrah,1092,1845,59,188,132,93,17.22,168.96,31.27
Akash Vasisht,Jasprit Bumrah,479,699,39,88,48,28,18.37,145.93,17.92
Akash Vasisht,Arzan Nagwaswalla,582,746,54,128,35,33,21.99,128.18,13.81
Karan Shinde,Arzan Nagwaswalla,1091,1579,77,227,109,72,20.81,144.73,20.51
Sahan Arachchige,Ravi Teja,886,1044,132,172,45,44,19.41,117.83,7.91
Sahan Arachchige,Mohammed Siraj,942,1064,139,166,58,31,17.62,112.95,7.65
Dega Nischal,Liam Livingstone,5242,10562,240,498,749,627,9.5,201.49,44.01
Sahan Arachchige,Liam Livingstone,1641,2350,289,269,150,132,16.39,143.21,8.13
Dega Nischal,Sunil Narine,4936,8083,242,926,491,472,18.76,163.76,33.4
Dega Nischal,Mitchell Santner,5178,9821,301,648,642,602,12.51,189.67,32.63
Vaibhav Suryavanshi,Dasun Shanaka,2834,6816,117,122,525,436,4.3,240.51,58.26
Vaibhav Suryavanshi,Sahan Arachchige,3297,7091,185,388,558,458,11.77,215.07,38.33
Sai Sudharsan,Sahan Arachchige,4054,7383,336,658,573,428,16.23,182.12,21.97
Sai Sudharsan,Dasun Shanaka,4079,9412,135,244,762,559,5.98,230.74,69.72
KL Rahul,Akeal Hosein,14182,23057,246,1006,976,829,7.09,162.58,93.73
Nishant Sindhu,Akeal Hosein,6309,8651,175,750,312,202,11.89,137.12,49.43
KL Rahul,Binura Fernando,11506,17114,244,888,612,452,7.72,148.74,70.14
Virat Singh,Binura Fernando,3401,5219,155,419,264,198,12.32,153.45,33.67
Virat Singh,Lasith Embuldeniya,4654,7027,129,895,374,326,19.23,150.99,54.47
KL Rahul,Lasith Embuldeniya,13832,20464,230,1492,830,614,10.79,147.95,88.97
Virat Singh,Akeal Hosein,4963,7597,175,890,388,364,17.93,153.07,43.41
Harry Brook,Binura Fernando,1177,1982,93,170,121,107,14.44,168.39,21.31
Harry Brook,Lasith Embuldeniya,4018,5880,187,825,332,281,20.53,146.34,31.44
Harry Brook,Akeal Hosein,4034,7469,192,444,479,400,11.01,185.15,38.9
Virat Singh,Axar Patel,2144,4580,84,198,333,278,9.24,213.62,54.52
Shivam Dube,Axar Patel,1252,2579,95,136,211,159,10.86,205.99,27.15
Harry Brook,Axar Patel,1844,3914,94,171,313,231,9.27,212.26,41.64
Shivam Dube,Mitchell Marsh,1723,3164,193,239,229,199,13.87,183.63,16.39
Tilak Varma,Mitchell Marsh,1213,2191,73,201,183,112,16.57,180.63,30.01
Rashid Khan,Mitchell Marsh,412,397,143,98,35,19,23.79,96.36,2.78
Calvin Harrison,Mitchell Marsh,426,398,51,155,23,14,36.38,93.43,7.8
Shiran Fernando,Mitchell Marsh,240,211,36,52,4,2,21.67,87.92,5.86
Prince Yadav,Mitchell Marsh,263,272,21,36,2,1,13.69,103.42,12.95
Mitchell Marsh,Prince Yadav,7414,11181,196,728,428,367,9.82,150.81,57.05
Luhan dre pretorious,Prince Yadav,5506,7365,249,622,262,163,11.3,133.76,29.58
Mitchell Marsh,Shiran Fernando,6344,9533,199,429,349,272,6.76,150.27,47.9
Luhan dre pretorious,Shiran Fernando,5531,7419,212,564,225,163,10.2,134.13,35.0
Rishabh Pant,Shiran Fernando,2364,2852,214,368,85,78,15.57,120.64,13.33
Rishabh Pant,Prince Yadav,2605,3373,165,508,166,110,19.5,129.48,20.44
Kartik Sharma,Shiran Fernando,5775,9783,220,708,494,481,12.26,169.4,44.47
Rishabh Pant,Gangam Anikethreddy,2372,2853,199,570,128,110,24.03,120.28,14.34
Rinku Singh,Gangam Anikethreddy,2385,3934,154,491,260,228,20.59,164.95,25.55
Kartik Sharma,Gangam Anikethreddy,6803,10998,216,1228,655,546,18.05,161.66,50.92
Kartik Sharma,Prince Yadav,2684,4645,80,457,303,248,17.03,173.06,58.06
Rinku Singh,Prince Yadav,1219,2032,71,232,131,113,19.03,166.69,28.62
Rinku Singh,Rashid Khan,1793,2855,150,320,177,161,17.85,159.23,19.03
Kartik Sharma,Rashid Khan,6487,10626,186,1057,618,502,16.29,163.8,57.13
Rinku Singh,Shiran Fernando,1579,2549,145,266,178,132,16.85,161.43,17.58
Sanvir Singh,Shiran Fernando,976,1735,152,77,131,95,7.89,177.77,11.41
Sanvir Singh,Gangam Anikethreddy,1381,2299,179,179,139,144,12.96,166.47,12.84
Sanvir Singh,Prince Yadav,593,1099,65,49,84,55,8.26,185.33,16.91
Sanvir Singh,Rashid Khan,1078,1823,147,125,115,109,11.6,169.11,12.4
Sanvir Singh,Calvin Harrison,816,1635,111,45,128,97,5.51,200.37,14.73
Axar Patel,Calvin Harrison,762,1293,94,87,101,60,11.42,169.69,13.76
Kartik Sharma,Calvin Harrison,1775,3629,84,206,277,215,11.61,204.45,43.2
Dega Nischal,Binura Fernando,10770,14482,281,929,450,261,8.63,134.47,51.54
Yashasvi Jaiswal,Binura Fernando,10665,14426,296,1012,409,302,9.49,135.26,48.74
Yashasvi Jaiswal,Lasith Embuldeniya,12458,17013,249,1647,590,425,13.22,136.56,68.33
Dega Nischal,Lasith Embuldeniya,12335,16357,264,1519,541,350,12.31,132.61,61.96
Yashasvi Jaiswal,Akeal Hosein,12549,18799,305,1170,735,593,9.32,149.8,61.64
Dega Nischal,Akeal Hosein,12570,18306,274,1107,668,520,8.81,145.63,66.81
Ryan Rickelton,Lasith Embuldeniya,6291,9013,189,1311,468,383,20.84,143.27,47.69
Ryan Rickelton,Akeal Hosein,6334,10576,172,807,583,481,12.74,166.97,61.49
Ryan Rickelton,Mitchell Marsh,2476,4447,161,373,321,248,15.06,179.6,27.62
Yashasvi Jaiswal,Mitchell Marsh,2013,4199,118,196,297,265,9.74,208.59,35.58
Ryan Rickelton,Axar Patel,2184,4449,123,215,334,258,9.84,203.71,36.17
Yashasvi Jaiswal,Axar Patel,1746,3901,66,106,275,243,6.07,223.42,59.11
Sahan Arachchige,Mitchell Marsh,606,758,144,119,46,46,19.64,125.08,5.26
Abhimanyu Easwaran,Mitchell Marsh,1609,2956,114,221,222,161,13.74,183.72,25.93
Suryakumar Yadav,Mitchell Marsh,2600,4784,168,391,376,253,15.04,184.0,28.48
Suryakumar Yadav,Axar Patel,1699,3413,68,223,251,197,13.13,200.88,50.19
Dasun Shanaka,Mitchell Marsh,1158,1911,164,169,138,106,14.59,165.03,11.65
Dasun Shanaka,Lasith Embuldeniya,629,896,62,129,48,48,20.51,142.45,14.45
Josh Tongue,Lasith Embuldeniya,98,74,29,28,4,2,28.57,75.51,2.55
Kuldeep Yadav,Lasith Embuldeniya,228,72,70,121,3,3,53.07,31.58,1.03
Kuldeep Yadav,Mitchell Marsh,230,86,87,106,7,3,46.09,37.39,0.99
Varun Chakravarthy,Mitchell Marsh,397,399,59,62,7,3,15.62,100.5,6.76
Mitchell Marsh,Chamika Gunasekara,7953,11883,251,653,451,360,8.21,149.42,47.34
Luhan dre pretorious,Chamika Gunasekara,5872,7849,219,594,235,165,10.12,133.67,35.84
Mitchell Marsh,Kuldeep Yadav,5231,9001,167,352,429,384,6.73,172.07,53.9
Luhan dre pretorious,Kuldeep Yadav,4115,5866,219,465,223,185,11.3,142.55,26.79
Rishabh Pant,Kuldeep Yadav,2294,2730,238,553,123,115,24.11,119.01,11.47
Rishabh Pant,Chamika Gunasekara,2524,3081,204,466,102,98,18.46,122.07,15.1
Rishabh Pant,Josh Tongue,2666,2994,268,553,102,91,20.74,112.3,11.17
Mitchell Marsh,Josh Tongue,7818,11737,257,657,464,361,8.4,150.13,45.67
Mitchell Marsh,Varun Chakravarthy,5887,9603,138,406,441,345,6.9,163.12,69.59
Rishabh Pant,Varun Chakravarthy,2289,2942,192,448,126,116,19.57,128.53,15.32
Kartik Sharma,Varun Chakravarthy,6517,10782,166,1078,581,558,16.54,165.44,64.95
Kartik Sharma,Kuldeep Yadav,6670,11370,256,966,640,594,14.48,170.46,44.41
Kartik Sharma,Josh Tongue,2657,4390,106,497,263,244,18.71,165.22,41.42
Rinku Singh,Josh Tongue,1372,2049,128,269,124,110,19.61,149.34,16.01
Sanvir Singh,Josh Tongue,620,888,103,89,52,46,14.35,143.23,8.62
Sanvir Singh,Varun Chakravarthy,1083,1742,132,143,128,82,13.2,160.85,13.2
Kartik Sharma,Dasun Shanaka,4779,10527,168,391,790,639,8.18,220.28,62.66
Sanvir Singh,Dasun Shanaka,1931,4129,214,78,329,242,4.04,213.83,19.29
Axar Patel,Dasun Shanaka,1029,1673,118,146,129,75,14.19,162.59,14.18
Axar Patel,Sahan Arachchige,1038,1303,182,211,81,63,20.33,125.53,7.16
Kartik Sharma,Sahan Arachchige,5450,9962,240,1037,744,576,19.03,182.79,41.51
Arpit Vasavada,Sahan Arachchige,2410,2648,301,709,157,106,29.42,109.88,8.8
Akeal Hosein,Dasun Shanaka,726,572,206,206,29,22,28.37,78.79,2.78
Lasith Embuldeniya,Dasun Shanaka,1165,1163,122,225,17,12,19.31,99.83,9.53
Lasith Embuldeniya,Sahan Arachchige,1189,1069,171,229,12,5,19.26,89.91,6.25
Binura Fernando,Sahan Arachchige,500,552,38,59,5,2,11.8,110.4,14.53
Binura Fernando,Josh Tongue,281,309,28,29,2,0,10.32,109.96,11.04
Lasith Embuldeniya,Josh Tongue,257,247,39,39,6,1,15.18,96.11,6.33
Lasith Embuldeniya,Varun Chakravarthy,450,433,48,86,3,3,19.11,96.22,9.02
Binura Fernando,Varun Chakravarthy,227,257,16,25,4,2,11.01,113.22,16.06
Nishant Sindhu,Binura Fernando,6781,9047,246,749,245,204,11.05,133.42,36.78
Nishant Sindhu,Lasith Embuldeniya,6402,8378,138,1011,263,200,15.79,130.87,60.71
Virat Singh,Mitchell Marsh,2829,5568,170,354,400,337,12.51,196.82,32.75
KL Rahul,Mitchell Marsh,3050,7085,120,187,568,441,6.13,232.3,59.04
KL Rahul,Axar Patel,2383,5773,91,69,429,377,2.9,242.26,63.44
Harry Brook,Mitchell Marsh,2443,4991,180,295,414,299,12.08,204.3,27.73
Tilak Varma,Axar Patel,1195,2205,47,199,159,127,16.65,184.52,46.91
Rashid Khan,Axar Patel,240,245,82,57,17,16,23.75,102.08,2.99
Gangam Anikethreddy,Mitchell Marsh,182,108,70,65,10,4,35.71,59.34,1.54
Gangam Anikethreddy,Akeal Hosein,187,97,57,84,8,4,44.92,51.87,1.7
Gangam Anikethreddy,Axar Patel,213,124,93,75,11,7,35.21,58.22,1.33
Calvin Harrison,Axar Patel,427,511,45,138,31,25,32.32,119.67,11.36
Luhan dre pretorious,Rashid Khan,5005,6839,179,620,226,194,12.39,136.64,38.21
Mitchell Marsh,Rashid Khan,7112,11405,195,579,504,417,8.14,160.36,58.49
Mitchell Marsh,Gangam Anikethreddy,5186,8800,143,464,455,379,8.95,169.69,61.54
Luhan dre pretorious,Gangam Anikethreddy,4139,5729,164,610,194,204,14.74,138.42,34.93
Rishabh Pant,Rashid Khan,2606,3172,224,545,142,112,20.91,121.72,14.16
Rinku Singh,Calvin Harrison,1390,2702,104,187,193,168,13.45,194.39,25.98
Dega Nischal,Tanay Thyagarajan,6411,8579,168,658,244,193,10.26,133.82,51.07
Yashasvi Jaiswal,Tanay Thyagarajan,6282,8659,168,666,296,211,10.6,137.84,51.54
Yashasvi Jaiswal,Harpreet Brar,13759,18118,350,890,399,214,6.47,131.68,51.77
Dega Nischal,Harpreet Brar,14228,18454,399,946,422,175,6.65,129.7,46.25
Yashasvi Jaiswal,Yuzvendra Chahal,13104,18145,251,776,471,291,5.92,138.47,72.29
Dega Nischal,Yuzvendra Chahal,13086,17781,262,787,435,269,6.01,135.88,67.87
Ryan Rickelton,Tanay Thyagarajan,3001,4323,131,486,199,167,16.19,144.05,33.0
Ryan Rickelton,Yuzvendra Chahal,5131,7754,135,433,280,254,8.44,151.12,57.44
Ryan Rickelton,Harpreet Brar,4947,6820,167,468,220,158,9.46,137.86,40.84
Dega Nischal,Seekkuge Prasanna,4392,6001,384,1002,340,330,22.81,136.63,15.63
Ryan Rickelton,Seekkuge Prasanna,6037,9020,520,1418,613,504,23.49,149.41,17.35
Ryan Rickelton,Hardik Pandya,3658,7647,180,414,586,467,11.32,209.05,42.48
Dega Nischal,Hardik Pandya,2428,4834,109,225,341,282,9.27,199.09,44.35
Sahan Arachchige,Hardik Pandya,1123,1770,202,169,123,107,15.05,157.61,8.76
Sahan Arachchige,Seekkuge Prasanna,2457,2499,523,583,142,114,23.73,101.71,4.78
Abhimanyu Easwaran,Seekkuge Prasanna,5381,7320,600,1157,467,365,21.5,136.03,12.2
Abhimanyu Easwaran,Hardik Pandya,2942,5465,186,342,367,316,11.62,185.76,29.38
Sahan Arachchige,Yuzvendra Chahal,926,1259,96,131,63,48,14.15,135.96,13.11
Suryakumar Yadav,Yuzvendra Chahal,679,1146,14,95,80,44,13.99,168.78,81.86
Abhimanyu Easwaran,Yuzvendra Chahal,1113,1989,46,135,125,99,12.13,178.71,43.24
Brian Bennett,Chamika Gunasekara,10014,14912,238,1033,575,485,10.32,148.91,62.66
Mayank Agarwal,Chamika Gunasekara,7862,10221,305,887,262,214,11.28,130.01,33.51
Mayank Agarwal,Josh Tongue,7862,9576,311,1031,232,159,13.11,121.8,30.79
Brian Bennett,Josh Tongue,10114,14979,244,1017,560,463,10.06,148.1,61.39
James Rew,Chamika Gunasekara,3844,5631,233,663,314,239,17.25,146.49,24.17
James Rew,Varun Chakravarthy,5743,8164,269,1089,385,358,18.96,142.16,30.35
Mayank Agarwal,Varun Chakravarthy,4641,6008,157,667,188,145,14.37,129.45,38.27
James Rew,Josh Tongue,3743,5196,226,673,280,190,17.98,138.82,22.99
James Rew,Kuldeep Yadav,5593,8030,367,1016,420,355,18.17,143.57,21.88
Mayank Agarwal,Kuldeep Yadav,4052,5600,208,619,217,204,15.28,138.2,26.92
Mayank Agarwal,Sahan Arachchige,339,519,48,66,41,27,19.47,153.1,10.81
Jitesh Sharma,Sahan Arachchige,557,841,98,95,82,35,17.06,150.99,8.58
Hardik Pandya,Sahan Arachchige,1471,2747,163,159,203,168,10.81,186.74,16.85
James Rew,Sahan Arachchige,2759,4154,271,678,302,235,24.57,150.56,15.33
James Rew,Dasun Shanaka,2664,5348,183,304,392,323,11.41,200.75,29.22
Hardik Pandya,Dasun Shanaka,2019,4289,153,151,311,274,7.48,212.43,28.03
Bipin Saurabh,Sahan Arachchige,1351,2340,178,184,159,139,13.62,173.21,13.15
Seekkuge Prasanna,Sahan Arachchige,1850,3051,325,326,264,174,17.62,164.92,9.39
Harpreet Brar,Dasun Shanaka,762,1279,126,77,92,65,10.1,167.85,10.15
Harpreet Brar,Varun Chakravarthy,359,571,64,56,36,35,15.6,159.05,8.92
Brian Bennett,Malinda Pushpakumara,7437,9498,112,460,168,54,6.19,127.71,84.8
Kangabam Priyojit Singh,Malinda Pushpakumara,7144,9347,112,355,175,46,4.97,130.84,83.46
Kangabam Priyojit Singh,CV Stephen,7079,9230,95,353,157,60,4.99,130.39,97.16
Brian Bennett,CV Stephen,7660,9902,92,426,177,61,5.56,129.27,107.63
Kangabam Priyojit Singh,Mitchell Santner,3961,8611,174,304,607,546,7.67,217.39,49.49
Kangabam Priyojit Singh,Liam Livingstone,5061,11573,187,288,779,765,5.69,228.67,61.89
Kangabam Priyojit Singh,Sunil Narine,4095,7072,164,757,469,403,18.49,172.7,43.12
Rajat Patidar,Mitchell Santner,2142,3963,169,296,291,236,13.82,185.01,23.45
Rajat Patidar,Sunil Narine,2289,3566,179,515,250,199,22.5,155.79,19.92
Aneurin Donald,Sunil Narine,2446,3988,88,693,299,238,28.33,163.04,45.32
Aneurin Donald,Mitchell Santner,2303,4346,108,464,314,281,20.15,188.71,40.24
Aneurin Donald,Liam Livingstone,2270,4636,76,345,333,302,15.2,204.23,61.0
Vishen Halambage,Liam Livingstone,1062,1892,78,164,156,95,15.44,178.15,24.26
Vishen Halambage,Sunil Narine,1015,1716,48,205,109,107,20.2,169.06,35.75
Seekkuge Prasanna,Sunil Narine,1504,2564,159,370,238,149,24.6,170.48,16.13
Ravindra Jadeja,Sunil Narine,452,524,14,169,36,23,37.39,115.93,37.43
Ravindra Jadeja,Liam Livingstone,466,679,16,114,42,31,24.46,145.71,42.44
Vishen Halambage,CV Stephen,434,922,46,47,67,63,10.83,212.44,20.04
Ravindra Jadeja,CV Stephen,488,840,24,106,55,50,21.72,172.13,35.0
Vishen Halambage,Malinda Pushpakumara,359,655,53,35,56,32,9.75,182.45,12.36
Ravindra Jadeja,Malinda Pushpakumara,495,670,40,133,53,28,26.87,135.35,16.75
Jos Buttler,Yuzvendra Chahal,7101,9230,116,541,212,73,7.62,129.98,79.57
Jos Buttler,Harpreet Brar,7030,9001,187,511,173,70,7.27,128.04,48.13
Vaibhav Suryavanshi,Seekkuge Prasanna,5906,10199,417,1204,726,611,20.39,172.69,24.46
Jos Buttler,Ravindra Jadeja,2246,4092,114,418,271,254,18.61,182.19,35.89
Vaibhav Suryavanshi,Ravindra Jadeja,2881,6170,141,276,471,372,9.58,214.16,43.76
Vaibhav Suryavanshi,Vishen Halambage,2786,3997,268,710,238,241,25.48,143.47,14.91
Sai Sudharsan,Vishen Halambage,3294,4316,296,886,268,228,26.9,131.03,14.58
Sai Sudharsan,Ravindra Jadeja,3210,5942,121,524,415,346,16.32,185.11,49.11
Yashvardhan Dalal,Vishen Halambage,3580,4011,306,1320,233,228,36.87,112.04,13.11
Salil Arora,Vishen Halambage,2287,3626,285,476,257,226,20.81,158.55,12.72
Salil Arora,Ravindra Jadeja,1936,3676,142,240,267,216,12.4,189.88,25.89
Kunal Chandela,Vishen Halambage,2008,2463,248,580,185,120,28.88,122.66,9.93
Liam Livingstone,Ravindra Jadeja,1404,2343,89,275,174,120,19.59,166.88,26.33
Liam Livingstone,Vishen Halambage,1381,1738,198,373,117,90,27.01,125.85,8.78
Mitchell Santner,Harpreet Brar,977,1532,123,170,108,78,17.4,156.81,12.46
Sunil Narine,Harpreet Brar,532,583,81,116,32,16,21.8,109.59,7.2
CV Stephen,Harpreet Brar,492,482,70,77,7,4,15.65,97.97,6.89
CV Stephen,Yuzvendra Chahal,451,460,51,47,1,3,10.42,102.0,9.02
Arpit Vasavada,Shiran Fernando,752,831,99,185,54,24,24.6,110.51,8.39
Akeal Hosein,Gangam Anikethreddy,366,322,108,105,21,17,28.69,87.98,2.98
Lasith Embuldeniya,Gangam Anikethreddy,638,662,68,95,5,6,14.89,103.76,9.74
Shivam Dube,Binura Fernando,551,981,49,77,62,62,13.97,178.04,20.02
Shivam Dube,Akeal Hosein,1356,2322,123,224,157,139,16.52,171.24,18.88
Tilak Varma,Binura Fernando,361,624,29,61,34,41,16.9,172.85,21.52
Shivam Dube,Lasith Embuldeniya,1452,2249,110,325,168,116,22.38,154.89,20.45
Tilak Varma,Lasith Embuldeniya,1202,1644,55,311,92,83,25.87,136.77,29.89
Tilak Varma,Akeal Hosein,1212,1912,42,245,129,89,20.21,157.76,45.52
Shiran Fernando,Lasith Embuldeniya,310,324,31,38,5,0,12.26,104.52,10.45
Vishen Halambage,Dushan Hemantha,531,901,55,86,59,56,16.2,169.68,16.38
Matt Short,Harpreet Brar,528,810,35,42,43,23,7.95,153.41,23.14
Matt Short,Yuzvendra Chahal,457,684,18,34,30,20,7.44,149.67,38.0
Matt Short,Seekkuge Prasanna,2956,2873,284,1118,165,130,37.82,97.19,10.12
Venkatesh Iyer,Seekkuge Prasanna,2926,3347,295,982,195,188,33.56,114.39,11.35
Sanvir Singh,Seekkuge Prasanna,3332,4737,636,583,339,264,17.5,142.17,7.45
Matt Short,Ravindra Jadeja,2654,3995,164,671,232,241,25.28,150.53,24.36
Mohammed Shami,Seekkuge Prasanna,465,458,51,55,3,1,11.83,98.49,8.98
Mohammed Shami,Ravindra Jadeja,556,559,49,69,2,2,12.41,100.54,11.41
Mohammed Shami,Vishen Halambage,473,473,54,85,4,5,17.97,100.0,8.76
Vaibhav Suryavanshi,Yash Thakur,5330,9842,151,255,514,455,4.78,184.65,65.18
Yashvardhan Dalal,Matthew Forde,2137,4103,74,334,279,251,15.63,192.0,55.45
Yashvardhan Dalal,Akash Deep,2210,4296,101,303,294,266,13.71,194.39,42.53
Yashvardhan Dalal,Mohsin Khan,3969,7291,170,658,490,436,16.58,183.7,42.89
Kunal Chandela,Mohsin Khan,1300,2453,85,214,170,156,16.46,188.69,28.86
Salil Arora,Mohsin Khan,1075,2213,110,103,180,131,9.58,205.86,20.12
Kunal Chandela,Akash Deep,864,1774,60,125,151,107,14.47,205.32,29.57
Liam Livingstone,Akash Deep,455,917,45,54,62,61,11.87,201.54,20.38
Shubman Gill,Mitchell Santner,6535,13220,281,791,951,808,12.1,202.3,47.05
Shubman Gill,Sunil Narine,6735,11242,229,1417,738,633,21.04,166.92,49.09
Heinrich Klaasen,Sunil Narine,3345,4662,272,976,293,278,29.18,139.37,17.14
Heinrich Klaasen,Mitchell Santner,3434,5927,340,690,463,354,20.09,172.6,17.43
Akash Deep,CV Stephen,238,262,76,45,15,15,18.91,110.08,3.45
Sarfaraz Khan,CV Stephen,578,1177,62,27,86,64,4.67,203.63,18.98
Mohsin Khan,CV Stephen,265,169,69,85,10,2,32.08,63.77,2.45
Akash Deep,Malinda Pushpakumara,211,214,82,39,19,11,18.48,101.42,2.61
Yash Thakur,Malinda Pushpakumara,468,482,57,60,5,5,12.82,102.99,8.46
Mohsin Khan,Malinda Pushpakumara,286,177,79,94,8,3,32.87,61.89,2.24
Tim Seifert,CV Stephen,7683,10030,109,419,192,56,5.45,130.55,92.02
Smaran Ravichandra,CV Stephen,7412,9414,123,519,144,56,7.0,127.01,76.54
Smaran Ravichandra,Malinda Pushpakumara,7284,9296,105,489,150,49,6.71,127.62,88.53
Tim Seifert,Malinda Pushpakumara,7368,9539,125,366,155,45,4.97,129.47,76.31
Smaran Ravichandra,Mitchell Santner,4543,8237,180,970,563,528,21.35,181.31,45.76
Tim Seifert,Mitchell Santner,4092,7504,231,676,567,424,16.52,183.38,32.48
Tim Seifert,Sunil Narine,4116,6248,146,1163,392,384,28.26,151.8,42.79
Smaran Ravichandra,Sunil Narine,4632,6468,183,1525,403,379,32.92,139.64,35.34
Tim Seifert,Liam Livingstone,4686,9388,186,556,647,577,11.87,200.34,50.47
Smaran Ravichandra,Liam Livingstone,5346,10850,185,742,832,640,13.88,202.96,58.65
Rahul Tripathi,Sunil Narine,3476,3838,257,1261,255,182,36.28,110.41,14.93
Rahul Tripathi,Mitchell Santner,3382,5211,207,881,362,303,26.05,154.08,25.17
Ankit Kumar,Mitchell Santner,2212,3917,262,339,280,240,15.33,177.08,14.95
Ankit Kumar,Liam Livingstone,2647,5371,269,244,397,340,9.22,202.91,19.97
Rohit Sharma,Liam Livingstone,3713,7453,250,349,527,451,9.4,200.73,29.81
Rohit Sharma,Sunil Narine,3877,6804,227,730,502,389,18.83,175.5,29.97
Rohit Sharma,Mitchell Santner,4007,7754,247,468,582,443,11.68,193.51,31.39
Donovan Ferreira,Liam Livingstone,2450,4625,273,319,356,281,13.02,188.78,16.94
Krunal Pandya,Liam Livingstone,3517,6191,218,646,464,348,18.37,176.03,28.4
Rohit Sharma,CV Stephen,620,1407,48,54,106,94,8.71,226.94,29.31
Prashant Veer,Malinda Pushpakumara,605,869,62,102,49,40,16.86,143.64,14.02
Rohit Sharma,Malinda Pushpakumara,617,1255,77,49,93,78,7.94,203.4,16.3
Vaibhav Suryavanshi,Nishan Peiris,7320,10803,138,666,377,310,9.1,147.58,78.28
Sai Sudharsan,Nishan Peiris,2996,4341,84,473,196,160,15.79,144.89,51.68
Jos Buttler,Nishan Peiris,6734,8803,196,992,269,206,14.73,130.72,44.91
Jos Buttler,Ravi Bishnoi,6845,9661,176,719,331,244,10.5,141.14,54.89
Sai Sudharsan,Ravi Bishnoi,3121,5130,72,355,262,215,11.37,164.37,71.25
Yashvardhan Dalal,Nishan Peiris,1204,2084,45,237,151,113,19.68,173.09,46.31
Yashvardhan Dalal,Ravi Bishnoi,1179,2141,46,206,160,115,17.47,181.59,46.54
Sai Sudharsan,Harsh Dubey,5913,9363,174,752,460,396,12.72,158.35,53.81
Yashvardhan Dalal,Harsh Dubey,2535,4440,99,462,295,255,18.22,175.15,44.85
Salil Arora,Harsh Dubey,412,808,38,59,61,53,14.32,196.12,21.26
Salil Arora,Ravi Bishnoi,445,930,45,50,73,60,11.24,208.99,20.67
Sai Sudharsan,Donovan Ferreira,4642,9875,178,452,727,608,9.74,212.73,55.48
Salil Arora,Donovan Ferreira,1163,2399,77,118,176,148,10.15,206.28,31.16
Salil Arora,Prashant Veer,1645,3170,154,258,250,200,15.68,192.71,20.58
Sai Sudharsan,Prashant Veer,2881,5172,169,523,377,312,18.15,179.52,30.6
Sai Sudharsan,Krunal Pandya,5447,11490,229,605,799,749,11.11,210.94,50.17
Salil Arora,Krunal Pandya,1509,3229,103,176,270,197,11.66,213.98,31.35
Kunal Chandela,Prashant Veer,1319,2478,88,257,205,148,19.48,187.87,28.16
Kunal Chandela,Donovan Ferreira,1334,2581,51,220,178,169,16.49,193.48,50.61
Liam Livingstone,Krunal Pandya,2458,5334,99,238,412,322,9.68,217.01,53.88
Mitchell Santner,Krunal Pandya,1124,1956,61,246,158,101,21.89,174.02,32.07
Mitchell Santner,Prashant Veer,464,494,47,184,33,22,39.66,106.47,10.51
Kunal Chandela,Krunal Pandya,2532,4969,152,346,372,286,13.67,196.25,32.69
Mitchell Santner,Harsh Dubey,451,739,46,78,56,38,17.29,163.86,16.07
Kunal Chandela,Harsh Dubey,756,1553,67,91,123,95,12.04,205.42,23.18
Sunil Narine,Harsh Dubey,213,209,25,28,4,0,13.15,98.12,8.36
Sunil Narine,Krunal Pandya,395,462,31,71,11,14,17.97,116.96,14.9
Sanvir Singh,Riyan Parag,969,1634,205,79,107,106,8.15,168.63,7.97
Akeal Hosein,Riyan Parag,343,327,118,73,18,17,21.28,95.34,2.77
Mohammed Shami,Riyan Parag,379,381,42,58,4,0,15.3,100.53,9.07
Jos Buttler,Akeal Hosein,6521,9583,188,1011,419,349,15.5,146.96,50.97
Salil Arora,Mohammed Shami,758,1569,70,54,98,107,7.12,206.99,22.41
Kunal Chandela,Akeal Hosein,848,1649,37,136,142,89,16.04,194.46,44.57
Kunal Chandela,Mohammed Shami,696,1292,47,93,91,73,13.36,185.63,27.49
Kartik Sharma,CV Stephen,2045,3193,64,136,136,100,6.65,156.14,49.89
Kartik Sharma,Malinda Pushpakumara,2202,3263,55,194,146,73,8.81,148.18,59.33
Matt Short,Malinda Pushpakumara,768,1270,37,89,73,53,11.59,165.36,34.32
Matt Short,CV Stephen,875,1567,70,92,119,70,10.51,179.09,22.39
Sanvir Singh,Mitchell Santner,2471,4722,316,230,362,283,9.31,191.1,14.94
Arpit Vasavada,Mitchell Santner,1667,2250,115,469,135,114,28.13,134.97,19.57
Arpit Vasavada,Sunil Narine,1550,1631,112,555,108,61,35.81,105.23,14.56
Akeal Hosein,Mitchell Santner,406,359,136,106,24,17,26.11,88.42,2.64
Dushan Hemantha,Mitchell Santner,148,93,40,48,3,2,32.43,62.84,2.33
Lasith Embuldeniya,Mitchell Santner,685,659,60,156,6,3,22.77,96.2,10.98
Mohammed Shami,Sunil Narine,106,106,13,8,1,0,7.55,100.0,8.15
Mohammed Shami,Liam Livingstone,232,216,49,36,5,4,15.52,93.1,4.41
Mohammed Shami,Mitchell Santner,104,102,11,17,1,0,16.35,98.08,9.27
Ayush Mhatre,Harpreet Brar,14964,20236,298,1205,515,328,8.05,135.23,67.91
Sanju Samson,Harpreet Brar,14262,18816,342,1110,436,261,7.78,131.93,55.02
Ayush Mhatre,Yuzvendra Chahal,14193,20446,221,959,633,409,6.76,144.06,92.52
Sanju Samson,Yuzvendra Chahal,13428,18814,214,846,523,335,6.3,140.11,87.92
Ayush Mhatre,Ravindra Jadeja,2557,4618,139,467,293,292,18.26,180.6,33.22
Sanju Samson,Ravindra Jadeja,2768,5278,170,415,347,342,14.99,190.68,31.05
Ayush Mhatre,Seekkuge Prasanna,6211,9852,424,1654,665,620,26.63,158.62,23.24
Sanju Samson,Seekkuge Prasanna,5418,8459,452,1280,569,507,23.62,156.13,18.71
Mukul Choudhary,Seekkuge Prasanna,5780,8068,550,1479,531,448,25.59,139.58,14.67
Mukul Choudhary,Ravindra Jadeja,2468,4313,156,447,296,262,18.11,174.76,27.65
Mukul Choudhary,Vishen Halambage,2553,2966,324,756,164,165,29.61,116.18,9.15
Sanju Samson,Vishen Halambage,2648,3644,197,737,222,208,27.83,137.61,18.5
Mridul Surroch,Vishen Halambage,2914,3713,288,890,227,214,30.54,127.42,12.89
Mridul Surroch,Ravindra Jadeja,2600,4691,133,479,338,278,18.42,180.42,35.27
Mridul Surroch,Seekkuge Prasanna,6007,8654,625,1525,618,480,25.39,144.07,13.85
Riyan Parag,Vishen Halambage,2128,2114,321,675,131,99,31.72,99.34,6.59
Riyan Parag,Ravindra Jadeja,2117,3200,161,504,213,180,23.81,151.16,19.88
Karan Shinde,Ravindra Jadeja,2233,3538,88,420,216,182,18.81,158.44,40.2
Yuvraj Chaudhary,Vishen Halambage,1561,1595,217,489,95,67,31.33,102.18,7.35
Akash Vasisht,Vishen Halambage,1237,1494,126,310,68,71,25.06,120.78,11.86
Karan Shinde,Vishen Halambage,2466,3099,210,586,201,122,23.76,125.67,14.76
Akash Vasisht,Seekkuge Prasanna,2056,2531,225,530,146,120,25.78,123.1,11.25
Karan Shinde,Seekkuge Prasanna,4723,6683,420,1006,431,335,21.3,141.5,15.91
Akash Vasisht,Harpreet Brar,1004,1542,97,124,93,64,12.35,153.59,15.9
Karan Shinde,Harpreet Brar,1010,1622,93,106,108,66,10.5,160.59,17.44
Akash Vasisht,Yuzvendra Chahal,1095,1917,51,80,113,79,7.31,175.07,37.59
Karan Shinde,Yuzvendra Chahal,1071,1903,37,108,131,83,10.08,177.68,51.43
Brian Bennett,Adam Zampa,7120,9007,99,372,130,30,5.22,126.5,90.98
Kangabam Priyojit Singh,Adam Zampa,6745,8464,114,373,121,27,5.53,125.49,74.25
Kangabam Priyojit Singh,Mitchell Starc,6722,8588,109,335,138,31,4.98,127.76,78.79
Brian Bennett,Mitchell Starc,7307,9229,110,435,147,41,5.95,126.3,83.9
Kangabam Priyojit Singh,Sonal Dinusha,2127,4701,111,124,309,313,5.83,221.02,42.35
Brian Bennett,Sonal Dinusha,2872,5029,135,543,319,306,18.91,175.1,37.25
Brian Bennett,Riyan Parag,2726,4757,181,464,350,261,17.02,174.5,26.28
James Rew,Riyan Parag,2111,3246,241,443,209,196,20.99,153.77,13.47
Rajat Patidar,Sonal Dinusha,1691,3281,165,185,230,210,10.94,194.03,19.88
Rajat Patidar,Riyan Parag,1837,3459,206,185,246,213,10.07,188.3,16.79
Aneurin Donald,Riyan Parag,2110,4072,140,297,290,250,14.08,192.99,29.09
Rajat Patidar,Mridul Surroch,1687,3214,111,194,196,203,11.5,190.52,28.95
Vishen Halambage,Mridul Surroch,1109,1956,85,170,134,113,15.33,176.38,23.01
Vishen Halambage,Akash Vasisht,1197,1853,96,213,137,84,17.79,154.8,19.3
Rajat Patidar,Akash Vasisht,1757,3246,201,225,229,207,12.81,184.75,16.15
Seekkuge Prasanna,Akash Vasisht,1513,2906,187,218,232,187,14.41,192.07,15.54
Seekkuge Prasanna,Mridul Surroch,1600,2903,169,252,224,170,15.75,181.44,17.18
Seekkuge Prasanna,Riyan Parag,722,1150,126,141,91,73,19.53,159.28,9.13
Vishen Halambage,Riyan Parag,1270,2499,130,141,186,155,11.1,196.77,19.22
Ravindra Jadeja,Riyan Parag,912,1243,57,257,79,65,28.18,136.29,21.81
Ravindra Jadeja,Akash Vasisht,811,947,43,273,60,42,33.66,116.77,22.02
Dan Lawrence,Mridul Surroch,1029,1724,39,139,100,88,13.51,167.54,44.21
Dan Lawrence,Riyan Parag,421,517,37,87,25,22,20.67,122.8,13.97
Dan Lawrence,Akash Vasisht,966,1619,54,126,101,83,13.04,167.6,29.98
Dan Lawrence,Adam Zampa,425,628,23,53,33,23,12.47,147.76,27.3
Ravindra Jadeja,Adam Zampa,658,937,39,164,53,47,24.92,142.4,24.03
Ravindra Jadeja,Mitchell Starc,638,976,34,120,59,47,18.81,152.98,28.71
Dan Lawrence,Mitchell Starc,462,722,33,55,36,33,11.9,156.28,21.88
Virat Kohli,Kuldeep Yadav,9266,14516,432,494,602,480,5.33,156.66,33.6
Prabhsimran Singh,Vaisakh Chandran,6274,8746,149,535,270,198,8.53,139.4,58.7
Virat Kohli,Vaisakh Chandran,6137,8647,154,469,275,185,7.64,140.9,56.15
Virat Kohli,Varun Chakravarthy,10996,16182,324,760,560,425,6.91,147.16,49.94
Devdutt Padikkal,Vaisakh Chandran,2969,4505,111,403,213,168,13.57,151.73,40.59
Shreyas Iyer,Vaisakh Chandran,1411,2340,52,208,125,125,14.74,165.84,45.0
Shreyas Iyer,Sahan Arachchige,4187,7474,372,688,564,439,16.43,178.5,20.09
Prabhsimran Singh,Sahan Arachchige,2224,4235,214,267,298,263,12.01,190.42,19.79
Chris Lynn,Sahan Arachchige,2489,3762,301,628,275,227,25.23,151.15,12.5
Chris Lynn,Dasun Shanaka,1832,4215,76,169,317,280,9.22,230.08,55.46
Shreyas Iyer,Charith Asalanka,2936,6483,83,165,446,397,5.62,220.81,78.11
Chris Lynn,Charith Asalanka,1717,3837,33,157,279,246,9.14,223.47,116.27
Will Jacks,Charith Asalanka,1849,3897,56,158,275,229,8.55,210.76,69.59
Will Jacks,Dasun Shanaka,2273,4735,113,200,369,260,8.8,208.32,41.9
Will Jacks,Sahan Arachchige,2012,3326,240,386,256,188,19.18,165.31,13.86
Washington Sundar,Dasun Shanaka,2833,5310,189,306,374,278,10.8,187.43,28.1
Will Jacks,Vaisakh Chandran,402,745,29,60,57,41,14.93,185.32,25.69
Washington Sundar,Vaisakh Chandran,267,402,39,32,31,15,11.99,150.56,10.31
Washington Sundar,Kuldeep Yadav,948,1457,98,150,107,60,15.82,153.69,14.87
Shubham Agarwal,Kuldeep Yadav,229,153,52,80,5,5,34.93,66.81,2.94
Theesan Vithushan,Kuldeep Yadav,162,95,50,60,5,3,37.04,58.64,1.9
Will Jacks,Kuldeep Yadav,483,822,52,62,50,47,12.84,170.19,15.81
Dega Nischal,Scott Curie,7085,9064,111,369,145,47,5.21,127.93,81.66
Yashasvi Jaiswal,Scott Curie,6779,8703,102,327,138,43,4.82,128.38,85.32
Yashasvi Jaiswal,Theesan Vithushan,10093,14517,139,486,404,269,4.82,143.83,104.44
Dega Nischal,Theesan Vithushan,10147,14368,145,493,387,244,4.86,141.6,99.09
Ryan Rickelton,Scott Curie,1806,2675,24,96,85,50,5.32,148.12,111.46
Ryan Rickelton,Theesan Vithushan,3421,5704,63,209,255,208,6.11,166.73,90.54
Ryan Rickelton,Isitha Wijesundara,6162,12396,204,760,904,723,12.33,201.17,60.76
Dhruv Jurel,Isitha Wijesundara,1783,3425,63,250,256,190,14.02,192.09,54.37
Dhruv Jurel,Washington Sundar,3251,6554,161,431,474,419,13.26,201.6,40.71
Dhruv Jurel,Will Jacks,3087,6135,151,436,478,362,14.12,198.74,40.63
Dega Nischal,Will Jacks,3308,6714,146,353,497,399,10.67,202.96,45.99
Dhruv Jurel,Shubham Agarwal,2574,3713,259,643,261,205,24.98,144.25,14.34
Abhimanyu Easwaran,Shubham Agarwal,1733,2786,200,296,193,158,17.08,160.76,13.93
Dega Nischal,Shubham Agarwal,2686,3752,230,610,245,187,22.71,139.69,16.31
Sahan Arachchige,Shubham Agarwal,744,959,177,140,57,62,18.82,128.9,5.42
Sahan Arachchige,Will Jacks,617,822,102,136,59,42,22.04,133.23,8.06
Charith Asalanka,Washington Sundar,1179,2013,108,213,139,120,18.07,170.74,18.64
Charith Asalanka,Shubham Agarwal,895,1076,130,230,60,52,25.7,120.22,8.28
Dasun Shanaka,Shubham Agarwal,765,990,113,167,60,50,21.83,129.41,8.76
Kuldeep Yadav,Washington Sundar,311,125,103,160,14,3,51.45,40.19,1.21
Varun Chakravarthy,Shubham Agarwal,305,231,58,74,1,1,24.26,75.74,3.98
Vaisakh Chandran,Shubham Agarwal,211,213,20,47,3,1,22.27,100.95,10.65
Kuldeep Yadav,Shubham Agarwal,256,96,109,115,7,7,44.92,37.5,0.88
Vaisakh Chandran,Scott Curie,292,288,25,52,0,1,17.81,98.63,11.52
Kuldeep Yadav,Scott Curie,178,51,49,99,4,0,55.62,28.65,1.04
Sanvir Singh,Mitchell Starc,191,341,36,11,25,18,5.76,178.53,9.47
Sanvir Singh,Adam Zampa,168,274,25,11,19,11,6.55,163.1,10.96
Sanvir Singh,Mridul Surroch,2051,3838,299,151,278,229,7.36,187.13,12.84
Mohammed Shami,Sonal Dinusha,386,413,33,50,6,2,12.95,106.99,12.52
Rahul Tripathi,Mohsin Khan,2592,4131,165,430,272,185,16.59,159.38,25.04
Rahul Tripathi,Akash Deep,2784,4627,165,393,270,234,14.12,166.2,28.04
Ankit Kumar,Akash Deep,1390,2738,153,100,176,171,7.19,196.98,17.9
Ankit Kumar,Mohsin Khan,1460,2891,132,140,196,183,9.59,198.01,21.9
Rohit Sharma,Akash Deep,1312,2612,123,116,190,158,8.84,199.09,21.24
Rohit Sharma,Matthew Forde,1243,2373,82,137,156,143,11.02,190.91,28.94
Donovan Ferreira,Matthew Forde,831,1754,73,107,138,116,12.88,211.07,24.03
Harsh Dubey,Yash Thakur,209,148,78,62,12,6,29.67,70.81,1.9
Ravi Bishnoi,Matthew Forde,254,253,31,56,4,4,22.05,99.61,8.16
Ravi Bishnoi,Yash Thakur,278,242,42,68,2,4,24.46,87.05,5.76
Ruchit Ahir,Ravi Bishnoi,2758,4270,107,381,240,167,13.81,154.82,39.91
Ruchit Ahir,Harsh Dubey,2630,3924,88,437,207,157,16.62,149.2,44.59
Ruchit Ahir,Prashant Veer,2555,4585,154,450,298,289,17.61,179.45,29.77
Ruchit Ahir,Donovan Ferreira,2102,4000,89,269,267,239,12.8,190.29,44.94
Ishan Kishan,Krunal Pandya,3697,8073,228,299,634,494,8.09,218.37,35.41
Tim Seifert,Vaisakh Chandran,7075,9590,157,724,313,198,10.23,135.55,61.08
Smaran Ravichandra,Vaisakh Chandran,7405,9741,129,1061,294,226,14.33,131.55,75.51
Tim Seifert,Varun Chakravarthy,7190,9716,170,751,274,207,10.45,135.13,57.15
Smaran Ravichandra,Varun Chakravarthy,7222,9518,148,987,274,216,13.67,131.79,64.31
Tim Seifert,Kuldeep Yadav,6378,8978,187,665,298,237,10.43,140.77,48.01
Smaran Ravichandra,Kuldeep Yadav,6699,8936,191,1001,299,236,14.94,133.39,46.79
Rahul Tripathi,Vaisakh Chandran,2657,3562,84,486,169,108,18.29,134.06,42.4
Rahul Tripathi,Kuldeep Yadav,2871,3738,156,614,176,140,21.39,130.2,23.96
Ankit Kumar,Kuldeep Yadav,936,1327,123,202,71,82,21.58,141.77,10.79
Ankit Kumar,Varun Chakravarthy,855,1342,97,136,80,74,15.91,156.96,13.84
Rahul Tripathi,Varun Chakravarthy,2748,3531,110,546,141,109,19.87,128.49,32.1
Rohit Sharma,Varun Chakravarthy,5520,8170,197,584,328,280,10.58,148.01,41.47
Ankit Kumar,Charith Asalanka,1703,3969,54,64,314,239,3.76,233.06,73.5
Rohit Sharma,Charith Asalanka,1598,3507,35,123,250,223,7.7,219.46,100.2
Rohit Sharma,Sahan Arachchige,2553,4044,364,426,293,226,16.69,158.4,11.11
Ankit Kumar,Sahan Arachchige,1690,2617,315,301,197,161,17.81,154.85,8.31
Donovan Ferreira,Sahan Arachchige,2832,4588,463,447,366,248,15.78,162.01,9.91
Donovan Ferreira,Charith Asalanka,1090,2356,30,87,180,133,7.98,216.15,78.53
Krunal Pandya,Charith Asalanka,856,1504,13,160,101,79,18.69,175.7,115.69
Donovan Ferreira,Dasun Shanaka,2364,4906,193,168,388,281,7.11,207.53,25.42
Krunal Pandya,Dasun Shanaka,2462,4937,95,291,382,266,11.82,200.53,51.97
Prashant Veer,Dasun Shanaka,925,1766,36,75,105,99,8.11,190.92,49.06
Prashant Veer,Sahan Arachchige,1143,1346,178,261,89,53,22.83,117.76,7.56
Donovan Ferreira,Varun Chakravarthy,1248,2236,127,167,151,130,13.38,179.17,17.61
Prashant Veer,Varun Chakravarthy,269,388,26,53,30,15,19.7,144.24,14.92
Harsh Dubey,Varun Chakravarthy,335,272,99,100,18,12,29.85,81.19,2.75
Donovan Ferreira,Kuldeep Yadav,1354,2258,169,155,141,128,11.45,166.77,13.36
Harsh Dubey,Kuldeep Yadav,416,346,140,105,18,18,25.24,83.17,2.47
Ravi Bishnoi,Kuldeep Yadav,265,267,34,60,6,5,22.64,100.75,7.85
Nishan Peiris,Kuldeep Yadav,158,160,18,19,0,1,12.03,101.27,8.89
Dega Nischal,Ravi Bishnoi,6777,9623,173,507,312,226,7.48,141.99,55.62
Yashasvi Jaiswal,Ravi Bishnoi,6752,9682,164,514,317,234,7.61,143.39,59.04
Yashasvi Jaiswal,Nishan Peiris,6630,9255,187,642,299,226,9.68,139.59,49.49
Dega Nischal,Nishan Peiris,6708,9058,185,679,290,173,10.12,135.03,48.96
Dega Nischal,Harsh Dubey,12896,18074,326,1152,578,439,8.93,140.15,55.44
Yashasvi Jaiswal,Harsh Dubey,12970,18674,306,1106,712,461,8.53,143.98,61.03
Ryan Rickelton,Ravi Bishnoi,2991,5050,119,253,267,220,8.46,168.84,42.44
Ryan Rickelton,Nishan Peiris,2937,4200,129,464,201,147,15.8,143.0,32.56
Dhruv Jurel,Nishan Peiris,1340,1870,91,279,104,80,20.82,139.55,20.55
Dhruv Jurel,Ravi Bishnoi,1300,2096,82,203,133,102,15.62,161.23,25.56
Dega Nischal,Krunal Pandya,2809,5810,133,235,427,334,8.37,206.84,43.68
Dhruv Jurel,Krunal Pandya,2363,4468,153,370,342,262,15.66,189.08,29.2
Abhimanyu Easwaran,Krunal Pandya,4299,8658,215,486,670,499,11.3,201.4,40.27
Dega Nischal,Donovan Ferreira,2682,5737,119,156,413,339,5.82,213.91,48.21
Abhimanyu Easwaran,Donovan Ferreira,3219,6329,126,385,439,374,11.96,196.61,50.23
Sahan Arachchige,Donovan Ferreira,1289,1916,178,219,137,99,16.99,148.64,10.76
Dega Nischal,Prashant Veer,1555,2792,107,209,194,157,13.44,179.55,26.09
Sahan Arachchige,Prashant Veer,964,1273,202,169,95,61,17.53,132.05,6.3
Charith Asalanka,Prashant Veer,1324,1664,168,370,97,91,27.95,125.68,9.9
Charith Asalanka,Donovan Ferreira,754,1000,54,220,56,56,29.18,132.63,18.52
Charith Asalanka,Krunal Pandya,1243,1971,111,262,146,103,21.08,158.57,17.76
Dasun Shanaka,Krunal Pandya,1939,3187,155,290,203,167,14.96,164.36,20.56
Kuldeep Yadav,Prashant Veer,348,126,106,191,9,6,54.89,36.21,1.19
Varun Chakravarthy,Prashant Veer,507,475,66,87,6,2,17.16,93.69,7.2
Vaisakh Chandran,Prashant Veer,427,400,40,89,2,1,20.84,93.68,10.0
Dega Nischal,Jaydev Unadkat,2813,3820,115,281,123,93,9.99,135.8,33.22
Yashasvi Jaiswal,Jaydev Unadkat,2965,4321,103,312,191,121,10.52,145.73,41.95
Dega Nischal,Avesh Khan,2817,4447,70,183,191,143,6.5,157.86,63.53
Yashasvi Jaiswal,Avesh Khan,2941,4790,54,167,208,163,5.68,162.87,88.7
Ryan Rickelton,Jaydev Unadkat,1511,2309,97,242,146,99,16.02,152.81,23.8
Ryan Rickelton,Avesh Khan,1471,2806,49,120,167,150,8.16,190.75,57.27
Dhruv Jurel,Mohammed Siraj,983,1751,66,162,101,118,16.48,178.13,26.53
Dhruv Jurel,Avesh Khan,1021,1948,41,137,127,113,13.42,190.79,47.51
Dhruv Jurel,Jaydev Unadkat,979,1586,68,193,102,92,19.71,162.0,23.32
Suryakumar Yadav,Mohammed Siraj,1376,2235,104,256,152,117,18.6,162.43,21.49
Dhruv Jurel,Prasidh Krishna,989,1614,69,148,105,78,14.96,163.2,23.39
Dhruv Jurel,Liam Livingstone,3990,7378,224,643,521,438,16.12,184.91,32.94
Suryakumar Yadav,Jaydev Unadkat,701,1138,39,129,72,61,18.4,162.34,29.18
Kamil Mishara,Chamika Gunasekara,2813,4466,81,146,166,158,5.19,158.76,55.14
Kamil Mishara,Duan Jansen,2791,4423,85,207,201,149,7.42,158.47,52.04
Liam Livingstone,Duan Jansen,2719,3992,107,312,160,138,11.47,146.82,37.31
Kamil Mishara,Josh Tongue,2784,4171,96,204,177,117,7.33,149.82,43.45
Sai Sudharsan,Duan Jansen,1673,2628,84,261,144,125,15.6,157.08,31.29
Lahiru Udara,Duan Jansen,814,1188,98,111,67,57,13.64,145.95,12.12
Jos Buttler,Duan Jansen,769,1134,76,199,65,75,25.88,147.46,14.92
Jos Buttler,Josh Tongue,1579,2396,164,376,166,139,23.81,151.74,14.61
Nitish Rana,Chamika Gunasekara,513,902,29,99,63,53,19.3,175.83,31.1
Nitish Rana,Josh Tongue,460,796,48,80,50,51,17.39,173.04,16.58
Kunal Chandela,Josh Tongue,1056,1712,101,192,114,98,18.18,162.12,16.95
Sai Sudharsan,Vasuki Koushik,1616,2156,66,329,107,84,20.36,133.42,32.67
Kunal Chandela,Vasuki Koushik,413,498,25,116,26,22,28.09,120.58,19.92
Jaydev Unadkat,Vasuki Koushik,108,58,42,37,3,3,34.26,53.7,1.38
Sai Sudharsan,Charith Asalanka,2820,6451,68,142,477,399,5.04,228.76,94.87
Jaydev Unadkat,Charith Asalanka,185,192,36,54,12,9,29.19,103.78,5.33
Prasidh Krishna,Vasuki Koushik,106,58,32,41,0,4,38.68,54.72,1.81
Mohammed Siraj,Vasuki Koushik,161,134,21,39,1,0,24.22,83.23,6.38
Avesh Khan,Vasuki Koushik,94,89,10,12,0,0,12.77,94.68,8.9
Rohit Sharma,Isitha Wijesundara,4634,9513,233,487,668,592,10.51,205.29,40.83
Krunal Pandya,Ashwin Das,3777,6237,194,840,426,363,22.24,165.13,32.15
Suryansh Shedge,Ashwin Das,900,1452,123,190,100,93,21.11,161.33,11.8
Harsh Dubey,Ashwin Das,325,227,107,100,20,6,30.77,69.85,2.12
Suryansh Shedge,Raj Limbani,522,922,100,52,66,57,9.96,176.63,9.22
Anshul Kamboj,Raj Limbani,385,384,71,56,8,4,14.55,99.74,5.41
Suryansh Shedge,Avinov Choudhary,507,798,84,74,60,38,14.6,157.4,9.5
Anshul Kamboj,Avinov Choudhary,407,434,54,62,12,4,15.23,106.63,8.04
Devdutt Padikkal,Shardul Thakur,1649,3564,145,106,267,223,6.43,216.13,24.58
Virat Kohli,Shardul Thakur,932,2134,77,21,159,136,2.25,228.97,27.71
Virat Kohli,Donovan Ferreira,2588,6135,85,61,423,392,2.36,237.06,72.18
Devdutt Padikkal,Suryansh Shedge,1601,3627,44,100,300,210,6.25,226.55,82.43
Virat Kohli,Suryansh Shedge,879,2151,46,13,151,148,1.48,244.71,46.76
Virat Kohli,Krunal Pandya,2589,5821,154,99,464,341,3.82,224.84,37.8
Axar Patel,Shiran Fernando,451,669,83,70,38,43,15.52,148.34,8.06
Arpit Vasavada,Gangam Anikethreddy,1007,1265,101,245,64,58,24.33,125.62,12.52
Arpit Vasavada,Calvin Harrison,1026,1285,64,303,56,66,29.53,125.24,20.08
Arpit Vasavada,Prince Yadav,436,525,19,129,31,20,29.59,120.41,27.63
Lasith Embuldeniya,Prince Yadav,263,246,30,44,3,0,16.73,93.54,8.2
Nishant Sindhu,Axar Patel,1211,2476,74,112,165,157,9.25,204.46,33.46
Tim Seifert,Mohammed Siraj,2960,4362,77,326,167,144,11.01,147.36,56.65
Smaran Ravichandra,Mohammed Siraj,3268,4933,76,418,204,182,12.79,150.95,64.91
Smaran Ravichandra,Avesh Khan,3339,5382,59,291,208,212,8.72,161.19,91.22
Tim Seifert,Avesh Khan,3127,5059,64,213,222,181,6.81,161.78,79.05
Smaran Ravichandra,Jaydev Unadkat,3194,4571,93,465,185,151,14.56,143.11,49.15
Tim Seifert,Jaydev Unadkat,2917,4397,90,324,213,138,11.11,150.74,48.86
Tim Seifert,Prasidh Krishna,3119,5096,87,196,220,185,6.28,163.39,58.57
Smaran Ravichandra,Prasidh Krishna,3176,5071,58,289,221,175,9.1,159.67,87.43
Ankit Kumar,Mohammed Siraj,635,1088,56,94,73,61,14.8,171.34,19.43
Rahul Tripathi,Mohammed Siraj,1373,2015,101,248,84,113,18.06,146.76,19.95
Rahul Tripathi,Avesh Khan,1374,2415,44,166,129,131,12.08,175.76,54.89
Ankit Kumar,Avesh Khan,686,1335,43,63,89,81,9.18,194.61,31.05
Ankit Kumar,Prasidh Krishna,688,1257,78,74,78,77,10.76,182.7,16.12
Rahul Tripathi,Prasidh Krishna,1369,2177,64,208,112,107,15.19,159.02,34.02
Rahul Tripathi,Jaydev Unadkat,1438,1939,79,294,92,78,20.45,134.84,24.54
Cameron Green,Jaydev Unadkat,546,695,49,161,39,40,29.49,127.29,14.18
Ankit Kumar,Jaydev Unadkat,691,1026,87,134,63,59,19.39,148.48,11.79
Nitish Kumar Reddy,Jaydev Unadkat,332,398,58,84,25,20,25.3,119.88,6.86
Cameron Green,Prasidh Krishna,609,871,60,134,64,40,22.0,143.02,14.52
Nitish Kumar Reddy,Prasidh Krishna,319,553,39,41,36,37,12.85,173.35,14.18
Kranthi Kumar,Prasidh Krishna,275,411,22,51,31,16,18.55,149.45,18.68
Cameron Green,Avesh Khan,543,983,27,91,70,54,16.76,181.03,36.41
Kranthi Kumar,Avesh Khan,241,411,12,47,27,25,19.5,170.54,34.25
Cameron Green,Liam Livingstone,740,1581,40,93,137,96,12.57,213.65,39.52
Kranthi Kumar,Liam Livingstone,612,1201,34,83,104,61,13.56,196.24,35.32
Anshul Kamboj,Liam Livingstone,430,401,78,76,11,3,17.67,93.26,5.14
Ashok Sharma,Liam Livingstone,248,313,12,19,6,4,7.66,126.21,26.08
Sonny Baker,Liam Livingstone,68,72,5,15,2,1,22.06,105.88,14.4
Liam Livingstone,Anshul Kamboj,10109,14009,277,748,426,276,7.4,138.58,50.57
Kamil Mishara,Anshul Kamboj,3351,4286,61,137,56,9,4.09,127.9,70.26
Sai Sudharsan,Anshul Kamboj,4067,6496,116,308,287,234,7.57,159.72,56.0
Kamil Mishara,Sonny Baker,3249,4045,55,134,41,6,4.12,124.5,73.55
Sai Sudharsan,Sonny Baker,1182,1571,32,68,35,17,5.75,132.91,49.09
Kamil Mishara,Cameron Green,904,2006,45,31,136,123,3.43,221.9,44.58
Sai Sudharsan,Cameron Green,1050,2202,43,107,156,138,10.19,209.71,51.21
Sai Sudharsan,Corbin Bosch,993,1739,76,151,134,90,15.21,175.13,22.88
Lahiru Udara,Corbin Bosch,666,886,83,137,66,36,20.57,133.03,10.67
Kamil Mishara,Corbin Bosch,751,1368,46,88,96,75,11.72,182.16,29.74
Lahiru Udara,Cameron Green,673,1296,45,78,97,75,11.59,192.57,28.8
Kamil Mishara,Ashok Sharma,896,1866,72,67,127,122,7.48,208.26,25.92
Lahiru Udara,Ashok Sharma,698,1255,87,73,91,71,10.46,179.8,14.43
Lahiru Udara,Nitish Kumar Reddy,642,1106,70,74,76,63,11.53,172.27,15.8
Kamil Mishara,Nitish Kumar Reddy,814,1813,57,32,108,130,3.93,222.73,31.81
Jos Buttler,Nitish Kumar Reddy,782,1456,48,142,105,89,18.16,186.19,30.33
Jos Buttler,Ashok Sharma,905,1612,78,176,103,106,19.45,178.12,20.67
Nitish Rana,Ashok Sharma,607,1004,61,111,78,53,18.29,165.4,16.46
Lahiru Udara,Kranthi Kumar,720,877,99,179,51,49,24.86,121.81,8.86
Nitish Rana,Kranthi Kumar,606,755,76,161,47,36,26.57,124.59,9.93
Kunal Chandela,Corbin Bosch,504,919,50,68,63,53,13.49,182.34,18.38
Kunal Chandela,Kranthi Kumar,667,987,59,150,61,56,22.49,147.98,16.73
Jaydev Unadkat,Kranthi Kumar,210,132,73,55,5,3,26.19,62.86,1.81
Nitish Rana,Corbin Bosch,561,759,74,132,52,40,23.53,135.29,10.26
Jaydev Unadkat,Corbin Bosch,142,86,52,42,4,4,29.58,60.56,1.65
Prasidh Krishna,Corbin Bosch,173,92,50,65,3,3,37.57,53.18,1.84
Mohammed Siraj,Corbin Bosch,210,190,29,41,1,1,19.52,90.48,6.55
Mohammed Siraj,Ashok Sharma,299,288,40,46,4,2,15.38,96.32,7.2
Mohammed Siraj,Sonny Baker,283,279,31,39,2,2,13.78,98.59,9.0
Glenn Phillips,Ravi Teja,2639,4057,115,445,217,177,16.86,153.73,35.28
Glenn Phillips,Sunil Narine,5839,9342,236,1565,680,542,26.8,159.99,39.58
Christopher Britz,Sunil Narine,10461,10191,250,5444,682,530,52.04,97.42,40.76
Abhishek Sharma,Ravi Teja,1051,1661,88,161,111,72,15.32,158.04,18.88
Raj Angad Bawa,Ravi Teja,497,751,55,116,59,37,23.34,151.11,13.65
Liam Livingstone,Athisayaraj Davidson,5824,8567,140,627,339,264,10.77,147.1,61.19
Liam Livingstone,Raj Angad Bawa,836,1888,46,69,161,114,8.25,225.84,41.04
Sai Sudharsan,Raj Angad Bawa,1524,3395,68,145,282,202,9.51,222.77,49.93
Sai Sudharsan,Atit Sheth,1504,3290,108,127,266,208,8.44,218.75,30.46
Liam Livingstone,Atit Sheth,847,1852,75,67,145,115,7.91,218.65,24.69
Hardik Pandya,Jaydev Unadkat,501,691,53,107,47,33,21.36,137.92,13.04
Hardik Pandya,Prasidh Krishna,1283,2485,99,133,169,153,10.37,193.69,25.1
Liam Livingstone,Arshdeep Singh,2788,4214,77,257,169,137,9.22,151.15,54.73
Kamil Mishara,Nathan Ellis,2749,4181,72,209,184,117,7.6,152.09,58.07
Liam Livingstone,Nathan Ellis,2697,3869,84,307,136,120,11.38,143.46,46.06
Lahiru Udara,Hardik Pandya,566,1073,49,69,75,68,12.19,189.58,21.9
Joel Davies,Jasprit Bumrah,3355,4439,101,321,123,80,9.57,132.31,43.95
Joel Davies,Arzan Nagwaswalla,3327,4067,165,385,93,69,11.57,122.24,24.65
Shubman Gill,Jai Moondra,3712,5595,74,254,204,154,6.84,150.73,75.61
Joel Davies,Jai Moondra,3325,4654,78,281,145,104,8.45,139.97,59.67
Joel Davies,Dian Forrester,919,1665,55,114,108,96,12.4,181.18,30.27
Joel Davies,Ismat Alam,888,1350,46,192,74,78,21.62,152.03,29.35
Shubman Gill,Ismat Alam,1639,3392,77,199,235,221,12.14,206.96,44.05
Abhishek Sharma,Maheesh Theekshana,5351,7783,99,369,265,168,6.9,145.45,78.62
Deepak Hooda,Maheesh Theekshana,3701,4632,56,272,48,16,7.35,125.16,82.71
Abhishek Sharma,Gurinder Singh,3845,4970,69,168,85,18,4.37,129.26,72.03
Deepak Hooda,Gurinder Singh,3705,4507,68,299,55,11,8.07,121.65,66.28
Deepak Hooda,Sai Kishore,1034,2253,45,79,166,137,7.64,217.89,50.07
Abhishek Sharma,Sai Kishore,1331,3255,43,9,216,222,0.68,244.55,75.7
Abhishek Sharma,Nimesh Vimukthi,1107,2456,31,51,181,145,4.61,221.86,79.23
Deepak Hooda,Nimesh Vimukthi,892,1493,46,227,116,86,25.45,167.38,32.46
Deepak Hooda,Joel Davies,1044,1136,84,441,86,57,42.24,108.81,13.52
Abhishek Sharma,Joel Davies,1191,2395,77,129,169,143,10.83,201.09,31.1
Christopher Britz,Joel Davies,2028,2106,65,967,147,103,47.68,103.85,32.4
Christopher Britz,Sai Kishore,2082,3256,49,650,242,184,31.22,156.39,66.45
Christopher Britz,Nimesh Vimukthi,2243,2355,53,1090,151,136,48.6,104.99,44.43
Sdnv Prasad,Gurinder Singh,382,784,20,55,69,44,14.4,205.24,39.2
Sdnv Prasad,Maheesh Theekshana,352,703,15,38,55,37,10.8,199.72,46.87
Priyansh Arya,Binura Fernando,2948,4216,121,202,132,97,6.85,143.01,34.84
Priyansh Arya,Ashish Singh,2872,4039,110,233,132,93,8.11,140.63,36.72
KL Rahul,Ashish Singh,3577,5110,77,317,169,130,8.86,142.86,66.36
KL Rahul,Mohammed Shami,10884,17554,229,533,741,549,4.9,161.28,76.66
Priyansh Arya,Mohammed Shami,2967,4323,98,184,149,109,6.2,145.7,44.11
Kishan Lyngdoh,Ashish Singh,1765,2355,35,384,106,84,21.76,133.43,67.29
Kishan Lyngdoh,Mohammed Shami,1814,2851,43,293,134,135,16.15,157.17,66.3
KL Rahul,Auqib Nabi,1091,2433,45,58,157,159,5.32,223.01,54.07
Kishan Lyngdoh,Auqib Nabi,1512,2892,82,233,205,178,15.41,191.27,35.27
Kishan Lyngdoh,Mitchell Marsh,1592,2859,70,292,200,168,18.34,179.59,40.84
Virat Singh,Auqib Nabi,1109,2219,87,134,155,145,12.08,200.09,25.51
Virat Singh,Ashish Singh,645,1082,35,116,71,55,17.98,167.75,30.91
David Warner,Khaleel Ahmed,3929,5777,65,362,216,151,9.21,147.03,88.88
Venkatesh Iyer,Khaleel Ahmed,3714,5290,63,383,181,126,10.31,142.43,83.97
David Warner,Prince Yadav,3904,5382,63,455,197,120,11.65,137.86,85.43
Venkatesh Iyer,Prince Yadav,3576,4894,77,422,168,119,11.8,136.86,63.56
David Warner,Rashid Khan,11284,15945,203,1248,538,419,11.06,141.31,78.55
Venkatesh Iyer,Rashid Khan,10746,15051,234,1125,549,343,10.47,140.06,64.32
Mitchell Marsh,Khaleel Ahmed,1184,1928,30,160,100,81,13.51,162.84,64.27
Shubham Dubey,Khaleel Ahmed,407,423,12,132,20,14,32.43,103.93,35.25
Shubham Dubey,Prince Yadav,400,502,26,115,24,21,28.75,125.5,19.31
Matt Short,Rashid Khan,1259,1932,77,246,105,101,19.54,153.46,25.09
Shubham Dubey,Rashid Khan,443,638,15,116,37,32,26.19,144.02,42.53
Matt Short,Jason Holder,1006,1774,82,196,127,109,19.48,176.34,21.63
Shubham Dubey,Jason Holder,1100,1371,110,332,102,66,30.18,124.64,12.46
Shubham Dubey,Sam Curran,957,1301,82,280,83,77,29.26,135.95,15.87
Matt Short,Sam Curran,847,1363,64,160,99,68,18.89,160.92,21.3
Luhan dre pretorious,Sam Curran,432,544,68,109,40,24,25.23,125.93,8.0
Auqib Nabi,Jason Holder,370,504,55,81,31,28,21.89,136.22,9.16
Binura Fernando,Sam Curran,130,129,13,20,2,0,15.38,99.23,9.92
Binura Fernando,Rashid Khan,212,235,26,19,2,2,8.96,110.85,9.04
KL Rahul,Nishan Peiris,6738,9740,129,576,334,240,8.55,144.55,75.5
Kusal Mendis,Nishan Peiris,6470,8760,151,655,287,179,10.12,135.39,58.01
Kusal Mendis,Harsh Dubey,6491,9200,142,587,313,228,9.04,141.73,64.79
Kusal Mendis,Ravi Bishnoi,6357,9517,156,423,346,264,6.65,149.71,61.01
KL Rahul,Ravi Bishnoi,6779,10736,149,341,422,328,5.03,158.37,72.05
Harry Brook,Ravi Bishnoi,2360,4196,106,152,252,179,6.44,177.8,39.58
Harry Brook,Nishan Peiris,2339,3656,104,265,183,144,11.33,156.31,35.15
Harry Brook,Krunal Pandya,4078,9121,217,312,709,581,7.65,223.66,42.03
Kusal Mendis,Krunal Pandya,1934,3998,86,184,300,235,9.51,206.72,46.49
Kusal Mendis,Prashant Veer,1877,3394,116,258,234,195,13.75,180.82,29.26
Harry Brook,Prashant Veer,1909,3659,157,246,249,235,12.89,191.67,23.31
Virat Singh,Krunal Pandya,4639,10048,187,489,770,623,10.54,216.6,53.73
Virat Singh,Donovan Ferreira,3881,8402,124,372,583,551,9.59,216.49,67.76
Virat Singh,Prashant Veer,2482,4547,164,427,345,267,17.2,183.2,27.73
Shivam Dube,Prashant Veer,1439,2330,178,243,161,130,16.89,161.92,13.09
Tilak Varma,Prashant Veer,1514,2548,115,298,179,146,19.68,168.3,22.16
Tilak Varma,Krunal Pandya,3169,5944,117,467,434,317,14.74,187.57,50.8
Shahbaz Ahmed,Prashant Veer,998,1543,100,223,114,80,22.34,154.61,15.43
Rashid Khan,Prashant Veer,296,297,94,69,19,16,23.31,100.34,3.16
Gangam Anikethreddy,Prashant Veer,279,166,83,116,15,4,41.58,59.5,2.0
Saransh Jain,Krunal Pandya,457,458,39,84,6,3,18.38,100.22,11.74
Tilak Varma,Nishan Peiris,392,633,45,53,44,31,13.52,161.48,14.07
Saransh Jain,Nishan Peiris,219,274,13,29,8,3,13.24,125.11,21.08
Saransh Jain,Prashant Veer,440,429,34,91,3,6,20.68,97.5,12.62
Tim Seifert,Shiran Fernando,6988,9708,200,542,277,207,7.76,138.92,48.54
Smaran Ravichandra,Shiran Fernando,7058,9672,164,723,295,206,10.24,137.04,58.98
Rahul Tripathi,Shiran Fernando,2352,3221,123,327,132,105,13.9,136.95,26.19
Rahul Tripathi,Gangam Anikethreddy,2425,2944,141,576,127,112,23.75,121.4,20.88
Smaran Ravichandra,Gangam Anikethreddy,5707,7492,148,992,276,197,17.38,131.28,50.62
Rahul Tripathi,Shahbaz Ahmed,1722,3225,109,249,219,199,14.46,187.28,29.59
Ankit Kumar,Shahbaz Ahmed,1409,3052,125,69,223,196,4.9,216.61,24.42
Smaran Ravichandra,Shahbaz Ahmed,2005,4582,71,102,341,278,5.09,228.53,64.54
Rohit Sharma,Shahbaz Ahmed,1756,3736,104,150,273,236,8.54,212.76,35.92
Smaran Ravichandra,Saransh Jain,2132,4114,86,348,296,247,16.32,192.96,47.84
Rohit Sharma,Saransh Jain,1925,3402,195,289,246,199,15.01,176.73,17.45
Virat Singh,Praveen Jayawickrama,1334,1727,115,340,89,87,25.49,129.46,15.02
Virat Singh,Arzan Nagwaswalla,4943,7585,256,825,376,376,16.69,153.45,29.63
Virat Singh,Jasprit Bumrah,5111,8585,231,698,501,426,13.66,167.97,37.16
Tilak Varma,Dian Forrester,2500,4720,95,329,311,262,13.16,188.8,49.68
Shahbaz Ahmed,Dian Forrester,1793,3291,78,317,241,179,17.68,183.55,42.19
Shahbaz Ahmed,Praveen Jayawickrama,425,589,30,82,22,30,19.29,138.59,19.63
Rashid Khan,Praveen Jayawickrama,150,152,38,37,8,6,24.67,101.33,4.0
Gangam Anikethreddy,Praveen Jayawickrama,124,52,36,56,3,1,45.16,41.94,1.44
Glenn Phillips,Shiran Fernando,4103,6921,228,478,422,314,11.65,168.68,30.36
Abhishek Sharma,Saransh Jain,1815,3611,164,215,305,208,11.85,198.95,22.02
Glenn Phillips,Saransh Jain,2390,4119,157,471,316,229,19.71,172.34,26.24
Abhishek Sharma,Shahbaz Ahmed,1610,3551,98,109,290,207,6.77,220.56,36.23
Luhan dre pretorious,Josh Tongue,5761,7395,282,657,222,142,11.4,128.36,26.22
Luhan dre pretorious,Varun Chakravarthy,4712,6415,169,588,218,181,12.48,136.14,37.96
Rinku Singh,Varun Chakravarthy,2068,3197,119,424,208,162,20.5,154.59,26.87
Sanvir Singh,Kuldeep Yadav,1253,2190,197,121,149,136,9.66,174.78,11.12
Rinku Singh,Kuldeep Yadav,2352,3932,208,415,281,216,17.64,167.18,18.9
Rinku Singh,Chamika Gunasekara,1299,2134,79,244,124,125,18.78,164.28,27.01
Sanvir Singh,Chamika Gunasekara,593,960,85,65,61,52,10.96,161.89,11.29
Axar Patel,Chamika Gunasekara,542,648,65,127,34,28,23.43,119.56,9.97
Axar Patel,Kuldeep Yadav,729,850,89,188,54,34,25.79,116.6,9.55
Sanvir Singh,Sahan Arachchige,2397,4039,481,240,330,220,10.01,168.5,8.4
Arpit Vasavada,Chamika Gunasekara,524,675,38,128,29,34,24.43,128.82,17.76
Akeal Hosein,Chamika Gunasekara,151,108,45,46,5,3,30.46,71.52,2.4
Ryan Rickelton,Binura Fernando,4147,6371,174,536,311,257,12.93,153.63,36.61
Abhimanyu Easwaran,Binura Fernando,534,838,44,85,56,42,15.92,156.93,19.05
Sahan Arachchige,Binura Fernando,628,679,104,127,29,26,20.22,108.12,6.53
Abhimanyu Easwaran,Lasith Embuldeniya,1891,2888,84,416,154,169,22.0,152.72,34.38
Suryakumar Yadav,Lasith Embuldeniya,549,1016,9,95,68,55,17.3,185.06,112.89
Sahan Arachchige,Lasith Embuldeniya,1042,1042,133,263,46,32,25.24,100.0,7.83
Sahan Arachchige,Axar Patel,716,1039,136,101,65,60,14.11,145.11,7.64
Josh Tongue,Axar Patel,263,189,86,77,10,8,29.28,71.86,2.2
Kuldeep Yadav,Axar Patel,276,94,81,149,2,4,53.99,34.06,1.16
Varun Chakravarthy,Axar Patel,324,304,44,57,5,1,17.59,93.83,6.91
Chamika Gunasekara,Axar Patel,238,262,10,29,3,1,12.18,110.08,26.2
Dasun Shanaka,Axar Patel,705,1228,67,95,99,53,13.48,174.18,18.33
Dasun Shanaka,Binura Fernando,317,523,52,31,37,26,9.78,164.98,10.06
Chamika Gunasekara,Binura Fernando,208,220,15,21,1,0,10.1,105.77,14.67
Chamika Gunasekara,Lasith Embuldeniya,175,190,9,24,5,0,13.71,108.57,21.11
Sdnv Prasad,Vaisakh Chandran,7273,9492,121,1008,293,189,13.86,130.51,78.45
Deepak Hooda,Vaisakh Chandran,5862,7115,188,913,141,128,15.57,121.37,37.85
Deepak Hooda,Kuldeep Yadav,5241,6138,229,968,151,115,18.47,117.12,26.8
Sdnv Prasad,Kuldeep Yadav,6358,8717,135,783,303,213,12.32,137.1,64.57
Deepak Hooda,Varun Chakravarthy,5915,7161,222,904,166,113,15.28,121.07,32.26
Sdnv Prasad,Varun Chakravarthy,6982,9310,137,798,276,187,11.43,133.34,67.96
Christopher Britz,Kuldeep Yadav,10850,11859,277,3745,530,385,34.52,109.3,42.81
Christopher Britz,Varun Chakravarthy,11460,12526,180,3602,473,328,31.43,109.3,69.59
Christopher Britz,Vaisakh Chandran,3566,3488,68,1335,147,88,37.44,97.81,51.29
Christopher Britz,Sahan Arachchige,5567,6544,287,2315,473,330,41.58,117.55,22.8
Sdnv Prasad,Charith Asalanka,3399,7287,95,297,543,426,8.74,214.39,76.71
Christopher Britz,Charith Asalanka,4012,5759,112,1351,401,315,33.67,143.54,51.42
Christopher Britz,Dasun Shanaka,5563,9437,228,1451,736,521,26.08,169.64,41.39
Sdnv Prasad,Sahan Arachchige,2824,4362,158,767,319,246,27.16,154.46,27.61
Glenn Phillips,Sahan Arachchige,4088,6960,383,846,552,399,20.69,170.25,18.17
Abhishek Sharma,Charith Asalanka,1530,3681,44,68,274,241,4.44,240.59,83.66
Abhishek Sharma,Dasun Shanaka,2746,6276,200,154,539,365,5.61,228.55,31.38
Rachin Ravindra,Dasun Shanaka,956,2110,78,78,187,122,8.16,220.71,27.05
Rachin Ravindra,Sahan Arachchige,1237,1767,264,227,121,111,18.35,142.85,6.69
Dian Forrester,Varun Chakravarthy,302,510,28,58,24,38,19.21,168.87,18.21
Lalit Yadav,Varun Chakravarthy,1499,2570,85,210,186,120,14.01,171.45,30.24
Praveen Jayawickrama,Varun Chakravarthy,63,45,22,24,3,3,38.1,71.43,2.05
Jasprit Bumrah,Varun Chakravarthy,305,270,51,54,1,6,17.7,88.52,5.29
Dian Forrester,Kuldeep Yadav,393,647,36,68,45,34,17.3,164.63,17.97
Jasprit Bumrah,Kuldeep Yadav,459,486,67,68,8,8,14.81,105.88,7.25
Ryan Rickelton,Arzan Nagwaswalla,8162,11726,343,1329,524,470,16.28,143.67,34.19
Yashasvi Jaiswal,Praveen Jayawickrama,5801,7243,200,797,209,142,13.74,124.86,36.22
Ryan Rickelton,Praveen Jayawickrama,2833,3561,142,641,158,127,22.63,125.7,25.08
Dhruv Jurel,Praveen Jayawickrama,1378,1551,78,406,68,59,29.46,112.55,19.88
Dhruv Jurel,Rachin Ravindra,2994,5085,319,451,350,296,15.06,169.84,15.94
Yashasvi Jaiswal,Rachin Ravindra,1997,3753,208,190,266,217,9.51,187.93,18.04
Yashasvi Jaiswal,Dian Forrester,3520,8569,118,84,629,552,2.39,243.44,72.62
Abhimanyu Easwaran,Rachin Ravindra,2448,3660,334,404,252,184,16.5,149.51,10.96
Abhimanyu Easwaran,Dian Forrester,2411,5275,133,134,385,325,5.56,218.79,39.66
Salil Arora,Matthew Forde,1133,2575,70,112,219,164,9.89,227.27,36.79
Salil Arora,Yash Thakur,1116,2509,102,78,197,165,6.99,224.82,24.6
Ishan Kishan,Sunil Narine,4864,8612,302,942,630,508,19.37,177.06,28.52
Ruchit Ahir,CV Stephen,1993,2940,54,141,119,64,7.07,147.52,54.44
Ishan Kishan,CV Stephen,765,1468,61,52,109,73,6.8,191.9,24.07
Ruchit Ahir,Malinda Pushpakumara,2130,3110,64,110,97,68,5.16,146.01,48.59
Virat Kohli,Prasidh Krishna,9054,13980,284,399,542,392,4.41,154.41,49.23
Prabhsimran Singh,Ravi Teja,6591,9331,154,560,328,203,8.5,141.57,60.59
Virat Kohli,Ravi Teja,6662,9423,213,539,304,219,8.09,141.44,44.24
Devdutt Padikkal,Ravi Teja,3346,4915,115,477,222,176,14.26,146.89,42.74
Shreyas Iyer,Prasidh Krishna,2889,5479,128,254,327,310,8.79,189.65,42.8
Shreyas Iyer,Ravi Teja,1712,3035,59,239,215,148,13.96,177.28,51.44
Shreyas Iyer,Sunil Narine,7181,12223,314,1497,834,723,20.85,170.21,38.93
Prabhsimran Singh,Sunil Narine,5195,8728,245,1039,606,485,20.0,168.01,35.62
Prabhsimran Singh,Liam Livingstone,5621,12483,256,383,912,776,6.81,222.08,48.76
Shreyas Iyer,Liam Livingstone,7573,15690,349,778,1121,969,10.27,207.18,44.96
Prabhsimran Singh,Mitchell Santner,4942,10085,333,481,736,616,9.73,204.07,30.29
Shreyas Iyer,Mitchell Santner,7079,14044,286,957,1010,866,13.52,198.39,49.1
David Miller,Sunil Narine,2196,3757,132,495,287,224,22.54,171.08,28.46
David Miller,Mitchell Santner,2320,4440,131,404,344,269,17.41,191.38,33.89
Ramandeep Singh,Mitchell Santner,1302,2650,123,136,206,166,10.45,203.53,21.54
Ramandeep Singh,Liam Livingstone,1012,1981,91,120,133,130,11.86,195.75,21.77
Ashwin Das,Liam Livingstone,647,1043,59,167,74,67,25.81,161.21,17.68
Isitha Wijesundara,Prasidh Krishna,143,165,32,47,7,13,32.87,115.38,5.16
Raj Limbani,Prasidh Krishna,155,184,21,15,6,2,9.68,118.71,8.76
Raj Limbani,Ravi Teja,120,142,18,14,4,4,11.67,118.33,7.89
Vaibhav Suryavanshi,Avinov Choudhary,7370,9600,109,413,182,62,5.6,130.26,88.07
Liam Livingstone,Avinov Choudhary,7028,8958,115,417,143,44,5.93,127.46,77.9
Liam Livingstone,Raj Limbani,6973,8972,150,377,158,52,5.41,128.67,59.81
Vaibhav Suryavanshi,Raj Limbani,7547,9846,143,450,205,70,5.96,130.46,68.85
Sai Sudharsan,Avinov Choudhary,2125,3045,55,126,123,49,5.93,143.29,55.36
Sai Sudharsan,Raj Limbani,2183,3107,86,122,118,58,5.59,142.33,36.13
Vaibhav Suryavanshi,Ashwin Das,4715,10721,168,312,787,688,6.62,227.38,63.82
Sai Sudharsan,Ashwin Das,4364,8765,179,545,603,539,12.49,200.85,48.97
Vaibhav Suryavanshi,Washington Sundar,8812,20884,254,229,1516,1327,2.6,237.0,82.22
Yashvardhan Dalal,Washington Sundar,5970,12105,178,814,901,730,13.63,202.76,68.01
Vaibhav Suryavanshi,Isitha Wijesundara,8052,18510,221,483,1351,1181,6.0,229.88,83.76
Yashvardhan Dalal,Isitha Wijesundara,5246,9879,181,860,711,576,16.39,188.31,54.58
Yashvardhan Dalal,Ashwin Das,3277,6033,123,605,439,359,18.46,184.1,49.05
Jos Buttler,Ashwin Das,1512,2749,95,313,227,158,20.7,181.81,28.94
Jos Buttler,Isitha Wijesundara,4420,9115,159,659,658,587,14.91,206.22,57.33
Kunal Chandela,Ashwin Das,771,1644,62,103,115,117,13.36,213.23,26.52
Kunal Chandela,Isitha Wijesundara,1406,2888,62,220,250,165,15.65,205.41,46.58
Kunal Chandela,Raj Limbani,555,1145,77,60,92,74,10.81,206.31,14.87
Yashvardhan Dalal,Raj Limbani,938,1742,63,88,120,89,9.38,185.71,27.65
Yashvardhan Dalal,Avinov Choudhary,974,1762,45,95,127,74,9.75,180.9,39.16
Kumar Kushagra,Akeal Hosein,3216,4887,89,534,270,187,16.6,151.96,54.91
Harsh Dubey,Mitchell Marsh,242,230,93,44,19,9,18.18,95.04,2.47
Shardul Thakur,Mitchell Marsh,464,380,61,173,21,10,37.28,81.9,6.23
Anshul Kamboj,Mitchell Marsh,450,351,99,126,11,5,28.0,78.0,3.55
Kagiso Rabada,Axar Patel,218,235,9,28,0,2,12.84,107.8,26.11
Kagiso Rabada,Mitchell Marsh,199,213,20,18,1,0,9.05,107.04,10.65
Kagiso Rabada,Binura Fernando,97,112,9,6,1,1,6.19,115.46,12.44
Kagiso Rabada,Lasith Embuldeniya,176,188,7,23,1,0,13.07,106.82,26.86
Kartik Sharma,Anshul Kamboj,1838,3160,59,239,178,160,13.0,171.93,53.56
Rishabh Pant,Donovan Ferreira,832,1412,40,174,100,82,20.91,169.71,35.3
Rishabh Pant,Krunal Pandya,813,1408,66,146,89,89,17.96,173.19,21.33
Rinku Singh,Donovan Ferreira,2534,4496,123,414,307,251,16.34,177.43,36.55
Axar Patel,Krunal Pandya,1021,1643,109,172,104,93,16.85,160.92,15.07
Axar Patel,Suryansh Shedge,554,886,46,97,61,48,17.51,159.93,19.26
Arpit Vasavada,Krunal Pandya,2091,3153,110,481,207,148,23.0,150.79,28.66
Arpit Vasavada,Harsh Dubey,718,993,53,156,61,40,21.73,138.3,18.74
Devdutt Padikkal,Shiran Fernando,6713,10975,364,562,540,453,8.37,163.49,30.15
Virat Kohli,Shahbaz Ahmed,1420,3491,58,19,256,237,1.34,245.85,60.19
Devdutt Padikkal,Shahbaz Ahmed,2134,4731,123,102,382,270,4.78,221.7,38.46
Shreyas Iyer,Shahbaz Ahmed,2807,6047,144,196,452,363,6.98,215.43,41.99
Shreyas Iyer,Saransh Jain,2911,5338,151,471,392,312,16.18,183.37,35.35
Virat Kohli,Saransh Jain,1416,3169,79,94,236,201,6.64,223.8,40.11
Will Jacks,Saransh Jain,1854,3386,144,306,249,200,16.5,182.63,23.51
KL Rahul,Washington Sundar,10103,24107,279,306,1780,1527,3.03,238.61,86.41
KL Rahul,Will Jacks,4602,10627,139,198,816,641,4.3,230.92,76.45
KL Rahul,Shubham Agarwal,3890,7455,225,535,503,467,13.75,191.65,33.13
KL Rahul,Isitha Wijesundara,7934,17724,244,501,1227,1121,6.31,223.39,72.64
Harry Brook,Isitha Wijesundara,5532,12108,183,487,872,770,8.8,218.87,66.16
Mitchell Marsh,Harpreet Brar,8151,11217,203,723,313,246,8.87,137.62,55.26
Luhan dre pretorious,Harpreet Brar,7357,9264,240,843,257,140,11.46,125.92,38.6
Luhan dre pretorious,Tanay Thyagarajan,6634,7999,207,973,204,123,14.67,120.58,38.64
Mitchell Marsh,Tanay Thyagarajan,7595,10639,176,862,367,278,11.35,140.08,60.45
Mitchell Marsh,Yuzvendra Chahal,7333,11764,131,405,458,387,5.52,160.43,89.8
Luhan dre pretorious,Yuzvendra Chahal,6518,9190,190,659,290,251,10.11,140.99,48.37
Rishabh Pant,Tanay Thyagarajan,2619,2941,193,565,97,82,21.57,112.29,15.24
Kartik Sharma,Tanay Thyagarajan,2054,3038,73,472,180,151,22.98,147.91,41.62
Kartik Sharma,Seekkuge Prasanna,9832,13259,590,3006,872,704,30.57,134.86,22.47
Mitchell Marsh,Seekkuge Prasanna,3363,5899,207,589,428,326,17.51,175.41,28.5
Mitchell Marsh,Hardik Pandya,4079,8772,138,377,627,540,9.24,215.05,63.57
Kartik Sharma,Hardik Pandya,5443,10403,162,924,760,613,16.98,191.13,64.22
Rinku Singh,Hardik Pandya,3228,5714,214,570,412,329,17.66,177.01,26.7
Rinku Singh,Seekkuge Prasanna,5195,7033,558,1282,475,356,24.68,135.38,12.6
Sanvir Singh,Hardik Pandya,1816,3586,214,184,275,229,10.13,197.47,16.76
Sanvir Singh,Harpreet Brar,443,742,80,28,58,35,6.32,167.49,9.28
Axar Patel,Harpreet Brar,278,346,60,52,23,17,18.71,124.46,5.77
Rinku Singh,Tanay Thyagarajan,813,1189,54,195,75,63,23.99,146.25,22.02
Arpit Vasavada,Tanay Thyagarajan,497,583,27,162,23,27,32.6,117.3,21.59
Brian Bennett,Binura Fernando,12599,17541,238,1375,607,400,10.91,139.23,73.7
Mayank Agarwal,Binura Fernando,10587,12836,396,1406,313,175,13.28,121.24,32.41
Mayank Agarwal,Lasith Embuldeniya,6821,8213,163,1137,203,158,16.67,120.41,50.39
Mayank Agarwal,Akeal Hosein,6807,8682,166,1016,272,178,14.93,127.55,52.3
James Rew,Binura Fernando,3531,4678,203,672,213,171,19.03,132.48,23.04
James Rew,Axar Patel,2174,3981,112,373,277,235,17.16,183.12,35.54
Brian Bennett,Axar Patel,2864,6180,74,331,449,390,11.56,215.78,83.51
Brian Bennett,Mitchell Marsh,3588,7029,144,531,504,421,14.8,195.9,48.81
James Rew,Mitchell Marsh,2660,4560,218,547,342,269,20.56,171.43,20.92
Mukul Choudhary,Ottneil Baartman,2971,4977,213,319,274,236,10.74,167.52,23.37
Mukul Choudhary,Maheesh Theekshana,4000,7164,101,359,423,330,8.97,179.1,70.93
Mukul Choudhary,Mohsin Khan,5850,10040,347,702,579,513,12.0,171.62,28.93
Beau Webster,Ottneil Baartman,1159,1450,112,515,107,99,44.43,125.11,12.95
Beau Webster,Shivam Mavi,1149,1619,58,476,110,104,41.43,140.91,27.91
Beau Webster,Maheesh Theekshana,1209,1704,49,510,145,104,42.18,140.94,34.78
Yuvraj Chaudhary,Mohsin Khan,1066,1664,110,243,117,99,22.8,156.1,15.13
Yuvraj Chaudhary,Shivam Mavi,432,709,25,102,45,47,23.61,164.12,28.36
Akash Vasisht,Mohsin Khan,708,1236,63,66,70,71,9.32,174.58,19.62
Akash Vasisht,Shivam Mavi,233,430,13,32,29,26,13.73,184.55,33.08
Shubman Gill,Rahul Chahar,7515,12751,116,284,571,443,3.78,169.67,109.92
Shubman Gill,Mukesh Kumar,8011,12289,141,500,441,360,6.24,153.4,87.16
Ruturaj Gaikwad,Mridul Surroch,7575,15410,304,678,1094,898,8.95,203.43,50.69
Karan Lal,Mridul Surroch,1894,4451,154,37,327,295,1.95,235.01,28.9
Karan Lal,Akash Vasisht,1902,4444,190,22,347,286,1.16,233.65,23.39
Ishan Kishan,Akash Vasisht,4647,10025,340,341,719,648,7.34,215.73,29.49
Ishan Kishan,Mridul Surroch,5678,12447,339,406,936,770,7.15,219.21,36.72
Ishan Kishan,Beau Webster,2370,5445,181,141,405,360,5.95,229.75,30.08
Karan Lal,Beau Webster,1727,3823,170,53,304,237,3.07,221.37,22.49
Heinrich Klaasen,Beau Webster,1562,2935,148,238,224,176,15.24,187.9,19.83
Ishan Kishan,Binura Fernando,1750,3061,126,206,169,169,11.77,174.91,24.29
Heinrich Klaasen,Lasith Embuldeniya,1555,1893,101,537,133,87,34.53,121.74,18.74
Heinrich Klaasen,Binura Fernando,770,1113,93,177,79,57,22.99,144.55,11.97
Marcus Stoinis,Binura Fernando,546,991,68,89,75,65,16.3,181.5,14.57
Shivam Mavi,Akeal Hosein,96,95,35,16,6,4,16.67,98.96,2.71
Shivam Mavi,Axar Patel,277,203,126,57,12,11,20.58,73.29,1.61
Dunith Wellalage,Axar Patel,886,1188,38,225,58,57,25.4,134.09,31.26
Dunith Wellalage,Mitchell Marsh,1395,1801,75,370,102,78,26.52,129.1,24.01
Dunith Wellalage,Akeal Hosein,428,605,27,80,38,24,18.69,141.36,22.41
Dunith Wellalage,Lasith Embuldeniya,388,471,13,96,20,17,24.74,121.39,36.23
Luhan dre pretorious,Mohsin Khan,5330,6960,237,682,213,166,12.8,130.58,29.37
Luhan dre pretorious,Ottneil Baartman,5380,7082,274,611,234,161,11.36,131.64,25.85
Luhan dre pretorious,Maheesh Theekshana,5343,7940,120,625,336,265,11.7,148.61,66.17
Rinku Singh,Maheesh Theekshana,1565,2772,58,289,172,171,18.47,177.12,47.79
Rinku Singh,Shivam Mavi,1412,2436,71,246,152,144,17.42,172.52,34.31
Heinrich Klaasen,Harsh Dubey,1262,1992,132,259,126,118,20.52,157.84,15.09
Sarfaraz Khan,Ravi Bishnoi,357,723,41,20,65,36,5.6,202.52,17.63
Sarfaraz Khan,Harsh Dubey,408,769,31,46,56,38,11.27,188.48,24.81
Sarfaraz Khan,Donovan Ferreira,863,1682,42,89,113,97,10.31,194.9,40.05
Sarfaraz Khan,Krunal Pandya,1391,2717,149,123,204,151,8.84,195.33,18.23
Akash Deep,Prashant Veer,375,354,138,70,31,13,18.67,94.4,2.57
Yash Thakur,Nishan Peiris,276,284,33,46,4,6,16.67,102.9,8.61
Yash Thakur,Krunal Pandya,624,628,86,100,9,5,16.03,100.64,7.3
Vidwath Kaverappa,Krunal Pandya,506,507,45,76,2,2,15.02,100.2,11.27
Nishan Peiris,Yash Thakur,185,180,18,28,0,1,15.14,97.3,10.0
Nishan Peiris,Mohsin Khan,174,169,15,25,2,0,14.37,97.13,11.27
Nishan Peiris,Vidwath Kaverappa,193,203,21,22,1,0,11.4,105.18,9.67
Prashant Veer,Vidwath Kaverappa,539,916,35,81,48,54,15.03,169.94,26.17
Vaibhav Suryavanshi,Mukesh Kumar,7684,12417,91,364,515,378,4.74,161.6,136.45
Liam Livingstone,Mukesh Kumar,7191,11066,127,500,407,332,6.95,153.89,87.13
Vaibhav Suryavanshi,Lungi Ngidi,7635,11090,141,709,406,287,9.29,145.25,78.65
Liam Livingstone,Lungi Ngidi,7231,10235,133,780,344,271,10.79,141.54,76.95
Liam Livingstone,Rahul Chahar,6634,11103,119,309,487,376,4.66,167.37,93.3
Vaibhav Suryavanshi,Rahul Chahar,7068,12275,104,295,611,435,4.17,173.67,118.03
Sai Sudharsan,Rahul Chahar,2406,4751,47,162,271,261,6.73,197.46,101.09
Sai Sudharsan,Mukesh Kumar,2321,4086,61,172,229,178,7.41,176.04,66.98
Yashvardhan Dalal,Mukesh Kumar,822,1454,39,117,96,79,14.23,176.89,37.28
Yashvardhan Dalal,Rahul Chahar,992,2066,31,101,169,110,10.18,208.27,66.65
Yashvardhan Dalal,Akash Vasisht,5333,10301,255,807,771,609,15.13,193.16,40.4
Vaibhav Suryavanshi,Akash Vasisht,5407,12464,231,200,920,774,3.7,230.52,53.96
Vaibhav Suryavanshi,Mridul Surroch,5620,13461,189,207,999,869,3.68,239.52,71.22
Yashvardhan Dalal,Mridul Surroch,5207,9897,271,833,755,581,16.0,190.07,36.52
Vaibhav Suryavanshi,Beau Webster,2438,5738,121,79,424,366,3.24,235.36,47.42
Yashvardhan Dalal,Beau Webster,2490,5071,97,340,393,293,13.65,203.65,52.28
Jos Buttler,Beau Webster,1411,2987,99,174,231,192,12.33,211.69,30.17
Kunal Chandela,Beau Webster,930,1975,74,93,156,122,10.0,212.37,26.69
Mitchell Santner,Mridul Surroch,1006,1603,77,263,111,99,26.14,159.34,20.82
Mitchell Santner,Lungi Ngidi,170,258,14,32,23,8,18.82,151.76,18.43
Ravi Teja,Lungi Ngidi,51,35,20,11,1,2,21.57,68.63,1.75
Yashvardhan Dalal,Lungi Ngidi,885,1407,35,172,104,62,19.44,158.98,40.2
Mohammed Siraj,Lungi Ngidi,50,17,24,15,1,0,30.0,34.0,0.71
Prasidh Krishna,Mukesh Kumar,78,80,6,12,1,0,15.38,102.56,13.33
Ayush Mhatre,Prasidh Krishna,10140,16405,224,627,690,544,6.18,161.79,73.24
Sanju Samson,Prasidh Krishna,6409,10043,190,420,404,324,6.55,156.7,52.86
Mukul Choudhary,Prasidh Krishna,4217,7466,176,349,415,350,8.28,177.05,42.42
Mukul Choudhary,Ravi Teja,2560,3913,127,373,211,161,14.57,152.85,30.81
Ayush Mhatre,Ravi Teja,7237,10477,147,797,396,276,11.01,144.77,71.27
Mukul Choudhary,Mohammed Siraj,4055,6360,188,555,322,284,13.69,156.84,33.83
Ayush Mhatre,Mohammed Siraj,10393,15723,248,1039,630,489,10.0,151.28,63.4
Ayush Mhatre,Mitchell Santner,7165,15149,261,948,1134,964,13.23,211.43,58.04
Mridul Surroch,Mitchell Santner,5251,10532,308,760,832,637,14.47,200.57,34.19
Mukul Choudhary,Mitchell Santner,5908,11332,339,917,848,686,15.52,191.81,33.43
Mridul Surroch,Sunil Narine,5391,9100,244,1304,667,538,24.19,168.8,37.3
Mukul Choudhary,Sunil Narine,6077,9639,299,1513,653,554,24.9,158.61,32.24
Mridul Surroch,Liam Livingstone,5724,11670,312,771,840,751,13.47,203.88,37.4
Mukul Choudhary,Liam Livingstone,6301,12565,334,717,931,732,11.38,199.41,37.62
Beau Webster,Liam Livingstone,1467,2569,83,442,212,163,30.13,175.12,30.95
Beau Webster,Mitchell Santner,1926,3125,122,618,278,173,32.09,162.25,25.61
Karan Shinde,Mitchell Santner,3281,6070,181,516,431,360,15.73,185.0,33.54
Karan Shinde,Liam Livingstone,2629,4874,109,425,353,282,16.17,185.39,44.72
Karan Shinde,Sunil Narine,3020,4958,126,640,363,266,21.19,164.17,39.35
Karan Shinde,Prasidh Krishna,539,1063,26,62,75,60,11.5,197.22,40.88
Will Jacks,Lasith Embuldeniya,829,1188,37,252,80,64,30.4,143.31,32.11
Will Jacks,Mohammed Shami,889,1621,95,125,115,99,14.06,182.34,17.06
Washington Sundar,Mohammed Shami,542,897,52,76,60,43,14.02,165.5,17.25
Chris Lynn,Mohammed Shami,1060,1909,52,212,130,119,20.0,180.09,36.71
Matt Short,Scott Curie,587,1116,33,70,90,53,11.93,190.12,33.82
Matt Short,Shubham Agarwal,2183,3287,193,572,242,183,26.2,150.57,17.03
Kartik Sharma,Shubham Agarwal,3880,6380,199,881,443,372,22.71,164.43,32.06
Matt Short,Isitha Wijesundara,1634,3058,79,317,226,185,19.4,187.15,38.71
Sanvir Singh,Isitha Wijesundara,1841,3771,188,181,296,236,9.83,204.83,20.06
Rinku Singh,Isitha Wijesundara,3211,6067,135,513,420,370,15.98,188.94,44.94
Rinku Singh,Washington Sundar,3581,6846,186,506,494,406,14.13,191.18,36.81
Arpit Vasavada,Washington Sundar,1098,1895,51,227,128,110,20.67,172.59,37.16
Akeal Hosein,Washington Sundar,266,213,85,77,13,10,28.95,80.08,2.51
Lasith Embuldeniya,Washington Sundar,365,331,30,84,6,1,23.01,90.68,11.03
Mohammed Shami,Washington Sundar,122,124,26,15,3,2,12.3,101.64,4.77
Mohammed Shami,Scott Curie,166,190,8,19,1,0,11.45,114.46,23.75
Rinku Singh,Scott Curie,578,1155,43,56,108,55,9.69,199.83,26.86
Rinku Singh,Theesan Vithushan,484,903,38,44,78,41,9.09,186.57,23.76
Mohammed Shami,Theesan Vithushan,266,277,29,36,5,1,13.53,104.14,9.55
KL Rahul,Raj Limbani,7466,9995,120,327,196,84,4.38,133.87,83.29
Nishant Sindhu,Raj Limbani,6589,8197,173,410,102,24,6.22,124.4,47.38
Virat Singh,Raj Limbani,2217,2970,95,113,80,37,5.1,133.96,31.26
KL Rahul,Avinov Choudhary,7383,9611,117,360,196,45,4.88,130.18,82.15
Virat Singh,Avinov Choudhary,2250,3047,55,128,74,38,5.69,135.42,55.4
Tilak Varma,Washington Sundar,2564,4866,113,396,341,284,15.44,189.78,43.06
Tilak Varma,Ashwin Das,1438,2522,105,272,169,158,18.92,175.38,24.02
Virat Singh,Ashwin Das,4097,8064,224,473,545,492,11.55,196.83,36.0
Tilak Varma,Isitha Wijesundara,2367,4431,116,379,330,248,16.01,187.2,38.2
Rashid Khan,Ashwin Das,296,236,111,74,22,8,25.0,79.73,2.13
Gangam Anikethreddy,Isitha Wijesundara,380,224,117,181,14,16,47.63,58.95,1.91
Calvin Harrison,Isitha Wijesundara,565,592,52,209,28,29,36.99,104.78,11.38
Calvin Harrison,Ashwin Das,458,501,34,162,31,20,35.37,109.39,14.74
Shiran Fernando,Isitha Wijesundara,335,303,47,72,5,3,21.49,90.45,6.45
Prince Yadav,Isitha Wijesundara,177,178,17,21,0,0,11.86,100.56,10.47
Prince Yadav,Ashwin Das,155,161,16,23,2,1,14.84,103.87,10.06
Prince Yadav,Raj Limbani,242,265,21,26,2,2,10.74,109.5,12.62
Prince Yadav,Avinov Choudhary,288,301,30,35,4,0,12.15,104.51,10.03
Shreyas Iyer,Prince Yadav,2736,4781,80,357,306,236,13.05,174.74,59.76
Shreyas Iyer,Shiran Fernando,3467,6279,227,352,373,352,10.15,181.11,27.66
David Miller,Shiran Fernando,1092,1681,121,197,97,96,18.04,153.94,13.89
David Miller,Rashid Khan,1453,2374,89,301,156,136,20.72,163.39,26.67
Washington Sundar,Calvin Harrison,941,1574,50,162,88,90,17.22,167.27,31.48
Isitha Wijesundara,Calvin Harrison,504,461,75,212,27,19,42.06,91.47,6.15
Washington Sundar,Shiran Fernando,683,1184,90,71,79,67,10.4,173.35,13.16
Isitha Wijesundara,Shiran Fernando,433,424,52,131,14,11,30.25,97.92,8.15
Isitha Wijesundara,Gangam Anikethreddy,815,728,96,251,19,15,30.8,89.33,7.58
Finn Allen,Josh Tongue,5488,8244,218,260,309,219,4.74,150.22,37.82
Rohit Sharma,Josh Tongue,5293,7472,237,367,239,186,6.93,141.17,31.53
Finn Allen,Varun Chakravarthy,4977,8196,147,205,345,287,4.12,164.68,55.76
Rohit Sharma,Chamika Gunasekara,5350,7572,183,376,257,167,7.03,141.53,41.38
Finn Allen,Chamika Gunasekara,5586,8363,174,270,304,204,4.83,149.71,48.06
Finn Allen,Kuldeep Yadav,4286,7601,197,135,380,317,3.15,177.34,38.58
Rohit Sharma,Kuldeep Yadav,4915,8213,268,370,408,361,7.53,167.1,30.65
Finn Allen,Sahan Arachchige,603,1312,55,40,114,75,6.63,217.58,23.85
Finn Allen,Dasun Shanaka,557,1370,17,18,113,84,3.23,245.96,80.59
Rohit Sharma,Dasun Shanaka,2122,4910,108,119,398,305,5.61,231.39,45.46
Kumar Kushagra,Sahan Arachchige,814,1525,55,124,119,83,15.23,187.35,27.73
Dega Nischal,Anshul Kamboj,9565,13269,314,553,380,239,5.78,138.72,42.26
Yashasvi Jaiswal,Anshul Kamboj,9857,13914,277,624,413,279,6.33,141.16,50.23
Dega Nischal,Kagiso Rabada,6727,9732,161,433,304,235,6.44,144.67,60.45
Yashasvi Jaiswal,Kagiso Rabada,6957,10182,157,490,341,254,7.04,146.36,64.85
Ryan Rickelton,Harsh Dubey,6204,10170,205,741,535,445,11.94,163.93,49.61
Ryan Rickelton,Kagiso Rabada,3026,5034,89,251,253,194,8.29,166.36,56.56
Ryan Rickelton,Krunal Pandya,4413,9537,185,442,723,584,10.02,216.11,51.55
Ryan Rickelton,Suryansh Shedge,1473,3403,49,70,239,220,4.75,231.03,69.45
Dega Nischal,Suryansh Shedge,899,2079,29,37,129,146,4.12,231.26,71.69
Dega Nischal,Shardul Thakur,882,1806,108,38,110,123,4.31,204.76,16.72
Ryan Rickelton,Shardul Thakur,1563,3285,154,95,233,212,6.08,210.17,21.33
Sahan Arachchige,Shardul Thakur,638,1025,144,70,69,64,10.97,160.66,7.12
Ryan Rickelton,Donovan Ferreira,3890,8061,141,365,513,522,9.38,207.22,57.17
Abhimanyu Easwaran,Shardul Thakur,1667,3291,139,151,241,193,9.06,197.42,23.68
Suryakumar Yadav,Krunal Pandya,1867,3897,62,216,299,224,11.57,208.73,62.85
Ryan Rickelton,Anshul Kamboj,4243,6469,151,325,266,203,7.66,152.46,42.84
Suryakumar Yadav,Anshul Kamboj,664,1080,53,68,62,48,10.24,162.65,20.38
Suryakumar Yadav,Shardul Thakur,1494,2825,133,165,210,160,11.04,189.09,21.24
Dasun Shanaka,Shardul Thakur,657,1084,124,72,70,59,10.96,164.99,8.74
Josh Tongue,Shardul Thakur,314,260,107,79,15,12,25.16,82.8,2.43
Rajat Patidar,Akeal Hosein,1494,2408,89,253,154,128,16.93,161.18,27.06
Aneurin Donald,Dushan Hemantha,1179,2016,62,258,128,130,21.88,170.99,32.52
Aneurin Donald,Akeal Hosein,1133,2021,34,229,138,123,20.21,178.38,59.44
Vishen Halambage,Akeal Hosein,496,778,33,114,51,48,22.98,156.85,23.58
Seekkuge Prasanna,Lasith Embuldeniya,483,875,43,99,87,46,20.5,181.16,20.35
Dushan Hemantha,Vishen Halambage,519,355,156,177,17,18,34.1,68.4,2.28
Rinku Singh,Harpreet Brar,1168,1822,100,187,121,87,16.01,155.99,18.22
Tim Seifert,Gangam Anikethreddy,5289,7188,143,730,256,191,13.8,135.9,50.27
Ankit Kumar,Rashid Khan,1351,2125,133,174,120,105,12.88,157.29,15.98
Donovan Ferreira,Shahbaz Ahmed,1241,2432,123,122,197,136,9.83,195.97,19.77
Donovan Ferreira,Saransh Jain,1436,2677,152,206,217,152,14.35,186.42,17.61
Krunal Pandya,Shahbaz Ahmed,1218,1975,98,216,131,109,17.73,162.15,20.15
Krunal Pandya,Rashid Khan,2536,3789,178,557,246,191,21.96,149.41,21.29
Prashant Veer,Rashid Khan,330,477,24,60,35,16,18.18,144.55,19.88
Harsh Dubey,Rashid Khan,295,205,110,79,15,8,26.78,69.49,1.86
Ravi Bishnoi,Rashid Khan,190,179,18,46,2,2,24.21,94.21,9.94
Nishan Peiris,Gangam Anikethreddy,201,188,17,39,2,1,19.4,93.53,11.06
Harry Brook,Harsh Dubey,3920,6854,155,413,427,318,10.54,174.85,44.22
Virat Singh,Nishan Peiris,1168,1910,62,233,144,91,19.95,163.53,30.81
Shivam Dube,Nishan Peiris,452,722,50,78,51,39,17.26,159.73,14.44
Tilak Varma,Ravi Bishnoi,404,787,24,56,49,51,13.86,194.8,32.79
Shivam Dube,Ravi Bishnoi,422,823,54,57,56,60,13.51,195.02,15.24
Shahbaz Ahmed,Ravi Bishnoi,300,496,24,45,30,24,15.0,165.33,20.67
Shahbaz Ahmed,Donovan Ferreira,488,689,26,126,38,35,25.82,141.19,26.5
Gangam Anikethreddy,Donovan Ferreira,270,140,90,117,7,9,43.33,51.85,1.56
Saransh Jain,Donovan Ferreira,156,175,9,21,4,0,13.46,112.18,19.44
Shahbaz Ahmed,Krunal Pandya,929,1477,40,209,91,85,22.5,158.99,36.92
Shiran Fernando,Prashant Veer,160,159,18,17,0,0,10.62,99.38,8.83
Shiran Fernando,Krunal Pandya,567,581,75,84,6,3,14.81,102.47,7.75
Shiran Fernando,Harsh Dubey,246,265,25,34,3,1,13.82,107.72,10.6
Shahbaz Ahmed,Harsh Dubey,289,439,23,62,30,21,21.45,151.9,19.09
Shiran Fernando,Ravi Bishnoi,114,126,15,11,0,1,9.65,110.53,8.4
Venkatesh Iyer,Shiran Fernando,7620,10797,199,583,358,233,7.65,141.69,54.26
David Warner,Shiran Fernando,7784,11182,181,628,380,258,8.07,143.65,61.78
David Warner,Gangam Anikethreddy,6276,8271,159,1074,286,242,17.11,131.79,52.02
Matt Short,Gangam Anikethreddy,1113,1371,99,312,80,66,28.03,123.18,13.85
Matt Short,Shiran Fernando,936,1465,77,158,80,77,16.88,156.52,19.03
Matt Short,Shahbaz Ahmed,1976,3691,111,309,265,216,15.64,186.79,33.25
David Warner,Shahbaz Ahmed,2578,5766,66,183,397,368,7.1,223.66,87.36
Matt Short,Saransh Jain,1979,3296,153,397,240,186,20.06,166.55,21.54
David Warner,Saransh Jain,2606,5086,92,418,372,308,16.04,195.17,55.28
Sanvir Singh,Saransh Jain,1155,2085,161,117,155,113,10.13,180.52,12.95
Sanvir Singh,Shahbaz Ahmed,1024,2127,137,45,161,136,4.39,207.71,15.53
Kusal Mendis,Akeal Hosein,6291,8985,151,702,332,262,11.16,142.82,59.5
KL Rahul,Dushan Hemantha,6564,10976,177,469,514,441,7.15,167.22,62.01
Kusal Mendis,Dushan Hemantha,6053,9115,174,575,363,314,9.5,150.59,52.39
Kusal Mendis,Lasith Embuldeniya,6161,7970,152,912,270,193,14.8,129.36,52.43
Kusal Mendis,Mohammed Shami,6845,10393,165,490,402,305,7.16,151.83,62.99
Shivam Dube,Mohammed Shami,853,1522,74,106,114,82,12.43,178.43,20.57
Virat Singh,Mohammed Shami,2186,3986,139,249,232,227,11.39,182.34,28.68
Tilak Varma,Mohammed Shami,619,1046,34,108,67,58,17.45,168.98,30.76
Shahbaz Ahmed,Mohammed Shami,418,616,23,92,32,31,22.01,147.37,26.78
Chris Lynn,Varun Chakravarthy,628,1043,31,138,82,53,21.97,166.08,33.65
Chris Lynn,Vaisakh Chandran,630,1007,48,146,67,59,23.17,159.84,20.98
Dhruv Jurel,Scott Curie,603,1091,18,50,76,42,8.29,180.93,60.61
Dhruv Jurel,Theesan Vithushan,1523,3201,55,128,218,188,8.4,210.18,58.2
Ryan Rickelton,Shubham Agarwal,2934,4491,282,614,299,254,20.93,153.07,15.93
Charith Asalanka,Isitha Wijesundara,569,973,46,108,68,59,18.98,171.0,21.15
Charith Asalanka,Will Jacks,1077,1752,81,221,125,91,20.52,162.67,21.63
Dasun Shanaka,Will Jacks,776,1360,36,139,94,73,17.91,175.26,37.78
Dasun Shanaka,Isitha Wijesundara,1247,2207,67,193,134,127,15.48,176.98,32.94
Dasun Shanaka,Washington Sundar,1579,2889,99,220,200,158,13.93,182.96,29.18
Dasun Shanaka,Scott Curie,530,894,42,47,47,43,8.87,168.68,21.29
Charith Asalanka,Scott Curie,454,818,42,62,52,48,13.66,180.18,19.48
Dasun Shanaka,Theesan Vithushan,625,983,44,82,48,50,13.12,157.28,22.34
Kuldeep Yadav,Theesan Vithushan,174,98,47,89,9,4,51.15,56.32,2.09
Harry Brook,Arzan Nagwaswalla,4567,6961,278,709,371,316,15.52,152.42,25.04
Virat Singh,Dian Forrester,4537,10332,210,276,741,679,6.08,227.73,49.2
Gangam Anikethreddy,Rachin Ravindra,502,277,166,199,17,12,39.64,55.18,1.67
Gangam Anikethreddy,Dian Forrester,532,317,152,230,16,16,43.23,59.59,2.09
Gangam Anikethreddy,Jasprit Bumrah,278,168,84,118,15,7,42.45,60.43,2.0
Saransh Jain,Jasprit Bumrah,325,372,25,39,6,3,12.0,114.46,14.88
Shiran Fernando,Jasprit Bumrah,352,344,35,49,1,0,13.92,97.73,9.83
Shiran Fernando,Praveen Jayawickrama,209,221,18,21,4,0,10.05,105.74,12.28
Glenn Phillips,Shahbaz Ahmed,2333,4877,109,283,391,290,12.13,209.04,44.74
Lalit Yadav,Shahbaz Ahmed,1257,2602,48,115,202,139,9.15,207.0,54.21
Abhishek Sharma,Gangam Anikethreddy,2350,4362,214,328,301,269,13.96,185.62,20.38
Lalit Yadav,Gangam Anikethreddy,1654,3069,82,223,210,173,13.48,185.55,37.43
Yash Dhull,Mohammed Siraj,2631,3306,94,463,107,69,17.6,125.66,35.17
Yash Dhull,Prasidh Krishna,2520,3304,95,351,107,76,13.93,131.11,34.78
Yash Dhull,Jaydev Unadkat,2584,3177,137,468,103,66,18.11,122.95,23.19
Ayush Mhatre,Jaydev Unadkat,2910,4599,68,263,225,149,9.04,158.04,67.63
Yash Dhull,Avesh Khan,2490,3549,65,329,126,107,13.21,142.53,54.6
Ayush Mhatre,Avesh Khan,3033,4990,72,194,222,189,6.4,164.52,69.31
Mukul Choudhary,Avesh Khan,1460,2677,54,122,142,144,8.36,183.36,49.57
Mukul Choudhary,Jaydev Unadkat,1580,2616,94,234,138,146,14.81,165.57,27.83
Ashton Turner,Avesh Khan,715,1042,55,128,53,54,17.9,145.73,18.95
Mridul Surroch,Avesh Khan,788,1481,35,97,102,83,12.31,187.94,42.31
Mridul Surroch,Jaydev Unadkat,739,1043,50,195,51,64,26.39,141.14,20.86
Sairaj Patil,Jaydev Unadkat,471,682,55,85,45,33,18.05,144.8,12.4
Sairaj Patil,Avesh Khan,483,898,24,59,55,53,12.22,185.92,37.42
Ayush Mhatre,Liam Livingstone,7390,16701,261,562,1243,1060,7.6,225.99,63.99
Sairaj Patil,Liam Livingstone,709,1505,52,53,116,89,7.48,212.27,28.94
Yuvraj Chaudhary,Liam Livingstone,1922,3068,122,375,190,168,19.51,159.63,25.15
Yuvraj Chaudhary,Mohammed Siraj,609,875,64,147,62,45,24.14,143.68,13.67
Craig Overton,Mohammed Siraj,181,182,35,61,10,9,33.7,100.55,5.2
Craig Overton,Jaydev Unadkat,156,157,31,51,12,7,32.69,100.64,5.06
Mayank Yadav,Jaydev Unadkat,86,55,31,25,2,2,29.07,63.95,1.77
Umesh Yadav,Jaydev Unadkat,86,95,20,11,4,2,12.79,110.47,4.75
Liam Livingstone,Mayank Yadav,3505,5225,79,294,192,148,8.39,149.07,66.14
Kamil Mishara,Mayank Yadav,3465,5338,69,204,201,153,5.89,154.05,77.36
Liam Livingstone,Umesh Yadav,3404,5152,63,248,176,155,7.29,151.35,81.78
Kamil Mishara,Umesh Yadav,3560,5696,69,200,230,187,5.62,160.0,82.55
Liam Livingstone,Mohamed Shiraz,3454,4754,96,408,167,115,11.81,137.64,49.52
Kamil Mishara,Mohamed Shiraz,3323,4693,77,320,148,129,9.63,141.23,60.95
Sai Sudharsan,Mohamed Shiraz,1442,2100,53,243,107,82,16.85,145.63,39.62
Sai Sudharsan,Mayank Yadav,1504,2359,42,169,124,86,11.24,156.85,56.17
Lahiru Udara,Mohamed Shiraz,396,522,35,87,34,22,21.97,131.82,14.91
Kamil Mishara,Mridul Surroch,1162,2749,48,16,198,173,1.38,236.57,57.27
Lahiru Udara,Mridul Surroch,790,1645,60,54,110,108,6.84,208.23,27.42
Jos Buttler,Mridul Surroch,4259,8543,272,557,672,501,13.08,200.59,31.41
Kunal Chandela,Mridul Surroch,2489,4676,141,375,320,284,15.07,187.87,33.16
Jaydev Unadkat,Mridul Surroch,82,48,28,30,2,3,36.59,58.54,1.71
Nitish Rana,Mridul Surroch,587,1225,31,66,85,78,11.24,208.69,39.52
Nitish Rana,Craig Overton,684,1206,50,113,98,63,16.52,176.32,24.12
Avesh Khan,Craig Overton,116,120,12,16,2,0,13.79,103.45,10.0
Avesh Khan,Umesh Yadav,69,74,6,11,0,2,15.94,107.25,12.33
Dega Nischal,Lungi Ngidi,6862,9364,146,566,286,179,8.25,136.46,64.14
Yashasvi Jaiswal,Lungi Ngidi,6846,9576,148,597,295,231,8.72,139.88,64.7
Yashasvi Jaiswal,Rahul Chahar,6441,10610,133,285,443,353,4.42,164.73,79.77
Dega Nischal,Rahul Chahar,6192,10222,110,268,422,353,4.33,165.08,92.93
Yashasvi Jaiswal,Mukesh Kumar,6852,10546,129,410,389,301,5.98,153.91,81.75
Dega Nischal,Mukesh Kumar,6716,10058,167,390,366,268,5.81,149.76,60.23
Ryan Rickelton,Rahul Chahar,2718,5366,69,142,314,280,5.22,197.42,77.77
Ryan Rickelton,Lungi Ngidi,2583,4106,84,317,206,162,12.27,158.96,48.88
Ryan Rickelton,Mukesh Kumar,2683,4538,75,225,229,190,8.39,169.14,60.51
Ryan Rickelton,Akash Vasisht,4589,9060,375,436,609,570,9.5,197.43,24.16
Suryakumar Yadav,Akash Vasisht,1775,3566,118,179,261,211,10.08,200.9,30.22
Abhimanyu Easwaran,Beau Webster,1982,4059,146,204,296,255,10.29,204.79,27.8
Suryakumar Yadav,Beau Webster,1759,3531,120,201,283,201,11.43,200.74,29.43
Josh Tongue,Mridul Surroch,440,300,137,153,19,12,34.77,68.18,2.19
Chamika Gunasekara,Mridul Surroch,308,284,28,53,1,0,17.21,92.21,10.14
Chamika Gunasekara,Akash Vasisht,301,293,24,60,1,1,19.93,97.34,12.21
Kuldeep Yadav,Lungi Ngidi,114,57,31,57,4,2,50.0,50.0,1.84
Chamika Gunasekara,Lungi Ngidi,164,180,12,14,0,0,8.54,109.76,15.0
Chamika Gunasekara,Mukesh Kumar,205,209,21,29,1,1,14.15,101.95,9.95
Kuldeep Yadav,Mukesh Kumar,87,37,35,31,1,1,35.63,42.53,1.06
Sanju Samson,Josh Tongue,5821,8458,191,463,311,221,7.95,145.3,44.28
Mukul Choudhary,Chamika Gunasekara,4065,6883,171,374,356,313,9.2,169.32,40.25
Sanju Samson,Chamika Gunasekara,5930,9030,176,432,331,288,7.28,152.28,51.31
Ruchit Ahir,Krunal Pandya,2721,5436,126,384,437,307,14.11,199.78,43.14
Heinrich Klaasen,Ravi Bishnoi,510,869,34,103,61,49,20.2,170.39,25.56
Finn Allen,Ashwin Das,2776,5929,221,151,400,383,5.44,213.58,26.83
Rohit Sharma,Ashwin Das,3377,6787,199,335,481,414,9.92,200.98,34.11
Krunal Pandya,Avinov Choudhary,887,1307,51,91,57,43,10.26,147.35,25.63
Donovan Ferreira,Avinov Choudhary,445,833,65,34,69,43,7.64,187.19,12.82
Donovan Ferreira,Raj Limbani,513,1010,98,24,72,67,4.68,196.88,10.31
Harsh Dubey,Raj Limbani,286,328,92,60,24,21,20.98,114.69,3.57
Shardul Thakur,Raj Limbani,452,424,83,113,18,14,25.0,93.81,5.11
Shreyas Iyer,Suryansh Shedge,1752,3935,58,115,282,247,6.56,224.6,67.84
Prabhsimran Singh,Suryansh Shedge,1133,2665,55,25,190,172,2.21,235.22,48.45
Shreyas Iyer,Shardul Thakur,1873,3985,156,120,295,250,6.41,212.76,25.54
Ramandeep Singh,Shardul Thakur,918,1736,149,77,139,103,8.39,189.11,11.65
Ramandeep Singh,Harsh Dubey,424,794,48,57,69,41,13.44,187.26,16.54
Ashwin Das,Harsh Dubey,300,485,32,59,45,21,19.67,161.67,15.16
Isitha Wijesundara,Harsh Dubey,444,445,45,128,11,12,28.83,100.23,9.89
Ashwin Das,Kagiso Rabada,298,428,33,81,30,22,27.18,143.62,12.97
Shubman Gill,Prasidh Krishna,9988,15733,240,564,606,502,5.65,157.52,65.55
Ruturaj Gaikwad,Prasidh Krishna,8972,14000,199,755,571,489,8.42,156.04,70.35
Ruturaj Gaikwad,Ravi Teja,7113,9722,170,745,320,221,10.47,136.68,57.19
Shubman Gill,Ravi Teja,7082,10143,162,664,344,262,9.38,143.22,62.61
Karan Lal,Prasidh Krishna,2148,3687,126,75,176,146,3.49,171.65,29.26
Karan Lal,Ravi Teja,2197,3385,142,217,177,116,9.88,154.07,23.84
Ruturaj Gaikwad,Mohammed Siraj,8833,12662,200,1021,517,357,11.56,143.35,63.31
Karan Lal,Mohammed Siraj,2240,3662,180,170,193,156,7.59,163.48,20.34
Ishan Kishan,Prasidh Krishna,2160,4282,155,120,296,235,5.56,198.24,27.63
Ishan Kishan,Mohammed Siraj,2332,4533,149,230,294,272,9.86,194.38,30.42
Ishan Kishan,Ravi Teja,1277,2176,99,153,151,104,11.98,170.4,21.98
Ishan Kishan,Mitchell Santner,4736,9776,382,486,753,603,10.26,206.42,25.59
Marcus Stoinis,Mitchell Santner,1602,2886,113,265,232,150,16.54,180.15,25.54
Marcus Stoinis,Sunil Narine,1561,2512,73,377,160,151,24.15,160.92,34.41
Shivam Mavi,Mitchell Santner,402,377,131,98,26,20,24.38,93.78,2.88
Marcus Stoinis,Mohammed Siraj,808,1246,92,168,93,65,20.79,154.21,13.54
Dunith Wellalage,Mohammed Siraj,686,969,35,141,54,40,20.55,141.25,27.69
Marcus Stoinis,Liam Livingstone,1919,3549,128,275,258,206,14.33,184.94,27.73
Dunith Wellalage,Liam Livingstone,1484,2219,38,356,125,112,23.99,149.53,58.39
Vaibhav Suryavanshi,Ottneil Baartman,6606,11188,175,320,517,414,4.84,169.36,63.93
Liam Livingstone,Ottneil Baartman,5866,9217,235,396,376,320,6.75,157.13,39.22
Liam Livingstone,Shivam Mavi,5889,9367,129,463,419,311,7.86,159.06,72.61
Vaibhav Suryavanshi,Shivam Mavi,6507,11148,108,351,515,423,5.39,171.32,103.22
Vaibhav Suryavanshi,Maheesh Theekshana,6318,11577,101,300,591,505,4.75,183.24,114.62
Liam Livingstone,Maheesh Theekshana,9682,14992,149,708,603,430,7.31,154.84,100.62
Sai Sudharsan,Ottneil Baartman,3310,5908,218,284,344,299,8.58,178.49,27.1
Yashvardhan Dalal,Shivam Mavi,1822,3233,54,311,214,174,17.07,177.44,59.87
Sai Sudharsan,Shivam Mavi,3166,5728,62,334,334,291,10.55,180.92,92.39
Yashvardhan Dalal,Ottneil Baartman,1850,3320,105,264,233,181,14.27,179.46,31.62
Yashvardhan Dalal,Maheesh Theekshana,2053,3845,41,309,235,229,15.05,187.29,93.78
Sai Sudharsan,Maheesh Theekshana,4376,8133,96,400,486,408,9.14,185.85,84.72
Jos Buttler,Maheesh Theekshana,1207,2428,55,188,187,146,15.58,201.16,44.15
Prasidh Krishna,Mohsin Khan,131,123,18,20,1,0,15.27,93.89,6.83
Sunil Narine,Mohsin Khan,239,284,31,44,13,8,18.41,118.83,9.16
Kunal Chandela,Matthew Forde,841,1580,51,145,112,98,17.24,187.87,30.98
Mitchell Santner,Mohsin Khan,555,759,80,147,58,42,26.49,136.76,9.49
Mitchell Santner,Matthew Forde,304,590,19,71,39,44,23.36,194.08,31.05
Sunil Narine,Matthew Forde,75,108,8,23,3,9,30.67,144.0,13.5
CV Stephen,Matthew Forde,81,85,8,12,3,0,14.81,104.94,10.62
Akash Deep,Mitchell Santner,389,320,108,119,27,11,30.59,82.26,2.96
Mohsin Khan,Liam Livingstone,496,364,122,142,12,8,28.63,73.39,2.98
Heinrich Klaasen,Malinda Pushpakumara,376,663,58,38,52,33,10.11,176.33,11.43
Heinrich Klaasen,CV Stephen,430,761,56,32,57,35,7.44,176.98,13.59
Brian Bennett,Kuldeep Yadav,12497,18608,360,1505,760,639,12.04,148.9,51.69
Brian Bennett,Varun Chakravarthy,13963,19582,257,1743,683,539,12.48,140.24,76.19
Jitesh Sharma,Kuldeep Yadav,1646,1950,218,411,125,80,24.97,118.47,8.94
Jitesh Sharma,Varun Chakravarthy,1435,1880,118,359,127,84,25.02,131.01,15.93
Hardik Pandya,Varun Chakravarthy,1463,2647,61,192,155,155,13.12,180.93,43.39
Hardik Pandya,Kuldeep Yadav,1806,3421,139,184,224,212,10.19,189.42,24.61
Bipin Saurabh,Kuldeep Yadav,1059,1900,73,144,115,116,13.6,179.41,26.03
Hardik Pandya,Chamika Gunasekara,1789,3143,158,228,217,176,12.74,175.68,19.89
Bipin Saurabh,Chamika Gunasekara,773,1341,77,104,75,87,13.45,173.48,17.42
Bipin Saurabh,Josh Tongue,687,1060,86,112,63,64,16.3,154.29,12.33
Hardik Pandya,Josh Tongue,1807,2919,152,265,180,154,14.67,161.54,19.2
Seekkuge Prasanna,Chamika Gunasekara,416,741,63,71,60,46,17.07,178.12,11.76
Bipin Saurabh,Varun Chakravarthy,973,1667,49,151,103,94,15.52,171.33,34.02
Seekkuge Prasanna,Varun Chakravarthy,641,1024,100,122,77,60,19.03,159.75,10.24
Harpreet Brar,Sahan Arachchige,846,1009,185,195,68,51,23.05,119.27,5.45
Dan Lawrence,Sahan Arachchige,1505,2030,116,268,91,91,17.81,134.88,17.5
Dan Lawrence,Dasun Shanaka,1518,2845,42,129,153,158,8.5,187.42,67.74
Bipin Saurabh,Dasun Shanaka,1314,2741,114,100,219,157,7.61,208.6,24.04
Tanay Thyagarajan,Sahan Arachchige,681,791,66,98,25,16,14.39,116.15,11.98
Yuzvendra Chahal,Sahan Arachchige,505,547,36,72,8,2,14.26,108.32,15.19
Yuzvendra Chahal,Dasun Shanaka,456,541,23,37,5,3,8.11,118.64,23.52
Yuzvendra Chahal,Chamika Gunasekara,151,162,16,18,1,0,11.92,107.28,10.12
Yuzvendra Chahal,Kuldeep Yadav,265,261,26,38,4,1,14.34,98.49,10.04
Sahan Arachchige,Harpreet Brar,1014,1199,160,150,51,38,14.79,118.24,7.49
Sahan Arachchige,Tanay Thyagarajan,849,978,123,137,44,31,16.14,115.19,7.95
Yashasvi Jaiswal,Seekkuge Prasanna,4969,7672,387,1075,502,443,21.63,154.4,19.82
Yashasvi Jaiswal,Hardik Pandya,2611,5543,112,211,402,337,8.08,212.29,49.49
Dasun Shanaka,Hardik Pandya,2144,3785,237,308,261,224,14.37,176.54,15.97
Josh Tongue,Hardik Pandya,904,612,288,278,31,21,30.75,67.7,2.12
Suryakumar Yadav,Hardik Pandya,4261,7984,176,636,586,431,14.93,187.37,45.36
Josh Tongue,Yuzvendra Chahal,117,97,29,33,4,4,28.21,82.91,3.34
Virat Kohli,Nathan Ellis,2652,4069,99,180,164,128,6.79,153.43,41.1
Prabhsimran Singh,Nathan Ellis,2665,3880,103,217,118,121,8.14,145.59,37.67
Prabhsimran Singh,Tripuresh Singh,2633,3229,129,368,79,66,13.98,122.64,25.03
Virat Kohli,Tripuresh Singh,2574,3363,136,286,117,71,11.11,130.65,24.73
Devdutt Padikkal,Tripuresh Singh,1713,2033,111,388,88,66,22.65,118.68,18.32
Devdutt Padikkal,Lance Morris,1658,2062,99,389,98,75,23.46,124.37,20.83
Prabhsimran Singh,Lance Morris,2696,3899,77,279,136,121,10.35,144.62,50.64
Devdutt Padikkal,Nathan Ellis,1622,2533,101,206,119,117,12.7,156.17,25.08
Prabhsimran Singh,Arshdeep Singh,2712,4223,79,137,163,122,5.05,155.72,53.46
Devdutt Padikkal,Arshdeep Singh,1642,2702,57,199,148,116,12.12,164.56,47.4
Shreyas Iyer,Nathan Ellis,1326,2251,64,179,150,105,13.5,169.76,35.17
Shreyas Iyer,Tripuresh Singh,1312,1825,64,323,112,86,24.62,139.1,28.52
Shreyas Iyer,Lance Morris,1378,2346,59,236,130,145,17.13,170.25,39.76
David Miller,Lance Morris,748,1111,58,187,67,66,25.0,148.53,19.16
Will Jacks,Lance Morris,525,839,32,88,60,37,16.76,159.81,26.22
Will Jacks,Arshdeep Singh,522,965,26,70,59,56,13.41,184.87,37.12
Will Jacks,Tripuresh Singh,577,712,60,175,48,35,30.33,123.4,11.87
Will Jacks,Nathan Ellis,622,1028,41,125,64,63,20.1,165.27,25.07
Washington Sundar,Nathan Ellis,289,392,45,48,26,17,16.61,135.64,8.71
Devdutt Padikkal,Hardik Pandya,3458,6620,230,491,489,393,14.2,191.44,28.78
Washington Sundar,Hardik Pandya,2296,3805,162,390,259,192,16.99,165.72,23.49
Washington Sundar,Arshdeep Singh,290,445,26,64,31,24,22.07,153.45,17.12
Washington Sundar,Tripuresh Singh,334,434,39,81,32,17,24.25,129.94,11.13
Mayank Agarwal,Bhuvneshwar Kumar,3432,4241,157,468,119,79,13.64,123.57,27.01
Brian Bennett,Bhuvneshwar Kumar,3924,5055,80,595,168,109,15.16,128.82,63.19
Brian Bennett,Theesan Vithushan,11354,15934,115,777,421,303,6.84,140.34,138.56
Mayank Agarwal,Theesan Vithushan,3200,4837,73,339,195,157,10.59,151.16,66.26
Kangabam Priyojit Singh,Bhuvneshwar Kumar,1600,2869,76,166,173,140,10.38,179.31,37.75
Kangabam Priyojit Singh,Theesan Vithushan,9034,13109,111,445,400,243,4.93,145.11,118.1
Kangabam Priyojit Singh,Manav Suthar,1611,3343,42,75,207,189,4.66,207.51,79.6
Brian Bennett,Manav Suthar,3732,5876,69,393,264,216,10.53,157.45,85.16
James Rew,Bhuvneshwar Kumar,682,930,65,186,39,62,27.27,136.36,14.31
James Rew,Manav Suthar,789,1252,40,154,80,65,19.52,158.68,31.3
James Rew,Duvindu Tillakaratne,920,1449,26,237,95,80,25.76,157.5,55.73
Kangabam Priyojit Singh,Duvindu Tillakaratne,1828,3838,35,150,262,224,8.21,209.96,109.66
Hardik Pandya,Manav Suthar,409,740,22,70,49,46,17.11,180.93,33.64
Hardik Pandya,Duvindu Tillakaratne,458,949,7,51,58,59,11.14,207.21,135.57
James Rew,Will Jacks,3355,6046,139,654,439,352,19.49,180.21,43.5
Hardik Pandya,Will Jacks,652,1446,45,44,117,85,6.75,221.78,32.13
James Rew,Washington Sundar,7683,14486,331,1173,1073,815,15.27,188.55,43.76
Hardik Pandya,Washington Sundar,3162,6577,207,252,516,377,7.97,208.0,31.77
Kishan Lyngdoh,Binura Fernando,1796,2370,50,379,102,83,21.1,131.96,47.4
Harry Brook,Ashish Singh,247,382,28,40,26,17,16.19,154.66,13.64
Harry Brook,Mohammed Shami,2847,5205,146,218,306,270,7.66,182.82,35.65
Shivam Dube,Auqib Nabi,586,1066,72,57,77,60,9.73,181.91,14.81
Harry Brook,Auqib Nabi,878,1762,91,89,133,106,10.14,200.68,19.36
Sam Curran,Auqib Nabi,550,917,44,111,67,50,20.18,166.73,20.84
Jason Holder,Auqib Nabi,277,379,30,59,27,14,21.3,136.82,12.63
Khaleel Ahmed,Auqib Nabi,154,136,26,37,4,3,24.03,88.31,5.23
Khaleel Ahmed,Binura Fernando,67,56,14,11,0,0,16.42,83.58,4.0
David Warner,Jason Holder,1354,2758,48,198,208,176,14.62,203.69,57.46
Venkatesh Iyer,Jason Holder,1187,2290,73,159,172,129,13.4,192.92,31.37
Mitchell Marsh,Jason Holder,1109,2000,92,156,147,112,14.07,180.34,21.74
Mitchell Marsh,Sam Curran,983,1809,83,116,113,111,11.8,184.03,21.8
David Warner,Sam Curran,1174,2448,49,105,193,134,8.94,208.52,49.96
Suryakumar Yadav,Rashid Khan,1373,2418,77,215,161,138,15.66,176.11,31.4
Suryakumar Yadav,Gangam Anikethreddy,1431,2364,51,284,144,123,19.85,165.2,46.35
Suryakumar Yadav,Prince Yadav,1291,2143,56,246,128,117,19.05,166.0,38.27
Dasun Shanaka,Prince Yadav,605,980,59,75,60,46,12.4,161.98,16.61
Dasun Shanaka,Gangam Anikethreddy,979,1338,115,171,62,67,17.47,136.67,11.63
Suryakumar Yadav,Calvin Harrison,1492,2930,90,183,230,159,12.27,196.38,32.56
Varun Chakravarthy,Calvin Harrison,624,662,72,88,9,5,14.1,106.09,9.19
Varun Chakravarthy,Shiran Fernando,456,439,55,68,1,2,14.91,96.27,7.98
Josh Tongue,Shiran Fernando,149,79,52,47,5,1,31.54,53.02,1.52
Chamika Gunasekara,Shiran Fernando,183,178,19,28,0,0,15.3,97.27,9.37
Josh Tongue,Gangam Anikethreddy,242,149,78,74,7,3,30.58,61.57,1.91
Chamika Gunasekara,Gangam Anikethreddy,288,300,20,39,0,0,13.54,104.17,15.0
Nishant Sindhu,Chamika Gunasekara,5561,7543,225,545,221,180,9.8,135.64,33.52
Shivam Dube,Josh Tongue,1425,2200,180,213,146,112,14.95,154.39,12.22
Shubman Gill,Mitchell Starc,7610,9615,148,374,132,26,4.91,126.35,64.97
Ruturaj Gaikwad,Mitchell Starc,7586,9587,116,360,143,16,4.75,126.38,82.65
Ruturaj Gaikwad,Adam Zampa,7577,9633,114,353,153,26,4.66,127.13,84.5
Shubman Gill,Adam Zampa,7394,9276,154,384,138,23,5.19,125.45,60.23
Ruchit Ahir,Adam Zampa,2348,3039,40,142,60,23,6.05,129.43,75.97
Ruchit Ahir,Mridul Surroch,2522,4541,156,436,304,284,17.29,180.06,29.11
Ruturaj Gaikwad,Riyan Parag,2885,5382,193,347,348,329,12.03,186.55,27.89
Heinrich Klaasen,Riyan Parag,1724,2235,249,435,147,124,25.23,129.64,8.98
Heinrich Klaasen,Akash Vasisht,3106,5196,386,573,371,323,18.45,167.29,13.46
Sarfaraz Khan,Riyan Parag,1668,2963,191,124,197,153,7.43,177.64,15.51
Matthew Forde,Akash Vasisht,542,533,172,120,31,26,22.14,98.34,3.1
Akash Deep,Akash Vasisht,530,414,172,149,25,20,28.11,78.11,2.41
Yash Thakur,Akash Vasisht,802,859,111,110,18,10,13.72,107.11,7.74
Vidwath Kaverappa,Riyan Parag,660,663,71,88,3,1,13.33,100.45,9.34
Ayush Mhatre,Akash Deep,6293,10814,164,389,492,452,6.18,171.84,65.94
Sanju Samson,Akash Deep,5668,9525,171,353,471,358,6.23,168.05,55.7
Ayush Mhatre,Vidwath Kaverappa,6467,11435,122,312,554,473,4.82,176.82,93.73
Sanju Samson,Vidwath Kaverappa,5702,9567,109,310,420,351,5.44,167.78,87.77
Ayush Mhatre,Matthew Forde,6549,11041,126,528,567,426,8.06,168.59,87.63
Sanju Samson,Matthew Forde,5905,9634,133,452,453,344,7.65,163.15,72.44
Sanju Samson,Yash Thakur,5006,8418,208,344,420,344,6.87,168.16,40.47
Ayush Mhatre,Yash Thakur,5497,9796,166,382,544,431,6.95,178.21,59.01
Venkatesh Iyer,Vaisakh Chandran,6642,8822,169,733,260,175,11.04,132.82,52.2
David Warner,Vaisakh Chandran,6991,9563,116,793,296,213,11.34,136.79,82.44
David Warner,Varun Chakravarthy,7155,9262,162,937,304,181,13.1,129.45,57.17
Venkatesh Iyer,Varun Chakravarthy,6935,9232,154,751,257,179,10.83,133.12,59.95
Venkatesh Iyer,Kuldeep Yadav,5975,8129,210,682,260,202,11.41,136.05,38.71
David Warner,Kuldeep Yadav,6437,8847,195,778,312,232,12.09,137.44,45.37
Kartik Sharma,Charith Asalanka,2907,6668,73,192,459,434,6.6,229.38,91.34
David Warner,Charith Asalanka,2522,5759,65,121,445,326,4.8,228.35,88.6
David Warner,Sahan Arachchige,2372,4179,151,478,314,246,20.15,176.18,27.68
David Warner,Dasun Shanaka,2391,5288,86,174,402,318,7.28,221.16,61.49
Kartik Sharma,Vaisakh Chandran,3254,4778,88,579,222,191,17.79,146.83,54.3
Matt Short,Sahan Arachchige,2339,3186,285,657,230,183,28.09,136.21,11.18
Dega Nischal,Dushan Hemantha,5544,7911,214,600,306,246,10.82,142.69,36.97
Yashasvi Jaiswal,Dushan Hemantha,5237,7931,191,474,305,288,9.05,151.44,41.52
Dega Nischal,Mohammed Shami,9456,13687,258,705,485,337,7.46,144.74,53.05
Yashasvi Jaiswal,Mohammed Shami,8828,12667,286,646,467,299,7.32,143.49,44.29
Dhruv Jurel,Lasith Embuldeniya,2205,2605,91,699,128,125,31.7,118.14,28.63
Ryan Rickelton,Dushan Hemantha,3340,5140,223,460,294,220,13.77,153.89,23.05
Dhruv Jurel,Dushan Hemantha,2173,3023,135,514,186,149,23.65,139.12,22.39
Abhimanyu Easwaran,Dushan Hemantha,1291,2186,87,205,152,122,15.88,169.33,25.13
Sahan Arachchige,Dushan Hemantha,421,565,81,79,30,35,18.76,134.2,6.98
Charith Asalanka,Lasith Embuldeniya,558,778,40,159,46,45,28.49,139.43,19.45
Charith Asalanka,Mohammed Shami,552,664,75,134,39,28,24.28,120.29,8.85
Abhimanyu Easwaran,Mohammed Shami,1057,1726,84,169,118,90,15.99,163.29,20.55
Dasun Shanaka,Mohammed Shami,469,725,52,61,48,33,13.01,154.58,13.94
Charith Asalanka,Akeal Hosein,484,635,49,119,31,35,24.59,131.2,12.96
Varun Chakravarthy,Akeal Hosein,491,462,47,93,1,2,18.94,94.09,9.83
Kuldeep Yadav,Akeal Hosein,242,80,86,120,6,3,49.59,33.06,0.93
Vaisakh Chandran,Akeal Hosein,167,165,16,32,3,0,19.16,98.8,10.31
Dega Nischal,Ravindra Jadeja,2330,3999,139,381,250,241,16.35,171.63,28.77
Dhruv Jurel,Ravindra Jadeja,2587,4184,124,534,273,229,20.64,161.73,33.74
Dhruv Jurel,Seekkuge Prasanna,2825,2776,337,965,162,118,34.16,98.27,8.24
Abhimanyu Easwaran,Ravindra Jadeja,2357,4022,168,346,280,217,14.68,170.64,23.94
Dega Nischal,Vishen Halambage,2272,2697,238,596,156,126,26.23,118.71,11.33
Abhimanyu Easwaran,Vishen Halambage,2434,2955,295,568,171,139,23.34,121.41,10.02
Charith Asalanka,Seekkuge Prasanna,1617,1496,227,542,85,52,33.52,92.52,6.59
Charith Asalanka,Vishen Halambage,1592,1584,265,456,83,68,28.64,99.5,5.98
Dasun Shanaka,Vishen Halambage,1378,1448,219,345,73,52,25.04,105.08,6.61
Charith Asalanka,Ravindra Jadeja,1638,2130,149,404,136,90,24.66,130.04,14.3
Dasun Shanaka,Ravindra Jadeja,1371,1954,100,242,99,81,17.65,142.52,19.54
Kuldeep Yadav,Seekkuge Prasanna,1302,462,396,698,29,19,53.61,35.48,1.17
Varun Chakravarthy,Vishen Halambage,991,933,138,176,9,6,17.76,94.15,6.76
Varun Chakravarthy,Ravindra Jadeja,1033,993,131,165,10,6,15.97,96.13,7.58
Dasun Shanaka,Harpreet Brar,805,1093,89,112,56,39,13.91,135.78,12.28
Varun Chakravarthy,Harpreet Brar,949,987,84,124,9,4,13.07,104.0,11.75
Varun Chakravarthy,Yuzvendra Chahal,1012,1133,83,98,8,6,9.68,111.96,13.65
Dasun Shanaka,Yuzvendra Chahal,848,1330,51,85,68,54,10.02,156.84,26.08
Kangabam Priyojit Singh,Varun Chakravarthy,7176,10782,147,490,420,257,6.83,150.25,73.35
Kangabam Priyojit Singh,Kuldeep Yadav,6162,9495,202,365,346,296,5.92,154.09,47.0
Kangabam Priyojit Singh,Vaisakh Chandran,7045,10479,128,486,351,270,6.9,148.74,81.87
Brian Bennett,Vaisakh Chandran,7391,9863,129,927,303,223,12.54,133.45,76.46
James Rew,Vaisakh Chandran,2678,3468,106,566,151,120,21.14,129.5,32.72
Rajat Patidar,Varun Chakravarthy,958,1574,82,128,102,75,13.36,164.3,19.2
Brian Bennett,Charith Asalanka,2253,5096,66,126,366,318,5.59,226.19,77.21
Rajat Patidar,Charith Asalanka,1645,3828,32,51,274,235,3.1,232.71,119.62
Brian Bennett,Sahan Arachchige,3337,5832,228,700,425,358,20.98,174.77,25.58
Rajat Patidar,Sahan Arachchige,1937,3091,265,319,231,167,16.47,159.58,11.66
Brian Bennett,Dasun Shanaka,3349,7525,109,295,597,459,8.81,224.69,69.04
Rajat Patidar,Dasun Shanaka,1565,3684,71,80,267,248,5.11,235.4,51.89
Tim Seifert,Adam Zampa,7330,9396,121,365,144,24,4.98,128.19,77.65
Smaran Ravichandra,Adam Zampa,7255,9044,108,461,119,25,6.35,124.66,83.74
Smaran Ravichandra,Mitchell Starc,7374,9386,130,472,139,44,6.4,127.29,72.2
Tim Seifert,Mitchell Starc,7418,9511,149,371,155,33,5.0,128.22,63.83
Smaran Ravichandra,Sonal Dinusha,3024,5929,129,458,410,366,15.15,196.06,45.96
Tim Seifert,Sonal Dinusha,2362,4761,105,258,322,300,10.92,201.57,45.34
Smaran Ravichandra,Akash Vasisht,3076,5690,152,542,395,349,17.62,184.98,37.43
Tim Seifert,Akash Vasisht,2364,4545,165,281,288,288,11.89,192.26,27.55
Smaran Ravichandra,Mridul Surroch,4232,8682,139,497,594,544,11.74,205.15,62.46
Tim Seifert,Mridul Surroch,3648,7576,166,359,510,482,9.84,207.68,45.64
Tim Seifert,Riyan Parag,2377,4680,195,213,322,279,8.96,196.89,24.0
Smaran Ravichandra,Riyan Parag,2946,5589,191,361,427,310,12.25,189.71,29.26
Rahul Tripathi,Riyan Parag,2138,3423,262,394,231,208,18.43,160.1,13.06
Rahul Tripathi,Mridul Surroch,2967,5237,174,532,367,304,17.93,176.51,30.1
Ankit Kumar,Riyan Parag,1633,2815,270,197,196,173,12.06,172.38,10.43
Rohit Sharma,Mridul Surroch,3613,7495,256,307,551,460,8.5,207.45,29.28
Donovan Ferreira,Mridul Surroch,2319,4204,270,284,285,261,12.25,181.29,15.57
Krunal Pandya,Mridul Surroch,3524,5751,255,661,390,317,18.76,163.2,22.55
Rahul Tripathi,Mitchell Starc,1947,2490,49,126,39,16,6.47,127.89,50.82
Krunal Pandya,Mitchell Starc,502,761,55,49,49,26,9.76,151.59,13.84
Krunal Pandya,Adam Zampa,555,858,36,70,46,33,12.61,154.59,23.83
Rahul Tripathi,Adam Zampa,1992,2530,49,112,46,12,5.62,127.01,51.63
Ayush Mhatre,Harsh Dubey,13688,19586,271,1502,736,514,10.97,143.09,72.27
Sanju Samson,Harsh Dubey,13527,19936,266,1332,740,568,9.85,147.38,74.95
Sanju Samson,Ravi Bishnoi,7105,10289,183,638,346,283,8.98,144.81,56.22
Ayush Mhatre,Ravi Bishnoi,7502,10845,142,793,380,295,10.57,144.56,76.37
Ayush Mhatre,Nishan Peiris,7497,10385,168,910,376,252,12.14,138.52,61.82
Sanju Samson,Nishan Peiris,7130,9982,166,790,344,261,11.08,140.0,60.13
Mukul Choudhary,Harsh Dubey,5348,8532,191,712,454,372,13.31,159.54,44.67
Mukul Choudhary,Nishan Peiris,2778,3956,111,468,174,159,16.85,142.4,35.64
Mukul Choudhary,Ravi Bishnoi,2858,4831,107,334,265,220,11.69,169.03,45.15
Mridul Surroch,Ravi Bishnoi,1143,1970,65,178,129,109,15.57,172.35,30.31
Mridul Surroch,Nishan Peiris,1144,1933,60,205,124,109,17.92,168.97,32.22
Riyan Parag,Ravi Bishnoi,556,992,52,88,82,53,15.83,178.42,19.08
Mridul Surroch,Prashant Veer,2603,4536,243,535,352,279,20.55,174.26,18.67
Yuvraj Chaudhary,Prashant Veer,1048,1627,88,260,112,96,24.81,155.25,18.49
Yuvraj Chaudhary,Donovan Ferreira,795,1169,44,208,61,71,26.16,147.04,26.57
Karan Shinde,Donovan Ferreira,1752,3024,46,308,210,160,17.58,172.6,65.74
Yuvraj Chaudhary,Krunal Pandya,1732,2970,111,351,232,164,20.27,171.48,26.76
Karan Shinde,Krunal Pandya,3371,6518,150,478,494,372,14.18,193.36,43.45
Karan Shinde,Prashant Veer,1821,3228,109,316,227,190,17.35,177.27,29.61
Akash Vasisht,Prashant Veer,660,1062,54,150,74,60,22.73,160.91,19.67
Akash Vasisht,Krunal Pandya,1109,2137,39,158,148,129,14.25,192.7,54.79
Akash Vasisht,Donovan Ferreira,357,537,34,80,36,30,22.41,150.42,15.79
Mitchell Starc,Donovan Ferreira,48,21,19,22,1,2,45.83,43.75,1.11
Mitchell Starc,Prashant Veer,119,43,42,50,2,1,42.02,36.13,1.02
Sonal Dinusha,Prashant Veer,285,317,13,71,10,4,24.91,111.23,24.38
Sonal Dinusha,Krunal Pandya,330,331,9,106,7,4,32.12,100.3,36.78
Sonal Dinusha,Ravi Bishnoi,154,151,6,39,2,2,25.32,98.05,25.17
Yuvraj Chaudhary,Ravi Bishnoi,277,459,26,40,32,25,14.44,165.7,17.65
Adam Zampa,Ravi Bishnoi,48,52,6,3,0,0,6.25,108.33,8.67
Sonal Dinusha,Harsh Dubey,145,138,11,32,2,1,22.07,95.17,12.55
Adam Zampa,Harsh Dubey,45,49,8,3,0,1,6.67,108.89,6.12
Kangabam Priyojit Singh,Dasun Shanaka,1989,4932,76,74,371,334,3.72,247.96,64.89
Kangabam Priyojit Singh,Charith Asalanka,2181,5359,46,31,394,338,1.42,245.71,116.5
James Rew,Charith Asalanka,2229,4668,57,282,316,300,12.65,209.42,81.89
Kangabam Priyojit Singh,Sahan Arachchige,1895,3687,174,236,286,223,12.45,194.56,21.19
Aneurin Donald,Sahan Arachchige,2658,4745,173,569,390,274,21.41,178.52,27.43
Aneurin Donald,Dasun Shanaka,2083,4996,54,136,393,323,6.53,239.85,92.52
Aneurin Donald,Vaisakh Chandran,665,1125,29,134,77,62,20.15,169.17,38.79
Vishen Halambage,Sahan Arachchige,1440,2379,168,240,173,138,16.67,165.21,14.16
Yashasvi Jaiswal,Ravindra Jadeja,2552,4688,126,380,319,277,14.89,183.7,37.21
Ryan Rickelton,Ravindra Jadeja,2785,4984,152,466,341,287,16.73,178.96,32.79
Yashasvi Jaiswal,Vishen Halambage,2531,3073,251,674,151,159,26.63,121.41,12.24
Ryan Rickelton,Vishen Halambage,2869,3756,340,728,232,203,25.37,130.92,11.05
Sahan Arachchige,Vishen Halambage,1351,1311,306,323,66,60,23.91,97.04,4.28
Kuldeep Yadav,Vishen Halambage,695,206,223,371,9,8,53.38,29.64,0.92
Varun Chakravarthy,Seekkuge Prasanna,1898,1791,233,373,20,12,19.65,94.36,7.69
Vaisakh Chandran,Yuzvendra Chahal,679,718,43,112,3,3,16.49,105.74,16.7
Mukul Choudhary,Harpreet Brar,4447,6238,162,475,206,174,10.68,140.27,38.51
Mukul Choudhary,Yuzvendra Chahal,4384,6891,123,319,303,231,7.28,157.19,56.02
Mridul Surroch,Harpreet Brar,1537,2422,78,235,129,115,15.29,157.58,31.05
Mridul Surroch,Yuzvendra Chahal,1667,2885,71,180,170,134,10.8,173.07,40.63
Riyan Parag,Seekkuge Prasanna,2183,2338,244,726,134,121,33.26,107.1,9.58
Yuvraj Chaudhary,Seekkuge Prasanna,2811,3466,352,795,227,171,28.28,123.3,9.85
Yuvraj Chaudhary,Ravindra Jadeja,1403,1828,95,360,117,79,25.66,130.29,19.24
Akash Vasisht,Ravindra Jadeja,1275,1959,81,241,95,106,18.9,153.65,24.19
Mitchell Starc,Ravindra Jadeja,361,141,117,173,5,8,47.92,39.06,1.21
Sonal Dinusha,Seekkuge Prasanna,889,820,66,252,18,4,28.35,92.24,12.42
Sonal Dinusha,Vishen Halambage,909,878,46,270,16,13,29.7,96.59,19.09
Sonal Dinusha,Harpreet Brar,962,1006,43,206,16,4,21.41,104.57,23.4
Sonal Dinusha,Yuzvendra Chahal,988,1088,37,188,19,6,19.03,110.12,29.41
Kangabam Priyojit Singh,Mridul Surroch,3388,7595,171,153,515,492,4.52,224.17,44.42
Brian Bennett,Mridul Surroch,7238,15104,246,788,1018,961,10.89,208.68,61.4
James Rew,Mridul Surroch,5317,9519,343,933,674,570,17.55,179.03,27.75
James Rew,Sonal Dinusha,1941,3000,113,474,203,172,24.42,154.56,26.55
Kangabam Priyojit Singh,Riyan Parag,2143,4645,201,94,319,306,4.39,216.75,23.11
James Rew,Akash Vasisht,4435,7598,399,799,488,476,18.02,171.32,19.04
Aneurin Donald,Sonal Dinusha,2141,4311,113,347,339,267,16.21,201.35,38.15
James Rew,Mitchell Starc,1694,2164,49,105,41,17,6.2,127.74,44.16
Aneurin Donald,Mitchell Starc,444,907,40,33,76,47,7.43,204.28,22.68
Aneurin Donald,Adam Zampa,442,896,35,47,77,45,10.63,202.71,25.6
Vishen Halambage,Adam Zampa,328,646,34,32,44,41,9.76,196.95,19.0
Devdutt Padikkal,Akeal Hosein,6285,9852,256,918,525,430,14.61,156.75,38.48
Shreyas Iyer,Akeal Hosein,3604,6158,163,576,363,343,15.98,170.87,37.78
Ramandeep Singh,Axar Patel,872,1648,80,107,120,99,12.27,188.99,20.6
Ashwin Das,Axar Patel,609,978,77,141,75,59,23.15,160.59,12.7
Shreyas Iyer,Axar Patel,2395,5007,90,254,367,302,10.61,209.06,55.63
Shreyas Iyer,Mitchell Marsh,3586,7143,196,457,533,431,12.74,199.19,36.44
Ashwin Das,Mitchell Marsh,665,932,94,160,58,55,24.06,140.15,9.91
Ashwin Das,Akeal Hosein,275,382,40,76,25,25,27.64,138.91,9.55
Washington Sundar,Akeal Hosein,760,1246,66,122,71,73,16.05,163.95,18.88
Isitha Wijesundara,Akeal Hosein,427,374,48,144,10,10,33.72,87.59,7.79
Isitha Wijesundara,Binura Fernando,134,107,25,56,8,4,41.79,79.85,4.28
Raj Limbani,Binura Fernando,99,97,14,11,4,0,11.11,97.98,6.93
Mitchell Marsh,Avinov Choudhary,7353,9527,120,403,193,44,5.48,129.57,79.39
Luhan dre pretorious,Avinov Choudhary,6492,8027,131,390,92,17,6.01,123.64,61.27
Luhan dre pretorious,Raj Limbani,6493,8041,154,389,102,21,5.99,123.84,52.21
Mitchell Marsh,Raj Limbani,7481,9809,132,442,188,77,5.91,131.12,74.31
Mitchell Marsh,Washington Sundar,5966,13929,179,248,998,890,4.16,233.47,77.82
Mitchell Marsh,Isitha Wijesundara,4674,9620,150,546,636,611,11.68,205.82,64.13
Luhan dre pretorious,Isitha Wijesundara,2796,4372,157,635,292,242,22.71,156.37,27.85
Rishabh Pant,Isitha Wijesundara,2299,2847,234,683,179,151,29.71,123.84,12.17
Kartik Sharma,Ashwin Das,4604,8624,155,823,618,520,17.88,187.32,55.64
Rinku Singh,Ashwin Das,2592,4534,188,443,317,263,17.09,174.92,24.12
Sanvir Singh,Ashwin Das,1032,1919,148,95,162,104,9.21,185.95,12.97
Sanvir Singh,Raj Limbani,455,903,98,26,94,48,5.71,198.46,9.21
Axar Patel,Raj Limbani,514,702,117,59,46,33,11.48,136.58,6.0
Kartik Sharma,Raj Limbani,1152,2047,61,105,117,101,9.11,177.69,33.56
Kartik Sharma,Avinov Choudhary,1165,2028,42,136,138,85,11.67,174.08,48.29
James Rew,Arzan Nagwaswalla,6068,7209,371,1435,291,265,23.65,118.8,19.43
Aneurin Donald,Jasprit Bumrah,711,1219,24,140,77,68,19.69,171.45,50.79
Aneurin Donald,Praveen Jayawickrama,972,1462,56,294,110,86,30.25,150.41,26.11
Aneurin Donald,Arzan Nagwaswalla,799,1335,57,179,90,84,22.4,167.08,23.42
Brian Bennett,Dian Forrester,4718,10482,152,322,753,644,6.82,222.17,68.96
Seekkuge Prasanna,Rachin Ravindra,1177,1771,214,264,147,106,22.43,150.47,8.28
Ravindra Jadeja,Rachin Ravindra,1199,1724,75,321,114,94,26.77,143.79,22.99
Ravindra Jadeja,Dian Forrester,1274,2333,34,204,167,124,16.01,183.12,68.62
Brian Bennett,Rachin Ravindra,2959,5454,191,473,395,315,15.99,184.32,28.55
Dan Lawrence,Dian Forrester,434,787,11,46,35,47,10.6,181.34,71.55
Dan Lawrence,Rachin Ravindra,424,570,54,94,33,31,22.17,134.43,10.56
Dan Lawrence,Arzan Nagwaswalla,592,767,40,137,40,35,23.14,129.56,19.18
Ravindra Jadeja,Arzan Nagwaswalla,311,490,14,86,30,31,27.65,157.56,35.0
Dan Lawrence,Praveen Jayawickrama,194,241,30,39,16,9,20.1,124.23,8.03
Harpreet Brar,Praveen Jayawickrama,118,153,21,12,4,7,10.17,129.66,7.29
Yuzvendra Chahal,Praveen Jayawickrama,70,69,7,8,0,0,11.43,98.57,9.86
Ravindra Jadeja,Praveen Jayawickrama,389,461,23,116,23,21,29.82,118.51,20.04
Sdnv Prasad,Ravindra Jadeja,3919,6863,117,863,463,410,22.02,175.12,58.66
Lalit Yadav,Ravindra Jadeja,1747,3321,85,224,238,187,12.82,190.1,39.07
Dian Forrester,Ravindra Jadeja,1006,1568,48,201,102,72,19.98,155.86,32.67
Dian Forrester,Seekkuge Prasanna,954,1141,68,293,70,49,30.71,119.6,16.78
Dian Forrester,Harpreet Brar,877,1319,68,155,71,68,17.67,150.4,19.4
Dian Forrester,Yuzvendra Chahal,867,1381,42,116,76,65,13.38,159.28,32.88
Jasprit Bumrah,Yuzvendra Chahal,771,806,87,92,8,5,11.93,104.54,9.26
Rishabh Pant,Avinov Choudhary,1950,2418,49,133,38,11,6.82,124.0,49.35
Luhan dre pretorious,Ashwin Das,2711,4284,233,548,283,247,20.21,158.02,18.39
Rinku Singh,Raj Limbani,649,1262,81,60,107,69,9.24,194.45,15.58
Rinku Singh,Avinov Choudhary,620,1143,60,86,94,60,13.87,184.35,19.05
Ramandeep Singh,Binura Fernando,252,473,41,25,39,28,9.92,187.7,11.54
Ramandeep Singh,Akeal Hosein,250,415,35,30,28,23,12.0,166.0,11.86
David Miller,Akeal Hosein,572,987,29,118,66,59,20.63,172.55,34.03
David Miller,Lasith Embuldeniya,622,1017,24,128,66,55,20.58,163.5,42.38
Ramandeep Singh,Lasith Embuldeniya,293,521,29,38,50,23,12.97,177.82,17.97
Ramandeep Singh,Mitchell Marsh,824,1485,113,104,124,80,12.62,180.22,13.14
Washington Sundar,Axar Patel,558,1001,32,93,67,61,16.67,179.39,31.28
Isitha Wijesundara,Axar Patel,241,144,34,138,9,7,57.26,59.75,4.24
Isitha Wijesundara,Mitchell Marsh,269,214,55,133,15,15,49.44,79.55,3.89
Raj Limbani,Mitchell Marsh,213,222,38,25,3,5,11.74,104.23,5.84
David Miller,Axar Patel,1456,2758,94,248,209,171,17.03,189.42,29.34
Raj Limbani,Axar Patel,162,191,23,13,5,2,8.02,117.9,8.3
Raj Limbani,Lasith Embuldeniya,137,158,17,15,1,2,10.95,115.33,9.29
Sanju Samson,Binura Fernando,7620,10560,186,696,322,235,9.13,138.58,56.77
Mridul Surroch,Binura Fernando,1341,2338,89,214,148,137,15.96,174.35,26.27
Beau Webster,Akeal Hosein,496,873,29,171,74,58,34.48,176.01,30.1
Karan Shinde,Axar Patel,1030,2032,38,147,151,120,14.27,197.28,53.47
Sanju Samson,Axar Patel,1906,4112,112,146,310,251,7.66,215.74,36.71
Karan Shinde,Mitchell Marsh,972,1823,72,135,153,101,13.89,187.55,25.32
Sanju Samson,Mitchell Marsh,1495,3179,102,129,251,195,8.63,212.64,31.17
Yuvraj Chaudhary,Axar Patel,467,863,32,84,66,51,17.99,184.8,26.97
Mitchell Marsh,Lungi Ngidi,7758,10931,164,770,334,268,9.93,140.9,66.65
Luhan dre pretorious,Lungi Ngidi,6511,8056,215,795,199,117,12.21,123.73,37.47
Mitchell Marsh,Mukesh Kumar,7643,11718,144,461,430,324,6.03,153.32,81.38
Luhan dre pretorious,Mukesh Kumar,6473,8620,192,677,230,182,10.46,133.17,44.9
Mitchell Marsh,Rahul Chahar,7008,11892,95,328,547,421,4.68,169.69,125.18
Luhan dre pretorious,Rahul Chahar,5971,8898,151,511,322,268,8.56,149.02,58.93
Luhan dre pretorious,Akash Vasisht,1209,2323,105,115,133,155,9.51,192.14,22.12
Mitchell Marsh,Akash Vasisht,2482,5871,165,59,435,373,2.38,236.54,35.58
Mitchell Marsh,Mridul Surroch,3637,8407,147,167,648,521,4.59,231.15,57.19
Luhan dre pretorious,Mridul Surroch,1644,2990,142,195,207,170,11.86,181.87,21.06
Mitchell Marsh,Beau Webster,2318,5440,96,117,429,335,5.05,234.69,56.67
Luhan dre pretorious,Beau Webster,1210,2333,86,163,167,142,13.47,192.81,27.13
Rishabh Pant,Akash Vasisht,1278,2128,152,193,148,123,15.1,166.51,14.0
Kartik Sharma,Beau Webster,3617,7609,152,411,590,462,11.36,210.37,50.06
Joel Davies,Josh Tongue,2629,3436,119,296,112,74,11.26,130.7,28.87
Joel Davies,Duan Jansen,2329,3071,114,230,88,68,9.88,131.86,26.94
Shubman Gill,Duan Jansen,2786,3948,117,287,152,107,10.3,141.71,33.74
Joel Davies,Vasuki Koushik,2332,2892,91,272,90,39,11.66,124.01,31.78
Shubman Gill,Vasuki Koushik,2755,3652,95,391,123,94,14.19,132.56,38.44
Joel Davies,Chamika Gunasekara,2482,3191,96,237,87,54,9.55,128.57,33.24
Ruturaj Gaikwad,Vasuki Koushik,1865,2207,101,412,94,68,22.09,118.34,21.85
Ishan Kishan,Vasuki Koushik,1008,1555,89,212,94,91,21.03,154.27,17.47
Ruturaj Gaikwad,Duan Jansen,1877,2428,105,342,107,80,18.22,129.36,23.12
Ishan Kishan,Duan Jansen,969,1759,100,107,108,110,11.04,181.53,17.59
Heinrich Klaasen,Duan Jansen,725,818,95,208,48,40,28.69,112.83,8.61
Dega Nischal,Gurinder Singh,3896,4992,63,180,67,17,4.62,128.13,79.24
Yashasvi Jaiswal,Gurinder Singh,3806,4891,58,193,76,18,5.07,128.51,84.33
Dega Nischal,Nimesh Vimukthi,1156,2275,54,118,144,138,10.21,196.8,42.13
Yashasvi Jaiswal,Nimesh Vimukthi,1276,2608,43,136,194,147,10.66,204.39,60.65
Yashasvi Jaiswal,Joel Davies,1363,2653,47,182,175,160,13.35,194.64,56.45
Dega Nischal,Joel Davies,1261,2123,62,216,133,118,17.13,168.36,34.24
Ryan Rickelton,Joel Davies,1259,2295,78,203,155,141,16.12,182.29,29.42
Ryan Rickelton,Sai Kishore,1311,3113,47,42,229,206,3.2,237.45,66.23
Dhruv Jurel,Sai Kishore,1057,2421,32,71,183,148,6.72,229.04,75.66
Dhruv Jurel,Joel Davies,955,1592,51,197,99,98,20.63,166.7,31.22
Dhruv Jurel,Nimesh Vimukthi,1072,1922,45,182,142,109,16.98,179.29,42.71
Ryan Rickelton,Nimesh Vimukthi,1319,2659,45,175,211,152,13.27,201.59,59.09
Virat Kohli,Yash Thakur,4174,7106,185,199,368,276,4.77,170.24,38.41
Chris Lynn,Vidwath Kaverappa,1241,2427,89,156,190,138,12.57,195.57,27.27
Will Jacks,Akash Deep,957,1817,92,129,137,111,13.48,189.86,19.75
Will Jacks,Yash Thakur,1106,2176,105,110,158,133,9.95,196.75,20.72
Will Jacks,Vidwath Kaverappa,1033,2087,68,107,169,113,10.36,202.03,30.69
Will Jacks,Mohsin Khan,1001,1776,91,156,133,100,15.58,177.42,19.52
Will Jacks,Matthew Forde,1018,2012,68,139,159,114,13.65,197.64,29.59
Washington Sundar,Akash Deep,701,1245,63,91,97,59,12.98,177.6,19.76
Shubham Agarwal,Akash Deep,282,265,65,88,17,11,31.21,93.97,4.08
Theesan Vithushan,Akash Deep,170,91,55,63,5,3,37.06,53.53,1.65
Isitha Wijesundara,Akash Deep,428,485,23,85,10,7,19.86,113.32,21.09
Washington Sundar,Matthew Forde,632,1120,48,87,81,60,13.77,177.22,23.33
Isitha Wijesundara,Matthew Forde,424,464,21,91,10,5,21.46,109.43,22.1
Washington Sundar,Yash Thakur,795,1300,124,96,77,73,12.08,163.52,10.48
Isitha Wijesundara,Yash Thakur,561,579,47,127,8,8,22.64,103.21,12.32
Heinrich Klaasen,Will Jacks,1713,3200,107,290,249,182,16.93,186.81,29.91
Heinrich Klaasen,Scott Curie,511,927,50,60,75,44,11.74,181.41,18.54
Sarfaraz Khan,Scott Curie,534,1098,62,30,91,59,5.62,205.62,17.71
Mohsin Khan,Theesan Vithushan,188,122,62,49,6,2,26.06,64.89,1.97
Nishant Sindhu,Anshul Kamboj,6765,9640,252,612,322,241,9.05,142.5,38.25
Harry Brook,Kagiso Rabada,1323,2442,68,134,145,134,10.13,184.58,35.91
Shivam Dube,Kagiso Rabada,495,757,49,86,45,39,17.37,152.93,15.45
Tilak Varma,Anshul Kamboj,414,675,41,49,45,32,11.84,163.04,16.46
Rashid Khan,Anshul Kamboj,216,236,72,35,20,10,16.2,109.26,3.28
Tilak Varma,Kagiso Rabada,509,942,33,77,70,54,15.13,185.07,28.55
Gangam Anikethreddy,Kagiso Rabada,89,76,28,34,4,6,38.2,85.39,2.71
Calvin Harrison,Kagiso Rabada,223,246,35,65,18,11,29.15,110.31,7.03
Tilak Varma,Suryansh Shedge,907,1746,52,114,126,101,12.57,192.5,33.58
Calvin Harrison,Donovan Ferreira,405,487,21,146,27,25,36.05,120.25,23.19
Tilak Varma,Donovan Ferreira,1770,3016,98,327,204,175,18.47,170.4,30.78
Shiran Fernando,Donovan Ferreira,203,218,21,31,4,2,15.27,107.39,10.38
Shiran Fernando,Shardul Thakur,356,337,54,69,5,4,19.38,94.66,6.24
Prince Yadav,Krunal Pandya,307,341,23,34,5,2,11.07,111.07,14.83
Prince Yadav,Suryansh Shedge,156,164,14,22,3,0,14.1,105.13,11.71
Finn Allen,Gangam Anikethreddy,4493,7750,170,199,333,337,4.43,172.49,45.59
Finn Allen,Shiran Fernando,5913,8901,238,276,280,248,4.67,150.53,37.4
Krunal Pandya,Shiran Fernando,2178,3257,188,439,172,183,20.16,149.54,17.32
Naman Dhir,Shiran Fernando,1070,1674,116,228,110,103,21.31,156.45,14.43
Dega Nischal,Lance Morris,2698,3660,95,256,124,84,9.49,135.66,38.53
Yashasvi Jaiswal,Lance Morris,2615,3754,92,227,139,104,8.68,143.56,40.8
Ryan Rickelton,Lance Morris,1721,2796,81,250,132,149,14.53,162.46,34.52
Yashasvi Jaiswal,Arshdeep Singh,2507,3638,104,168,129,104,6.7,145.11,34.98
Ryan Rickelton,Arshdeep Singh,1725,3055,57,143,195,134,8.29,177.1,53.6
Dhruv Jurel,Lance Morris,1007,1465,82,213,88,79,21.15,145.48,17.87
Dhruv Jurel,Nathan Ellis,1024,1629,48,209,98,89,20.41,159.08,33.94
Ryan Rickelton,Nathan Ellis,1780,2999,85,232,171,142,13.03,168.48,35.28
Suryakumar Yadav,Nathan Ellis,832,1313,36,190,77,74,22.84,157.81,36.47
Suryakumar Yadav,Tripuresh Singh,799,956,73,257,59,50,32.17,119.65,13.1
Dhruv Jurel,Tripuresh Singh,994,1082,90,292,54,41,29.38,108.85,12.02
Suryakumar Yadav,Lance Morris,794,1259,37,172,83,67,21.66,158.56,34.03
Dhruv Jurel,Arshdeep Singh,1008,1556,68,205,104,80,20.34,154.37,22.88
Suryakumar Yadav,Arshdeep Singh,792,1299,39,138,71,72,17.42,164.02,33.31
Dhruv Jurel,Hardik Pandya,678,1286,23,87,112,60,12.83,189.68,55.91
Vasuki Koushik,Hardik Pandya,352,336,48,68,5,4,19.32,95.45,7.0
Vasuki Koushik,Tripuresh Singh,129,109,22,27,2,0,20.93,84.5,4.95
Brian Bennett,Vasuki Koushik,3005,3722,76,573,121,101,19.07,123.86,48.97
Mayank Agarwal,Vasuki Koushik,2408,2783,104,376,59,42,15.61,115.57,26.76
Brian Bennett,Duan Jansen,2952,4215,77,397,165,136,13.45,142.78,54.74
Mayank Agarwal,Duan Jansen,2343,2900,113,299,78,59,12.76,123.77,25.66
Kangabam Priyojit Singh,Vasuki Koushik,1565,2424,72,240,131,109,15.34,154.89,33.67
Kangabam Priyojit Singh,Duan Jansen,1541,2591,79,148,177,102,9.6,168.14,32.8
Kangabam Priyojit Singh,Josh Tongue,1575,2724,110,136,153,136,8.63,172.95,24.76
Hardik Pandya,Duan Jansen,700,1132,59,124,66,66,17.71,161.71,19.19
James Rew,Duan Jansen,876,1051,76,246,54,52,28.08,119.98,13.83
James Rew,Vasuki Koushik,885,908,74,293,47,35,33.11,102.6,12.27
Jitesh Sharma,Vasuki Koushik,408,477,53,107,32,19,26.23,116.91,9.0
Sonu Yadav,Vasuki Koushik,422,525,25,95,23,21,22.51,124.41,21.0
Arshdeep Singh,Duan Jansen,122,48,46,48,3,1,39.34,39.34,1.04
Tripuresh Singh,Duan Jansen,201,229,28,12,5,2,5.97,113.93,8.18
Lance Morris,Duan Jansen,155,105,54,57,9,5,36.77,67.74,1.94
Nathan Ellis,Duan Jansen,150,170,10,13,1,1,8.67,113.33,17.0
Nathan Ellis,Chamika Gunasekara,129,152,5,13,1,1,10.08,117.83,30.4
Lance Morris,Chamika Gunasekara,106,71,32,32,4,2,30.19,66.98,2.22
Nathan Ellis,Dasun Shanaka,417,487,22,44,3,2,10.55,116.79,22.14
Lance Morris,Dasun Shanaka,277,252,87,68,16,12,24.55,90.97,2.9
Nathan Ellis,Charith Asalanka,321,370,10,35,2,0,10.9,115.26,37.0
Sahan Arachchige,Shahbaz Ahmed,877,1523,155,77,114,87,8.78,173.66,9.83
Charith Asalanka,Rashid Khan,425,560,54,87,31,27,20.47,131.76,10.37
Shahbaz Ahmed,Dasun Shanaka,1255,2240,38,191,162,108,15.22,178.49,58.95
Shahbaz Ahmed,Charith Asalanka,722,1190,14,146,80,59,20.22,164.82,85.0
Shahbaz Ahmed,Sahan Arachchige,1572,2133,184,375,141,104,23.85,135.69,11.59
Saransh Jain,Kuldeep Yadav,428,434,31,85,6,2,19.86,101.4,14.0
Shiran Fernando,Kuldeep Yadav,562,544,70,85,5,2,15.12,96.8,7.77
Ayush Mhatre,Raj Limbani,7575,9872,133,517,209,81,6.83,130.32,74.23
Sanju Samson,Raj Limbani,7155,9318,154,411,167,74,5.74,130.23,60.51
Sanju Samson,Avinov Choudhary,7011,9029,115,361,180,35,5.15,128.78,78.51
Ayush Mhatre,Avinov Choudhary,7561,9773,121,512,172,76,6.77,129.26,80.77
Sanju Samson,Ashwin Das,4348,9023,185,456,632,560,10.49,207.52,48.77
Ayush Mhatre,Ashwin Das,4659,9837,164,472,703,598,10.13,211.14,59.98
Sanju Samson,Washington Sundar,7935,17681,231,487,1229,1119,6.14,222.82,76.54
Mukul Choudhary,Ashwin Das,4003,8130,204,491,602,502,12.27,203.1,39.85
Ayush Mhatre,Isitha Wijesundara,7973,17665,231,750,1305,1105,9.41,221.56,76.47
Mridul Surroch,Ashwin Das,3013,5979,188,443,435,376,14.7,198.44,31.8
Beau Webster,Ashwin Das,1970,2615,143,840,217,157,42.64,132.74,18.29
Beau Webster,Isitha Wijesundara,1947,2729,99,826,235,163,42.42,140.16,27.57
Karan Shinde,Raj Limbani,647,1229,68,60,87,71,9.27,189.95,18.07
Mridul Surroch,Raj Limbani,948,1713,53,76,109,74,8.02,180.7,32.32
Karan Shinde,Avinov Choudhary,610,1118,40,79,83,61,12.95,183.28,27.95
Mridul Surroch,Avinov Choudhary,930,1598,53,83,84,71,8.92,171.83,30.15
Yuvraj Chaudhary,Avinov Choudhary,466,755,59,87,50,45,18.67,162.02,12.8
Virat Kohli,Lungi Ngidi,7111,9981,181,569,305,216,8.0,140.36,55.14
Prabhsimran Singh,Lungi Ngidi,7173,10268,161,610,323,249,8.5,143.15,63.78
Prabhsimran Singh,Rahul Chahar,6716,11378,137,252,535,391,3.75,169.42,83.05
Virat Kohli,Rahul Chahar,6559,10881,150,243,484,350,3.7,165.89,72.54
Virat Kohli,Mukesh Kumar,7172,11137,184,364,418,313,5.08,155.28,60.53
Prabhsimran Singh,Mukesh Kumar,7231,11474,143,361,445,347,4.99,158.68,80.24
Devdutt Padikkal,Rahul Chahar,2921,5510,85,161,357,247,5.51,188.63,64.82
Devdutt Padikkal,Lungi Ngidi,2873,4062,119,462,176,154,16.08,141.39,34.13
Shreyas Iyer,Rahul Chahar,1491,3007,57,111,190,175,7.44,201.68,52.75
Shreyas Iyer,Akash Vasisht,5724,11362,364,618,807,683,10.8,198.5,31.21
David Miller,Akash Vasisht,2138,4257,168,271,325,267,12.68,199.11,25.34
Ramandeep Singh,Akash Vasisht,1033,1904,159,86,150,109,8.33,184.32,11.97
Ramandeep Singh,Mridul Surroch,1108,2125,137,123,177,124,11.1,191.79,15.51
Ashwin Das,Mridul Surroch,868,1227,105,237,80,72,27.3,141.36,11.69
Isitha Wijesundara,Mridul Surroch,980,998,105,289,36,25,29.49,101.84,9.5
Virat Kohli,Beau Webster,1463,3408,103,34,246,219,2.32,232.95,33.09
Raj Limbani,Beau Webster,306,311,37,42,3,4,13.73,101.63,8.41
Avinov Choudhary,Mridul Surroch,100,106,12,12,2,2,12.0,106.0,8.83
Isitha Wijesundara,Beau Webster,316,263,61,143,16,15,45.25,83.23,4.31
Avinov Choudhary,Beau Webster,148,158,19,14,3,0,9.46,106.76,8.32
Isitha Wijesundara,Mukesh Kumar,137,148,29,37,8,8,27.01,108.03,5.1
Avinov Choudhary,Mukesh Kumar,105,106,13,6,0,0,5.71,100.95,8.15
Isitha Wijesundara,Rahul Chahar,139,143,23,48,9,7,34.53,102.88,6.22
Avinov Choudhary,Rahul Chahar,143,172,15,9,5,1,6.29,120.28,11.47
Mayank Agarwal,Manav Suthar,3242,4387,76,485,158,116,14.96,135.32,57.72
Mayank Agarwal,Duvindu Tillakaratne,2714,3870,43,472,180,130,17.39,142.59,90.0
Brian Bennett,Duvindu Tillakaratne,3414,5758,60,414,289,267,12.13,168.66,95.97
Kangabam Priyojit Singh,Will Jacks,4328,10130,142,187,761,643,4.32,234.06,71.34
Brian Bennett,Will Jacks,4543,8503,137,787,601,505,17.32,187.17,62.07
Brian Bennett,Washington Sundar,10019,20779,280,1083,1432,1291,10.81,207.4,74.21
Jitesh Sharma,Will Jacks,364,808,27,34,79,42,9.34,221.98,29.93
Virat Kohli,Arshdeep Singh,2747,4316,69,127,155,135,4.62,157.12,62.55
Virat Kohli,Lance Morris,2699,3980,93,225,138,123,8.34,147.46,42.8
Shreyas Iyer,Arshdeep Singh,1261,2390,68,126,159,135,9.99,189.53,35.15
David Miller,Arshdeep Singh,739,1218,36,153,87,65,20.7,164.82,33.83
David Miller,Tripuresh Singh,718,719,89,239,37,34,33.29,100.14,8.08
Manav Suthar,Nathan Ellis,127,100,42,39,9,3,30.71,78.74,2.38
Shreyas Iyer,Hardik Pandya,5309,10507,205,639,762,609,12.04,197.91,51.25
Manav Suthar,Hardik Pandya,208,178,77,45,12,7,21.63,85.58,2.31
Theesan Vithushan,Hardik Pandya,297,153,84,129,3,9,43.43,51.52,1.82
Bhuvneshwar Kumar,Hardik Pandya,402,433,44,66,17,4,16.42,107.71,9.84
Duvindu Tillakaratne,Hardik Pandya,251,282,20,31,4,2,12.35,112.35,14.1
Luhan dre pretorious,Calvin Harrison,289,568,36,40,49,33,13.84,196.54,15.78
Rishabh Pant,Calvin Harrison,259,471,38,28,30,29,10.81,181.85,12.39
Mitchell Marsh,Calvin Harrison,854,2039,40,58,169,126,6.79,238.76,50.98
Nishant Sindhu,Varun Chakravarthy,5040,7744,150,489,320,249,9.7,153.65,51.63
Shivam Dube,Chamika Gunasekara,1420,2514,119,191,155,153,13.45,177.04,21.13
Calvin Harrison,Josh Tongue,380,303,79,135,16,12,35.53,79.74,3.84
Calvin Harrison,Kuldeep Yadav,431,625,60,89,41,36,20.65,145.01,10.42
Yashasvi Jaiswal,Calvin Harrison,683,1599,43,49,112,113,7.17,234.11,37.19
Dega Nischal,Calvin Harrison,621,1372,37,41,107,84,6.6,220.93,37.08
Ryan Rickelton,Calvin Harrison,855,1959,50,59,154,124,6.9,229.12,39.18
Mukul Choudhary,Matthew Forde,2947,5343,102,347,310,285,11.77,181.3,52.38
Mridul Surroch,Matthew Forde,2099,4264,68,300,298,268,14.29,203.14,62.71
Mridul Surroch,Vidwath Kaverappa,1963,4054,92,157,282,237,8.0,206.52,44.07
Riyan Parag,Vidwath Kaverappa,1132,2117,74,169,159,120,14.93,187.01,28.61
Mridul Surroch,Yash Thakur,2353,4423,191,294,315,259,12.49,187.97,23.16
Karan Shinde,Yash Thakur,1226,2315,82,169,191,123,13.78,188.83,28.23
Karan Shinde,Matthew Forde,1060,2058,44,139,148,116,13.11,194.15,46.77
Mridul Surroch,Akash Deep,2202,4235,137,248,296,243,11.26,192.33,30.91
Karan Shinde,Akash Deep,1049,1991,53,146,122,129,13.92,189.8,37.57
Karan Shinde,Vidwath Kaverappa,1108,2205,39,131,175,119,11.82,199.01,56.54
Ruturaj Gaikwad,Sonal Dinusha,2907,5215,154,370,354,286,12.73,179.39,33.86
Ruchit Ahir,Sonal Dinusha,2430,4405,209,333,309,258,13.7,181.28,21.08
Ishan Kishan,Sonal Dinusha,2142,4176,199,215,260,275,10.04,194.96,20.98
Ishan Kishan,Riyan Parag,2206,4075,265,182,270,244,8.25,184.72,15.38
Sarfaraz Khan,Akash Vasisht,1587,2953,134,147,203,158,9.26,186.07,22.04
Matthew Forde,Riyan Parag,658,686,193,149,42,37,22.64,104.26,3.55
Akash Deep,Riyan Parag,534,460,179,133,29,23,24.91,86.14,2.57
Yash Thakur,Sonal Dinusha,946,1014,103,120,12,9,12.68,107.19,9.84
Mohsin Khan,Sonal Dinusha,569,331,163,204,13,9,35.85,58.17,2.03
Mohsin Khan,Riyan Parag,548,311,171,177,13,6,32.3,56.75,1.82
Yash Thakur,Riyan Parag,861,853,120,133,14,8,15.45,99.07,7.11
Vidwath Kaverappa,Akash Vasisht,559,590,51,72,5,1,12.88,105.55,11.57
Vidwath Kaverappa,Sonal Dinusha,696,715,68,99,5,2,14.22,102.73,10.51
Nishant Sindhu,Jasprit Bumrah,5285,7125,178,712,244,175,13.47,134.82,40.03
Nishant Sindhu,Noor Ahmad,4763,7635,129,430,353,276,9.03,160.3,59.19
KL Rahul,Noor Ahmad,6246,11521,104,283,572,525,4.53,184.45,110.78
Nishant Sindhu,Arzan Nagwaswalla,5359,6887,245,823,220,169,15.36,128.51,28.11
Nishant Sindhu,Athisayaraj Davidson,5498,7554,169,695,276,187,12.64,137.4,44.7
KL Rahul,Athisayaraj Davidson,6623,10626,140,485,453,373,7.32,160.44,75.9
Virat Singh,Athisayaraj Davidson,3275,5112,139,462,268,229,14.11,156.09,36.78
Harry Brook,Athisayaraj Davidson,1646,2997,69,191,156,180,11.6,182.08,43.43
Harry Brook,Noor Ahmad,1955,3920,60,193,249,240,9.87,200.51,65.33
Virat Singh,Noor Ahmad,3544,6853,88,313,410,384,8.83,193.37,77.88
Virat Singh,Atit Sheth,1141,2470,96,88,195,147,7.71,216.48,25.73
Harry Brook,Atit Sheth,1283,2698,171,94,232,161,7.33,210.29,15.78
Shivam Dube,Atit Sheth,1181,2381,165,106,186,149,8.98,201.61,14.43
Virat Singh,Raj Angad Bawa,1132,2495,54,91,211,143,8.04,220.41,46.2
Shivam Dube,Raj Angad Bawa,1148,2442,74,116,203,143,10.1,212.72,33.0
Tilak Varma,Raj Angad Bawa,1260,2369,71,171,170,131,13.57,188.02,33.37
Rashid Khan,Raj Angad Bawa,361,448,115,59,34,23,16.34,124.1,3.9
Gangam Anikethreddy,Raj Angad Bawa,363,228,125,152,17,14,41.87,62.81,1.82
Gangam Anikethreddy,Noor Ahmad,123,109,33,51,13,5,41.46,88.62,3.3
Calvin Harrison,Noor Ahmad,315,353,22,97,18,14,30.79,112.06,16.05
Shivam Dube,Noor Ahmad,1025,1830,58,152,141,92,14.83,178.54,31.55
Calvin Harrison,Arzan Nagwaswalla,266,227,34,95,14,3,35.71,85.34,6.68
Christopher Britz,Prince Yadav,9565,10905,156,2632,401,255,27.52,114.01,69.9
Karun Nair,Prince Yadav,5575,6913,148,840,204,123,15.07,124.0,46.71
Karun Nair,Gangam Anikethreddy,4429,5606,171,920,217,185,20.77,126.57,32.78
Karun Nair,Shiran Fernando,5614,7114,227,704,195,127,12.54,126.72,31.34
Glenn Phillips,Prince Yadav,3398,5390,110,560,298,257,16.48,158.62,49.0
Abhishek Sharma,Prince Yadav,4671,7301,176,362,316,253,7.75,156.3,41.48
Raj Angad Bawa,Prince Yadav,664,949,81,170,71,51,25.6,142.92,11.72
Raj Angad Bawa,Gangam Anikethreddy,980,1231,105,329,77,73,33.57,125.61,11.72
Raj Angad Bawa,Rashid Khan,746,1075,87,187,82,56,25.07,144.1,12.36
Atit Sheth,Rashid Khan,452,643,29,78,39,27,17.26,142.26,22.17
Atit Sheth,Shiran Fernando,329,488,34,60,30,27,18.24,148.33,14.35
Noor Ahmad,Shiran Fernando,91,56,35,24,4,1,26.37,61.54,1.6
Lalit Yadav,Prince Yadav,1067,2062,51,145,142,123,13.59,193.25,40.43
Noor Ahmad,Prince Yadav,106,42,49,31,1,1,29.25,39.62,0.86
Athisayaraj Davidson,Prince Yadav,125,72,45,38,4,1,30.4,57.6,1.6
Athisayaraj Davidson,Calvin Harrison,272,140,65,112,4,4,41.18,51.47,2.15
Jasprit Bumrah,Calvin Harrison,355,351,54,61,4,4,17.18,98.87,6.5
Lalit Yadav,Calvin Harrison,1334,2822,55,124,229,156,9.3,211.54,51.31
Arzan Nagwaswalla,Calvin Harrison,231,239,28,27,3,2,11.69,103.46,8.54
Arzan Nagwaswalla,Prince Yadav,190,198,20,24,1,2,12.63,104.21,9.9
Arzan Nagwaswalla,Rashid Khan,224,240,28,20,0,2,8.93,107.14,8.57
Virat Kohli,Prashant Veer,1333,2501,136,166,176,155,12.45,187.62,18.39
Will Jacks,Nishan Peiris,424,677,48,80,49,35,18.87,159.67,14.1
Ankit Kumar,Shubham Agarwal,1877,2977,280,334,203,183,17.79,158.6,10.63
Ankit Kumar,Washington Sundar,2263,4842,172,217,395,298,9.59,213.96,28.15
Donovan Ferreira,Scott Curie,390,869,48,27,71,57,6.92,222.82,18.1
Krunal Pandya,Scott Curie,595,1210,48,71,95,75,11.93,203.36,25.21
Krunal Pandya,Theesan Vithushan,591,1033,38,90,67,54,15.23,174.79,27.18
Sdnv Prasad,Scott Curie,8139,10670,71,495,190,92,6.08,131.1,150.28
Deepak Hooda,Scott Curie,6783,8281,138,481,75,21,7.09,122.08,60.01
Sdnv Prasad,Theesan Vithushan,8177,10907,74,549,269,100,6.71,133.39,147.39
Sdnv Prasad,Shubham Agarwal,4264,6318,170,1159,455,324,27.18,148.17,37.16
Deepak Hooda,Shubham Agarwal,2002,2069,223,839,148,113,41.91,103.35,9.28
Christopher Britz,Shubham Agarwal,4963,4996,160,2453,348,256,49.43,100.66,31.23
Sdnv Prasad,Isitha Wijesundara,3814,7535,102,564,524,466,14.79,197.56,73.87
Sdnv Prasad,Washington Sundar,4972,9552,152,821,685,571,16.51,192.12,62.84
Sdnv Prasad,Will Jacks,4843,9386,116,762,669,562,15.73,193.81,80.91
Abhishek Sharma,Shubham Agarwal,1269,2244,167,198,181,132,15.6,176.83,13.44
Abhishek Sharma,Scott Curie,499,1116,56,37,106,66,7.41,223.65,19.93
Rachin Ravindra,Theesan Vithushan,343,769,48,18,62,50,5.25,224.2,16.02
Virat Kohli,Praveen Jayawickrama,5386,6649,281,665,191,104,12.35,123.45,23.66
Prabhsimran Singh,Praveen Jayawickrama,5795,7407,198,753,220,158,12.99,127.82,37.41
Devdutt Padikkal,Praveen Jayawickrama,3123,3745,176,737,171,117,23.6,119.92,21.28
Shreyas Iyer,Rachin Ravindra,3853,7042,351,522,532,401,13.55,182.77,20.06
Devdutt Padikkal,Rachin Ravindra,2348,4105,253,323,283,236,13.76,174.83,16.23
Chris Lynn,Rachin Ravindra,3070,5062,379,568,323,324,18.5,164.89,13.36
Chris Lynn,Dian Forrester,2951,6434,109,244,454,395,8.27,218.03,59.03
Washington Sundar,Rachin Ravindra,1797,2617,256,338,173,138,18.81,145.63,10.22
Shubham Agarwal,Rachin Ravindra,1046,722,252,398,45,23,38.05,69.02,2.87
Theesan Vithushan,Rachin Ravindra,594,317,201,241,22,12,40.57,53.37,1.58
Isitha Wijesundara,Dian Forrester,1153,1258,59,270,30,19,23.42,109.11,21.32
Will Jacks,Rachin Ravindra,2656,4405,339,450,316,256,16.94,165.85,12.99
Isitha Wijesundara,Rachin Ravindra,1062,1009,86,293,19,11,27.59,95.01,11.73
Isitha Wijesundara,Praveen Jayawickrama,570,617,29,113,8,5,19.82,108.25,21.28
Will Jacks,Praveen Jayawickrama,516,685,62,115,41,33,22.29,132.75,11.05
James Rew,Ravi Teja,2711,3667,148,535,166,141,19.73,135.26,24.78
Jitesh Sharma,Sunil Narine,1609,2393,160,395,170,134,24.55,148.73,14.96
Jitesh Sharma,Ravi Teja,1149,1500,94,261,77,63,22.72,130.55,15.96
Hardik Pandya,Ravi Teja,778,1473,73,84,99,91,10.8,189.33,20.18
Vaibhav Suryavanshi,Tanay Thyagarajan,6828,9731,172,717,364,256,10.5,142.52,56.58
Yashvardhan Dalal,Yuzvendra Chahal,1935,3304,63,242,182,165,12.51,170.75,52.44
Yashvardhan Dalal,Tanay Thyagarajan,1262,2018,42,259,101,119,20.52,159.9,48.05
Yashvardhan Dalal,Harpreet Brar,1741,2877,63,247,162,137,14.19,165.25,45.67
Liam Livingstone,Hardik Pandya,2881,5938,142,301,442,351,10.45,206.11,41.82
Kunal Chandela,Seekkuge Prasanna,3963,6189,309,960,416,362,24.22,156.17,20.03
Mitchell Santner,Seekkuge Prasanna,2285,2595,271,834,185,131,36.5,113.57,9.58
Mitchell Santner,Hardik Pandya,1244,2159,56,270,170,104,21.7,173.55,38.55
Ravi Teja,Hardik Pandya,319,191,110,103,12,7,32.29,59.87,1.74
Sunil Narine,Seekkuge Prasanna,740,739,109,167,27,19,22.57,99.86,6.78
Mitchell Santner,Tanay Thyagarajan,321,600,21,46,50,29,14.33,186.92,28.57
Sunil Narine,Tanay Thyagarajan,176,215,10,10,4,1,5.68,122.16,21.5
Deepak Hooda,Sahan Arachchige,928,994,122,372,54,70,40.09,107.11,8.15
Glenn Phillips,Varun Chakravarthy,4275,7101,136,710,416,360,16.61,166.11,52.21
Glenn Phillips,Vaisakh Chandran,971,1302,54,248,67,60,25.54,134.09,24.11
Abhishek Sharma,Vaisakh Chandran,374,746,31,39,45,50,10.43,199.47,24.06
Rachin Ravindra,Vaisakh Chandran,242,395,39,44,35,19,18.18,163.22,10.13
Dega Nischal,Praveen Jayawickrama,5679,7123,219,742,178,153,13.07,125.43,32.53
Dega Nischal,Dian Forrester,3046,6972,108,105,475,447,3.45,228.89,64.56
Dega Nischal,Rachin Ravindra,1896,3653,189,170,244,234,8.97,192.67,19.33
Ryan Rickelton,Rachin Ravindra,2783,5221,277,346,350,340,12.43,187.6,18.85
Ryan Rickelton,Dian Forrester,4804,10887,216,219,797,675,4.56,226.62,50.4
Sahan Arachchige,Dian Forrester,1269,2382,162,100,179,128,7.88,187.71,14.7
Charith Asalanka,Rachin Ravindra,1754,2224,271,413,127,119,23.55,126.8,8.21
Dasun Shanaka,Rachin Ravindra,1375,1723,218,265,100,77,19.27,125.31,7.9
Kuldeep Yadav,Dian Forrester,458,119,164,237,4,6,51.75,25.98,0.73
Kuldeep Yadav,Rachin Ravindra,561,214,211,272,15,14,48.48,38.15,1.01
Varun Chakravarthy,Rachin Ravindra,797,776,122,143,12,11,17.94,97.37,6.36
Vaisakh Chandran,Rachin Ravindra,548,533,56,124,5,4,22.63,97.26,9.52
Abhimanyu Easwaran,Praveen Jayawickrama,633,841,58,131,56,33,20.7,132.86,14.5
Vaisakh Chandran,Praveen Jayawickrama,267,260,21,59,2,0,22.1,97.38,12.38
Salil Arora,Dushan Hemantha,890,1719,59,133,136,102,14.94,193.15,29.14
Kunal Chandela,Dushan Hemantha,605,1104,36,124,72,75,20.5,182.48,30.67
Arpit Vasavada,Liam Livingstone,1328,1856,92,329,112,90,24.77,139.76,20.17
Akeal Hosein,Sunil Narine,431,282,127,139,20,5,32.25,65.43,2.22
Lasith Embuldeniya,CV Stephen,324,301,32,65,2,2,20.06,92.9,9.41
Mohammed Shami,CV Stephen,194,193,21,26,1,0,13.4,99.48,9.19
Ryan Rickelton,Mohsin Khan,6599,11829,269,675,749,574,10.23,179.25,43.97
Ryan Rickelton,Vidwath Kaverappa,3111,6047,95,209,384,297,6.72,194.37,63.65
Dhruv Jurel,Vidwath Kaverappa,2093,4173,100,183,291,226,8.74,199.38,41.73
Dhruv Jurel,Matthew Forde,1931,3717,91,266,262,219,13.78,192.49,40.85
Dhruv Jurel,Akash Deep,2028,3779,148,236,256,221,11.64,186.34,25.53
Abhimanyu Easwaran,Mohsin Khan,3003,5392,247,363,373,292,12.09,179.55,21.83
Sahan Arachchige,Vidwath Kaverappa,573,958,102,67,72,56,11.69,167.19,9.39
Abhimanyu Easwaran,Vidwath Kaverappa,1512,3210,83,124,247,190,8.2,212.3,38.67
Abhimanyu Easwaran,Akash Deep,1497,2872,99,175,221,161,11.69,191.85,29.01
Vaisakh Chandran,Yash Thakur,281,248,26,66,2,1,23.49,88.26,9.54
Vaisakh Chandran,Akash Deep,244,240,25,44,3,1,18.03,98.36,9.6
Vaisakh Chandran,Matthew Forde,207,196,18,44,1,1,21.26,94.69,10.89
Rajat Patidar,Praveen Jayawickrama,1222,1594,94,283,91,71,23.16,130.44,16.96
Rajat Patidar,Jasprit Bumrah,1082,1686,76,174,98,86,16.08,155.82,22.18
Seekkuge Prasanna,Dian Forrester,1065,2318,69,113,184,146,10.61,217.65,33.59
Ravindra Jadeja,Jasprit Bumrah,282,391,15,67,24,18,23.76,138.65,26.07
Sdnv Prasad,Seekkuge Prasanna,3939,4493,187,1498,238,251,38.03,114.06,24.03
Sdnv Prasad,Vishen Halambage,3922,4663,272,1343,271,255,34.24,118.89,17.14
Chris Lynn,Kuldeep Yadav,781,1249,72,178,80,79,22.79,159.92,17.35
Virat Kohli,Charith Asalanka,1427,3427,37,15,249,215,1.05,240.15,92.62
Virat Kohli,Sahan Arachchige,1466,2686,155,197,187,167,13.44,183.22,17.33
Washington Sundar,Charith Asalanka,1245,2429,27,164,139,155,13.17,195.1,89.96
Washington Sundar,Sahan Arachchige,2468,3576,305,495,218,187,20.06,144.89,11.72
Shubham Agarwal,Dasun Shanaka,542,549,79,209,36,27,38.56,101.29,6.95
Ryan Rickelton,Will Jacks,3544,7333,167,408,574,435,11.51,206.91,43.91
Yashasvi Jaiswal,Will Jacks,3508,7564,155,336,550,484,9.58,215.62,48.8
Yashasvi Jaiswal,Isitha Wijesundara,6219,12811,216,592,840,798,9.52,206.0,59.31
Yashasvi Jaiswal,Washington Sundar,7502,16872,236,383,1189,1067,5.11,224.9,71.49
Yashasvi Jaiswal,Shubham Agarwal,2822,4434,232,586,286,257,20.77,157.12,19.11
Abhimanyu Easwaran,Will Jacks,1476,2812,97,169,189,174,11.45,190.51,28.99
Varun Chakravarthy,Washington Sundar,482,468,72,74,3,5,15.35,97.1,6.5
Vaisakh Chandran,Washington Sundar,185,187,14,35,1,1,18.92,101.08,13.36
Vaisakh Chandran,Isitha Wijesundara,171,178,10,35,2,0,20.47,104.09,17.8
Vaisakh Chandran,Theesan Vithushan,311,330,21,51,3,0,16.4,106.11,15.71
Charith Asalanka,Theesan Vithushan,584,924,60,108,61,50,18.49,158.22,15.4
Shubham Agarwal,Sahan Arachchige,678,499,175,253,26,25,37.32,73.6,2.85
Theesan Vithushan,Sahan Arachchige,428,223,134,173,12,7,40.42,52.1,1.66
Isitha Wijesundara,Sahan Arachchige,1450,1228,160,541,33,31,37.31,84.69,7.67
Scott Curie,Sahan Arachchige,240,248,28,25,2,0,10.42,103.33,8.86
Rishabh Pant,Mukesh Kumar,2655,3554,162,438,137,128,16.5,133.86,21.94
Kartik Sharma,Mukesh Kumar,1802,3353,44,228,201,176,12.65,186.07,76.2
Kartik Sharma,Rahul Chahar,1908,3718,55,209,241,212,10.95,194.86,67.6
Kartik Sharma,Lungi Ngidi,1741,2980,41,303,192,154,17.4,171.17,72.68
Rinku Singh,Beau Webster,2250,4439,139,287,347,254,12.76,197.29,31.94
Axar Patel,Beau Webster,946,1433,112,166,107,69,17.55,151.48,12.79
Arpit Vasavada,Beau Webster,901,1265,58,218,65,65,24.2,140.4,21.81
Arpit Vasavada,Lungi Ngidi,337,427,24,90,18,20,26.71,126.71,17.79
Akeal Hosein,Lungi Ngidi,63,30,26,16,0,1,25.4,47.62,1.15
Akeal Hosein,Beau Webster,234,185,72,63,13,6,26.92,79.06,2.57
Lasith Embuldeniya,Beau Webster,322,287,40,72,4,1,22.36,89.13,7.17
Mukul Choudhary,Axar Patel,2164,4501,121,223,319,286,10.3,207.99,37.2
Ayush Mhatre,Axar Patel,2287,5444,90,82,407,350,3.59,238.04,60.49
Ayush Mhatre,Mitchell Marsh,2824,6045,131,300,453,380,10.62,214.06,46.15
Yashvardhan Dalal,Noor Ahmad,1970,3638,55,325,244,212,16.5,184.67,66.15
Karun Nair,Mitchell Santner,1574,2644,72,344,186,147,21.86,167.98,36.72
Karun Nair,Liam Livingstone,1362,2259,73,293,144,135,21.51,165.86,30.95
Karun Nair,Sunil Narine,1572,2109,92,484,149,108,30.79,134.16,22.92
Priyansh Arya,Jasprit Bumrah,3109,4392,124,236,150,98,7.59,141.27,35.42
Priyansh Arya,Arzan Nagwaswalla,3085,4381,121,241,138,112,7.81,142.01,36.21
KL Rahul,Jai Moondra,3867,6358,59,183,264,215,4.73,164.42,107.76
Kishan Lyngdoh,Jai Moondra,1779,2884,43,235,154,113,13.21,162.11,67.07
Kishan Lyngdoh,Jasprit Bumrah,1881,2520,43,383,128,80,20.36,133.97,58.6
Kishan Lyngdoh,Arzan Nagwaswalla,1922,2435,63,462,114,79,24.04,126.69,38.65
Virat Singh,Jai Moondra,597,1056,32,86,73,56,14.41,176.88,33.0
Kishan Lyngdoh,Dian Forrester,2406,4784,76,315,331,283,13.09,198.84,62.95
Kishan Lyngdoh,Ismat Alam,2432,4307,101,501,325,242,20.6,177.1,42.64
Harry Brook,Ismat Alam,1281,2425,120,189,176,158,14.75,189.31,20.21
Virat Singh,Ismat Alam,1621,3118,96,265,209,210,16.35,192.35,32.48
Sam Curran,Ismat Alam,621,904,61,144,55,51,23.19,145.57,14.82
Shivam Dube,Ismat Alam,911,1618,88,158,118,98,17.34,177.61,18.39
Sam Curran,Jai Moondra,138,305,12,16,22,21,11.59,221.01,25.42
Shivam Dube,Jai Moondra,122,248,13,12,19,16,9.84,203.28,19.08
Deepak Hooda,Prince Yadav,3388,4049,113,562,94,63,16.59,119.51,35.83
Deepak Hooda,Khaleel Ahmed,3381,4126,108,542,114,61,16.03,122.03,38.2
Abhishek Sharma,Khaleel Ahmed,3508,5145,74,225,157,132,6.41,146.66,69.53
Christopher Britz,Khaleel Ahmed,2052,2048,35,771,67,70,37.57,99.81,58.51
Abhishek Sharma,Sam Curran,705,1619,46,14,120,99,1.99,229.65,35.2
Christopher Britz,Sam Curran,1704,2120,52,707,142,121,41.49,124.41,40.77
Abhishek Sharma,Jason Holder,737,1672,48,33,128,107,4.48,226.87,34.83
Christopher Britz,Jason Holder,1986,2115,96,921,146,106,46.37,106.5,22.03
Glenn Phillips,Jason Holder,1394,2518,97,274,194,147,19.66,180.63,25.96
Glenn Phillips,Sam Curran,1248,2513,69,186,187,159,14.9,201.36,36.42
Tilak Varma,Matthew Forde,1062,1876,55,183,126,107,17.23,176.65,34.11
Shahbaz Ahmed,Yash Thakur,818,1289,64,145,79,66,17.73,157.58,20.14
Tilak Varma,Yash Thakur,1111,2009,67,171,160,104,15.39,180.83,29.99
Rashid Khan,Mohsin Khan,383,350,120,115,17,25,30.03,91.38,2.92
Shahbaz Ahmed,Mohsin Khan,660,1135,66,116,92,55,17.58,171.97,17.2
Saransh Jain,Mohsin Khan,355,372,25,53,5,2,14.93,104.79,14.88
Saransh Jain,Vidwath Kaverappa,368,390,17,57,4,1,15.49,105.98,22.94
Shiran Fernando,Vidwath Kaverappa,146,164,7,19,0,1,13.01,112.33,23.43
Ruchit Ahir,Shiran Fernando,2616,4342,88,237,192,193,9.06,165.98,49.34
Ishan Kishan,Gangam Anikethreddy,3421,6201,232,467,383,376,13.65,181.26,26.73
Heinrich Klaasen,Shiran Fernando,1462,2222,187,288,136,128,19.7,151.98,11.88
Matthew Forde,Shiran Fernando,93,78,33,22,8,1,23.66,83.87,2.36
Sarfaraz Khan,Shiran Fernando,335,653,38,25,53,37,7.46,194.93,17.18
Sarfaraz Khan,Gangam Anikethreddy,537,927,68,56,65,48,10.43,172.63,13.63
Matthew Forde,Gangam Anikethreddy,178,214,61,28,7,17,15.73,120.22,3.51
Finn Allen,Mukesh Kumar,6737,10579,159,234,394,291,3.47,157.03,66.53
Rohit Sharma,Mukesh Kumar,6724,10458,130,374,401,305,5.56,155.53,80.45
Finn Allen,Lungi Ngidi,6693,10042,151,419,362,244,6.26,150.04,66.5
Rohit Sharma,Lungi Ngidi,6656,9363,144,583,314,213,8.76,140.67,65.02
Finn Allen,Rahul Chahar,6092,10514,139,200,485,381,3.28,172.59,75.64
Rohit Sharma,Rahul Chahar,6175,10596,119,219,493,364,3.55,171.6,89.04
Rohit Sharma,Akash Vasisht,3522,6976,306,278,485,422,7.89,198.07,22.8
Finn Allen,Akash Vasisht,1697,4036,126,21,306,255,1.24,237.83,32.03
Finn Allen,Mridul Surroch,1526,3586,81,21,260,227,1.38,234.99,44.27
Kumar Kushagra,Mridul Surroch,2493,5325,144,242,389,338,9.71,213.6,36.98
Krunal Pandya,Akash Vasisht,3333,5790,306,540,420,329,16.2,173.72,18.92
Kumar Kushagra,Beau Webster,2276,4830,119,262,354,311,11.51,212.21,40.59
Krunal Pandya,Beau Webster,2015,3704,140,284,246,224,14.09,183.82,26.46
Naman Dhir,Beau Webster,1512,2818,143,219,206,173,14.48,186.38,19.71
Naman Dhir,Mridul Surroch,1664,3299,134,258,243,222,15.5,198.26,24.62
Kumar Kushagra,Akash Vasisht,2530,5397,171,204,403,332,8.06,213.32,31.56
Donovan Ferreira,Akash Vasisht,2403,4459,314,263,378,249,10.94,185.56,14.2
Suryansh Shedge,Mridul Surroch,803,1535,77,111,122,89,13.82,191.16,19.94
Harsh Dubey,Mridul Surroch,617,472,192,191,31,22,30.96,76.5,2.46
Harsh Dubey,Beau Webster,368,323,134,91,21,18,24.73,87.77,2.41
Shardul Thakur,Beau Webster,633,644,85,191,37,22,30.17,101.74,7.58
Anshul Kamboj,Beau Webster,410,405,70,68,9,6,16.59,98.78,5.79
Suryansh Shedge,Beau Webster,856,1436,121,119,102,78,13.9,167.76,11.87
Anshul Kamboj,Mukesh Kumar,197,194,22,29,3,0,14.72,98.48,8.82
Suryansh Shedge,Mukesh Kumar,197,369,24,23,34,19,11.68,187.31,15.38
Anshul Kamboj,Lungi Ngidi,208,258,21,22,8,3,10.58,124.04,12.29
Suryansh Shedge,Lungi Ngidi,248,380,39,37,31,16,14.92,153.23,9.74
Ayush Mhatre,Anshul Kamboj,10464,14922,264,758,449,330,7.24,142.6,56.52
Sanju Samson,Anshul Kamboj,6438,9512,174,441,336,248,6.85,147.75,54.67
Ayush Mhatre,Kagiso Rabada,6875,10240,143,547,401,276,7.96,148.95,71.61
Sanju Samson,Kagiso Rabada,6657,9871,171,476,336,268,7.15,148.28,57.73
Mukul Choudhary,Kagiso Rabada,2573,4351,94,263,225,196,10.22,169.1,46.29
Mukul Choudhary,Anshul Kamboj,3644,5671,161,299,263,198,8.21,155.63,35.22
Mukul Choudhary,Suryansh Shedge,1371,3134,70,82,228,207,5.98,228.59,44.77
Ayush Mhatre,Suryansh Shedge,1297,3058,49,44,218,199,3.39,235.77,62.41
Mukul Choudhary,Shardul Thakur,1527,3412,128,96,275,214,6.29,223.44,26.66
Mridul Surroch,Shardul Thakur,1425,2881,133,134,191,194,9.4,202.18,21.66
Ayush Mhatre,Shardul Thakur,1357,3242,94,42,237,213,3.1,238.91,34.49
Mridul Surroch,Suryansh Shedge,1406,3119,62,117,218,199,8.32,221.83,50.31
Mridul Surroch,Krunal Pandya,4569,9482,251,573,757,567,12.54,207.53,37.78
Ayush Mhatre,Krunal Pandya,4047,9290,160,278,717,577,6.87,229.55,58.06
Ayush Mhatre,Donovan Ferreira,3756,8636,116,192,617,546,5.11,229.93,74.45
Mridul Surroch,Donovan Ferreira,3749,7690,133,449,544,474,11.98,205.12,57.82
Beau Webster,Donovan Ferreira,1190,1771,40,491,128,120,41.26,148.82,44.27
Beau Webster,Shardul Thakur,1298,2067,158,377,163,131,29.04,159.24,13.08
Virat Kohli,Yuzvendra Chahal,12780,17725,287,679,473,261,5.31,138.69,61.76
Prabhsimran Singh,Yuzvendra Chahal,12944,18044,254,734,490,291,5.67,139.4,71.04
Virat Kohli,Harpreet Brar,13740,17935,395,851,387,193,6.19,130.53,45.41
Prabhsimran Singh,Harpreet Brar,13660,18197,354,858,406,250,6.28,133.21,51.4
Devdutt Padikkal,Harpreet Brar,5608,8119,173,508,304,210,9.06,144.78,46.93
Devdutt Padikkal,Yuzvendra Chahal,5437,8266,137,387,307,258,7.12,152.03,60.34
Shreyas Iyer,Harpreet Brar,2215,3538,79,257,189,133,11.6,159.73,44.78
Prabhsimran Singh,Seekkuge Prasanna,4077,6278,382,849,422,353,20.82,153.99,16.43
Chris Lynn,Seekkuge Prasanna,2446,2483,284,964,158,131,39.41,101.51,8.74
Will Jacks,Seekkuge Prasanna,2131,2479,229,668,150,125,31.35,116.33,10.83
Will Jacks,Vishen Halambage,2072,2447,284,578,154,121,27.9,118.1,8.62
Prabhsimran Singh,Vishen Halambage,2085,2646,237,535,155,139,25.66,126.91,11.16
Washington Sundar,Vishen Halambage,1522,1681,251,403,104,72,26.48,110.45,6.7
Shubham Agarwal,Vishen Halambage,997,689,199,422,35,28,42.33,69.11,3.46
Prabhsimran Singh,Ravindra Jadeja,2092,3723,163,303,235,228,14.48,177.96,22.84
Shubham Agarwal,Ravindra Jadeja,959,715,169,380,35,24,39.62,74.56,4.23
Theesan Vithushan,Ravindra Jadeja,594,239,194,251,12,4,42.26,40.24,1.23
Isitha Wijesundara,Vishen Halambage,1086,1053,101,279,20,8,25.69,96.96,10.43
Isitha Wijesundara,Ravindra Jadeja,1221,1172,84,348,20,15,28.5,95.99,13.95
Isitha Wijesundara,Seekkuge Prasanna,1966,1695,239,714,60,40,36.32,86.22,7.09
Isitha Wijesundara,Harpreet Brar,1181,1199,90,285,23,13,24.13,101.52,13.32
Isitha Wijesundara,Yuzvendra Chahal,1158,1285,66,230,24,14,19.86,110.97,19.47
Brian Bennett,Scott Curie,7726,10131,79,451,204,70,5.84,131.13,128.24
Kangabam Priyojit Singh,Scott Curie,7255,9523,78,365,167,47,5.03,131.26,122.09
Brian Bennett,Shubham Agarwal,3790,5741,146,1015,389,320,26.78,151.48,39.32
Kangabam Priyojit Singh,Shubham Agarwal,3201,6176,173,398,434,370,12.43,192.94,35.7
Kangabam Priyojit Singh,Washington Sundar,4444,10413,172,204,783,658,4.59,234.32,60.54
Brian Bennett,Isitha Wijesundara,8160,15501,199,1309,1048,929,16.04,189.96,77.89
Kangabam Priyojit Singh,Isitha Wijesundara,2930,6764,78,104,487,415,3.55,230.85,86.72
James Rew,Isitha Wijesundara,5916,10291,225,1212,703,608,20.49,173.95,45.74
Mayank Agarwal,Anshul Kamboj,9767,12365,345,904,282,154,9.26,126.6,35.84
Brian Bennett,Anshul Kamboj,11755,16303,228,978,450,335,8.32,138.69,71.5
Mayank Agarwal,Sonny Baker,3461,4192,84,206,39,6,5.95,121.12,49.9
Kangabam Priyojit Singh,Sonny Baker,1085,1426,37,53,28,15,4.88,131.43,38.54
Kangabam Priyojit Singh,Anshul Kamboj,1124,1484,19,66,30,13,5.87,132.03,78.11
James Rew,Anshul Kamboj,3423,4780,180,461,219,150,13.47,139.64,26.56
James Rew,Sonny Baker,362,477,18,21,12,8,5.8,131.77,26.5
James Rew,Kranthi Kumar,874,865,106,302,41,45,34.55,98.97,8.16
Kangabam Priyojit Singh,Kranthi Kumar,1137,1576,107,260,95,86,22.87,138.61,14.73
Hardik Pandya,Kranthi Kumar,669,927,105,122,56,49,18.24,138.57,8.83
Kangabam Priyojit Singh,Corbin Bosch,1113,2427,71,124,150,176,11.14,218.06,34.18
Jitesh Sharma,Corbin Bosch,366,414,66,94,27,20,25.68,113.11,6.27
Hardik Pandya,Corbin Bosch,668,1152,67,120,74,76,17.96,172.46,17.19
Jitesh Sharma,Kranthi Kumar,483,484,90,149,30,23,30.85,100.21,5.38
Sonu Yadav,Kranthi Kumar,519,639,71,101,27,29,19.46,123.12,9.0
Jitesh Sharma,Ashok Sharma,479,685,76,111,50,40,23.17,143.01,9.01
Lance Morris,Ashok Sharma,244,163,85,79,11,7,32.38,66.8,1.92
Sonu Yadav,Corbin Bosch,408,551,50,69,29,25,16.91,135.05,11.02
Lance Morris,Corbin Bosch,139,99,46,43,4,5,30.94,71.22,2.15
Arshdeep Singh,Corbin Bosch,135,93,50,37,6,4,27.41,68.89,1.86
Tripuresh Singh,Corbin Bosch,265,312,34,13,6,3,4.91,117.74,9.18
Tripuresh Singh,Kranthi Kumar,301,365,50,19,12,6,6.31,121.26,7.3
Sonu Yadav,Ashok Sharma,499,795,54,58,41,44,11.62,159.32,14.72
Nathan Ellis,Ashok Sharma,222,233,14,25,2,0,11.26,104.95,16.64
Nathan Ellis,Corbin Bosch,160,153,15,21,1,0,13.12,95.62,10.2
Nathan Ellis,Kranthi Kumar,214,232,14,38,3,1,17.76,108.41,16.57
Nathan Ellis,Cameron Green,107,108,16,14,1,2,13.08,100.93,6.75
Sonu Yadav,Cameron Green,353,528,31,61,26,27,17.28,149.58,17.03
Sonu Yadav,Sonny Baker,228,311,27,18,20,6,7.89,136.4,11.52
Tim Seifert,Tripuresh Singh,3023,3795,90,496,132,85,16.41,125.54,42.17
Smaran Ravichandra,Tripuresh Singh,3372,4052,91,757,134,102,22.45,120.17,44.53
Tim Seifert,Lance Morris,2874,4202,70,329,160,138,11.45,146.21,60.03
Smaran Ravichandra,Lance Morris,3167,4443,80,507,180,141,16.01,140.29,55.54
Smaran Ravichandra,Nathan Ellis,3215,4560,85,485,172,152,15.09,141.84,53.65
Tim Seifert,Nathan Ellis,3086,4641,110,366,187,176,11.86,150.39,42.19
Smaran Ravichandra,Arshdeep Singh,3257,4856,66,370,199,150,11.36,149.09,73.58
Tim Seifert,Arshdeep Singh,3105,4790,79,257,168,165,8.28,154.27,60.63
Rahul Tripathi,Tripuresh Singh,1414,1451,113,400,55,44,28.29,102.62,12.84
Rahul Tripathi,Lance Morris,1465,1907,63,350,87,80,23.89,130.17,30.27
Rahul Tripathi,Nathan Ellis,1496,1897,93,335,94,71,22.39,126.8,20.4
Rahul Tripathi,Arshdeep Singh,1412,2059,64,274,107,93,19.41,145.82,32.17
Rahul Tripathi,Hardik Pandya,505,807,43,115,66,44,22.77,159.8,18.77
Tim Seifert,Hardik Pandya,555,1263,26,60,86,94,10.81,227.57,48.58
Nishant Sindhu,Dasun Shanaka,247,522,15,24,41,29,9.72,211.34,34.8
Abhimanyu Easwaran,Gangam Anikethreddy,2639,4410,206,423,254,271,16.03,167.11,21.41
Suryakumar Yadav,Shiran Fernando,951,1507,82,134,98,68,14.09,158.46,18.38
Chamika Gunasekara,Calvin Harrison,488,497,31,81,2,0,16.6,101.84,16.03
Dhruv Jurel,Riyan Parag,2183,3518,194,377,215,206,17.27,161.15,18.13
Charith Asalanka,Riyan Parag,1204,1492,185,279,99,67,23.17,123.92,8.06
Charith Asalanka,Adam Zampa,294,427,23,27,21,12,9.18,145.24,18.57
Charith Asalanka,Mitchell Starc,307,401,37,27,21,7,8.79,130.62,10.84
Riyan Parag,Kuldeep Yadav,536,654,77,130,38,33,24.25,122.01,8.49
Karan Shinde,Vaisakh Chandran,373,583,24,52,35,25,13.94,156.3,24.29
Karan Shinde,Charith Asalanka,1155,2279,38,157,148,147,13.59,197.32,59.97
Yuvraj Chaudhary,Kuldeep Yadav,809,1184,108,148,78,63,18.29,146.35,10.96
Kusal Mendis,Yuzvendra Chahal,6807,8546,99,323,103,16,4.75,125.55,86.32
Kusal Mendis,Harpreet Brar,6828,8679,131,316,136,17,4.63,127.11,66.25
Kusal Mendis,Seekkuge Prasanna,2428,2937,231,625,165,139,25.74,120.96,12.71
KL Rahul,Ravindra Jadeja,2746,5802,109,239,378,376,8.7,211.29,53.23
Kusal Mendis,Ravindra Jadeja,2548,4602,134,352,310,262,13.81,180.61,34.34
Kusal Mendis,Vishen Halambage,2583,3267,260,614,204,152,23.77,126.48,12.57
KL Rahul,Vishen Halambage,2861,4983,263,481,300,328,16.81,174.17,18.95
Harry Brook,Vishen Halambage,2632,3260,317,707,191,178,26.86,123.86,10.28
Harry Brook,Ravindra Jadeja,2515,4769,159,316,321,288,12.56,189.62,29.99
Virat Singh,Ravindra Jadeja,2497,4190,174,473,288,245,18.94,167.8,24.08
Shivam Dube,Vishen Halambage,2196,2699,331,524,165,142,23.86,122.91,8.15
Virat Singh,Vishen Halambage,2736,3755,291,685,223,221,25.04,137.24,12.9
Tilak Varma,Vishen Halambage,2494,3056,266,598,170,139,23.98,122.53,11.49
Tilak Varma,Ravindra Jadeja,2418,3814,128,436,263,172,18.03,157.73,29.8
Shahbaz Ahmed,Ravindra Jadeja,1777,2506,112,396,141,115,22.28,141.02,22.38
Rashid Khan,Ravindra Jadeja,567,462,195,152,23,27,26.81,81.48,2.37
Saransh Jain,Harpreet Brar,1066,1171,56,141,12,7,13.23,109.85,20.91
Saransh Jain,Yuzvendra Chahal,1078,1229,45,106,13,2,9.83,114.01,27.31
Kangabam Priyojit Singh,Rashid Khan,8573,13480,178,600,548,427,7.0,157.24,75.73
Kangabam Priyojit Singh,Gangam Anikethreddy,5980,9272,158,516,368,320,8.63,155.05,58.68
Kangabam Priyojit Singh,Shiran Fernando,7438,11344,194,337,381,313,4.53,152.51,58.47
Rajat Patidar,Rashid Khan,1195,1927,48,162,99,93,13.56,161.26,40.15
Rajat Patidar,Gangam Anikethreddy,1297,2062,95,206,130,111,15.88,158.98,21.71
Rajat Patidar,Shiran Fernando,1088,1856,78,108,96,93,9.93,170.59,23.79
Rajat Patidar,Saransh Jain,1883,3610,129,242,262,217,12.85,191.72,27.98
Brian Bennett,Saransh Jain,2434,4743,75,399,340,291,16.39,194.86,63.24
Brian Bennett,Shahbaz Ahmed,2246,4752,58,215,363,272,9.57,211.58,81.93
Rajat Patidar,Shahbaz Ahmed,1800,4074,108,100,294,273,5.56,226.33,37.72
Suryansh Shedge,Binura Fernando,254,426,40,40,32,25,15.75,167.72,10.65
Harsh Dubey,Binura Fernando,112,102,39,30,10,4,26.79,91.07,2.62
Anshul Kamboj,Lasith Embuldeniya,214,235,25,29,7,1,13.55,109.81,9.4
Rinku Singh,Kagiso Rabada,702,1053,56,129,70,53,18.38,150.0,18.8
Rinku Singh,Shardul Thakur,1705,3235,148,194,224,196,11.38,189.74,21.86
Sanvir Singh,Shardul Thakur,886,1725,168,53,139,109,5.98,194.7,10.27
Axar Patel,Shardul Thakur,775,1217,153,127,81,77,16.39,157.03,7.95
Arpit Vasavada,Donovan Ferreira,920,1202,49,290,61,67,31.52,130.65,24.53
Arpit Vasavada,Shardul Thakur,929,1263,72,223,69,61,24.0,135.95,17.54
Arpit Vasavada,Kagiso Rabada,349,467,21,70,25,17,20.06,133.81,22.24
Sdnv Prasad,Jason Holder,1104,1953,56,226,145,111,20.47,176.9,34.88
Ismat Alam,Rashid Khan,80,124,16,10,12,4,12.5,155.0,7.75
Priyansh Arya,Jai Moondra,3007,4604,87,131,140,139,4.36,153.11,52.92
Priyansh Arya,Ismat Alam,623,1313,71,33,91,88,5.3,210.75,18.49
Priyansh Arya,Dian Forrester,608,1424,47,8,97,94,1.32,234.21,30.3
Rashid Khan,Ismat Alam,157,114,61,47,9,6,29.94,72.61,1.87
Jason Holder,Ismat Alam,320,373,28,104,20,17,32.5,116.56,13.32
Sam Curran,Dian Forrester,637,1192,36,99,90,65,15.54,187.13,33.11
Jason Holder,Dian Forrester,267,420,19,52,21,26,19.48,157.3,22.11
Khaleel Ahmed,Dian Forrester,118,91,18,25,0,0,21.19,77.12,5.06
Prince Yadav,Ismat Alam,65,68,10,7,1,1,10.77,104.62,6.8
Khaleel Ahmed,Ismat Alam,113,106,18,24,2,1,21.24,93.81,5.89
Prince Yadav,Dian Forrester,69,69,6,12,1,0,17.39,100.0,11.5
Prince Yadav,Jasprit Bumrah,183,203,13,25,4,1,13.66,110.93,15.62
Khaleel Ahmed,Jasprit Bumrah,65,53,8,15,0,0,23.08,81.54,6.62
Prince Yadav,Arzan Nagwaswalla,191,204,16,29,1,3,15.18,106.81,12.75
Khaleel Ahmed,Arzan Nagwaswalla,69,54,17,13,2,0,18.84,78.26,3.18
David Miller,Jasprit Bumrah,1143,1749,85,258,129,90,22.57,153.02,20.58
David Miller,Noor Ahmad,984,1581,56,211,85,101,21.44,160.67,28.23
Shreyas Iyer,Raj Angad Bawa,1658,3542,86,162,267,222,9.77,213.63,41.19
Shreyas Iyer,Atit Sheth,1657,3519,130,161,254,233,9.72,212.37,27.07
Christopher Britz,Ashwin Das,5613,5969,154,2732,412,327,48.67,106.34,38.76
Karun Nair,Ashwin Das,2694,3382,199,801,204,170,29.73,125.54,16.99
Raj Angad Bawa,Isitha Wijesundara,1090,1688,124,257,144,89,23.58,154.86,13.61
Noor Ahmad,Isitha Wijesundara,126,75,55,34,7,2,26.98,59.52,1.36
Athisayaraj Davidson,Isitha Wijesundara,138,86,40,50,4,5,36.23,62.32,2.15
Athisayaraj Davidson,Washington Sundar,85,48,20,33,4,0,38.82,56.47,2.4
Jasprit Bumrah,Washington Sundar,209,199,31,39,2,2,18.66,95.22,6.42
Arzan Nagwaswalla,Washington Sundar,118,122,16,17,0,1,14.41,103.39,7.62
Mayank Agarwal,Gurinder Singh,3726,4654,67,216,66,13,5.8,124.91,69.46
Brian Bennett,Gurinder Singh,3994,5141,47,236,94,28,5.91,128.72,109.38
Brian Bennett,Maheesh Theekshana,10405,14928,124,1043,486,380,10.02,143.47,120.39
Mayank Agarwal,Maheesh Theekshana,8341,10814,143,919,284,166,11.02,129.65,75.62
Kangabam Priyojit Singh,Maheesh Theekshana,833,1312,12,44,57,32,5.28,157.5,109.33
Brian Bennett,Sai Kishore,1680,3862,37,77,298,227,4.58,229.88,104.38
Kangabam Priyojit Singh,Sai Kishore,1358,3262,42,27,240,206,1.99,240.21,77.67
Brian Bennett,Joel Davies,1815,3163,62,364,200,187,20.06,174.27,51.02
Kangabam Priyojit Singh,Joel Davies,1356,2767,61,151,199,166,11.14,204.06,45.36
Brian Bennett,Nimesh Vimukthi,1653,3095,62,300,215,194,18.15,187.24,49.92
James Rew,Nimesh Vimukthi,936,1548,30,230,96,96,24.57,165.38,51.6
James Rew,Joel Davies,883,1312,70,226,72,85,25.59,148.58,18.74
Hardik Pandya,Nimesh Vimukthi,650,1258,15,96,90,71,14.77,193.54,83.87
Hardik Pandya,Joel Davies,606,960,57,122,68,56,20.13,158.42,16.84
Jitesh Sharma,Joel Davies,319,373,45,83,20,17,26.02,116.93,8.29
Jitesh Sharma,Sai Kishore,286,517,30,36,38,31,12.59,180.77,17.23
Hardik Pandya,Sai Kishore,654,1451,34,40,113,87,6.12,221.87,42.68
Jitesh Sharma,Nimesh Vimukthi,330,573,27,77,43,36,23.33,173.64,21.22
Sonu Yadav,Joel Davies,257,427,29,44,30,24,17.12,166.15,14.72
Lance Morris,Joel Davies,113,67,34,36,3,1,31.86,59.29,1.97
Arshdeep Singh,Joel Davies,79,45,20,30,0,2,37.97,56.96,2.25
Sonu Yadav,Maheesh Theekshana,291,602,13,19,54,25,6.53,206.87,46.31
Tripuresh Singh,Maheesh Theekshana,160,187,16,7,5,1,4.38,116.88,11.69
Sonu Yadav,Gurinder Singh,266,456,25,18,33,19,6.77,171.43,18.24
Tripuresh Singh,Gurinder Singh,209,316,20,10,9,10,4.78,151.2,15.8
Shubman Gill,Arshdeep Singh,3017,4661,60,260,185,149,8.62,154.49,77.68
Joel Davies,Arshdeep Singh,2493,3342,89,232,87,79,9.31,134.06,37.55
Joel Davies,Tripuresh Singh,2453,2951,139,295,76,45,12.03,120.3,21.23
Shubman Gill,Tripuresh Singh,2938,3619,102,466,106,74,15.86,123.18,35.48
Shubman Gill,Nathan Ellis,3008,4568,93,312,180,161,10.37,151.86,49.12
Joel Davies,Nathan Ellis,2528,3171,94,300,105,56,11.87,125.44,33.73
Joel Davies,Lance Morris,2509,3260,93,235,102,59,9.37,129.93,35.05
Shubman Gill,Lance Morris,3009,4243,98,317,147,126,10.54,141.01,43.3
Ruturaj Gaikwad,Tripuresh Singh,1954,2380,77,422,101,74,21.6,121.8,30.91
Ruturaj Gaikwad,Lance Morris,2048,2832,83,385,140,118,18.8,138.28,34.12
Ruturaj Gaikwad,Arshdeep Singh,2017,3254,68,284,181,148,14.08,161.33,47.85
Ishan Kishan,Nathan Ellis,961,1695,78,147,111,102,15.3,176.38,21.73
Ishan Kishan,Lance Morris,938,1587,81,145,99,93,15.46,169.19,19.59
Heinrich Klaasen,Lance Morris,606,761,62,186,41,46,30.69,125.58,12.27
Ruturaj Gaikwad,Hardik Pandya,4132,8302,127,520,583,510,12.58,200.92,65.37
Heinrich Klaasen,Hardik Pandya,2911,5210,217,521,389,305,17.9,178.98,24.01
Marcus Stoinis,Hardik Pandya,2803,4789,210,540,369,262,19.27,170.85,22.8
Marcus Stoinis,Nathan Ellis,378,482,35,102,23,29,26.98,127.51,13.77
Ruturaj Gaikwad,Nathan Ellis,2038,3054,66,334,170,131,16.39,149.85,46.27
Jitesh Sharma,Bhuvneshwar Kumar,146,186,26,33,18,8,22.6,127.4,7.15
Sonu Yadav,Bhuvneshwar Kumar,105,121,16,20,3,6,19.05,115.24,7.56
Sonu Yadav,Theesan Vithushan,145,343,5,7,20,25,4.83,236.55,68.6
Hardik Pandya,Theesan Vithushan,373,789,11,33,59,47,8.85,211.53,71.73
Sonu Yadav,Manav Suthar,130,223,9,25,19,12,19.23,171.54,24.78
Lance Morris,Manav Suthar,43,31,11,13,4,0,30.23,72.09,2.82
Arshdeep Singh,Manav Suthar,33,18,10,9,1,0,27.27,54.55,1.8
Tripuresh Singh,Manav Suthar,41,60,5,0,2,1,0.0,146.34,12.0
Nathan Ellis,Manav Suthar,13,11,2,2,0,0,15.38,84.62,5.5
Yashasvi Jaiswal,Liam Livingstone,5891,12463,274,470,875,761,7.98,211.56,45.49
Dasun Shanaka,Prasidh Krishna,487,822,64,59,63,44,12.11,168.79,12.84
Suryakumar Yadav,Avesh Khan,630,1144,30,85,68,67,13.49,181.59,38.13
Dasun Shanaka,Avesh Khan,271,424,22,52,26,23,19.19,156.46,19.27
Liam Livingstone,Vasuki Koushik,2753,3566,86,399,115,91,14.49,129.53,41.47
Kamil Mishara,Vasuki Koushik,2797,4051,80,266,159,116,9.51,144.83,50.64
Lahiru Udara,Josh Tongue,786,1273,71,101,79,66,12.85,161.96,17.93
Nitish Rana,Duan Jansen,530,737,55,125,52,34,23.58,139.06,13.4
Nitish Rana,Vasuki Koushik,495,613,52,140,34,33,28.28,123.84,11.79
Kunal Chandela,Charith Asalanka,1633,3350,46,156,225,193,9.55,205.14,72.83
Jaydev Unadkat,Dasun Shanaka,225,169,74,78,17,8,34.67,75.11,2.28
Prasidh Krishna,Dasun Shanaka,714,661,126,135,13,10,18.91,92.58,5.25
Mohammed Siraj,Dasun Shanaka,746,650,134,188,14,16,25.2,87.13,4.85
Mohammed Siraj,Charith Asalanka,302,337,10,51,7,2,16.89,111.59,33.7
Mohammed Siraj,Chamika Gunasekara,301,249,53,78,10,2,25.91,82.72,4.7
Ryan Rickelton,Mayank Yadav,1325,2282,35,133,119,110,10.04,172.23,65.2
Dhruv Jurel,Umesh Yadav,502,859,14,83,52,46,16.53,171.12,61.36
Dhruv Jurel,Mayank Yadav,522,890,23,84,58,47,16.09,170.5,38.7
Dasun Shanaka,Craig Overton,393,660,43,71,49,38,18.07,167.94,15.35
Shubham Agarwal,Saransh Jain,605,468,124,244,32,15,40.33,77.36,3.77
Theesan Vithushan,Saransh Jain,398,229,123,150,14,7,37.69,57.54,1.86
Isitha Wijesundara,Shahbaz Ahmed,751,859,42,164,22,14,21.84,114.38,20.45
Isitha Wijesundara,Saransh Jain,865,900,56,205,10,12,23.7,104.05,16.07
Shahbaz Ahmed,Washington Sundar,621,1091,37,125,77,63,20.13,175.68,29.49
Tilak Varma,Scott Curie,652,1251,52,61,84,69,9.36,191.87,24.06
Tilak Varma,Theesan Vithushan,554,1018,41,58,58,58,10.47,183.75,24.83
Brian Bennett,Ottneil Baartman,6650,10176,170,669,433,340,10.06,153.02,59.86
Mayank Agarwal,Ottneil Baartman,5082,6516,265,667,184,168,13.12,128.22,24.59
Mayank Agarwal,Mohsin Khan,5100,6530,210,675,206,134,13.24,128.04,31.1
James Rew,Ottneil Baartman,2802,4034,216,488,188,199,17.42,143.97,18.68
James Rew,Maheesh Theekshana,3236,5235,101,601,303,263,18.57,161.77,51.83
Brian Bennett,Shivam Mavi,6710,10130,105,741,414,333,11.04,150.97,96.48
James Rew,Shivam Mavi,2744,4039,103,505,238,160,18.4,147.19,39.21
Jitesh Sharma,Shivam Mavi,1315,1996,102,272,123,111,20.68,151.79,19.57
Jitesh Sharma,Ottneil Baartman,1320,1661,193,305,91,87,23.11,125.83,8.61
Jitesh Sharma,Mohsin Khan,1231,1460,166,317,84,73,25.75,118.6,8.8
Hardik Pandya,Mohsin Khan,1228,2066,104,179,130,120,14.58,168.24,19.87
Hardik Pandya,Shivam Mavi,1244,2198,69,187,150,124,15.03,176.69,31.86
Shubman Gill,Tanay Thyagarajan,6460,9047,130,680,288,240,10.53,140.05,69.59
Ruturaj Gaikwad,Tanay Thyagarajan,6607,8947,149,738,286,199,11.17,135.42,60.05
Shubman Gill,Hardik Pandya,3277,7188,109,292,541,440,8.91,219.35,65.94
Ruturaj Gaikwad,Seekkuge Prasanna,6112,8778,392,1419,532,476,23.22,143.62,22.39
Karan Lal,Seekkuge Prasanna,1809,3092,247,312,203,210,17.25,170.92,12.52
Ishan Kishan,Seekkuge Prasanna,5501,8134,610,1334,563,472,24.25,147.86,13.33
Heinrich Klaasen,Seekkuge Prasanna,4352,4705,610,1452,301,240,33.36,108.11,7.71
Marcus Stoinis,Seekkuge Prasanna,2077,2552,272,592,164,133,28.5,122.87,9.38
Ishan Kishan,Hardik Pandya,3720,7885,218,355,625,475,9.54,211.96,36.17
Shivam Mavi,Seekkuge Prasanna,683,505,266,174,46,19,25.48,73.94,1.9
Dunith Wellalage,Seekkuge Prasanna,1685,1947,125,480,90,85,28.49,115.55,15.58
Dunith Wellalage,Hardik Pandya,2587,3428,98,610,178,137,23.58,132.51,34.98
Maheesh Theekshana,Hardik Pandya,600,419,160,174,13,11,29.0,69.83,2.62
Ottneil Baartman,Hardik Pandya,696,670,91,114,7,4,16.38,96.26,7.36
Mohsin Khan,Hardik Pandya,411,410,41,64,4,1,15.57,99.76,10.0
Mohsin Khan,Seekkuge Prasanna,993,626,239,309,9,6,31.12,63.04,2.62
Mohsin Khan,Tanay Thyagarajan,223,245,23,27,2,3,12.11,109.87,10.65
Marcus Stoinis,Tanay Thyagarajan,343,497,37,78,31,28,22.74,144.9,13.43
Tim Seifert,Harpreet Brar,7215,9105,164,349,115,25,4.84,126.2,55.52
Smaran Ravichandra,Harpreet Brar,7311,9057,117,487,111,30,6.66,123.88,77.41
Tim Seifert,Yuzvendra Chahal,7025,8828,105,400,142,15,5.69,125.67,84.08
Smaran Ravichandra,Yuzvendra Chahal,7314,9153,85,477,120,32,6.52,125.14,107.68
Rahul Tripathi,Yuzvendra Chahal,1852,2297,38,100,31,4,5.4,124.03,60.45
Ankit Kumar,Yuzvendra Chahal,452,583,12,29,17,2,6.42,128.98,48.58
Ankit Kumar,Harpreet Brar,430,582,10,21,19,6,4.88,135.35,58.2
Tim Seifert,Vishen Halambage,2385,2933,238,731,171,166,30.65,122.98,12.32
Ankit Kumar,Vishen Halambage,2039,2636,332,479,157,152,23.49,129.28,7.94
Rohit Sharma,Vishen Halambage,2184,2351,348,590,129,113,27.01,107.65,6.76
Tim Seifert,Seekkuge Prasanna,2405,2626,240,817,142,143,33.97,109.19,10.94
Donovan Ferreira,Seekkuge Prasanna,4224,5439,614,1032,361,284,24.43,128.76,8.86
Donovan Ferreira,Vishen Halambage,1807,1985,316,465,119,97,25.73,109.85,6.28
Tim Seifert,Ravindra Jadeja,2530,4464,133,454,294,274,17.94,176.44,33.56
Donovan Ferreira,Ravindra Jadeja,1702,2779,153,305,175,161,17.92,163.28,18.16
Krunal Pandya,Vishen Halambage,2208,2072,281,754,125,70,34.15,93.84,7.37
Krunal Pandya,Ravindra Jadeja,1985,2932,123,447,174,153,22.52,147.71,23.84
Prashant Veer,Ravindra Jadeja,1626,2040,98,420,117,76,25.83,125.46,20.82
Prashant Veer,Seekkuge Prasanna,1678,1727,203,502,85,69,29.92,102.92,8.51
Krunal Pandya,Seekkuge Prasanna,5656,6672,517,1754,415,303,31.01,117.96,12.91
Harsh Dubey,Vishen Halambage,726,507,224,238,29,21,32.78,69.83,2.26
Ravi Bishnoi,Vishen Halambage,986,749,148,323,9,9,32.76,75.96,5.06
Nishan Peiris,Ravindra Jadeja,762,808,66,112,9,3,14.7,106.04,12.24
Brian Bennett,Nishan Peiris,7825,10469,143,1119,356,249,14.3,133.79,73.21
Kangabam Priyojit Singh,Nishan Peiris,7051,10866,150,509,415,325,7.22,154.11,72.44
Brian Bennett,Ravi Bishnoi,7785,10774,118,848,371,233,10.89,138.39,91.31
Kangabam Priyojit Singh,Ravi Bishnoi,7169,11166,144,451,465,321,6.29,155.75,77.54
Brian Bennett,Harsh Dubey,15170,21270,257,1923,771,574,12.68,140.21,82.76
Kangabam Priyojit Singh,Harsh Dubey,6856,10144,153,546,370,271,7.96,147.96,66.3
Kangabam Priyojit Singh,Krunal Pandya,1974,4654,75,76,359,298,3.85,235.76,62.05
Brian Bennett,Krunal Pandya,4983,10327,162,620,774,616,12.44,207.24,63.75
Kangabam Priyojit Singh,Prashant Veer,2009,4150,116,248,295,272,12.34,206.57,35.78
James Rew,Prashant Veer,1777,2524,148,473,167,144,26.62,142.04,17.05
Shubman Gill,Akash Vasisht,4514,9679,252,320,671,612,7.09,214.42,38.41
Ruchit Ahir,Akash Vasisht,2443,4363,207,329,284,258,13.47,178.59,21.08
Shubman Gill,Sonal Dinusha,2204,4289,152,227,278,269,10.3,194.6,28.22
Shubman Gill,Riyan Parag,2137,4105,173,177,277,240,8.28,192.09,23.73
Heinrich Klaasen,Sonal Dinusha,1531,2165,183,362,150,115,23.64,141.41,11.83
Matthew Forde,Mridul Surroch,556,563,179,127,33,35,22.84,101.26,3.15
Sarfaraz Khan,Mridul Surroch,1469,2707,153,115,180,146,7.83,184.28,17.69
Matthew Forde,Sonal Dinusha,564,607,189,104,50,27,18.44,107.62,3.21
Akash Deep,Sonal Dinusha,612,459,201,169,35,12,27.61,75.0,2.28
Sarfaraz Khan,Sonal Dinusha,1667,3093,149,136,220,166,8.16,185.54,20.76
Mukul Choudhary,Akash Deep,2844,5278,167,228,311,297,8.02,185.58,31.6
Mukul Choudhary,Yash Thakur,2989,5575,190,279,368,294,9.33,186.52,29.34
Ruturaj Gaikwad,Washington Sundar,10563,22177,315,991,1562,1348,9.38,209.95,70.4
Virat Kohli,Matthew Forde,4849,7930,123,267,334,285,5.51,163.54,64.47
Virat Kohli,Malinda Pushpakumara,6697,8516,140,350,136,29,5.23,127.16,60.83
Prabhsimran Singh,Malinda Pushpakumara,6711,8571,141,335,132,45,4.99,127.72,60.79
Prabhsimran Singh,CV Stephen,6753,8696,127,341,152,46,5.05,128.77,68.47
Virat Kohli,CV Stephen,6988,8882,143,338,138,37,4.84,127.1,62.11
Virat Kohli,Liam Livingstone,4483,9749,220,238,691,598,5.31,217.47,44.31
Virat Kohli,Mitchell Santner,4359,9250,319,350,629,616,8.03,212.2,29.0
Devdutt Padikkal,Mitchell Santner,6537,12518,382,922,933,735,14.1,191.49,32.77
Virat Kohli,Sunil Narine,4530,8081,239,776,564,470,17.13,178.39,33.81
Devdutt Padikkal,Sunil Narine,6849,11539,345,1548,852,658,22.6,168.48,33.45
Chris Lynn,Mitchell Santner,2418,4245,182,500,304,268,20.68,175.56,23.32
Chris Lynn,Sunil Narine,2438,3586,144,743,270,205,30.48,147.09,24.9
Will Jacks,CV Stephen,589,1205,67,55,112,60,9.34,204.58,17.99
Chris Lynn,Malinda Pushpakumara,581,1183,59,64,97,66,11.02,203.61,20.05
Washington Sundar,Malinda Pushpakumara,599,951,89,65,60,45,10.85,158.76,10.69
Will Jacks,Malinda Pushpakumara,528,968,57,45,66,53,8.52,183.33,16.98
Vaibhav Suryavanshi,Scott Curie,7675,10090,94,457,193,79,5.95,131.47,107.34
Jos Buttler,Scott Curie,7165,9206,86,464,163,46,6.48,128.49,107.05
Vaibhav Suryavanshi,Theesan Vithushan,7570,10010,81,460,198,64,6.08,132.23,123.58
Jos Buttler,Shubham Agarwal,3182,4922,247,887,307,331,27.88,154.68,19.93
Vaibhav Suryavanshi,Shubham Agarwal,3485,6731,209,538,493,409,15.44,193.14,32.21
Vaibhav Suryavanshi,Will Jacks,3574,8197,114,177,585,521,4.95,229.35,71.9
Yashvardhan Dalal,Shubham Agarwal,2829,4679,153,689,357,269,24.35,165.39,30.58
Salil Arora,Will Jacks,1048,2266,52,116,141,167,11.07,216.22,43.58
Salil Arora,Isitha Wijesundara,957,2260,42,80,187,147,8.36,236.15,53.81
Sai Sudharsan,Isitha Wijesundara,7361,15016,219,894,1083,911,12.15,203.99,68.57
Sai Sudharsan,Scott Curie,1724,2676,35,118,134,64,6.84,155.22,76.46
Kunal Chandela,Scott Curie,534,1125,32,64,106,57,11.99,210.67,35.16
Salil Arora,Scott Curie,512,1215,42,35,112,73,6.84,237.3,28.93
Kunal Chandela,Theesan Vithushan,680,1439,52,73,123,83,10.74,211.62,27.67
Salil Arora,Theesan Vithushan,440,1010,41,40,96,61,9.09,229.55,24.63
Shreyas Iyer,Maheesh Theekshana,2958,5725,85,321,392,313,10.85,193.54,67.35
Shreyas Iyer,Ottneil Baartman,2246,4190,147,230,273,238,10.24,186.55,28.5
David Miller,Ottneil Baartman,1213,1768,131,273,123,92,22.51,145.75,13.5
Ramandeep Singh,Ottneil Baartman,537,788,97,72,64,34,13.41,146.74,8.12
Ashwin Das,Ottneil Baartman,426,437,87,151,29,27,35.45,102.58,5.02
Washington Sundar,Maheesh Theekshana,712,1174,33,99,78,49,13.9,164.89,35.58
Ashwin Das,Maheesh Theekshana,519,787,31,175,41,61,33.72,151.64,25.39
Isitha Wijesundara,Maheesh Theekshana,170,180,26,63,11,9,37.06,105.88,6.92
Washington Sundar,Mohsin Khan,984,1583,124,138,106,82,14.02,160.87,12.77
Raj Limbani,Mohsin Khan,188,183,32,27,3,2,14.36,97.34,5.72
Avinov Choudhary,Mohsin Khan,113,113,18,14,0,1,12.39,100.0,6.28
Ruturaj Gaikwad,Avinov Choudhary,7331,9526,108,375,170,62,5.12,129.94,88.2
Ruturaj Gaikwad,Ashwin Das,4848,9192,160,634,614,534,13.08,189.6,57.45
Karan Lal,Isitha Wijesundara,2701,5859,164,213,422,374,7.89,216.92,35.73
Karan Lal,Washington Sundar,2947,7054,194,44,528,465,1.49,239.36,36.36
Karan Lal,Ashwin Das,2697,5567,268,197,386,359,7.3,206.41,20.77
Heinrich Klaasen,Washington Sundar,3714,6894,305,591,525,407,15.91,185.62,22.6
Kamil Mishara,Jasprit Bumrah,3238,4613,73,279,153,119,8.62,142.46,63.19
Kamil Mishara,Jai Moondra,3082,4876,68,160,187,161,5.19,158.21,71.71
Lahiru Udara,Jasprit Bumrah,490,645,37,79,35,20,16.12,131.63,17.43
Sai Sudharsan,Dian Forrester,5550,12733,166,316,912,808,5.69,229.42,76.7
Sai Sudharsan,Ismat Alam,1850,3515,85,265,263,202,14.32,190.0,41.35
Avesh Khan,Dian Forrester,142,154,16,18,1,2,12.68,108.45,9.62
Mohammed Siraj,Jasprit Bumrah,153,97,33,55,2,2,35.95,63.4,2.94
Avesh Khan,Jai Moondra,72,92,7,6,0,3,8.33,127.78,13.14
Mohammed Siraj,Jai Moondra,88,92,9,14,2,0,15.91,104.55,10.22
Abhishek Sharma,Avesh Khan,2497,3933,70,91,161,114,3.64,157.51,56.19
Devdutt Padikkal,Axar Patel,1985,4275,97,189,314,272,9.52,215.37,44.07
Devdutt Padikkal,Mitchell Marsh,2684,5474,132,339,414,330,12.63,203.95,41.47
Washington Sundar,Binura Fernando,444,687,56,60,44,31,13.51,154.73,12.27
Washington Sundar,Lasith Embuldeniya,742,1045,54,187,69,48,25.2,140.84,19.35
Isitha Wijesundara,Lasith Embuldeniya,428,380,44,142,7,8,33.18,88.79,8.64
Rishabh Pant,Raj Limbani,1957,2440,54,140,40,12,7.15,124.68,45.19
Sanvir Singh,Washington Sundar,1963,4032,222,161,309,259,8.2,205.4,18.16
Axar Patel,Isitha Wijesundara,783,1270,62,168,78,80,21.46,162.2,20.48
Arpit Vasavada,Isitha Wijesundara,876,1252,47,232,94,54,26.48,142.92,26.64
Arpit Vasavada,Ashwin Das,594,731,56,171,43,37,28.79,123.06,13.05
Axar Patel,Ashwin Das,799,1130,104,173,83,58,21.65,141.43,10.87
Akeal Hosein,Ashwin Das,136,86,44,37,2,2,27.21,63.24,1.95
Lasith Embuldeniya,Ashwin Das,179,147,17,48,1,0,26.82,82.12,8.65
Binura Fernando,Raj Limbani,131,137,16,16,1,1,12.21,104.58,8.56
Karun Nair,Rashid Khan,5261,6812,147,837,236,167,15.91,129.48,46.34
Raj Angad Bawa,Shiran Fernando,676,814,94,193,53,39,28.55,120.41,8.66
Christopher Britz,Calvin Harrison,1447,2415,70,376,177,138,25.98,166.9,34.5
Raj Angad Bawa,Calvin Harrison,780,1406,127,137,112,94,17.56,180.26,11.07
Atit Sheth,Prince Yadav,375,518,41,71,25,28,18.93,138.13,12.63
Jasprit Bumrah,Prince Yadav,238,230,36,40,5,1,16.81,96.64,6.39
Arzan Nagwaswalla,Gangam Anikethreddy,286,316,29,32,3,2,11.19,110.49,10.9
Tilak Varma,Praveen Jayawickrama,543,634,44,141,39,20,25.97,116.76,14.41
Jasprit Bumrah,Shahbaz Ahmed,192,205,25,25,2,3,13.02,106.77,8.2
Jasprit Bumrah,Saransh Jain,273,266,30,55,7,2,20.15,97.44,8.87
Jasprit Bumrah,Shiran Fernando,290,319,30,48,7,4,16.55,110.0,10.63
Jasprit Bumrah,Gangam Anikethreddy,467,474,48,73,8,4,15.63,101.5,9.88
Abhishek Sharma,Mayank Yadav,3437,5236,75,185,174,140,5.38,152.34,69.81
Deepak Hooda,Mayank Yadav,2982,3495,132,431,65,50,14.45,117.2,26.48
Abhishek Sharma,Mohamed Shiraz,3218,4588,104,257,159,99,7.99,142.57,44.12
Deepak Hooda,Mohamed Shiraz,2789,3186,142,473,65,43,16.96,114.23,22.44
Abhishek Sharma,Umesh Yadav,3300,5092,72,166,165,145,5.03,154.3,70.72
Deepak Hooda,Umesh Yadav,2929,3488,91,460,83,44,15.71,119.09,38.33
Christopher Britz,Umesh Yadav,2271,2415,37,833,109,78,36.68,106.34,65.27
Christopher Britz,Mohamed Shiraz,2284,2197,47,925,97,68,40.5,96.19,46.74
Christopher Britz,Mayank Yadav,2270,2628,31,799,131,93,35.2,115.77,84.77
Abhishek Sharma,Craig Overton,848,1991,33,48,156,127,5.66,234.79,60.33
Glenn Phillips,Craig Overton,1380,2407,49,291,162,142,21.09,174.42,49.12
Lalit Yadav,Craig Overton,1182,2407,60,153,177,148,12.94,203.64,40.12
Sdnv Prasad,Craig Overton,787,1411,29,163,112,78,20.71,179.29,48.66
Lalit Yadav,Mridul Surroch,3668,7534,156,368,575,433,10.03,205.4,48.29
Ismat Alam,Craig Overton,197,270,40,54,27,14,27.41,137.06,6.75
Sdnv Prasad,Umesh Yadav,246,482,12,38,40,25,15.45,195.93,40.17
Ismat Alam,Umesh Yadav,51,85,16,6,5,7,11.76,166.67,5.31
Ayush Mhatre,Jai Moondra,3583,5602,61,231,212,169,6.45,156.35,91.84
Yash Dhull,Jai Moondra,3201,4260,83,463,135,95,14.46,133.08,51.33
Yash Dhull,Jasprit Bumrah,3193,3800,113,529,92,61,16.57,119.01,33.63
Mukul Choudhary,Jai Moondra,1483,2451,56,144,110,111,9.71,165.27,43.77
Mukul Choudhary,Arzan Nagwaswalla,7392,10428,303,1309,461,412,17.71,141.07,34.42
Ashton Turner,Jasprit Bumrah,556,616,63,123,19,27,22.12,110.79,9.78
Mridul Surroch,Jai Moondra,370,677,23,54,47,39,14.59,182.97,29.43
Ashton Turner,Jai Moondra,485,655,29,91,35,26,18.76,135.05,22.59
Sairaj Patil,Jasprit Bumrah,239,444,22,38,35,24,15.9,185.77,20.18
Mridul Surroch,Arzan Nagwaswalla,2972,4333,237,638,251,224,21.47,145.79,18.28
Sairaj Patil,Arzan Nagwaswalla,180,253,26,24,11,15,13.33,140.56,9.73
Mridul Surroch,Dian Forrester,4703,10320,153,383,753,632,8.14,219.43,67.45
Sairaj Patil,Dian Forrester,1157,2370,89,104,173,150,8.99,204.84,26.63
Mridul Surroch,Ismat Alam,1685,3047,146,266,233,176,15.79,180.83,20.87
Yuvraj Chaudhary,Ismat Alam,943,1300,65,251,69,70,26.62,137.86,20.0
Sairaj Patil,Ismat Alam,1171,2081,110,170,145,126,14.52,177.71,18.92
Craig Overton,Ismat Alam,435,413,89,179,28,23,41.15,94.94,4.64
Mayank Yadav,Ismat Alam,212,102,65,77,4,1,36.32,48.11,1.57
Umesh Yadav,Dian Forrester,283,268,51,39,5,1,13.78,94.7,5.25
Umesh Yadav,Ismat Alam,288,264,45,53,2,2,18.4,91.67,5.87
Umesh Yadav,Arzan Nagwaswalla,89,83,15,9,0,0,10.11,93.26,5.53
Mohamed Shiraz,Arzan Nagwaswalla,91,110,7,11,2,0,12.09,120.88,15.71
Mukul Choudhary,Raj Limbani,2140,3094,89,156,133,67,7.29,144.58,34.76
Mukul Choudhary,Avinov Choudhary,2055,2979,77,106,111,51,5.16,144.96,38.69
Beau Webster,Raj Limbani,612,1139,81,110,102,62,17.97,186.11,14.06
Devdutt Padikkal,Beau Webster,1965,4281,141,149,308,282,7.58,217.86,30.36
Prabhsimran Singh,Beau Webster,1725,3955,115,57,270,260,3.3,229.28,34.39
Prabhsimran Singh,Mridul Surroch,4664,10107,271,251,722,616,5.38,216.7,37.3
Shreyas Iyer,Beau Webster,2836,6099,159,238,469,374,8.39,215.06,38.36
David Miller,Beau Webster,1880,3757,165,234,310,225,12.45,199.84,22.77
Ramandeep Singh,Beau Webster,1122,2338,134,98,182,154,8.73,208.38,17.45
Ashwin Das,Beau Webster,999,1555,97,254,111,91,25.43,155.66,16.03
Ashwin Das,Akash Vasisht,877,1159,113,239,78,59,27.25,132.16,10.26
Washington Sundar,Akash Vasisht,1726,2837,186,261,205,140,15.12,164.37,15.25
Washington Sundar,Beau Webster,821,1466,51,109,96,81,13.28,178.56,28.75
Washington Sundar,Lungi Ngidi,322,491,20,70,30,24,21.74,152.48,24.55
Ramandeep Singh,Lungi Ngidi,311,650,34,33,59,37,10.61,209.0,19.12
Isitha Wijesundara,Lungi Ngidi,106,80,21,44,3,5,41.51,75.47,3.81
Washington Sundar,Mukesh Kumar,315,610,23,28,40,36,8.89,193.65,26.52
James Rew,Theesan Vithushan,2107,3289,58,235,153,119,11.15,156.1,56.71
Jitesh Sharma,Duvindu Tillakaratne,198,331,15,45,27,19,22.73,167.17,22.07
Jitesh Sharma,Washington Sundar,2712,4752,252,421,344,270,15.52,175.22,18.86
David Miller,Hardik Pandya,3584,6502,234,636,495,381,17.75,181.42,27.79
Manav Suthar,Tripuresh Singh,138,76,52,47,5,2,34.06,55.07,1.46
Theesan Vithushan,Tripuresh Singh,135,74,39,64,6,3,47.41,54.81,1.9
Bhuvneshwar Kumar,Tripuresh Singh,165,144,26,26,1,0,15.76,87.27,5.54
Karan Shinde,Mohammed Shami,636,1130,21,99,63,68,15.57,177.67,53.81
Arpit Vasavada,Mitchell Starc,489,660,53,58,28,23,11.86,134.97,12.45
Akeal Hosein,Mitchell Starc,199,217,56,31,10,10,15.58,109.05,3.88
Akeal Hosein,Adam Zampa,210,194,62,44,16,5,20.95,92.38,3.13
Dushan Hemantha,Adam Zampa,254,213,66,60,8,7,23.62,83.86,3.23
Lasith Embuldeniya,Adam Zampa,530,506,56,87,2,2,16.42,95.47,9.04
Ruchit Ahir,Yuzvendra Chahal,1920,2416,26,109,37,6,5.68,125.83,92.92
Ruchit Ahir,Harpreet Brar,1829,2396,25,89,50,10,4.87,131.0,95.84
Ishan Kishan,Yuzvendra Chahal,1589,2813,56,85,156,118,5.35,177.03,50.23
Heinrich Klaasen,Ravindra Jadeja,1897,2465,125,561,152,122,29.57,129.94,19.72
Matthew Forde,Seekkuge Prasanna,788,618,270,230,41,33,29.19,78.43,2.29
Akash Deep,Vishen Halambage,757,524,224,242,29,19,31.97,69.22,2.34
Mohsin Khan,Vishen Halambage,638,292,199,234,9,3,36.68,45.77,1.47
Yash Thakur,Vishen Halambage,1047,944,150,185,7,5,17.67,90.16,6.29
Vidwath Kaverappa,Ravindra Jadeja,827,875,69,110,5,5,13.3,105.8,12.68
Vidwath Kaverappa,Vishen Halambage,818,863,71,93,5,2,11.37,105.5,12.15
James Rew,Akash Deep,2409,3986,123,405,234,202,16.81,165.46,32.41
James Rew,Yash Thakur,2400,3873,141,384,234,185,16.0,161.38,27.47
Rajat Patidar,Yash Thakur,1551,2947,123,156,209,169,10.06,190.01,23.96
Aneurin Donald,Mohsin Khan,1282,2684,67,179,187,184,13.96,209.36,40.06
Venkatesh Iyer,Jasprit Bumrah,10383,14235,214,1100,432,317,10.59,137.1,66.52
David Warner,Jasprit Bumrah,11076,14795,217,1435,454,325,12.96,133.58,68.18
David Warner,Arzan Nagwaswalla,10776,14141,219,1404,411,300,13.03,131.23,64.57
Venkatesh Iyer,Arzan Nagwaswalla,10155,12825,294,1313,358,234,12.93,126.29,43.62
David Warner,Praveen Jayawickrama,6274,7953,157,1050,266,190,16.74,126.76,50.66
Kartik Sharma,Praveen Jayawickrama,3096,3959,91,764,186,146,24.68,127.87,43.51
Matt Short,Jasprit Bumrah,1242,1817,91,255,105,91,20.53,146.3,19.97
Matt Short,Praveen Jayawickrama,1060,1243,59,329,58,58,31.04,117.26,21.07
Matt Short,Arzan Nagwaswalla,1274,1828,89,304,105,93,23.86,143.49,20.54
Sanvir Singh,Arzan Nagwaswalla,769,1123,131,122,89,52,15.86,146.03,8.57
Sanvir Singh,Praveen Jayawickrama,387,495,64,63,21,28,16.28,127.91,7.73
Sanvir Singh,Dian Forrester,1508,3489,107,50,282,214,3.32,231.37,32.61
Matt Short,Dian Forrester,4284,8519,192,578,671,486,13.49,198.86,44.37
Sanvir Singh,Rachin Ravindra,1572,2301,360,191,176,125,12.15,146.37,6.39
Matt Short,Rachin Ravindra,2988,4351,291,681,337,207,22.79,145.62,14.95
Rinku Singh,Dian Forrester,2008,3983,73,216,304,211,10.76,198.36,54.56
Rinku Singh,Rachin Ravindra,2078,3420,227,338,233,186,16.27,164.58,15.07
Arpit Vasavada,Dian Forrester,1355,2178,74,276,162,100,20.37,160.74,29.43
Arpit Vasavada,Rachin Ravindra,1300,1539,155,355,103,62,27.31,118.38,9.93
Akeal Hosein,Dian Forrester,399,391,123,100,27,20,25.06,97.99,3.18
Akeal Hosein,Rachin Ravindra,445,347,143,129,28,12,28.99,77.98,2.43
Dushan Hemantha,Rachin Ravindra,327,255,105,93,16,12,28.44,77.98,2.43
Lasith Embuldeniya,Arzan Nagwaswalla,345,337,42,62,2,5,17.97,97.68,8.02
Mohammed Shami,Arzan Nagwaswalla,148,121,27,30,3,0,20.27,81.76,4.48
Mohammed Shami,Praveen Jayawickrama,173,183,12,29,2,0,16.76,105.78,15.25
Dushan Hemantha,Praveen Jayawickrama,127,101,33,37,5,4,29.13,79.53,3.06
Sdnv Prasad,Mohammed Shami,7388,10951,152,818,448,334,11.07,148.23,72.05
Deepak Hooda,Mohammed Shami,8104,9863,299,1233,245,169,15.21,121.71,32.99
Sdnv Prasad,Lasith Embuldeniya,6663,8285,98,1331,298,206,19.98,124.34,84.54
Deepak Hooda,Lasith Embuldeniya,5005,5694,169,1160,164,112,23.18,113.77,33.69
Deepak Hooda,Akeal Hosein,4816,6048,159,882,194,155,18.31,125.58,38.04
Sdnv Prasad,Akeal Hosein,6781,9578,119,1121,397,326,16.53,141.25,80.49
Sdnv Prasad,Dushan Hemantha,6632,9247,130,1100,373,303,16.59,139.43,71.13
Deepak Hooda,Dushan Hemantha,4818,5485,243,1043,160,119,21.65,113.84,22.57
Christopher Britz,Dushan Hemantha,4526,4141,113,2037,184,152,45.01,91.49,36.65
Liam Livingstone,Sonny Baker,3441,4340,74,183,61,15,5.32,126.13,58.65
Sai Sudharsan,Ashok Sharma,1146,2030,103,155,151,116,13.53,177.14,19.71
Jos Buttler,Kranthi Kumar,903,1141,100,289,86,60,32.0,126.36,11.41
Jos Buttler,Corbin Bosch,835,1380,78,185,88,89,22.16,165.27,17.69
Nitish Rana,Nitish Kumar Reddy,513,773,53,89,51,36,17.35,150.68,14.58
Nitish Rana,Cameron Green,464,842,34,77,61,49,16.59,181.47,24.76
Kunal Chandela,Cameron Green,391,713,10,44,49,35,11.25,182.35,71.3
Kunal Chandela,Nitish Kumar Reddy,504,802,27,92,53,40,18.25,159.13,29.7
Kunal Chandela,Ashok Sharma,632,1056,45,103,62,59,16.3,167.09,23.47
Jaydev Unadkat,Ashok Sharma,204,166,65,53,7,7,25.98,81.37,2.55
Prasidh Krishna,Kranthi Kumar,209,140,61,78,6,7,37.32,66.99,2.3
Mohammed Siraj,Kranthi Kumar,283,245,48,56,2,1,19.79,86.57,5.1
Avesh Khan,Kranthi Kumar,181,199,12,24,4,0,13.26,109.94,16.58
Cameron Green,Mohammed Siraj,545,825,42,130,49,49,23.85,151.38,19.64
Dega Nischal,Athisayaraj Davidson,6256,9292,172,551,359,282,8.81,148.53,54.02
Yashasvi Jaiswal,Athisayaraj Davidson,6292,9338,164,563,361,284,8.95,148.41,56.94
Dega Nischal,Noor Ahmad,5904,9839,133,375,460,370,6.35,166.65,73.98
Yashasvi Jaiswal,Noor Ahmad,5963,9827,131,449,447,372,7.53,164.8,75.02
Ryan Rickelton,Athisayaraj Davidson,3563,5705,153,488,317,247,13.7,160.12,37.29
Ryan Rickelton,Noor Ahmad,3816,7290,96,396,431,407,10.38,191.04,75.94
Ryan Rickelton,Raj Angad Bawa,1187,2619,63,123,207,167,10.36,220.64,41.57
Yashasvi Jaiswal,Raj Angad Bawa,879,1897,51,64,149,110,7.28,215.81,37.2
Ryan Rickelton,Atit Sheth,1280,2664,127,108,221,156,8.44,208.12,20.98
Yashasvi Jaiswal,Atit Sheth,954,2145,77,62,151,148,6.5,224.84,27.86
Sahan Arachchige,Atit Sheth,383,529,113,35,37,30,9.14,138.12,4.68
Abhimanyu Easwaran,Atit Sheth,1531,2897,185,147,239,154,9.6,189.22,15.66
Abhimanyu Easwaran,Athisayaraj Davidson,1280,1922,75,235,128,90,18.36,150.16,25.63
Abhimanyu Easwaran,Raj Angad Bawa,1493,3128,78,164,256,178,10.98,209.51,40.1
Christopher Britz,Chamika Gunasekara,10874,12344,225,3015,442,317,27.73,113.52,54.86
Karun Nair,Chamika Gunasekara,5875,7443,180,779,192,139,13.26,126.69,41.35
Karun Nair,Josh Tongue,5773,6963,198,833,163,110,14.43,120.61,35.17
Christopher Britz,Josh Tongue,11043,11792,263,3293,355,270,29.82,106.78,44.84
Karun Nair,Varun Chakravarthy,5142,6263,194,913,191,139,17.76,121.8,32.28
Karun Nair,Kuldeep Yadav,4315,5240,230,866,197,154,20.07,121.44,22.78
Glenn Phillips,Kuldeep Yadav,4569,7623,317,732,439,436,16.02,166.84,24.05
Glenn Phillips,Josh Tongue,4125,6247,261,737,362,294,17.87,151.44,23.93
Abhishek Sharma,Sahan Arachchige,2855,5257,418,405,467,302,14.19,184.13,12.58
Glenn Phillips,Chamika Gunasekara,4003,6602,157,589,359,327,14.71,164.93,42.05
Raj Angad Bawa,Chamika Gunasekara,786,1146,92,181,78,62,23.03,145.8,12.46
Raj Angad Bawa,Kuldeep Yadav,1122,1438,131,321,94,73,28.61,128.16,10.98
Prabhsimran Singh,Sonny Baker,3166,3995,81,143,64,7,4.52,126.18,49.32
Virat Kohli,Sonny Baker,3397,4301,82,159,64,16,4.68,126.61,52.45
Prabhsimran Singh,Cameron Green,827,1822,47,43,119,122,5.2,220.31,38.77
Virat Kohli,Cameron Green,827,1921,28,14,134,116,1.69,232.29,68.61
Virat Kohli,Kranthi Kumar,755,1157,71,164,75,66,21.72,153.25,16.3
Prabhsimran Singh,Kranthi Kumar,720,814,70,238,44,45,33.06,113.06,11.63
Devdutt Padikkal,Kranthi Kumar,906,928,119,307,61,42,33.89,102.43,7.8
Virat Kohli,Corbin Bosch,540,1005,72,44,63,67,8.15,186.11,13.96
Devdutt Padikkal,Corbin Bosch,712,1250,69,99,90,70,13.9,175.56,18.12
Devdutt Padikkal,Cameron Green,804,1591,51,75,95,102,9.33,197.89,31.2
Shreyas Iyer,Kranthi Kumar,1306,1943,82,313,131,102,23.97,148.77,23.7
Shreyas Iyer,Nitish Kumar Reddy,1044,2099,54,93,161,119,8.91,201.05,38.87
Devdutt Padikkal,Nitish Kumar Reddy,839,1440,63,123,97,79,14.66,171.63,22.86
Shreyas Iyer,Ashok Sharma,1095,2086,86,109,139,121,9.95,190.5,24.26
Devdutt Padikkal,Ashok Sharma,888,1738,65,98,139,98,11.04,195.72,26.74
Shreyas Iyer,Corbin Bosch,1066,1929,73,162,136,111,15.2,180.96,26.42
David Miller,Corbin Bosch,744,1000,81,189,67,53,25.4,134.41,12.35
David Miller,Cameron Green,750,1353,38,129,92,81,17.2,180.4,35.61
David Miller,Kranthi Kumar,829,1101,101,221,80,57,26.66,132.81,10.9
Will Jacks,Kranthi Kumar,696,1003,72,157,72,50,22.56,144.11,13.93
Will Jacks,Corbin Bosch,740,1161,79,152,75,68,20.54,156.89,14.7
Washington Sundar,Kranthi Kumar,483,635,73,119,34,39,24.64,131.47,8.7
Washington Sundar,Sonny Baker,253,402,30,20,28,14,7.91,158.89,13.4
Will Jacks,Sonny Baker,249,417,23,22,27,17,8.84,167.47,18.13
Washington Sundar,Anshul Kamboj,520,786,61,56,40,36,10.77,151.15,12.89
Manav Suthar,Anshul Kamboj,91,72,25,17,0,2,18.68,79.12,2.88
Theesan Vithushan,Anshul Kamboj,117,74,27,42,1,2,35.9,63.25,2.74
Tim Seifert,Manav Suthar,3241,5156,72,268,222,187,8.27,159.09,71.61
Smaran Ravichandra,Manav Suthar,3625,5868,45,344,263,217,9.49,161.88,130.4
Tim Seifert,Bhuvneshwar Kumar,3507,4736,120,391,142,111,11.15,135.04,39.47
Smaran Ravichandra,Bhuvneshwar Kumar,3757,5158,99,483,154,145,12.86,137.29,52.1
Rahul Tripathi,Manav Suthar,1399,2106,55,261,117,93,18.66,150.54,38.29
Rahul Tripathi,Bhuvneshwar Kumar,1383,1615,96,329,69,57,23.79,116.78,16.82
Rahul Tripathi,Duvindu Tillakaratne,1501,2568,32,293,171,136,19.52,171.09,80.25
Smaran Ravichandra,Duvindu Tillakaratne,3266,5696,50,386,310,262,11.82,174.4,113.92
Ankit Kumar,Manav Suthar,607,1266,38,54,89,80,8.9,208.57,33.32
Ankit Kumar,Bhuvneshwar Kumar,550,863,66,81,52,45,14.73,156.91,13.08
Cameron Green,Bhuvneshwar Kumar,357,501,35,86,25,31,24.09,140.34,14.31
Nitish Kumar Reddy,Bhuvneshwar Kumar,189,304,28,43,26,18,22.75,160.85,10.86
Nitish Kumar Reddy,Duvindu Tillakaratne,272,540,15,48,40,34,17.65,198.53,36.0
Nitish Kumar Reddy,Manav Suthar,204,387,22,32,29,25,15.69,189.71,17.59
Nitish Kumar Reddy,Will Jacks,386,881,23,39,76,54,10.1,228.24,38.3
Nitish Kumar Reddy,Washington Sundar,404,987,24,35,85,66,8.66,244.31,41.12
Kranthi Kumar,Will Jacks,299,655,14,17,57,34,5.69,219.06,46.79
Kranthi Kumar,Washington Sundar,308,658,15,27,56,34,8.77,213.64,43.87
Kranthi Kumar,Duvindu Tillakaratne,176,320,3,35,21,19,19.89,181.82,106.67
Jos Buttler,Rashid Khan,7980,11132,262,1184,415,354,14.84,139.5,42.49
Salil Arora,Saransh Jain,1623,3151,164,211,253,188,13.0,194.15,19.21
Liam Livingstone,Shahbaz Ahmed,823,1640,59,133,134,100,16.16,199.27,27.8
Kusal Mendis,Mitchell Santner,3389,6184,182,479,423,363,14.13,182.47,33.98
Kusal Mendis,Liam Livingstone,3591,6832,200,436,460,409,12.14,190.25,34.16
Virat Singh,CV Stephen,789,1373,35,69,84,59,8.75,174.02,39.23
Virat Singh,Malinda Pushpakumara,816,1328,49,74,75,49,9.07,162.75,27.1
Abhishek Sharma,Sunil Narine,3242,5992,264,549,443,381,16.93,184.82,22.7
Raj Angad Bawa,Liam Livingstone,1143,1807,103,279,147,94,24.41,158.09,17.54
Jos Buttler,Noor Ahmad,885,1601,42,167,106,99,18.87,180.9,38.12
Rahul Tripathi,Dian Forrester,3876,8030,157,429,548,503,11.07,207.17,51.15
Smaran Ravichandra,Dian Forrester,4898,11004,138,276,843,635,5.63,224.66,79.74
Rahul Tripathi,Rachin Ravindra,2523,4109,293,479,292,243,18.99,162.86,14.02
Ankit Kumar,Rachin Ravindra,2072,3330,377,279,219,210,13.47,160.71,8.83
Rohit Sharma,Rachin Ravindra,2917,4974,387,448,357,313,15.36,170.52,12.85
Smaran Ravichandra,Rachin Ravindra,3228,6444,169,492,442,425,15.24,199.63,38.13
Rohit Sharma,Dian Forrester,2802,6242,115,177,493,366,6.32,222.77,54.28
Harsh Dubey,Rachin Ravindra,449,388,137,141,23,20,31.4,86.41,2.83
Ravi Bishnoi,Rachin Ravindra,525,446,82,145,6,4,27.62,84.95,5.44
Nishan Peiris,Rachin Ravindra,357,347,34,52,1,0,14.57,97.2,10.21
Sdnv Prasad,Krunal Pandya,3482,6618,102,565,473,382,16.23,190.06,64.88
Christopher Britz,Krunal Pandya,7247,10554,239,2415,792,565,33.32,145.63,44.16
Sdnv Prasad,Prashant Veer,3371,5998,139,671,446,342,19.91,177.93,43.15
Christopher Britz,Prashant Veer,4372,5004,168,1962,361,269,44.88,114.46,29.79
Sdnv Prasad,Donovan Ferreira,2798,5556,74,402,381,348,14.37,198.57,75.08
Christopher Britz,Donovan Ferreira,6131,7278,142,2666,512,383,43.48,118.71,51.25
Kartik Sharma,Ravindra Jadeja,4032,7161,121,795,506,415,19.72,177.6,59.18
Akeal Hosein,Harpreet Brar,394,359,119,93,27,12,23.6,91.12,3.02
Dushan Hemantha,Yuzvendra Chahal,293,290,60,59,9,10,20.14,98.98,4.83
Rajat Patidar,Dushan Hemantha,1588,2534,102,282,174,130,17.76,159.57,24.84
Rajat Patidar,Mohammed Shami,1339,2418,92,141,153,136,10.53,180.58,26.28
Harry Brook,Scott Curie,1720,2560,34,78,95,51,4.53,148.84,75.29
Tilak Varma,Shubham Agarwal,1207,1910,110,244,140,102,20.22,158.24,17.36
Shahbaz Ahmed,Shubham Agarwal,743,1163,80,169,76,68,22.75,156.53,14.54
Shahbaz Ahmed,Isitha Wijesundara,514,920,20,94,57,54,18.29,178.99,46.0
Rashid Khan,Scott Curie,199,201,63,47,15,10,23.62,101.01,3.19
Gangam Anikethreddy,Scott Curie,147,102,52,45,6,5,30.61,69.39,1.96
Shiran Fernando,Theesan Vithushan,199,216,18,22,2,2,11.06,108.54,12.0
Chris Lynn,Shiran Fernando,592,1019,69,93,77,56,15.71,172.13,14.77
Christopher Britz,Will Jacks,5687,6785,165,2408,528,326,42.34,119.31,41.12
Glenn Phillips,Scott Curie,764,1539,53,80,137,73,10.47,201.44,29.04
Glenn Phillips,Theesan Vithushan,1582,3108,44,203,195,190,12.83,196.46,70.64
Lalit Yadav,Theesan Vithushan,1059,2169,38,98,153,126,9.25,204.82,57.08
Chris Lynn,Arzan Nagwaswalla,712,988,82,181,58,55,25.42,138.76,12.05
Tim Seifert,Dushan Hemantha,5557,8220,184,605,336,275,10.89,147.92,44.67
Prashant Veer,Mohammed Shami,308,487,38,44,29,27,14.29,158.12,12.82
Harsh Dubey,Mohammed Shami,100,63,35,32,2,4,32.0,63.0,1.8
Ravi Bishnoi,Mohammed Shami,147,151,15,31,2,1,21.09,102.72,10.07
Nishan Peiris,Mohammed Shami,104,129,6,13,2,2,12.5,124.04,21.5
Glenn Phillips,Umesh Yadav,672,1152,23,136,91,57,20.24,171.43,50.09
Glenn Phillips,Mayank Yadav,598,1093,22,81,71,58,13.55,182.78,49.68
Glenn Phillips,Mohamed Shiraz,771,1191,34,199,83,63,25.81,154.47,35.03
Abhishek Sharma,Mridul Surroch,3996,8760,363,217,648,564,5.43,219.22,24.13
Glenn Phillips,Mridul Surroch,6545,13073,351,870,958,802,13.29,199.74,37.25
Ismat Alam,Mridul Surroch,129,198,22,27,21,8,20.93,153.49,9.0
Ismat Alam,Mohamed Shiraz,47,40,16,12,6,0,25.53,85.11,2.5
Sdnv Prasad,Mohamed Shiraz,241,446,14,46,29,29,19.09,185.06,31.86
Dian Forrester,Mohamed Shiraz,180,327,8,29,24,18,16.11,181.67,40.88
Yash Dhull,Arzan Nagwaswalla,3153,3672,117,611,93,66,19.38,116.46,31.38
Mukul Choudhary,Dian Forrester,4355,9704,166,233,686,597,5.35,222.82,58.46
Ayush Mhatre,Dian Forrester,4325,10526,104,147,808,669,3.4,243.38,101.21
Mukul Choudhary,Ismat Alam,1588,2986,128,209,213,181,13.16,188.04,23.33
Ayush Mhatre,Ismat Alam,1631,3367,99,206,243,216,12.63,206.44,34.01
Ashton Turner,Dian Forrester,1053,1461,112,201,97,69,19.09,138.75,13.04
Ashton Turner,Ismat Alam,1007,1192,133,249,68,62,24.73,118.37,8.96
Heinrich Klaasen,Donovan Ferreira,2422,4123,165,488,288,236,20.15,170.23,24.99
Donovan Ferreira,Mohsin Khan,1542,2739,201,209,211,159,13.55,177.63,13.63
Donovan Ferreira,Akash Deep,753,1352,103,83,108,74,11.02,179.55,13.13
Donovan Ferreira,Yash Thakur,886,1641,142,84,119,101,9.48,185.21,11.56
Kartik Sharma,Mohammed Siraj,1951,3260,83,354,200,177,18.14,167.09,39.28
Rinku Singh,Prasidh Krishna,703,1311,68,92,95,81,13.09,186.49,19.28
Kartik Sharma,Prasidh Krishna,1935,3641,56,254,214,213,13.13,188.17,65.02
Vaibhav Suryavanshi,Axar Patel,2117,5007,84,54,363,322,2.55,236.51,59.61
Vaibhav Suryavanshi,Mitchell Marsh,1716,4020,77,98,301,262,5.71,234.27,52.21
Prasidh Krishna,Akeal Hosein,140,151,14,23,3,1,16.43,107.86,10.79
Prasidh Krishna,Lasith Embuldeniya,148,152,16,22,0,1,14.86,102.7,9.5
Rishabh Pant,Ashwin Das,2332,2812,285,728,174,157,31.22,120.58,9.87
Arpit Vasavada,Raj Limbani,668,838,57,178,61,26,26.65,125.45,14.7
Sanvir Singh,Avinov Choudhary,355,705,77,21,57,46,5.92,198.59,9.16
Akeal Hosein,Avinov Choudhary,203,138,90,45,7,7,22.17,67.98,1.53
Arpit Vasavada,Avinov Choudhary,641,675,64,214,34,30,33.39,105.3,10.55
Finn Allen,Mohsin Khan,5672,8798,236,298,350,278,5.25,155.11,37.28
Kumar Kushagra,Mohsin Khan,3591,5156,174,777,272,237,21.64,143.58,29.63
Kumar Kushagra,Maheesh Theekshana,3494,6098,93,481,365,303,13.77,174.53,65.57
Finn Allen,Maheesh Theekshana,5384,9547,126,177,435,386,3.29,177.32,75.77
Kumar Kushagra,Shivam Mavi,3483,5441,102,606,307,244,17.4,156.22,53.34
Finn Allen,Shivam Mavi,5828,9648,142,244,407,332,4.19,165.55,67.94
Finn Allen,Ottneil Baartman,5612,8796,237,258,355,264,4.6,156.74,37.11
Kumar Kushagra,Ottneil Baartman,3456,5267,254,524,288,232,15.16,152.4,20.74
Krunal Pandya,Maheesh Theekshana,2134,3297,79,488,196,183,22.87,154.5,41.73
Krunal Pandya,Shivam Mavi,1888,2899,76,409,159,156,21.66,153.55,38.14
Krunal Pandya,Ottneil Baartman,2116,3297,195,404,186,189,19.09,155.81,16.91
Naman Dhir,Ottneil Baartman,1175,1630,151,269,108,88,22.89,138.72,10.79
Naman Dhir,Mohsin Khan,1265,1835,121,342,133,105,27.04,145.06,15.17
Naman Dhir,Maheesh Theekshana,1379,2397,50,295,154,147,21.39,173.82,47.94
Donovan Ferreira,Ottneil Baartman,774,1246,118,112,78,78,14.47,160.98,10.56
Suryansh Shedge,Mohsin Khan,514,729,84,108,49,42,21.01,141.83,8.68
Suryansh Shedge,Ottneil Baartman,559,797,81,110,44,46,19.68,142.58,9.84
Harsh Dubey,Ottneil Baartman,205,141,76,57,9,6,27.8,68.78,1.86
Shubman Gill,Anshul Kamboj,10598,14802,285,695,408,288,6.56,139.67,51.94
Ruturaj Gaikwad,Anshul Kamboj,8552,12001,213,624,354,260,7.3,140.33,56.34
Shubman Gill,Kagiso Rabada,7113,10122,158,618,333,244,8.69,142.3,64.06
Ruturaj Gaikwad,Kagiso Rabada,7289,10499,132,604,342,261,8.29,144.04,79.54
Karan Lal,Donovan Ferreira,1028,2399,49,16,158,157,1.56,233.37,48.96
Karan Lal,Krunal Pandya,1174,2717,79,47,211,169,4.0,231.43,34.39
Ruturaj Gaikwad,Krunal Pandya,4782,9816,145,510,695,599,10.66,205.27,67.7
Ayush Mhatre,CV Stephen,7549,9791,114,471,193,72,6.24,129.7,85.89
Sanju Samson,CV Stephen,7039,9113,118,400,184,52,5.68,129.46,77.23
Sanju Samson,Malinda Pushpakumara,7049,9085,134,390,168,40,5.53,128.88,67.8
Ayush Mhatre,Malinda Pushpakumara,7238,9365,113,449,173,62,6.2,129.39,82.88
Ayush Mhatre,Sunil Narine,7211,12841,242,1635,933,782,22.67,178.08,53.06
Sanju Samson,Sunil Narine,6583,11555,251,1372,779,715,20.84,175.53,46.04
Sanju Samson,Mitchell Santner,6411,13077,264,754,930,807,11.76,203.98,49.53
Sanju Samson,Liam Livingstone,6113,13189,222,592,960,827,9.68,215.75,59.41
Mridul Surroch,CV Stephen,775,1542,51,71,114,80,9.16,198.97,30.24
Riyan Parag,CV Stephen,454,822,57,48,53,50,10.57,181.06,14.42
Riyan Parag,Malinda Pushpakumara,398,709,42,50,61,31,12.56,178.14,16.88
Vaibhav Suryavanshi,Mitchell Starc,7013,8935,125,382,136,41,5.45,127.41,71.48
Jos Buttler,Mitchell Starc,6691,8269,114,466,111,12,6.96,123.58,72.54
Jos Buttler,Adam Zampa,6699,8258,117,456,96,27,6.81,123.27,70.58
Vaibhav Suryavanshi,Adam Zampa,6965,8851,106,410,140,33,5.89,127.08,83.5
Vaibhav Suryavanshi,Sonal Dinusha,2681,6319,155,129,464,423,4.81,235.7,40.77
Jos Buttler,Sonal Dinusha,2022,4102,125,248,287,265,12.27,202.87,32.82
Sai Sudharsan,Sonal Dinusha,2509,4733,123,341,326,285,13.59,188.64,38.48
Vaibhav Suryavanshi,Riyan Parag,2483,5516,176,104,386,358,4.19,222.15,31.34
Yashvardhan Dalal,Riyan Parag,2682,4947,151,443,347,292,16.52,184.45,32.76
Salil Arora,Akash Vasisht,1469,2973,134,153,205,196,10.42,202.38,22.19
Salil Arora,Mridul Surroch,1351,2653,123,140,188,164,10.36,196.37,21.57
Salil Arora,Riyan Parag,1587,3155,191,144,241,197,9.07,198.8,16.52
Kunal Chandela,Akash Vasisht,2201,4042,151,357,317,226,16.22,183.64,26.77
Liam Livingstone,Akash Vasisht,2928,6106,224,193,450,364,6.59,208.54,27.26
Liam Livingstone,Sonal Dinusha,920,1681,94,133,125,97,14.46,182.72,17.88
Mitchell Santner,Akash Vasisht,1048,1610,96,256,113,87,24.43,153.63,16.77
Mitchell Santner,Sonal Dinusha,672,895,55,206,67,45,30.65,133.18,16.27
Sunil Narine,Sonal Dinusha,314,299,53,103,12,14,32.8,95.22,5.64
Sunil Narine,Riyan Parag,332,317,64,89,17,12,26.81,95.48,4.95
CV Stephen,Riyan Parag,287,284,40,53,5,4,18.47,98.95,7.1
Malinda Pushpakumara,Riyan Parag,150,154,14,25,2,1,16.67,102.67,11.0
Sunil Narine,Mitchell Starc,324,358,55,75,21,13,23.15,110.49,6.51
Malinda Pushpakumara,Mitchell Starc,281,318,17,31,4,0,11.03,113.17,18.71
Malinda Pushpakumara,Adam Zampa,286,315,23,41,3,6,14.34,110.14,13.7
Sunil Narine,Adam Zampa,328,320,55,83,16,8,25.3,97.56,5.82
Ankit Kumar,Praveen Jayawickrama,1163,1348,125,312,74,59,26.83,115.91,10.78
Tim Seifert,Rachin Ravindra,2501,5007,201,248,328,326,9.92,200.2,24.91
Christopher Britz,Ravi Bishnoi,3896,4231,84,1358,196,130,34.86,108.6,50.37
Glenn Phillips,Harsh Dubey,3519,5448,130,661,321,245,18.78,154.82,41.91
Glenn Phillips,Ravi Bishnoi,1010,1683,68,185,120,88,18.32,166.63,24.75
Glenn Phillips,Prashant Veer,2590,4258,222,581,328,240,22.43,164.4,19.18
Devdutt Padikkal,Mukesh Kumar,2804,4880,93,224,256,217,7.99,174.04,52.47
Shreyas Iyer,Mukesh Kumar,1186,2373,29,106,141,142,8.94,200.08,81.83
Ashwin Das,Rahul Chahar,281,483,33,44,35,27,15.66,171.89,14.64
Washington Sundar,Rahul Chahar,426,863,23,31,48,56,7.28,202.58,37.52
Akeal Hosein,Sonal Dinusha,359,274,118,95,19,8,26.46,76.32,2.32
Dushan Hemantha,Mitchell Starc,236,221,61,46,5,10,19.49,93.64,3.62
Lasith Embuldeniya,Mitchell Starc,541,537,61,86,8,4,15.9,99.26,8.8
Rinku Singh,Adam Zampa,382,709,34,34,43,39,8.9,185.6,20.85
Jitesh Sharma,Binura Fernando,1048,1314,113,210,61,58,20.04,125.38,11.63
Hardik Pandya,Binura Fernando,801,1282,71,111,87,62,13.86,160.05,18.06
Hardik Pandya,Axar Patel,1855,3758,116,208,263,241,11.21,202.59,32.4
Hardik Pandya,Mitchell Marsh,2458,4291,215,376,324,237,15.3,174.57,19.96
Bipin Saurabh,Axar Patel,1407,2642,97,185,208,146,13.15,187.78,27.24
Bipin Saurabh,Akeal Hosein,414,837,30,34,58,52,8.21,202.17,27.9
Bipin Saurabh,Binura Fernando,343,669,42,32,54,40,9.33,195.04,15.93
Rishabh Pant,Yuzvendra Chahal,2495,3390,181,364,139,125,14.59,135.87,18.73
Rishabh Pant,Harpreet Brar,2728,3088,224,524,94,75,19.21,113.2,13.79
Rishabh Pant,Hardik Pandya,1948,2926,181,473,193,172,24.28,150.21,16.17
Rishabh Pant,Seekkuge Prasanna,1569,1640,232,541,102,91,34.48,104.53,7.07
Axar Patel,Seekkuge Prasanna,1654,1978,251,379,129,84,22.91,119.59,7.88
Akeal Hosein,Yuzvendra Chahal,260,225,76,42,8,6,16.15,86.54,2.96
Heinrich Klaasen,Nathan Ellis,585,905,57,119,55,56,20.34,154.7,15.88
Marcus Stoinis,Tripuresh Singh,518,559,65,172,38,24,33.2,107.92,8.6
Gurinder Singh,Tripuresh Singh,154,76,54,57,5,2,37.01,49.35,1.41
Sai Kishore,Tripuresh Singh,198,145,40,81,7,7,40.91,73.23,3.62
Dunith Wellalage,Tripuresh Singh,292,285,25,81,12,8,27.74,97.6,11.4
Dunith Wellalage,Arshdeep Singh,345,409,30,89,22,14,25.8,118.55,13.63
Nimesh Vimukthi,Arshdeep Singh,214,237,15,35,4,2,16.36,110.75,15.8
Nimesh Vimukthi,Tripuresh Singh,221,231,9,45,1,2,20.36,104.52,25.67
Nimesh Vimukthi,Nathan Ellis,219,243,4,38,2,2,17.35,110.96,60.75
Joel Davies,Hardik Pandya,234,361,18,41,17,21,17.52,154.27,20.06
Nimesh Vimukthi,Hardik Pandya,503,548,28,83,8,5,16.5,108.95,19.57
Nimesh Vimukthi,Lance Morris,179,219,6,16,2,3,8.94,122.35,36.5
Mayank Agarwal,Joel Davies,863,1016,78,279,63,52,32.33,117.73,13.03
Kangabam Priyojit Singh,Nimesh Vimukthi,1384,2969,49,114,211,182,8.24,214.52,60.59
Sonu Yadav,Nimesh Vimukthi,255,466,11,41,31,27,16.08,182.75,42.36
Nathan Ellis,Joel Davies,36,32,6,7,1,0,19.44,88.89,5.33
Nathan Ellis,Maheesh Theekshana,100,111,6,11,1,1,11.0,111.0,18.5
Nishant Sindhu,Sahan Arachchige,271,525,37,23,47,27,8.49,193.73,14.19
Josh Tongue,Rashid Khan,206,137,54,65,3,5,31.55,66.5,2.54
KL Rahul,Maheesh Theekshana,10399,16783,140,487,671,534,4.68,161.39,119.88
Nishant Sindhu,Maheesh Theekshana,5543,8629,142,558,402,295,10.07,155.67,60.77
Virat Singh,Shivam Mavi,3465,6269,111,339,333,327,9.78,180.92,56.48
Shivam Dube,Shivam Mavi,1020,1912,56,138,128,112,13.53,187.45,34.14
Tilak Varma,Shivam Mavi,825,1509,30,135,106,86,16.36,182.91,50.3
Shubman Gill,Prince Yadav,10401,15530,252,860,573,459,8.27,149.31,61.63
Karan Lal,Rashid Khan,2387,4098,194,152,221,192,6.37,171.68,21.12
Marcus Stoinis,Shiran Fernando,698,904,96,150,58,44,21.49,129.51,9.42
Shivam Mavi,Rashid Khan,241,160,86,84,11,9,34.85,66.39,1.86
Ottneil Baartman,Gangam Anikethreddy,369,354,51,65,6,2,17.62,95.93,6.94
Dunith Wellalage,Calvin Harrison,1321,1827,65,287,104,70,21.73,138.3,28.11
Mohsin Khan,Calvin Harrison,431,493,23,47,3,3,10.9,114.39,21.43
Jos Buttler,Arzan Nagwaswalla,8179,10565,271,1407,362,282,17.2,129.17,38.99
Yashvardhan Dalal,Praveen Jayawickrama,1468,2074,58,388,140,95,26.43,141.28,35.76
Salil Arora,Jasprit Bumrah,471,889,33,56,65,50,11.89,188.75,26.94
Salil Arora,Dian Forrester,2245,5347,117,106,418,346,4.72,238.17,45.7
Salil Arora,Rachin Ravindra,2302,4482,274,245,351,273,10.64,194.7,16.36
Kunal Chandela,Rachin Ravindra,1987,3561,202,318,284,202,16.0,179.21,17.63
Liam Livingstone,Rachin Ravindra,1132,1897,161,203,128,126,17.93,167.58,11.78
Mitchell Santner,Rachin Ravindra,703,1031,93,190,90,56,27.03,146.66,11.09
Sunil Narine,Dian Forrester,306,376,29,67,21,13,21.9,122.88,12.97
Sunil Narine,Rachin Ravindra,310,342,57,72,22,15,23.23,110.32,6.0
Sunil Narine,Jasprit Bumrah,196,213,20,38,3,8,19.39,108.67,10.65
CV Stephen,Jasprit Bumrah,93,76,10,23,1,0,24.73,81.72,7.6
Kunal Chandela,Praveen Jayawickrama,417,761,37,62,55,45,14.87,182.49,20.57
Malinda Pushpakumara,Praveen Jayawickrama,96,105,12,10,3,0,10.42,109.38,8.75
Sdnv Prasad,Mitchell Santner,5466,9264,145,1193,613,537,21.83,169.48,63.89
Deepak Hooda,Sunil Narine,2283,2049,176,1136,140,107,49.76,89.75,11.64
Sdnv Prasad,Sunil Narine,5490,7950,145,1688,525,449,30.75,144.81,54.83
Shreyas Iyer,Ravindra Jadeja,3134,5472,131,558,328,329,17.8,174.6,41.77
Chris Lynn,Ravindra Jadeja,2139,3469,156,459,212,215,21.46,162.18,22.24
Devdutt Padikkal,Ravindra Jadeja,2857,5103,145,463,382,271,16.21,178.61,35.19
Devdutt Padikkal,Seekkuge Prasanna,5776,8019,514,1525,530,441,26.4,138.83,15.6
Chris Lynn,Vishen Halambage,2384,3008,298,724,191,177,30.37,126.17,10.09
Washington Sundar,Seekkuge Prasanna,3008,3591,356,841,225,156,27.96,119.38,10.09
Shubham Agarwal,Seekkuge Prasanna,932,543,192,396,25,12,42.49,58.26,2.83
Chris Lynn,Harpreet Brar,296,483,32,27,26,24,9.12,163.18,15.09
Chris Lynn,Yuzvendra Chahal,224,339,10,14,18,8,6.25,151.34,33.9
James Rew,Shubham Agarwal,2633,3125,215,879,190,167,33.38,118.69,14.53
Sarfaraz Khan,Charith Asalanka,1078,2410,35,48,166,145,4.45,223.56,68.86
Akash Deep,Charith Asalanka,274,284,50,83,16,15,30.29,103.65,5.68
Matthew Forde,Charith Asalanka,299,400,45,67,28,19,22.41,133.78,8.89
Yash Thakur,Sahan Arachchige,941,903,128,157,16,3,16.68,95.96,7.05
Akash Deep,Dasun Shanaka,557,481,176,139,31,22,24.96,86.36,2.73
Dega Nischal,Sai Kishore,1237,2793,37,38,182,179,3.07,225.79,75.49
Suryakumar Yadav,Nimesh Vimukthi,748,1423,26,138,113,84,18.45,190.24,54.73
Suryakumar Yadav,Maheesh Theekshana,1500,2905,46,228,206,169,15.2,193.67,63.15
Dhruv Jurel,Maheesh Theekshana,322,632,13,21,41,33,6.52,196.27,48.62
Charith Asalanka,Maheesh Theekshana,200,372,14,32,41,13,16.0,186.0,26.57
Dhruv Jurel,Gurinder Singh,334,619,20,26,44,29,7.78,185.33,30.95
Charith Asalanka,Gurinder Singh,219,383,28,35,30,21,15.98,174.89,13.68
Marcus Stoinis,Charith Asalanka,650,1345,23,86,105,80,13.23,206.92,58.48
Gurinder Singh,Dasun Shanaka,186,169,72,37,11,8,19.89,90.86,2.35
Sai Kishore,Dasun Shanaka,567,781,88,136,54,41,23.99,137.74,8.88
Sai Kishore,Chamika Gunasekara,306,346,70,91,22,24,29.74,113.07,4.94
Marcus Stoinis,Chamika Gunasekara,1166,1729,130,218,111,91,18.7,148.28,13.3
Dunith Wellalage,Chamika Gunasekara,970,1247,49,201,55,48,20.72,128.56,25.45
Dunith Wellalage,Dasun Shanaka,2471,3636,100,450,212,140,18.21,147.15,36.36
Sanju Samson,Tanay Thyagarajan,6763,9475,156,735,303,241,10.87,140.1,60.74
Ayush Mhatre,Tanay Thyagarajan,6922,10031,151,728,376,275,10.52,144.91,66.43
Mukul Choudhary,Tanay Thyagarajan,2663,3899,136,432,180,166,16.22,146.41,28.67
Ayush Mhatre,Hardik Pandya,3882,8935,128,270,681,558,6.96,230.16,69.8
Beau Webster,Seekkuge Prasanna,3142,3314,282,1620,301,183,51.56,105.47,11.75
Beau Webster,Hardik Pandya,2949,4193,210,1191,346,258,40.39,142.18,19.97
Beau Webster,Harpreet Brar,518,763,36,201,48,57,38.8,147.3,21.19
Beau Webster,Tanay Thyagarajan,714,930,30,342,75,57,47.9,130.25,31.0
Brian Bennett,Mukesh Kumar,7978,11883,120,712,432,336,8.92,148.95,99.03
Mayank Agarwal,Mukesh Kumar,6644,8636,171,802,262,152,12.07,129.98,50.5
Mayank Agarwal,Rahul Chahar,6159,8559,163,703,294,222,11.41,138.97,52.51
Brian Bennett,Rahul Chahar,7654,12470,102,584,539,452,7.63,162.92,122.25
Mayank Agarwal,Lungi Ngidi,6642,8274,206,913,203,152,13.75,124.57,40.17
Brian Bennett,Lungi Ngidi,8052,11078,123,934,378,247,11.6,137.58,90.07
James Rew,Mukesh Kumar,2756,4183,89,392,207,171,14.22,151.78,47.0
James Rew,Lungi Ngidi,2806,3556,99,615,161,115,21.92,126.73,35.92
Jitesh Sharma,Lungi Ngidi,705,831,76,170,47,30,24.11,117.87,10.93
Jitesh Sharma,Rahul Chahar,885,1583,57,135,100,98,15.25,178.87,27.77
Jitesh Sharma,Akash Vasisht,1393,2195,195,232,149,124,16.65,157.57,11.26
Brian Bennett,Akash Vasisht,5903,11965,221,731,804,767,12.38,202.69,54.14
Hardik Pandya,Akash Vasisht,2038,4228,160,161,303,263,7.9,207.46,26.43
Bipin Saurabh,Akash Vasisht,1597,3230,130,153,237,197,9.58,202.25,24.85
Bipin Saurabh,Mridul Surroch,1552,3025,121,158,223,168,10.18,194.91,25.0
Jitesh Sharma,Beau Webster,1276,2229,170,189,163,135,14.81,174.69,13.11
Seekkuge Prasanna,Beau Webster,1100,2241,128,133,181,147,12.09,203.73,17.51
Seekkuge Prasanna,Rahul Chahar,297,627,28,20,49,37,6.73,211.11,22.39
Harpreet Brar,Rahul Chahar,159,303,28,9,15,21,5.66,190.57,10.82
Dan Lawrence,Rahul Chahar,413,757,22,24,49,38,5.81,183.29,34.41
Ishan Kishan,Calvin Harrison,976,2261,81,64,186,144,6.56,231.66,27.91
Ruturaj Gaikwad,Calvin Harrison,1077,2272,39,88,179,125,8.17,210.96,58.26
Marcus Stoinis,Rashid Khan,1113,1869,91,193,96,117,17.34,167.92,20.54
Dunith Wellalage,Prince Yadav,900,1087,39,235,50,39,26.11,120.78,27.87
David Miller,Nathan Ellis,752,1137,71,174,71,70,23.14,151.2,16.01
Will Jacks,Hardik Pandya,924,1826,63,128,144,108,13.85,197.62,28.98
Manav Suthar,Arshdeep Singh,78,60,30,17,3,3,21.79,76.92,2.0
Theesan Vithushan,Arshdeep Singh,112,61,30,48,1,3,42.86,54.46,2.03
Sonu Yadav,Will Jacks,347,706,23,39,54,43,11.24,203.46,30.7
Sonu Yadav,Washington Sundar,354,778,22,20,56,45,5.65,219.77,35.36
Lance Morris,Will Jacks,111,103,23,40,12,2,36.04,92.79,4.48
Arshdeep Singh,Will Jacks,58,43,16,19,4,1,32.76,74.14,2.69
Arshdeep Singh,Theesan Vithushan,21,7,10,4,0,0,19.05,33.33,0.7
Tripuresh Singh,Theesan Vithushan,47,64,3,1,1,2,2.13,136.17,21.33
Tripuresh Singh,Will Jacks,78,113,4,3,7,1,3.85,144.87,28.25
Kamil Mishara,Maheesh Theekshana,3644,4734,24,173,80,21,4.75,129.91,197.25
Kamil Mishara,Gurinder Singh,3703,4780,61,177,87,21,4.78,129.08,78.36
Liam Livingstone,Gurinder Singh,3905,5121,50,212,100,27,5.43,131.14,102.42
Liam Livingstone,Sai Kishore,1390,3368,43,38,237,218,2.73,242.3,78.33
Kamil Mishara,Sai Kishore,1382,3364,43,11,248,213,0.8,243.42,78.23
Liam Livingstone,Nimesh Vimukthi,1338,2839,46,142,190,187,10.61,212.18,61.72
Kamil Mishara,Nimesh Vimukthi,1275,2819,32,81,199,175,6.35,221.1,88.09
Liam Livingstone,Joel Davies,1415,2684,54,228,199,155,16.11,189.68,49.7
Sai Sudharsan,Joel Davies,1339,2294,67,249,151,136,18.6,171.32,34.24
Sai Sudharsan,Nimesh Vimukthi,1394,2774,37,193,211,166,13.85,199.0,74.97
Sai Sudharsan,Gurinder Singh,869,1286,20,57,44,32,6.56,147.99,64.3
Lahiru Udara,Gurinder Singh,243,519,15,7,28,35,2.88,213.58,34.6
Lahiru Udara,Maheesh Theekshana,266,560,14,16,43,29,6.02,210.53,40.0
Shubman Gill,Mohammed Siraj,10145,15196,259,866,554,463,8.54,149.79,58.67
Joel Davies,Mohammed Siraj,2724,3687,87,302,113,91,11.09,135.35,42.38
Joel Davies,Avesh Khan,2652,3750,67,255,141,91,9.62,141.4,55.97
Shubman Gill,Avesh Khan,3226,5465,72,173,237,215,5.36,169.4,75.9
Joel Davies,Prasidh Krishna,2727,3684,113,280,101,111,10.27,135.09,32.6
Joel Davies,Jaydev Unadkat,2701,3476,115,310,113,73,11.48,128.69,30.23
Ishan Kishan,Jaydev Unadkat,962,1633,75,160,97,100,16.63,169.75,21.77
Heinrich Klaasen,Jaydev Unadkat,583,905,51,108,66,39,18.52,155.23,17.75
Marcus Stoinis,Jaydev Unadkat,363,449,26,110,29,22,30.3,123.69,17.27
Marcus Stoinis,Avesh Khan,404,612,41,69,36,30,17.08,151.49,14.93
Gurinder Singh,Avesh Khan,110,109,36,29,11,4,26.36,99.09,3.03
Sai Kishore,Avesh Khan,156,243,26,32,18,15,20.51,155.77,9.35
Dunith Wellalage,Avesh Khan,224,321,11,48,21,14,21.43,143.3,29.18
Heinrich Klaasen,Avesh Khan,571,923,47,112,62,50,19.61,161.65,19.64
Heinrich Klaasen,Mohammed Siraj,1176,1888,120,212,123,109,18.03,160.54,15.73
Nimesh Vimukthi,Mohammed Siraj,107,122,4,22,3,3,20.56,114.02,30.5
Nimesh Vimukthi,Jaydev Unadkat,91,96,9,21,4,1,23.08,105.49,10.67
Dunith Wellalage,Jaydev Unadkat,199,228,16,56,10,10,28.14,114.57,14.25
Nimesh Vimukthi,Avesh Khan,122,140,8,16,2,2,13.11,114.75,17.5
Dunith Wellalage,Prasidh Krishna,668,1023,46,111,61,48,16.62,153.14,22.24
Nimesh Vimukthi,Prasidh Krishna,164,159,7,41,3,2,25.0,96.95,22.71
Maheesh Theekshana,Liam Livingstone,266,207,60,67,10,3,25.19,77.82,3.45
Dhruv Jurel,Vishen Halambage,2941,3519,320,862,225,177,29.31,119.65,11.0
Charith Asalanka,Harpreet Brar,389,514,43,47,30,13,12.08,132.13,11.95
Abhimanyu Easwaran,Harpreet Brar,1039,1595,78,154,83,78,14.82,153.51,20.45
Charith Asalanka,Yuzvendra Chahal,316,454,11,27,16,11,8.54,143.67,41.27
Rajat Patidar,Kuldeep Yadav,1164,1830,112,170,110,97,14.6,157.22,16.34
Rajat Patidar,Vaisakh Chandran,957,1554,57,143,93,82,14.94,162.38,27.26
Aneurin Donald,Varun Chakravarthy,624,1094,35,115,81,62,18.43,175.32,31.26
Vishen Halambage,Varun Chakravarthy,318,638,23,43,56,37,13.52,200.63,27.74
Vishen Halambage,Vaisakh Chandran,318,567,39,41,42,35,12.89,178.3,14.54
Seekkuge Prasanna,Charith Asalanka,366,815,6,43,70,46,11.75,222.68,135.83
Ravindra Jadeja,Sahan Arachchige,856,1195,51,257,67,72,30.02,139.6,23.43
Ravindra Jadeja,Charith Asalanka,331,592,6,77,43,36,23.26,178.85,98.67
Ravindra Jadeja,Dasun Shanaka,776,1455,17,123,98,86,15.85,187.5,85.59
Sanju Samson,Ravi Teja,6640,9213,156,687,297,204,10.35,138.75,59.06
Sanju Samson,Mohammed Siraj,6485,9280,135,595,320,236,9.18,143.1,68.74
Beau Webster,Ravi Teja,629,851,69,246,61,58,39.11,135.29,12.33
Beau Webster,Mohammed Siraj,730,977,59,294,78,58,40.27,133.84,16.56
Sai Sudharsan,Lungi Ngidi,2356,3703,84,296,204,146,12.56,157.17,44.08
Liam Livingstone,Beau Webster,1901,4220,94,104,303,260,5.47,221.99,44.89
Sai Sudharsan,Beau Webster,2589,5702,129,206,445,355,7.96,220.24,44.2
Sai Sudharsan,Akash Vasisht,5535,11133,349,552,770,687,9.97,201.14,31.9
Liam Livingstone,Mridul Surroch,4037,9011,202,243,659,573,6.02,223.21,44.61
Jos Buttler,Akash Vasisht,3292,6526,260,424,502,393,12.88,198.24,25.1
Jos Buttler,Lungi Ngidi,387,731,39,58,60,40,14.99,188.89,18.74
Kunal Chandela,Lungi Ngidi,264,513,23,32,44,28,12.12,194.32,22.3
Ravi Teja,Beau Webster,127,133,45,31,12,7,24.41,104.72,2.96
Mohammed Siraj,Beau Webster,116,85,36,37,4,4,31.9,73.28,2.36
Kunal Chandela,Shiran Fernando,892,1708,79,107,115,104,12.0,191.48,21.62
Kunal Chandela,Prince Yadav,825,1601,51,109,115,94,13.21,194.06,31.39
Kunal Chandela,Rashid Khan,1220,2046,80,216,140,111,17.7,167.7,25.57
Kunal Chandela,Calvin Harrison,978,2009,62,108,169,107,11.04,205.42,32.4
Ravi Teja,Rashid Khan,100,62,37,26,1,3,26.0,62.0,1.68
Mohammed Siraj,Rashid Khan,247,205,55,51,5,4,20.65,83.0,3.73
Harry Brook,Prasidh Krishna,1759,3540,122,146,223,221,8.3,201.25,29.02
Tilak Varma,Ravi Teja,572,969,33,90,59,48,15.73,169.41,29.36
Calvin Harrison,Mohammed Siraj,274,251,35,100,12,9,36.5,91.61,7.17
Calvin Harrison,Ravi Teja,362,352,40,122,18,12,33.7,97.24,8.8
Shiran Fernando,Sunil Narine,411,388,55,62,1,5,15.09,94.4,7.05
Shiran Fernando,Liam Livingstone,366,380,41,57,3,4,15.57,103.83,9.27
Prince Yadav,Liam Livingstone,268,287,23,39,3,3,14.55,107.09,12.48
Prince Yadav,Sunil Narine,227,243,20,26,1,2,11.45,107.05,12.15
Prince Yadav,Mohammed Siraj,193,207,22,31,3,2,16.06,107.25,9.41
Prince Yadav,Ravi Teja,139,131,15,26,3,0,18.71,94.24,8.73
Axar Patel,Gangam Anikethreddy,627,805,80,150,49,41,23.92,128.39,10.06
Axar Patel,Prince Yadav,515,729,51,127,37,45,24.66,141.55,14.29
Akeal Hosein,Calvin Harrison,268,220,90,72,15,9,26.87,82.09,2.44
Akeal Hosein,Rashid Khan,224,194,71,57,11,10,25.45,86.61,2.73
Binura Fernando,Calvin Harrison,319,357,31,27,3,2,8.46,111.91,11.52
Ryan Rickelton,Maheesh Theekshana,4108,7443,100,383,421,361,9.32,181.18,74.43
Ryan Rickelton,Shivam Mavi,3146,5229,104,391,298,227,12.43,166.21,50.28
Sahan Arachchige,Shivam Mavi,1093,1397,137,199,73,56,18.21,127.81,10.2
Sahan Arachchige,Maheesh Theekshana,1160,1603,136,211,70,88,18.19,138.19,11.79
Abhimanyu Easwaran,Maheesh Theekshana,1722,3356,43,197,215,192,11.44,194.89,78.05
Abhimanyu Easwaran,Ottneil Baartman,1404,2411,141,165,147,139,11.75,171.72,17.1
Ryan Rickelton,Ottneil Baartman,3230,5386,261,275,290,249,8.51,166.75,20.64
Abhimanyu Easwaran,Shivam Mavi,1389,2473,57,196,148,145,14.11,178.04,43.39
Dasun Shanaka,Shivam Mavi,558,866,45,100,60,41,17.92,155.2,19.24
Dasun Shanaka,Ottneil Baartman,475,689,68,83,45,39,17.47,145.05,10.13
Josh Tongue,Ottneil Baartman,179,87,72,60,6,2,33.52,48.6,1.21
Karan Lal,Josh Tongue,2156,3386,185,160,156,138,7.42,157.05,18.3
Shivam Mavi,Kuldeep Yadav,306,181,122,85,14,6,27.78,59.15,1.48
Dunith Wellalage,Kuldeep Yadav,748,959,58,173,47,39,23.13,128.21,16.53
Marcus Stoinis,Josh Tongue,1284,1715,169,302,107,94,23.52,133.57,10.15
Maheesh Theekshana,Chamika Gunasekara,239,154,61,74,3,3,30.96,64.44,2.52
Ottneil Baartman,Chamika Gunasekara,307,298,35,50,3,1,16.29,97.07,8.51
Mohsin Khan,Chamika Gunasekara,217,248,24,14,3,0,6.45,114.29,10.33
Kamil Mishara,Rashid Khan,3078,5041,61,151,211,186,4.91,163.78,82.64
Kamil Mishara,Prince Yadav,3195,4653,68,251,143,132,7.86,145.63,68.43
Liam Livingstone,Khaleel Ahmed,3363,4753,63,286,154,107,8.5,141.33,75.44
Kamil Mishara,Khaleel Ahmed,3311,4756,75,230,159,104,6.95,143.64,63.41
Kamil Mishara,Sam Curran,819,1786,55,21,135,101,2.56,218.07,32.47
Sai Sudharsan,Sam Curran,1145,2372,52,110,171,143,9.61,207.16,45.62
Kamil Mishara,Jason Holder,872,1927,57,40,144,119,4.59,220.99,33.81
Sai Sudharsan,Jason Holder,1259,2494,88,143,197,144,11.36,198.09,28.34
Lahiru Udara,Jason Holder,773,1360,89,107,91,88,13.84,175.94,15.28
Jos Buttler,Jason Holder,913,1601,88,167,128,90,18.29,175.36,18.19
Nitish Rana,Jason Holder,726,1252,68,123,112,60,16.94,172.45,18.41
Lahiru Udara,Prince Yadav,383,657,32,40,30,41,10.44,171.54,20.53
Nitish Rana,Prince Yadav,152,247,20,24,22,11,15.79,162.5,12.35
Nitish Rana,Khaleel Ahmed,162,272,8,31,14,15,19.14,167.9,34.0
Kunal Chandela,Khaleel Ahmed,172,312,6,19,22,12,11.05,181.4,52.0
Priyansh Arya,Mohammed Siraj,2285,3592,87,137,139,108,6.0,157.2,41.29
Priyansh Arya,Jaydev Unadkat,2165,3265,127,131,133,93,6.05,150.81,25.71
KL Rahul,Jaydev Unadkat,2900,4787,96,188,205,175,6.48,165.07,49.86
Priyansh Arya,Avesh Khan,2171,3411,68,99,138,102,4.56,157.12,50.16
KL Rahul,Avesh Khan,2907,4992,52,117,215,189,4.02,171.72,96.0
Priyansh Arya,Prasidh Krishna,2177,3353,85,84,122,96,3.86,154.02,39.45
Kishan Lyngdoh,Prasidh Krishna,2044,3490,47,273,201,170,13.36,170.74,74.26
Kishan Lyngdoh,Mohammed Siraj,1970,3247,54,305,179,161,15.48,164.82,60.13
Kishan Lyngdoh,Avesh Khan,2005,3623,51,244,215,186,12.17,180.7,71.04
Kishan Lyngdoh,Jaydev Unadkat,2040,3119,50,408,183,139,20.0,152.89,62.38
Virat Singh,Jaydev Unadkat,884,1396,52,167,83,74,18.89,157.92,26.85
Virat Singh,Avesh Khan,791,1503,41,84,106,83,10.62,190.01,36.66
Harry Brook,Avesh Khan,485,938,32,48,63,52,9.9,193.4,29.31
Shivam Dube,Avesh Khan,317,617,34,31,54,33,9.78,194.64,18.15
Shivam Dube,Jaydev Unadkat,291,519,30,50,32,37,17.18,178.35,17.3
Harry Brook,Jaydev Unadkat,488,849,47,75,65,49,15.37,173.98,18.06
Sam Curran,Jaydev Unadkat,200,276,19,42,19,11,21.0,138.0,14.53
Rashid Khan,Jaydev Unadkat,52,42,15,19,4,1,36.54,80.77,2.8
Karun Nair,Maheesh Theekshana,5259,6704,109,937,211,183,17.82,127.48,61.5
Abhishek Sharma,Mohsin Khan,2291,4263,237,211,310,233,9.21,186.08,17.99
Abhishek Sharma,Shivam Mavi,1265,2582,72,130,187,154,10.28,204.11,35.86
Raj Angad Bawa,Shivam Mavi,669,882,69,203,68,49,30.34,131.84,12.78
Raj Angad Bawa,Maheesh Theekshana,751,1177,50,232,84,78,30.89,156.72,23.54
Raj Angad Bawa,Ottneil Baartman,724,898,133,188,65,45,25.97,124.03,6.75
Lalit Yadav,Ottneil Baartman,870,1612,50,113,123,81,12.99,185.29,32.24
Ishan Kishan,Noor Ahmad,1972,4000,77,164,259,235,8.32,202.84,51.95
Marcus Stoinis,Jasprit Bumrah,763,961,82,203,50,53,26.61,125.95,11.72
Shivam Mavi,Raj Angad Bawa,348,318,125,75,25,13,21.55,91.38,2.54
Dunith Wellalage,Atit Sheth,1264,1719,71,251,95,63,19.86,136.0,24.21
Ruchit Ahir,Mitchell Starc,2173,2879,53,101,63,25,4.65,132.49,54.32
Ruchit Ahir,Riyan Parag,2384,4295,211,318,304,240,13.34,180.16,20.36
Vidwath Kaverappa,Mridul Surroch,534,542,45,80,4,1,14.98,101.5,12.04
Yash Thakur,Mridul Surroch,768,737,96,141,13,4,18.36,95.96,7.68
David Warner,Sonal Dinusha,2825,5147,159,424,354,304,15.01,182.19,32.37
David Warner,Riyan Parag,2730,5154,149,367,372,288,13.44,188.79,34.59
Shreyas Iyer,Kagiso Rabada,1449,2659,63,163,149,150,11.25,183.51,42.21
Ashwin Das,Shardul Thakur,745,1091,136,177,101,59,23.76,146.44,8.02
David Miller,Harsh Dubey,775,1351,47,152,89,81,19.61,174.32,28.74
Naman Dhir,Avinov Choudhary,520,951,56,65,75,49,12.5,182.88,16.98
Naman Dhir,Raj Limbani,577,1006,78,64,77,50,11.09,174.35,12.9
Will Jacks,Varun Chakravarthy,318,543,34,44,38,29,13.84,170.75,15.97
Devdutt Padikkal,Charith Asalanka,2433,5793,65,89,431,362,3.66,238.1,89.12
Shubham Agarwal,Charith Asalanka,240,190,17,125,8,10,52.08,79.17,11.18
Theesan Vithushan,Charith Asalanka,344,248,61,164,11,14,47.67,72.09,4.07
Theesan Vithushan,Dasun Shanaka,556,361,153,226,18,19,40.65,64.93,2.36
Isitha Wijesundara,Dasun Shanaka,1323,1384,112,409,43,45,30.91,104.61,12.36
Isitha Wijesundara,Varun Chakravarthy,534,469,63,189,15,12,35.39,87.83,7.44
Theesan Vithushan,Varun Chakravarthy,137,108,26,51,5,4,37.23,78.83,4.15
Theesan Vithushan,Vaisakh Chandran,124,84,36,47,2,5,37.9,67.74,2.33
Isitha Wijesundara,Vaisakh Chandran,275,297,18,54,1,4,19.64,108.0,16.5
Prabhsimran Singh,Tanay Thyagarajan,6351,8876,180,597,290,215,9.4,139.76,49.31
Virat Kohli,Tanay Thyagarajan,6211,8655,215,548,278,206,8.82,139.35,40.26
Devdutt Padikkal,Tanay Thyagarajan,3319,4987,143,496,236,199,14.94,150.26,34.87
Shreyas Iyer,Seekkuge Prasanna,7573,10803,613,1833,688,588,24.2,142.65,17.62
David Miller,Seekkuge Prasanna,2980,4118,348,816,307,217,27.38,138.19,11.83
Ramandeep Singh,Seekkuge Prasanna,1827,2691,344,316,187,156,17.3,147.29,7.82
Ashwin Das,Hardik Pandya,1521,1975,181,483,178,90,31.76,129.85,10.91
Raj Limbani,Hardik Pandya,661,732,83,87,12,13,13.16,110.74,8.82
Isitha Wijesundara,Hardik Pandya,710,588,130,326,43,29,45.92,82.82,4.52
Raj Limbani,Harpreet Brar,207,247,23,20,7,3,9.66,119.32,10.74
Raj Limbani,Tanay Thyagarajan,308,326,34,43,5,2,13.96,105.84,9.59
Isitha Wijesundara,Tanay Thyagarajan,251,218,47,98,9,14,39.04,86.85,4.64
Brian Bennett,Raj Limbani,7702,9978,135,456,189,66,5.92,129.55,73.91
Mayank Agarwal,Raj Limbani,6769,8495,150,378,112,22,5.58,125.5,56.63
James Rew,Raj Limbani,2329,3191,82,152,95,45,6.53,137.01,38.91
James Rew,Avinov Choudhary,2273,3002,50,154,62,34,6.78,132.07,60.04
Brian Bennett,Avinov Choudhary,7755,10025,116,501,197,73,6.46,129.27,86.42
Jitesh Sharma,Avinov Choudhary,534,768,37,34,41,15,6.37,143.82,20.76
Jitesh Sharma,Raj Limbani,583,818,54,33,34,21,5.66,140.31,15.15
Hardik Pandya,Avinov Choudhary,498,1004,35,33,70,57,6.63,201.61,28.69
Hardik Pandya,Isitha Wijesundara,2483,4884,129,335,372,294,13.49,196.7,37.86
Brian Bennett,Ashwin Das,5051,9563,169,838,665,577,16.59,189.33,56.59
Hardik Pandya,Ashwin Das,2437,4591,167,290,337,266,11.9,188.39,27.49
Bipin Saurabh,Washington Sundar,1559,3095,90,164,234,175,10.52,198.52,34.39
Bipin Saurabh,Ashwin Das,1494,2628,138,211,176,157,14.12,175.9,19.04
Seekkuge Prasanna,Ashwin Das,953,1689,105,178,133,105,18.68,177.23,16.09
Bipin Saurabh,Isitha Wijesundara,1484,2610,104,219,187,140,14.76,175.88,25.1
Seekkuge Prasanna,Isitha Wijesundara,1172,2237,86,204,192,126,17.41,190.87,26.01
Seekkuge Prasanna,Washington Sundar,1221,2521,100,170,213,156,13.92,206.47,25.21
Harpreet Brar,Ashwin Das,412,577,90,93,51,32,22.57,140.05,6.41
Harpreet Brar,Washington Sundar,383,638,74,44,53,33,11.49,166.58,8.62
Priyansh Arya,Maheesh Theekshana,3419,4374,46,193,80,13,5.64,127.93,95.09
Priyansh Arya,Gurinder Singh,3294,4149,66,173,52,19,5.25,125.96,62.86
KL Rahul,Gurinder Singh,3764,5021,49,188,98,30,4.99,133.4,102.47
Priyansh Arya,Nimesh Vimukthi,798,1772,18,32,119,107,4.01,222.06,98.44
Kishan Lyngdoh,Nimesh Vimukthi,1634,2903,58,348,195,184,21.3,177.66,50.05
Priyansh Arya,Joel Davies,856,1772,63,68,127,110,7.94,207.01,28.13
Virat Singh,Joel Davies,803,1428,43,119,106,74,14.82,177.83,33.21
Harry Brook,Joel Davies,537,1063,24,82,77,67,15.27,197.95,44.29
Harry Brook,Sai Kishore,519,1243,28,16,92,84,3.08,239.5,44.39
Virat Singh,Sai Kishore,877,2119,31,38,163,141,4.33,241.62,68.35
Sam Curran,Joel Davies,195,360,9,34,27,22,17.44,184.62,40.0
Sam Curran,Sai Kishore,214,408,12,30,26,24,14.02,190.65,34.0
Sam Curran,Nimesh Vimukthi,261,482,11,51,29,34,19.54,184.67,43.82
Harry Brook,Nimesh Vimukthi,611,1302,26,65,103,79,10.64,213.09,50.08
Sam Curran,Gurinder Singh,205,365,16,28,28,17,13.66,178.05,22.81
Rashid Khan,Gurinder Singh,79,93,30,18,7,7,22.78,117.72,3.1
Jason Holder,Gurinder Singh,147,200,19,37,12,11,25.17,136.05,10.53
Khaleel Ahmed,Gurinder Singh,87,102,11,7,3,1,8.05,117.24,9.27
Khaleel Ahmed,Maheesh Theekshana,106,92,14,21,1,0,19.81,86.79,6.57
Harry Brook,Maheesh Theekshana,2547,5571,67,200,372,349,7.85,218.73,83.15
Joel Davies,Rashid Khan,2957,4261,85,226,162,107,7.64,144.1,50.13
Shubman Gill,Khaleel Ahmed,3685,5440,72,291,201,143,7.9,147.63,75.56
Joel Davies,Khaleel Ahmed,3224,4282,83,320,124,81,9.93,132.82,51.59
Joel Davies,Prince Yadav,3057,4062,102,257,111,72,8.41,132.88,39.82
Ruturaj Gaikwad,Khaleel Ahmed,1442,2215,53,181,90,102,12.55,153.61,41.79
Heinrich Klaasen,Jason Holder,922,1562,115,169,122,93,18.33,169.41,13.58
Ruturaj Gaikwad,Jason Holder,1315,2297,89,212,165,129,16.12,174.68,25.81
Heinrich Klaasen,Sam Curran,762,1361,80,118,79,97,15.49,178.61,17.01
Ruturaj Gaikwad,Sam Curran,1197,2180,46,159,160,112,13.28,182.12,47.39
Gurinder Singh,Jason Holder,291,266,106,76,21,15,26.12,91.41,2.51
Marcus Stoinis,Jason Holder,792,1340,87,148,104,74,18.69,169.19,15.4
Dunith Wellalage,Jason Holder,626,776,30,148,31,27,23.64,123.96,25.87
Dunith Wellalage,Khaleel Ahmed,237,341,7,42,9,18,17.72,143.88,48.71
Marcus Stoinis,Khaleel Ahmed,174,278,7,34,18,15,19.54,159.77,39.71
Ruturaj Gaikwad,Ravindra Jadeja,3263,5612,120,576,338,329,17.65,171.99,46.77
Ishan Kishan,Ravindra Jadeja,2193,3975,137,308,263,230,14.04,181.26,29.01
Sarfaraz Khan,Ravindra Jadeja,1811,3243,137,186,206,171,10.27,179.07,23.67
Vidwath Kaverappa,Seekkuge Prasanna,905,974,77,114,9,4,12.6,107.62,12.65
Yashasvi Jaiswal,Krunal Pandya,3261,7181,125,251,530,438,7.7,220.21,57.45
Yashasvi Jaiswal,Shardul Thakur,1193,2619,112,42,196,161,3.52,219.53,23.38
Yashasvi Jaiswal,Suryansh Shedge,1056,2443,34,32,183,148,3.03,231.34,71.85
Suryakumar Yadav,Suryansh Shedge,1230,2477,50,151,175,150,12.28,201.38,49.54
Josh Tongue,Suryansh Shedge,132,91,44,35,4,3,26.52,68.94,2.07
Kuldeep Yadav,Suryansh Shedge,134,76,36,71,3,6,52.99,56.72,2.11
Kuldeep Yadav,Shardul Thakur,280,125,87,142,11,5,50.71,44.64,1.44
Varun Chakravarthy,Shardul Thakur,374,401,43,59,4,9,15.78,107.22,9.33
Suryakumar Yadav,Kagiso Rabada,506,949,26,81,72,55,16.01,187.55,36.5
Chamika Gunasekara,Kagiso Rabada,120,126,12,11,0,0,9.17,105.0,10.5
Chamika Gunasekara,Anshul Kamboj,475,506,31,59,5,0,12.42,106.53,16.32
Kumar Kushagra,Chamika Gunasekara,3193,4866,135,448,253,181,14.03,152.4,36.04
Kumar Kushagra,Josh Tongue,3236,4825,187,463,211,199,14.31,149.1,25.8
Kumar Kushagra,Varun Chakravarthy,3495,5434,168,653,309,261,18.68,155.48,32.35
Kumar Kushagra,Kuldeep Yadav,3373,5655,179,435,329,277,12.9,167.65,31.59
Krunal Pandya,Chamika Gunasekara,1885,2871,122,356,161,152,18.89,152.31,23.53
Krunal Pandya,Varun Chakravarthy,2667,4064,148,572,249,204,21.45,152.38,27.46
Naman Dhir,Varun Chakravarthy,1405,2251,110,304,141,137,21.64,160.21,20.46
Naman Dhir,Josh Tongue,1165,1841,131,245,122,115,21.03,158.03,14.05
Donovan Ferreira,Josh Tongue,744,1117,106,126,69,62,16.94,150.13,10.54
Donovan Ferreira,Chamika Gunasekara,741,1198,90,95,81,60,12.82,161.67,13.31
Naman Dhir,Chamika Gunasekara,1154,1989,91,209,142,115,18.11,172.36,21.86
Suryansh Shedge,Chamika Gunasekara,564,825,68,136,62,41,24.11,146.28,12.13
Naman Dhir,Dasun Shanaka,1159,2373,69,146,186,138,12.6,204.75,34.39
Harsh Dubey,Dasun Shanaka,829,693,251,240,46,31,28.95,83.59,2.76
Harsh Dubey,Sahan Arachchige,950,841,308,276,66,41,29.05,88.53,2.73
Naman Dhir,Sahan Arachchige,1298,2169,150,256,161,131,19.72,167.1,14.46
Shardul Thakur,Dasun Shanaka,959,1005,94,301,42,42,31.39,104.8,10.69
Shardul Thakur,Sahan Arachchige,869,685,142,290,29,18,33.37,78.83,4.82
Shardul Thakur,Kuldeep Yadav,436,356,73,162,17,15,37.16,81.65,4.88
Anshul Kamboj,Kuldeep Yadav,355,325,65,54,7,1,15.21,91.55,5.0
Kagiso Rabada,Kuldeep Yadav,321,335,34,47,8,1,14.64,104.36,9.85
Abhimanyu Easwaran,Ravi Teja,959,1576,76,159,118,75,16.58,164.34,20.74
Yashvardhan Dalal,Chamika Gunasekara,1710,3057,86,266,210,170,15.56,178.77,35.55
Yashvardhan Dalal,Dasun Shanaka,4134,8943,170,429,697,537,10.38,216.33,52.61
Kunal Chandela,Chamika Gunasekara,1086,1753,60,180,115,80,16.57,161.42,29.22
Ravi Teja,Chamika Gunasekara,130,83,37,43,3,2,33.08,63.85,2.24
Mitchell Santner,Chamika Gunasekara,404,559,47,110,31,34,27.23,138.37,11.89
Ravi Teja,Kuldeep Yadav,136,97,47,38,4,4,27.94,71.32,2.06
Mohammed Siraj,Kuldeep Yadav,125,58,42,52,1,3,41.6,46.4,1.38
Salil Arora,Varun Chakravarthy,482,972,31,65,77,60,13.49,201.66,31.35
Salil Arora,Dasun Shanaka,1515,3674,76,85,326,222,5.61,242.51,48.34
Liam Livingstone,Vaisakh Chandran,215,439,21,23,38,26,10.7,204.19,20.9
Kunal Chandela,Vaisakh Chandran,349,637,17,60,49,34,17.19,182.52,37.47
Sunil Narine,Kuldeep Yadav,349,358,43,63,7,8,18.05,102.58,8.33
Deepak Hooda,Will Jacks,2325,4176,150,494,306,261,21.25,179.61,27.84
Glenn Phillips,Shubham Agarwal,2445,3971,210,558,310,229,22.82,162.41,18.91
Shreyas Iyer,Praveen Jayawickrama,1853,2340,98,425,104,96,22.94,126.28,23.88
Will Jacks,Jasprit Bumrah,621,940,61,118,59,48,19.0,151.37,15.41
Washington Sundar,Dian Forrester,2627,4916,178,316,356,265,12.03,187.13,27.62
Shubham Agarwal,Dian Forrester,989,824,143,405,43,36,40.95,83.32,5.76
Theesan Vithushan,Arzan Nagwaswalla,158,70,64,62,4,5,39.24,44.3,1.09
Theesan Vithushan,Praveen Jayawickrama,145,98,47,47,7,2,32.41,67.59,2.09
Scott Curie,Praveen Jayawickrama,193,213,16,27,1,0,13.99,110.36,13.31
Axar Patel,Washington Sundar,711,1132,43,129,77,53,18.14,159.21,26.33
Lasith Embuldeniya,Raj Limbani,326,325,40,52,4,1,15.95,99.69,8.12
Lasith Embuldeniya,Avinov Choudhary,396,361,48,87,2,2,21.97,91.16,7.52
Mridul Surroch,Harsh Dubey,2410,4163,118,419,268,229,17.39,172.74,35.28
Mridul Surroch,Kagiso Rabada,1029,1912,57,137,132,106,13.31,185.81,33.54
Beau Webster,Harsh Dubey,637,995,42,208,69,65,32.65,156.2,23.69
Karan Shinde,Harsh Dubey,935,1731,49,118,128,87,12.62,185.13,35.33
Karan Shinde,Shardul Thakur,1228,2519,79,151,187,159,12.3,205.13,31.89
Yuvraj Chaudhary,Shardul Thakur,568,905,68,101,75,43,17.78,159.33,13.31
Akash Vasisht,Shardul Thakur,385,807,27,51,50,59,13.25,209.61,29.89
Karan Shinde,Suryansh Shedge,864,1585,33,134,121,82,15.51,183.45,48.03
Akash Vasisht,Suryansh Shedge,279,521,12,31,38,26,11.11,186.74,43.42
Akash Vasisht,Anshul Kamboj,216,477,23,14,35,33,6.48,220.83,20.74
Karan Shinde,Anshul Kamboj,387,692,30,42,62,29,10.85,178.81,23.07
Karan Shinde,Kagiso Rabada,371,759,23,36,61,44,9.7,204.58,33.0
Akash Vasisht,Kagiso Rabada,193,372,18,26,23,26,13.47,192.75,20.67
Kumar Kushagra,Lungi Ngidi,2706,3676,113,575,166,146,21.25,135.85,32.53
Kumar Kushagra,Rahul Chahar,2797,5246,59,260,297,255,9.3,187.56,88.92
Krunal Pandya,Rahul Chahar,1119,2025,48,157,132,111,14.03,180.97,42.19
Krunal Pandya,Mukesh Kumar,963,1595,39,134,99,67,13.91,165.63,40.9
Krunal Pandya,Lungi Ngidi,1001,1525,54,187,91,73,18.68,152.35,28.24
Naman Dhir,Akash Vasisht,1668,3211,195,213,253,201,12.77,192.51,16.47
Rohit Sharma,Beau Webster,1495,3257,113,60,212,213,4.01,217.86,28.82
Donovan Ferreira,Beau Webster,1221,2473,131,121,195,149,9.91,202.54,18.88
Harsh Dubey,Akash Vasisht,682,508,244,198,32,26,29.03,74.49,2.08
Salil Arora,Akash Deep,973,2108,86,75,170,131,7.71,216.65,24.51
Yash Thakur,Mitchell Santner,426,406,64,81,7,8,19.01,95.31,6.34
Vidwath Kaverappa,Mitchell Santner,285,309,32,25,2,0,8.77,108.42,9.66
James Rew,Athisayaraj Davidson,3095,3910,155,682,146,153,22.04,126.33,25.23
James Rew,Noor Ahmad,3129,4707,128,615,253,233,19.65,150.43,36.77
Jitesh Sharma,Noor Ahmad,1487,1980,120,392,132,93,26.36,133.15,16.5
Jitesh Sharma,Arzan Nagwaswalla,1376,1344,186,421,63,53,30.6,97.67,7.23
Jitesh Sharma,Jasprit Bumrah,1386,1760,187,310,104,88,22.37,126.98,9.41
Hardik Pandya,Arzan Nagwaswalla,1585,2195,164,330,133,111,20.82,138.49,13.38
Hardik Pandya,Athisayaraj Davidson,1189,2070,56,182,134,115,15.31,174.1,36.96
Hardik Pandya,Noor Ahmad,1595,2981,59,213,196,175,13.35,186.9,50.53
Hardik Pandya,Raj Angad Bawa,1495,2990,93,169,236,167,11.3,200.0,32.15
Bipin Saurabh,Atit Sheth,1346,2489,206,111,182,145,8.25,184.92,12.08
Seekkuge Prasanna,Atit Sheth,1017,1843,191,109,143,119,10.72,181.22,9.65
Harpreet Brar,Raj Angad Bawa,585,860,113,99,59,51,16.92,147.01,7.61
Harpreet Brar,Atit Sheth,649,898,195,88,74,49,13.56,138.37,4.61
Glenn Phillips,Harpreet Brar,3433,4903,136,600,243,183,17.48,142.82,36.05
Abhishek Sharma,Yuzvendra Chahal,1005,2017,75,88,148,116,8.76,200.7,26.89
Glenn Phillips,Yuzvendra Chahal,3244,5357,90,366,288,229,11.28,165.14,59.52
Glenn Phillips,Tanay Thyagarajan,2682,3629,83,581,189,128,21.66,135.31,43.72
Abhishek Sharma,Tanay Thyagarajan,825,1362,79,137,86,78,16.61,165.09,17.24
Raj Angad Bawa,Hardik Pandya,1797,2901,217,434,225,177,24.15,161.44,13.37
Lalit Yadav,Hardik Pandya,3847,7659,166,501,623,415,13.02,199.09,46.14
Atit Sheth,Hardik Pandya,1112,1783,65,164,135,68,14.75,160.34,27.43
Atit Sheth,Seekkuge Prasanna,1089,1549,152,188,107,72,17.26,142.24,10.19
Noor Ahmad,Hardik Pandya,304,149,119,96,11,3,31.58,49.01,1.25
Athisayaraj Davidson,Hardik Pandya,347,147,114,139,6,4,40.06,42.36,1.29
Athisayaraj Davidson,Seekkuge Prasanna,292,145,100,108,6,6,36.99,49.66,1.45
Jasprit Bumrah,Seekkuge Prasanna,765,737,117,146,11,11,19.08,96.34,6.3
Atit Sheth,Harpreet Brar,227,339,35,31,32,12,13.66,149.34,9.69
Jasprit Bumrah,Tanay Thyagarajan,279,276,31,51,3,1,18.28,98.92,8.9
Atit Sheth,Tanay Thyagarajan,300,441,36,31,28,17,10.33,147.0,12.25
Virat Kohli,Gurinder Singh,4159,5400,59,185,97,23,4.45,129.84,91.53
Prabhsimran Singh,Gurinder Singh,3914,5114,67,186,111,28,4.75,130.66,76.33
Virat Kohli,Nimesh Vimukthi,1302,2861,54,98,207,179,7.53,219.74,52.98
Prabhsimran Singh,Nimesh Vimukthi,1259,2756,45,103,188,179,8.18,218.9,61.24
Prabhsimran Singh,Joel Davies,1245,2438,73,151,186,141,12.13,195.82,33.4
Virat Kohli,Joel Davies,1244,2320,91,162,155,143,13.02,186.5,25.49
Virat Kohli,Sai Kishore,1315,3185,46,13,228,207,0.99,242.21,69.24
Prabhsimran Singh,Sai Kishore,1276,3079,40,15,233,190,1.18,241.3,76.97
Devdutt Padikkal,Nimesh Vimukthi,1418,2981,43,164,231,178,11.57,210.23,69.33
Shreyas Iyer,Nimesh Vimukthi,1297,2513,32,187,161,156,14.42,193.75,78.53
Shreyas Iyer,Sai Kishore,1176,2677,52,45,186,173,3.83,227.64,51.48
Devdutt Padikkal,Sai Kishore,1478,3530,45,28,260,220,1.89,238.84,78.44
David Miller,Nimesh Vimukthi,866,1593,29,193,111,101,22.29,183.95,54.93
Will Jacks,Sai Kishore,465,1024,19,33,63,70,7.1,220.22,53.89
David Miller,Sai Kishore,723,1645,27,60,116,107,8.3,227.52,60.93
Will Jacks,Maheesh Theekshana,345,750,15,31,51,49,8.99,217.39,50.0
David Miller,Maheesh Theekshana,1595,3041,67,248,209,184,15.55,190.66,45.39
Washington Sundar,Gurinder Singh,270,464,22,31,29,22,11.48,171.85,21.09
David Miller,Gurinder Singh,263,516,19,30,41,29,11.41,196.2,27.16
Manav Suthar,Gurinder Singh,106,112,34,14,8,3,13.21,105.66,3.29
Theesan Vithushan,Gurinder Singh,100,50,41,29,4,0,29.0,50.0,1.22
Joel Davies,Theesan Vithushan,3509,5766,75,216,254,213,6.16,164.32,76.88
Joel Davies,Bhuvneshwar Kumar,3680,4699,166,405,147,90,11.01,127.69,28.31
Shubman Gill,Bhuvneshwar Kumar,3966,5451,154,445,174,153,11.22,137.44,35.4
Joel Davies,Manav Suthar,3543,5191,80,374,195,155,10.56,146.51,64.89
Shubman Gill,Manav Suthar,3679,6314,68,211,313,237,5.74,171.62,92.85
Joel Davies,Duvindu Tillakaratne,3058,4665,44,377,202,171,12.33,152.55,106.02
Shubman Gill,Duvindu Tillakaratne,3278,5971,55,250,324,281,7.63,182.15,108.56
Ruturaj Gaikwad,Duvindu Tillakaratne,2105,3773,48,295,237,198,14.01,179.24,78.6
Ruturaj Gaikwad,Manav Suthar,1877,3097,42,261,190,129,13.91,165.0,73.74
Ruturaj Gaikwad,Bhuvneshwar Kumar,1785,2364,96,310,117,83,17.37,132.44,24.62
Ishan Kishan,Bhuvneshwar Kumar,870,1391,91,116,83,76,13.33,159.89,15.29
Heinrich Klaasen,Bhuvneshwar Kumar,417,508,61,116,42,21,27.82,121.82,8.33
Marcus Stoinis,Theesan Vithushan,310,637,14,52,48,44,16.77,205.48,45.5
Marcus Stoinis,Bhuvneshwar Kumar,279,442,29,66,40,24,23.66,158.42,15.24
Marcus Stoinis,Will Jacks,582,1272,30,68,109,75,11.68,218.56,42.4
Gurinder Singh,Will Jacks,116,126,48,22,10,9,18.97,108.62,2.62
Marcus Stoinis,Washington Sundar,1830,3821,114,233,295,246,12.73,208.8,33.52
Sai Kishore,Washington Sundar,268,610,28,17,43,44,6.34,227.61,21.79
Sai Kishore,Will Jacks,272,556,25,33,48,34,12.13,204.41,22.24
Dunith Wellalage,Will Jacks,223,315,6,43,16,13,19.28,141.26,52.5
Dunith Wellalage,Washington Sundar,916,1451,37,170,77,75,18.56,158.41,39.22
Sai Kishore,Manav Suthar,113,131,17,34,10,5,30.09,115.93,7.71
Dunith Wellalage,Manav Suthar,119,151,3,33,10,6,27.73,126.89,50.33
Dunith Wellalage,Theesan Vithushan,122,178,5,27,6,11,22.13,145.9,35.6
Nimesh Vimukthi,Theesan Vithushan,54,65,2,12,0,2,22.22,120.37,32.5
Maheesh Theekshana,Theesan Vithushan,10,10,0,1,0,0,10.0,100.0,10.0
Vaibhav Suryavanshi,Harsh Dubey,14167,22245,265,942,969,647,6.65,157.02,83.94
Jos Buttler,Harsh Dubey,7215,9989,187,1001,373,272,13.87,138.45,53.42
Vaibhav Suryavanshi,Ravi Bishnoi,7367,11644,143,434,464,359,5.89,158.06,81.43
Yashvardhan Dalal,Prashant Veer,3112,5564,146,649,454,309,20.85,178.79,38.11
Yashvardhan Dalal,Krunal Pandya,5498,11120,200,865,832,699,15.73,202.26,55.6
Yashvardhan Dalal,Donovan Ferreira,4174,8115,124,661,569,497,15.84,194.42,65.44
Rahul Tripathi,CV Stephen,1674,2269,52,114,68,31,6.81,135.54,43.63
Rahul Tripathi,Malinda Pushpakumara,1815,2382,56,111,64,19,6.12,131.24,42.54
Rahul Tripathi,Liam Livingstone,3990,6690,245,812,471,381,20.35,167.67,27.31
Ankit Kumar,Sunil Narine,2262,3584,189,513,277,198,22.68,158.44,18.96
Donovan Ferreira,Mitchell Santner,2781,5232,269,383,409,309,13.77,188.13,19.45
Donovan Ferreira,Sunil Narine,2667,4394,260,512,330,254,19.2,164.75,16.9
Krunal Pandya,Mitchell Santner,3832,6897,234,733,503,411,19.13,179.98,29.47
Prashant Veer,Mitchell Santner,721,1031,50,165,61,53,22.88,143.0,20.62
Prashant Veer,Liam Livingstone,813,1381,49,148,76,88,18.2,169.86,28.18
Harsh Dubey,Liam Livingstone,443,266,171,150,19,14,33.86,60.05,1.56
Harsh Dubey,Sunil Narine,446,232,182,147,16,10,32.96,52.02,1.27
Ravi Bishnoi,Sunil Narine,227,181,34,67,5,0,29.52,79.74,5.32
Nishan Peiris,Sunil Narine,145,132,18,23,0,1,15.86,91.03,7.33
Nishan Peiris,CV Stephen,248,255,24,29,2,0,11.69,102.82,10.62
Nishan Peiris,Malinda Pushpakumara,297,315,23,32,1,0,10.77,106.06,13.7
Dhruv Jurel,Sunil Narine,3366,4542,214,996,300,246,29.59,134.94,21.22
Dhruv Jurel,Mitchell Santner,3173,5235,185,664,339,312,20.93,164.99,28.3
Charith Asalanka,Mitchell Santner,1197,1795,123,273,124,97,22.81,149.96,14.59
Dasun Shanaka,CV Stephen,569,1042,53,66,80,53,11.6,183.13,19.66
Kuldeep Yadav,CV Stephen,192,46,66,102,1,2,53.12,23.96,0.7
Kuldeep Yadav,Malinda Pushpakumara,217,63,88,103,6,3,47.47,29.03,0.72
Vaisakh Chandran,Malinda Pushpakumara,407,410,35,81,1,2,19.9,100.74,11.71
Jos Buttler,Charith Asalanka,2067,4995,52,72,361,326,3.48,241.65,96.06
Vaibhav Suryavanshi,Charith Asalanka,1978,4859,47,15,344,313,0.76,245.65,103.38
Salil Arora,Sahan Arachchige,2007,3479,280,339,270,210,16.89,173.34,12.43
Yashvardhan Dalal,Charith Asalanka,2558,5373,67,272,370,336,10.63,210.05,80.19
Salil Arora,Charith Asalanka,1317,3123,46,44,232,198,3.34,237.13,67.89
Suryansh Shedge,Washington Sundar,777,1508,89,105,104,103,13.51,194.08,16.94
Harsh Dubey,Isitha Wijesundara,349,244,129,97,11,13,27.79,69.91,1.89
Shardul Thakur,Isitha Wijesundara,535,519,48,195,26,22,36.45,97.01,10.81
Anshul Kamboj,Isitha Wijesundara,251,254,42,32,3,3,12.75,101.2,6.05
Kagiso Rabada,Ashwin Das,192,210,19,21,3,1,10.94,109.38,11.05
Suryansh Shedge,Isitha Wijesundara,869,1431,79,188,85,96,21.63,164.67,18.11
Kagiso Rabada,Isitha Wijesundara,177,186,20,20,0,1,11.3,105.08,9.3
Kagiso Rabada,Raj Limbani,254,260,38,29,6,2,11.42,102.36,6.84
Ramandeep Singh,Donovan Ferreira,684,1227,51,95,86,70,13.89,179.39,24.06
Raj Limbani,Shardul Thakur,290,337,43,31,9,6,10.69,116.21,7.84
Ashwin Das,Suryansh Shedge,509,743,41,134,60,35,26.33,145.97,18.12
Raj Limbani,Suryansh Shedge,149,144,22,24,3,1,16.11,96.64,6.55
Avinov Choudhary,Shardul Thakur,169,201,22,15,4,3,8.88,118.93,9.14
Riyan Parag,Krunal Pandya,2191,4239,146,363,329,261,16.57,193.47,29.03
Riyan Parag,Prashant Veer,2088,3418,165,440,240,197,21.07,163.7,20.72
Riyan Parag,Donovan Ferreira,1422,2353,65,304,167,128,21.38,165.47,36.2
Riyan Parag,Nishan Peiris,534,806,52,104,63,35,19.48,150.94,15.5
Karan Shinde,Nishan Peiris,446,823,23,69,58,48,15.47,184.53,35.78
Ankit Kumar,Mridul Surroch,2254,4226,236,243,299,253,10.78,187.49,17.91
Rohit Sharma,Sonal Dinusha,1803,3317,151,241,235,204,13.37,183.97,21.97
Donovan Ferreira,Sonal Dinusha,1315,2325,180,179,180,138,13.61,176.81,12.92
Donovan Ferreira,Riyan Parag,1349,2122,216,191,165,111,14.16,157.3,9.82
Mayank Agarwal,Avinov Choudhary,6688,8233,163,410,106,25,6.13,123.1,50.51
Mayank Agarwal,Isitha Wijesundara,2666,3666,161,780,228,205,29.26,137.51,22.77
Mayank Agarwal,Washington Sundar,3193,5859,174,512,366,365,16.04,183.5,33.67
Mayank Agarwal,Ashwin Das,2600,3660,236,669,250,198,25.73,140.77,15.51
James Rew,Ashwin Das,3903,6489,265,815,432,384,20.88,166.26,24.49
Jitesh Sharma,Isitha Wijesundara,2267,3633,197,490,249,215,21.61,160.26,18.44
Jitesh Sharma,Ashwin Das,2233,2980,253,567,187,164,25.39,133.45,11.78
Seekkuge Prasanna,Raj Limbani,475,881,99,43,72,55,9.05,185.47,8.9
Dan Lawrence,Raj Limbani,599,1112,46,35,68,57,5.84,185.64,24.17
Tanay Thyagarajan,Raj Limbani,322,383,32,39,13,8,12.11,118.94,11.97
Dan Lawrence,Avinov Choudhary,648,844,48,123,31,38,18.98,130.25,17.58
Tanay Thyagarajan,Avinov Choudhary,358,395,34,50,9,6,13.97,110.34,11.62
Prabhsimran Singh,Hardik Pandya,2364,5060,160,140,342,321,5.92,214.04,31.62
Ramandeep Singh,Hardik Pandya,1758,3192,199,218,258,173,12.4,181.57,16.04
Ashwin Das,Seekkuge Prasanna,1594,1639,258,611,132,76,38.33,102.82,6.35
Ramandeep Singh,Harpreet Brar,239,390,47,41,30,26,17.15,163.18,8.3
Washington Sundar,Harpreet Brar,718,967,97,97,47,39,13.51,134.68,9.97
Glenn Phillips,Khaleel Ahmed,552,850,21,99,52,34,17.93,153.99,40.48
Lalit Yadav,Khaleel Ahmed,311,670,17,36,57,41,11.58,215.43,39.41
Sdnv Prasad,Sam Curran,803,1612,29,125,102,110,15.57,200.75,55.59
Lalit Yadav,Sam Curran,1075,2216,41,121,164,134,11.26,206.14,54.05
Ismat Alam,Jason Holder,297,417,79,56,29,29,18.86,140.4,5.28
Dian Forrester,Jason Holder,466,794,22,86,50,44,18.45,170.39,36.09
Arzan Nagwaswalla,Jason Holder,121,118,16,15,0,0,12.4,97.52,7.38
Arzan Nagwaswalla,Sam Curran,66,73,6,7,1,0,10.61,110.61,12.17
Sdnv Prasad,Khaleel Ahmed,285,549,14,45,37,33,15.79,192.63,39.21
Arzan Nagwaswalla,Khaleel Ahmed,57,69,4,5,2,0,8.77,121.05,17.25
Sdnv Prasad,Prince Yadav,281,543,15,38,40,31,13.52,193.24,36.2
Rishabh Pant,Lungi Ngidi,2576,3068,175,500,101,89,19.41,119.1,17.53
Lasith Embuldeniya,Lungi Ngidi,174,174,19,25,0,1,14.37,100.0,9.16
Axar Patel,Lungi Ngidi,334,576,26,62,45,30,18.56,172.46,22.15
Binura Fernando,Lungi Ngidi,98,108,5,10,0,1,10.2,110.2,21.6
Binura Fernando,Mukesh Kumar,136,141,11,17,1,0,12.5,103.68,12.82
Mridul Surroch,Axar Patel,2374,5016,96,278,403,295,11.71,211.29,52.25
Karun Nair,Akeal Hosein,6373,7958,151,1019,251,157,15.99,124.87,52.7
Glenn Phillips,Axar Patel,2354,4693,117,384,358,292,16.31,199.36,40.11
Christopher Britz,Axar Patel,2745,4376,85,815,328,242,29.69,159.42,51.48
Abhishek Sharma,Axar Patel,1537,3283,141,130,244,215,8.46,213.6,23.28
Glenn Phillips,Mitchell Marsh,3284,6100,203,561,457,364,17.08,185.75,30.05
Raj Angad Bawa,Mitchell Marsh,961,1569,134,190,135,84,19.77,163.27,11.71
Raj Angad Bawa,Axar Patel,1133,2035,111,233,172,120,20.56,179.61,18.33
Noor Ahmad,Mitchell Marsh,153,86,63,39,4,3,25.49,56.21,1.37
Athisayaraj Davidson,Mitchell Marsh,137,101,42,45,8,4,32.85,73.72,2.4
Jasprit Bumrah,Mitchell Marsh,313,310,38,51,7,0,16.29,99.04,8.16
Arzan Nagwaswalla,Mitchell Marsh,249,308,18,27,4,4,10.84,123.69,17.11
Rishabh Pant,Jasprit Bumrah,2218,2719,175,466,106,98,21.01,122.59,15.54
Mitchell Marsh,Atit Sheth,1132,2406,120,77,213,136,6.8,212.54,20.05
Kartik Sharma,Atit Sheth,2262,4757,143,253,366,296,11.18,210.3,33.27
Mitchell Marsh,Raj Angad Bawa,1110,2549,49,90,202,158,8.11,229.64,52.02
Kartik Sharma,Raj Angad Bawa,2224,4596,82,296,353,280,13.31,206.65,56.05
Rahul Tripathi,Harpreet Brar,1782,2247,56,102,39,12,5.72,126.09,40.12
Rahul Tripathi,Seekkuge Prasanna,2327,2081,286,842,102,89,36.18,89.43,7.28
Smaran Ravichandra,Seekkuge Prasanna,3301,3238,250,1360,184,156,41.2,98.09,12.95
Smaran Ravichandra,Vishen Halambage,3182,3391,285,1210,196,181,38.03,106.57,11.9
Rahul Tripathi,Vishen Halambage,2381,2283,320,856,121,117,35.95,95.88,7.13
Ankit Kumar,Seekkuge Prasanna,1975,1914,330,659,106,100,33.37,96.91,5.8
Smaran Ravichandra,Ravindra Jadeja,3207,5457,98,698,383,302,21.76,170.16,55.68
Rohit Sharma,Ravindra Jadeja,2004,3036,164,399,183,167,19.91,151.5,18.51
Rohit Sharma,Seekkuge Prasanna,4266,5590,488,1024,335,298,24.0,131.04,11.45
Prashant Veer,Vishen Halambage,1569,1735,200,459,96,81,29.25,110.58,8.68
Prashant Veer,Harpreet Brar,686,949,48,87,36,32,12.68,138.34,19.77
Prashant Veer,Yuzvendra Chahal,602,971,27,51,44,39,8.47,161.3,35.96
Brian Bennett,Prashant Veer,2399,4064,82,549,281,236,22.88,169.4,49.56
James Rew,Krunal Pandya,3764,6695,245,665,470,397,17.67,177.87,27.33
Brian Bennett,Donovan Ferreira,4329,9016,116,526,628,555,12.15,208.27,77.72
Rajat Patidar,Krunal Pandya,1782,3557,135,214,268,218,12.01,199.61,26.35
Rajat Patidar,Prashant Veer,1729,3001,162,289,204,178,16.71,173.57,18.52
Aneurin Donald,Krunal Pandya,1937,3777,82,346,287,237,17.86,194.99,46.06
Aneurin Donald,Ravi Bishnoi,527,971,22,85,74,49,16.13,184.25,44.14
Aneurin Donald,Harsh Dubey,599,1063,38,135,84,63,22.54,177.46,27.97
Virat Kohli,Seekkuge Prasanna,3672,5957,409,641,386,362,17.46,162.23,14.56
Virat Kohli,Vishen Halambage,1897,3081,212,339,195,191,17.87,162.41,14.53
Devdutt Padikkal,Vishen Halambage,2980,3444,319,946,210,172,31.74,115.57,10.8
Shreyas Iyer,Vishen Halambage,3300,4399,309,794,240,243,24.06,133.3,14.24
Virat Kohli,Ravindra Jadeja,1970,3753,103,254,230,240,12.89,190.51,36.44
Washington Sundar,Ravindra Jadeja,1409,2085,126,274,141,93,19.45,147.98,16.55
Will Jacks,Ravindra Jadeja,1970,3307,98,380,223,181,19.29,167.87,33.74
Theesan Vithushan,Seekkuge Prasanna,590,314,172,258,14,15,43.73,53.22,1.83
Theesan Vithushan,Vishen Halambage,610,346,182,267,20,16,43.77,56.72,1.9
Will Jacks,Harpreet Brar,430,665,34,30,32,22,6.98,154.65,19.56
Will Jacks,Yuzvendra Chahal,381,586,20,23,19,20,6.04,153.81,29.3
Kangabam Priyojit Singh,Akash Vasisht,2302,5110,136,135,342,338,5.86,221.98,37.57
Aneurin Donald,Mridul Surroch,2044,3857,78,368,265,240,18.0,188.7,49.45
Vishen Halambage,Sonal Dinusha,1260,2241,107,188,191,111,14.92,177.86,20.94
Ravindra Jadeja,Sonal Dinusha,852,1241,33,214,70,68,25.12,145.66,37.61
Ayush Mhatre,Vishen Halambage,2716,3807,250,805,269,218,29.64,140.17,15.23
Shubman Gill,Prashant Veer,2361,4364,122,399,299,265,16.9,184.84,35.77
Shubman Gill,Krunal Pandya,4121,8982,142,311,715,507,7.55,217.96,63.25
Shubman Gill,Donovan Ferreira,3579,8077,105,175,570,494,4.89,225.68,76.92
Axar Patel,Varun Chakravarthy,605,715,62,163,43,33,26.94,118.18,11.53
Arpit Vasavada,Dasun Shanaka,2228,3399,105,495,195,174,22.22,152.56,32.37
Akeal Hosein,Sahan Arachchige,870,729,273,250,46,35,28.74,83.79,2.67
Sahan Arachchige,Akeal Hosein,1075,1024,185,277,52,34,25.77,95.26,5.54
Dega Nischal,Mitchell Marsh,1860,3622,109,189,278,199,10.16,194.73,33.23
Dega Nischal,Axar Patel,1621,3341,94,128,226,204,7.9,206.11,35.54
Brian Bennett,Kagiso Rabada,8203,11593,132,862,390,290,10.51,141.33,87.83
Mayank Agarwal,Kagiso Rabada,6700,8499,212,763,196,155,11.39,126.85,40.09
James Rew,Kagiso Rabada,2982,4482,113,443,203,182,14.86,150.3,39.66
James Rew,Harsh Dubey,5521,7574,240,1128,343,308,20.43,137.19,31.56
Jitesh Sharma,Anshul Kamboj,1215,1531,151,236,75,64,19.42,126.01,10.14
Jitesh Sharma,Harsh Dubey,1167,1590,90,258,92,69,22.11,136.25,17.67
Brian Bennett,Suryansh Shedge,1779,3982,49,129,264,262,7.25,223.83,81.27
Jitesh Sharma,Suryansh Shedge,839,1515,79,106,108,83,12.63,180.57,19.18
Jitesh Sharma,Donovan Ferreira,1098,1769,85,232,120,106,21.13,161.11,20.81
Hardik Pandya,Donovan Ferreira,1538,3171,45,160,235,185,10.4,206.18,70.47
Hardik Pandya,Shardul Thakur,1513,3049,164,114,250,175,7.53,201.52,18.59
Brian Bennett,Shardul Thakur,1761,3904,102,132,298,246,7.5,221.69,38.27
Hardik Pandya,Suryansh Shedge,1400,2766,103,119,192,164,8.5,197.57,26.85
Hardik Pandya,Krunal Pandya,2209,4498,141,255,332,282,11.54,203.62,31.9
Bipin Saurabh,Donovan Ferreira,1099,2074,45,147,139,120,13.38,188.72,46.09
Bipin Saurabh,Shardul Thakur,1330,2539,156,153,208,145,11.5,190.9,16.28
Seekkuge Prasanna,Shardul Thakur,868,1586,137,102,125,96,11.75,182.72,11.58
Harpreet Brar,Harsh Dubey,230,359,49,25,26,19,10.87,156.09,7.33
Harpreet Brar,Shardul Thakur,475,798,126,42,58,53,8.84,168.0,6.33
Finn Allen,Yuzvendra Chahal,6328,10169,164,246,423,308,3.89,160.7,62.01
Rohit Sharma,Yuzvendra Chahal,6616,10376,155,346,405,313,5.23,156.83,66.94
Finn Allen,Tanay Thyagarajan,6540,9686,195,476,359,254,7.28,148.1,49.67
Rohit Sharma,Tanay Thyagarajan,6458,8747,212,639,256,202,9.89,135.44,41.26
Finn Allen,Harpreet Brar,7329,10787,249,386,363,261,5.27,147.18,43.32
Rohit Sharma,Harpreet Brar,7442,10579,223,493,356,225,6.62,142.15,47.44
Kumar Kushagra,Harpreet Brar,3506,4517,183,694,183,141,19.79,128.84,24.68
Kumar Kushagra,Tanay Thyagarajan,3407,4578,118,771,213,180,22.63,134.37,38.8
Krunal Pandya,Tanay Thyagarajan,1592,2124,113,398,104,106,25.0,133.42,18.8
Krunal Pandya,Harpreet Brar,1994,2560,121,453,123,99,22.72,128.39,21.16
Rohit Sharma,Hardik Pandya,2018,4182,123,147,266,263,7.28,207.23,34.0
Krunal Pandya,Hardik Pandya,3523,6133,171,684,408,366,19.42,174.08,35.87
Naman Dhir,Seekkuge Prasanna,2952,3814,381,888,252,220,30.08,129.2,10.01
Donovan Ferreira,Hardik Pandya,2381,4460,208,319,337,255,13.4,187.32,21.44
Suryansh Shedge,Seekkuge Prasanna,1763,2693,283,361,177,168,20.48,152.75,9.52
Harsh Dubey,Seekkuge Prasanna,1380,908,437,444,55,29,32.17,65.8,2.08
Harsh Dubey,Hardik Pandya,735,509,243,236,38,19,32.11,69.25,2.09
Donovan Ferreira,Harpreet Brar,511,699,69,67,40,28,13.11,136.79,10.13
Harsh Dubey,Harpreet Brar,400,388,103,88,17,15,22.0,97.0,3.77
Donovan Ferreira,Tanay Thyagarajan,397,666,45,54,38,39,13.6,167.76,14.8
Saransh Jain,Dian Forrester,925,956,55,174,10,7,18.81,103.35,17.38
Shahbaz Ahmed,Jasprit Bumrah,346,547,19,57,29,28,16.47,158.09,28.79
Saransh Jain,Praveen Jayawickrama,489,545,17,76,7,4,15.54,111.45,32.06
Sdnv Prasad,Shahbaz Ahmed,2663,5725,82,280,419,353,10.51,214.98,69.82
Sdnv Prasad,Saransh Jain,2772,5179,95,512,377,311,18.47,186.83,54.52
Kartik Sharma,Chamika Gunasekara,2569,4622,116,376,273,272,14.64,179.91,39.84
Rinku Singh,Sahan Arachchige,3213,5431,365,547,407,308,17.02,169.03,14.88
Rinku Singh,Dasun Shanaka,2887,6031,134,285,460,355,9.87,208.9,45.01
Axar Patel,Josh Tongue,528,605,83,137,34,30,25.95,114.58,7.29
Akeal Hosein,Josh Tongue,163,160,46,44,7,12,26.99,98.16,3.48
Akeal Hosein,Varun Chakravarthy,250,193,78,71,11,8,28.4,77.2,2.47
Abhimanyu Easwaran,Akeal Hosein,1860,2914,128,340,182,153,18.28,156.67,22.77
Abhimanyu Easwaran,Axar Patel,1935,3925,97,232,261,255,11.99,202.84,40.46
Seekkuge Prasanna,Avinov Choudhary,465,754,66,86,68,37,18.49,162.15,11.42
Hardik Pandya,Raj Limbani,565,1063,56,51,80,55,9.03,188.14,18.98
Tim Seifert,Ashish Singh,3122,4354,66,316,113,116,10.12,139.46,65.97
Smaran Ravichandra,Ashish Singh,3188,4218,60,484,154,100,15.18,132.31,70.3
Smaran Ravichandra,Binura Fernando,3288,4246,78,480,123,99,14.6,129.14,54.44
Tim Seifert,Binura Fernando,3240,4366,85,345,142,85,10.65,134.75,51.36
Rahul Tripathi,Ashish Singh,1162,1487,48,262,50,62,22.55,127.97,30.98
Rahul Tripathi,Binura Fernando,1117,1291,68,233,52,28,20.86,115.58,18.99
Rahul Tripathi,Mitchell Marsh,835,1357,48,213,88,86,25.51,162.51,28.27
Tim Seifert,Mitchell Marsh,758,1479,34,116,99,88,15.3,195.12,43.5
Tim Seifert,Auqib Nabi,691,1386,52,59,97,81,8.54,200.58,26.65
Rahul Tripathi,Auqib Nabi,782,1367,62,144,93,84,18.41,174.81,22.05
Ankit Kumar,Auqib Nabi,689,1362,91,70,98,93,10.16,197.68,14.97
Cameron Green,Auqib Nabi,885,1383,99,184,113,68,20.79,156.27,13.97
Cameron Green,Binura Fernando,316,460,21,85,34,23,26.9,145.57,21.9
Cameron Green,Ashish Singh,263,401,26,53,26,22,20.15,152.47,15.42
David Warner,Sonny Baker,3344,4276,65,181,59,22,5.41,127.87,65.78
Venkatesh Iyer,Sonny Baker,3191,4045,64,193,66,12,6.05,126.76,63.2
David Warner,Anshul Kamboj,3368,4244,59,189,55,14,5.61,126.01,71.93
Venkatesh Iyer,Anshul Kamboj,3101,3893,59,158,60,6,5.1,125.54,65.98
David Warner,Ashok Sharma,1214,2415,54,168,156,161,13.84,198.93,44.72
Venkatesh Iyer,Ashok Sharma,981,1837,44,132,115,107,13.46,187.26,41.75
Venkatesh Iyer,Kranthi Kumar,1040,1405,68,290,97,67,27.88,135.1,20.66
David Warner,Kranthi Kumar,1119,1462,56,359,86,86,32.08,130.65,26.11
Venkatesh Iyer,Nitish Kumar Reddy,1064,2187,42,108,154,131,10.15,205.55,52.07
Mitchell Marsh,Nitish Kumar Reddy,896,1889,35,97,115,125,10.83,210.83,53.97
David Warner,Nitish Kumar Reddy,1082,2149,37,128,166,122,11.83,198.61,58.08
Mitchell Marsh,Corbin Bosch,804,1347,81,154,86,87,19.15,167.54,16.63
Matt Short,Corbin Bosch,719,1146,68,146,82,61,20.31,159.39,16.85
Shubham Dubey,Corbin Bosch,687,754,70,212,39,38,30.86,109.75,10.77
Shubham Dubey,Cameron Green,691,870,43,197,48,43,28.51,125.9,20.23
Luhan dre pretorious,Cameron Green,310,445,27,64,31,21,20.65,143.55,16.48
Matt Short,Cameron Green,571,1101,23,91,88,61,15.94,192.82,47.87
Rishabh Pant,Corbin Bosch,277,339,49,63,26,15,22.74,122.38,6.92
Luhan dre pretorious,Corbin Bosch,413,543,80,89,37,31,21.55,131.48,6.79
Rishabh Pant,Kranthi Kumar,322,341,64,86,24,14,26.71,105.9,5.33
Luhan dre pretorious,Kranthi Kumar,406,407,70,119,24,19,29.31,100.25,5.81
Auqib Nabi,Kranthi Kumar,240,251,55,58,19,9,24.17,104.58,4.56
Rishabh Pant,Cameron Green,234,332,33,51,18,21,21.79,141.88,10.06
Auqib Nabi,Cameron Green,180,262,14,35,11,13,19.44,145.56,18.71
Auqib Nabi,Ashok Sharma,260,309,47,58,15,14,22.31,118.85,6.57
Mohammed Shami,Ashok Sharma,151,103,44,55,6,5,36.42,68.21,2.34
Ashish Singh,Ashok Sharma,219,219,25,46,5,5,21.0,100.0,8.76
Rishabh Pant,Nitish Kumar Reddy,203,310,18,41,21,16,20.2,152.71,17.22
Binura Fernando,Nitish Kumar Reddy,94,98,12,6,2,0,6.38,104.26,8.17
Rishabh Pant,Ashok Sharma,301,429,61,42,21,26,13.95,142.52,7.03
Binura Fernando,Ashok Sharma,151,153,14,14,0,0,9.27,101.32,10.93
Binura Fernando,Corbin Bosch,131,137,11,17,1,1,12.98,104.58,12.45
Binura Fernando,Sonny Baker,194,235,14,14,2,1,7.22,121.13,16.79
Rishabh Pant,Sonny Baker,137,159,31,20,9,5,14.6,116.06,5.13
Binura Fernando,Anshul Kamboj,383,427,26,33,3,2,8.62,111.49,16.42
Shubman Gill,Mohammed Shami,10314,15388,246,800,564,450,7.76,149.2,62.55
Shubman Gill,Dushan Hemantha,6039,8915,176,704,365,300,11.66,147.62,50.65
Ruturaj Gaikwad,Dushan Hemantha,6365,9363,147,782,363,333,12.29,147.1,63.69
Ruchit Ahir,Akeal Hosein,3183,5051,143,560,299,246,17.59,158.69,35.32
Ruchit Ahir,Dushan Hemantha,3140,4755,194,517,269,205,16.46,151.43,24.51
Ruchit Ahir,Mohammed Shami,2890,5092,91,284,291,237,9.83,176.19,55.96
Ruchit Ahir,Lasith Embuldeniya,3147,4220,122,812,216,194,25.8,134.1,34.59
Heinrich Klaasen,Dushan Hemantha,955,1159,107,273,61,65,28.59,121.36,10.83
Sarfaraz Khan,Dushan Hemantha,684,1274,53,84,86,77,12.28,186.26,24.04
Venkatesh Iyer,Vidwath Kaverappa,5747,9668,121,382,450,371,6.65,168.23,79.9
David Warner,Vidwath Kaverappa,6236,10995,104,423,571,461,6.78,176.31,105.72
Venkatesh Iyer,Mohsin Khan,5756,9469,140,481,451,360,8.36,164.51,67.64
David Warner,Mohsin Khan,6123,9846,150,599,468,362,9.78,160.8,65.64
Venkatesh Iyer,Matthew Forde,5557,9076,127,419,402,344,7.54,163.33,71.46
David Warner,Matthew Forde,6106,9851,116,639,463,394,10.47,161.33,84.92
Venkatesh Iyer,Yash Thakur,5099,8473,163,479,445,341,9.39,166.17,51.98
David Warner,Yash Thakur,5629,9622,162,476,471,428,8.46,170.94,59.4
David Warner,Akash Deep,6089,10136,140,553,521,388,9.08,166.46,72.4
Venkatesh Iyer,Akash Deep,5572,9243,183,449,457,365,8.06,165.88,50.51
Washington Sundar,Vidwath Kaverappa,650,1255,30,65,82,75,10.0,193.08,41.83
Shubham Agarwal,Mohsin Khan,317,263,75,113,15,13,35.65,82.97,3.51
Shubham Agarwal,Yash Thakur,469,423,105,156,20,22,33.26,90.19,4.03
Theesan Vithushan,Yash Thakur,276,221,92,89,15,11,32.25,80.07,2.4
Theesan Vithushan,Matthew Forde,222,132,59,92,11,3,41.44,59.46,2.24
Lahiru Udara,Chamika Gunasekara,744,1153,64,100,78,50,13.44,154.97,18.02
Lahiru Udara,Charith Asalanka,368,852,12,27,64,55,7.34,231.52,71.0
Lahiru Udara,Dasun Shanaka,400,797,53,42,61,53,10.5,199.25,15.04
Nitish Rana,Dasun Shanaka,776,1586,57,95,118,103,12.24,204.38,27.82
Jos Buttler,Dasun Shanaka,3116,7035,175,270,568,439,8.66,225.77,40.2
Nitish Rana,Charith Asalanka,741,1528,29,79,114,88,10.66,206.21,52.69
Avesh Khan,Dasun Shanaka,247,268,23,30,4,1,12.15,108.5,11.65
Sai Sudharsan,Axar Patel,2452,5070,89,261,375,296,10.64,206.77,56.97
Jos Buttler,Axar Patel,1129,2325,73,207,180,157,18.33,205.93,31.85
Kunal Chandela,Axar Patel,913,1827,63,135,150,111,14.79,200.11,29.0
Mitchell Santner,Axar Patel,423,796,18,83,69,39,19.62,188.18,44.22
Rinku Singh,Mohammed Siraj,747,1275,51,142,84,78,19.01,170.68,25.0
Sanvir Singh,Prasidh Krishna,361,677,63,26,46,45,7.2,187.53,10.75
Dega Nischal,Khaleel Ahmed,3122,4428,59,246,137,99,7.88,141.83,75.05
Yashasvi Jaiswal,Khaleel Ahmed,3169,4481,65,301,131,117,9.5,141.4,68.94
Dega Nischal,Jason Holder,663,1342,59,65,112,77,9.8,202.41,22.75
Yashasvi Jaiswal,Jason Holder,733,1389,59,86,88,89,11.73,189.5,23.54
Yashasvi Jaiswal,Sam Curran,695,1430,58,43,101,89,6.19,205.76,24.66
Dega Nischal,Sam Curran,593,1067,54,63,83,55,10.62,179.93,19.76
Ryan Rickelton,Jason Holder,900,1626,68,112,101,100,12.44,180.67,23.91
Dhruv Jurel,Jason Holder,984,1756,68,159,128,101,16.16,178.46,25.82
Suryakumar Yadav,Jason Holder,970,1697,79,159,129,93,16.39,174.95,21.48
Suryakumar Yadav,Sam Curran,910,1774,52,138,136,105,15.16,194.95,34.12
Charith Asalanka,Sam Curran,504,711,67,111,56,33,22.02,141.07,10.61
Priyansh Arya,Josh Tongue,1997,2813,106,139,89,71,6.96,140.86,26.54
Priyansh Arya,Duan Jansen,1934,2727,91,152,80,73,7.86,141.0,29.97
Kishan Lyngdoh,Duan Jansen,1869,2512,67,435,103,119,23.27,134.4,37.49
Kishan Lyngdoh,Chamika Gunasekara,1824,2495,66,363,123,98,19.9,136.79,37.8
Priyansh Arya,Chamika Gunasekara,2083,2949,97,127,95,67,6.1,141.57,30.4
Kishan Lyngdoh,Josh Tongue,1837,2600,61,380,130,108,20.69,141.54,42.62
Priyansh Arya,Vasuki Koushik,1940,2728,73,208,105,70,10.72,140.62,37.37
Kishan Lyngdoh,Vasuki Koushik,1801,2227,54,468,96,90,25.99,123.65,41.24
Virat Singh,Duan Jansen,782,1179,81,158,66,68,20.2,150.77,14.56
Virat Singh,Vasuki Koushik,727,898,72,193,52,44,26.55,123.52,12.47
Harry Brook,Vasuki Koushik,714,1124,68,150,90,58,21.01,157.42,16.53
Kishan Lyngdoh,Charith Asalanka,744,1701,20,61,138,103,8.2,228.63,85.05
Kishan Lyngdoh,Dasun Shanaka,786,1600,40,116,133,94,14.76,203.56,40.0
Ryan Rickelton,Gurinder Singh,771,1173,25,40,46,28,5.19,152.14,46.92
Suryakumar Yadav,Joel Davies,658,1075,27,159,75,64,24.16,163.37,39.81
Charith Asalanka,Nimesh Vimukthi,319,506,35,74,36,32,23.2,158.62,14.46
Charith Asalanka,Sai Kishore,306,572,16,44,47,27,14.38,186.93,35.75
Joel Davies,Dasun Shanaka,205,378,12,31,28,21,15.12,184.39,31.5
Joel Davies,Charith Asalanka,185,364,10,22,34,19,11.89,196.76,36.4
Donovan Ferreira,Jasprit Bumrah,972,1610,85,168,109,89,17.28,165.64,18.94
Suryansh Shedge,Jasprit Bumrah,436,561,51,110,29,27,25.23,128.67,11.0
Suryansh Shedge,Noor Ahmad,470,665,40,94,39,30,20.0,141.49,16.62
Donovan Ferreira,Noor Ahmad,739,1361,47,95,83,82,12.86,184.17,28.96
Suryansh Shedge,Athisayaraj Davidson,440,565,49,117,37,27,26.59,128.41,11.53
Donovan Ferreira,Athisayaraj Davidson,725,1123,62,126,84,46,17.38,154.9,18.11
Shardul Thakur,Atit Sheth,837,827,118,243,40,28,29.03,98.81,7.01
Kagiso Rabada,Atit Sheth,561,588,50,76,5,2,13.55,104.81,11.76
Kagiso Rabada,Raj Angad Bawa,499,543,29,62,4,1,12.42,108.82,18.72
Glenn Phillips,Kagiso Rabada,2572,3890,102,394,192,156,15.32,151.24,38.14
Abhishek Sharma,Kagiso Rabada,897,1537,85,80,99,73,8.92,171.35,18.08
Raj Angad Bawa,Anshul Kamboj,347,440,72,80,32,22,23.05,126.8,6.11
Raj Angad Bawa,Kagiso Rabada,360,453,48,108,28,27,30.0,125.83,9.44
Raj Angad Bawa,Krunal Pandya,1350,2459,111,283,203,149,20.96,182.15,22.15
Raj Angad Bawa,Suryansh Shedge,791,1486,45,147,138,76,18.58,187.86,33.02
Lalit Yadav,Suryansh Shedge,938,2004,38,67,151,115,7.14,213.65,52.74
Raj Angad Bawa,Shardul Thakur,1011,1660,203,167,136,99,16.52,164.19,8.18
Lalit Yadav,Shardul Thakur,1348,2810,92,117,208,174,8.68,208.46,30.54
Raj Angad Bawa,Donovan Ferreira,897,1551,46,211,98,104,23.52,172.91,33.72
Yashvardhan Dalal,Will Jacks,2418,4444,70,486,293,285,20.1,183.79,63.49
Sai Sudharsan,Shubham Agarwal,3691,6319,203,745,450,369,20.18,171.2,31.13
Salil Arora,Shubham Agarwal,1338,2539,123,218,218,146,16.29,189.76,20.64
Salil Arora,Washington Sundar,1293,2935,78,118,246,186,9.13,226.99,37.63
Shreyas Iyer,CV Stephen,961,1845,45,66,128,84,6.87,191.99,41.0
Devdutt Padikkal,CV Stephen,2223,3068,47,137,78,45,6.16,138.01,65.28
Devdutt Padikkal,Malinda Pushpakumara,2355,3179,60,125,69,42,5.31,134.99,52.98
Lahiru Udara,Duvindu Tillakaratne,734,1415,20,96,107,76,13.08,192.78,70.75
Sai Sudharsan,Bhuvneshwar Kumar,1449,2127,85,244,114,88,16.84,146.79,25.02
Lahiru Udara,Bhuvneshwar Kumar,553,723,74,98,54,26,17.72,130.74,9.77
Lahiru Udara,Will Jacks,769,1771,38,41,151,100,5.33,230.3,46.61
Lahiru Udara,Washington Sundar,833,1956,55,57,172,120,6.84,234.81,35.56
Jos Buttler,Bhuvneshwar Kumar,430,660,36,128,46,42,29.77,153.49,18.33
Prasidh Krishna,Manav Suthar,20,20,6,7,2,1,35.0,100.0,3.33
Avesh Khan,Manav Suthar,18,12,6,2,0,0,11.11,66.67,2.0
Mohammed Siraj,Manav Suthar,22,23,2,4,0,0,18.18,104.55,11.5
Virat Kohli,Jaydev Unadkat,2708,3994,119,195,159,108,7.2,147.49,33.56
Prabhsimran Singh,Jaydev Unadkat,2751,4096,106,222,162,128,8.07,148.89,38.64
Virat Kohli,Avesh Khan,2626,4230,80,139,182,133,5.29,161.08,52.88
David Miller,Liam Livingstone,2583,4938,176,384,365,295,14.87,191.17,28.06
Will Jacks,Mohammed Siraj,454,677,48,97,31,45,21.37,149.12,14.1
Washington Sundar,Mohammed Siraj,749,1288,63,131,85,74,17.49,171.96,20.44
Ankit Kumar,Nathan Ellis,776,1240,81,115,81,65,14.82,159.79,15.31
Ankit Kumar,Tripuresh Singh,840,945,103,239,38,51,28.45,112.5,9.17
Cameron Green,Tripuresh Singh,628,651,57,212,35,29,33.76,103.66,11.42
Cameron Green,Nathan Ellis,690,1047,72,155,68,61,22.46,151.74,14.54
Nitish Kumar Reddy,Tripuresh Singh,404,488,46,137,32,30,33.91,120.79,10.61
Nitish Kumar Reddy,Nathan Ellis,393,595,51,93,44,37,23.66,151.4,11.67
Cameron Green,Lance Morris,628,869,45,167,61,42,26.59,138.38,19.31
Nitish Kumar Reddy,Arshdeep Singh,408,804,37,59,65,48,14.46,197.06,21.73
Cameron Green,Arshdeep Singh,623,966,47,126,56,56,20.22,155.06,20.55
Nitish Kumar Reddy,Lance Morris,451,604,46,128,47,27,28.38,133.92,13.13
Nitish Kumar Reddy,Hardik Pandya,625,1200,46,88,84,73,14.08,192.0,26.09
Cameron Green,Hardik Pandya,731,1289,53,135,99,75,18.47,176.33,24.32
Kranthi Kumar,Arshdeep Singh,308,507,25,52,35,27,16.88,164.61,20.28
Kranthi Kumar,Hardik Pandya,619,1086,46,104,85,55,16.8,175.44,23.61
Corbin Bosch,Hardik Pandya,511,580,27,156,28,25,30.53,113.5,21.48
Brian Bennett,Sonny Baker,3763,4761,61,223,88,21,5.93,126.52,78.05
James Rew,Nitish Kumar Reddy,811,1441,45,134,89,87,16.52,177.68,32.02
Mayank Agarwal,Nitish Kumar Reddy,613,947,50,129,66,54,21.04,154.49,18.94
Mayank Agarwal,Corbin Bosch,428,607,56,111,37,39,25.93,141.82,10.84
James Rew,Corbin Bosch,797,919,85,223,56,39,27.98,115.31,10.81
James Rew,Cameron Green,768,1271,43,176,71,87,22.92,165.49,29.56
Mayank Agarwal,Cameron Green,646,1095,44,144,77,66,22.29,169.5,24.89
James Rew,Ashok Sharma,816,1346,89,165,87,90,20.22,164.95,15.12
Lance Morris,Kranthi Kumar,243,162,77,87,7,10,35.8,66.67,2.1
Lance Morris,Nitish Kumar Reddy,122,81,37,44,6,4,36.07,66.39,2.19
Arshdeep Singh,Ashok Sharma,218,133,68,76,7,4,34.86,61.01,1.96
Tripuresh Singh,Ashok Sharma,296,382,34,9,10,7,3.04,129.05,11.24
Donovan Ferreira,CV Stephen,461,991,63,36,96,57,7.81,214.97,15.73
Donovan Ferreira,Malinda Pushpakumara,432,770,87,35,69,42,8.1,178.24,8.85
Krunal Pandya,Malinda Pushpakumara,733,1198,69,112,91,56,15.28,163.44,17.36
Vaibhav Suryavanshi,Prashant Veer,2469,5118,123,333,370,325,13.49,207.29,41.61
Vaibhav Suryavanshi,Krunal Pandya,4671,11244,139,193,849,715,4.13,240.72,80.89
Vaibhav Suryavanshi,Donovan Ferreira,4135,10188,111,88,783,651,2.13,246.38,91.78
Liam Livingstone,Prashant Veer,817,1458,60,163,102,87,19.95,178.46,24.3
Liam Livingstone,Nishan Peiris,262,494,31,41,37,31,15.65,188.55,15.94
Jos Buttler,Prashant Veer,1656,2788,107,376,199,167,22.71,168.36,26.06
Jos Buttler,Krunal Pandya,3030,6171,192,394,506,362,13.0,203.66,32.14
Krunal Pandya,Sunil Narine,3749,5762,177,941,404,308,25.1,153.69,32.55
Krunal Pandya,CV Stephen,705,1260,53,87,92,62,12.34,178.72,23.77
Sai Sudharsan,Shahbaz Ahmed,2490,5529,98,166,392,350,6.67,222.05,56.42
Yashvardhan Dalal,Shahbaz Ahmed,2817,5708,97,373,420,341,13.24,202.63,58.85
Yashvardhan Dalal,Saransh Jain,2923,5364,94,572,388,312,19.57,183.51,57.06
Mitchell Santner,Shahbaz Ahmed,517,722,51,122,51,33,23.6,139.65,14.16
Sunil Narine,Shahbaz Ahmed,260,350,25,60,24,13,23.08,134.62,14.0
Sunil Narine,Saransh Jain,332,333,51,94,12,15,28.31,100.3,6.53
CV Stephen,Saransh Jain,256,245,30,40,3,1,15.62,95.7,8.17
CV Stephen,Shahbaz Ahmed,211,206,21,37,3,1,17.54,97.63,9.81
Smaran Ravichandra,Ismat Alam,1693,3319,60,289,248,208,17.07,196.04,55.32
Rahul Tripathi,Ismat Alam,1411,2326,113,291,156,141,20.62,164.85,20.58
Cameron Green,Dian Forrester,1337,2346,100,219,168,128,16.38,175.47,23.46
Cameron Green,Ismat Alam,1336,2246,129,298,157,142,22.31,168.11,17.41
Nitish Kumar Reddy,Dian Forrester,1004,1955,79,112,167,102,11.16,194.72,24.75
Cameron Green,Jai Moondra,272,495,15,47,36,28,17.28,181.99,33.0
Kranthi Kumar,Jai Moondra,97,126,11,13,4,4,13.4,129.9,11.45
Kranthi Kumar,Arzan Nagwaswalla,141,198,23,27,12,12,19.15,140.43,8.61
Corbin Bosch,Arzan Nagwaswalla,208,222,17,59,10,6,28.37,106.73,13.06
Cameron Green,Arzan Nagwaswalla,277,393,31,70,29,21,25.27,141.88,12.68
Abhishek Sharma,Kranthi Kumar,794,1195,79,175,86,63,22.04,150.5,15.13
Abhishek Sharma,Corbin Bosch,607,1032,63,83,73,57,13.67,170.02,16.38
Sdnv Prasad,Corbin Bosch,769,1273,39,169,89,71,21.98,165.54,32.64
Sdnv Prasad,Nitish Kumar Reddy,669,1063,21,152,71,54,22.72,158.89,50.62
Ismat Alam,Nitish Kumar Reddy,150,147,29,38,11,4,25.33,98.0,5.07
Ismat Alam,Cameron Green,198,200,44,69,17,10,34.85,101.01,4.55
Sdnv Prasad,Cameron Green,597,1041,27,121,66,65,20.27,174.37,38.56
Sdnv Prasad,Ashok Sharma,714,1250,55,110,78,77,15.41,175.07,22.73
Jai Moondra,Ashok Sharma,109,95,35,31,9,4,28.44,87.16,2.71
Arzan Nagwaswalla,Ashok Sharma,102,111,7,15,0,2,14.71,108.82,15.86
Arzan Nagwaswalla,Corbin Bosch,73,78,9,10,0,2,13.7,106.85,8.67
Arzan Nagwaswalla,Anshul Kamboj,286,313,32,24,1,4,8.39,109.44,9.78
Sdnv Prasad,Anshul Kamboj,444,730,21,60,55,26,13.51,164.41,34.76
Arzan Nagwaswalla,Sonny Baker,160,180,9,12,1,0,7.5,112.5,20.0
Sdnv Prasad,Sonny Baker,461,921,19,47,64,52,10.2,199.78,48.47
Mitchell Starc,Vishen Halambage,417,135,137,204,5,4,48.92,32.37,0.99
Mitchell Starc,Harpreet Brar,223,104,76,98,4,6,43.95,46.64,1.37
Adam Zampa,Harpreet Brar,411,433,39,41,2,0,9.98,105.35,11.1
Yuvraj Chaudhary,Dushan Hemantha,400,518,33,101,31,22,25.25,129.5,15.7
Sonal Dinusha,Dushan Hemantha,191,217,8,40,7,2,20.94,113.61,27.12
Yash Dhull,Dian Forrester,769,1488,43,98,125,77,12.74,193.5,34.6
Yash Dhull,Ismat Alam,850,1342,67,245,82,91,28.82,157.88,20.03
Craig Overton,Dian Forrester,429,563,61,148,46,33,34.5,131.24,9.23
Mayank Yadav,Jasprit Bumrah,45,37,12,14,2,2,31.11,82.22,3.08
Umesh Yadav,Jasprit Bumrah,89,89,10,20,2,1,22.47,100.0,8.9
Jasprit Bumrah,Craig Overton,99,89,18,20,1,2,20.2,89.9,4.94
Jasprit Bumrah,Mridul Surroch,436,400,72,84,5,6,19.27,91.74,5.56
Jasprit Bumrah,Mohamed Shiraz,64,66,7,8,0,1,12.5,103.12,9.43
Jasprit Bumrah,Umesh Yadav,57,46,12,16,2,1,28.07,80.7,3.83
Arzan Nagwaswalla,Umesh Yadav,55,58,6,7,1,0,12.73,105.45,9.67
Rinku Singh,Noor Ahmad,1529,2673,56,275,190,145,17.99,174.82,47.73
Rinku Singh,Atit Sheth,1750,3244,236,215,273,186,12.29,185.37,13.75
Rinku Singh,Raj Angad Bawa,1675,3417,83,233,297,191,13.91,204.0,41.17
Arpit Vasavada,Raj Angad Bawa,1078,1360,45,324,77,60,30.06,126.16,30.22
Lasith Embuldeniya,Raj Angad Bawa,397,352,41,99,4,3,24.94,88.66,8.59
Rinku Singh,Arzan Nagwaswalla,1622,2476,121,350,147,140,21.58,152.65,20.46
Lasith Embuldeniya,Atit Sheth,454,417,71,89,7,6,19.6,91.85,5.87
Karun Nair,Axar Patel,1464,2323,70,341,145,132,23.29,158.67,33.19
Karun Nair,Mitchell Marsh,1228,1789,98,317,126,92,25.81,145.68,18.26
Jitesh Sharma,Josh Tongue,1573,1987,218,323,113,93,20.53,126.32,9.11
Abhimanyu Easwaran,Tanay Thyagarajan,813,1150,72,166,69,56,20.42,141.45,15.97
Suryakumar Yadav,Seekkuge Prasanna,3308,5077,209,771,327,270,23.31,153.48,24.29
Josh Tongue,Seekkuge Prasanna,679,405,225,229,32,9,33.73,59.65,1.8
Varun Chakravarthy,Hardik Pandya,1028,1006,135,169,13,5,16.44,97.86,7.45
Chamika Gunasekara,Hardik Pandya,888,888,69,147,3,1,16.55,100.0,12.87
Chamika Gunasekara,Seekkuge Prasanna,573,595,43,96,4,3,16.75,103.84,13.84
Suryakumar Yadav,Tanay Thyagarajan,595,959,37,90,48,52,15.13,161.18,25.92
Chamika Gunasekara,Tanay Thyagarajan,272,285,28,30,1,0,11.03,104.78,10.18
KL Rahul,Suryansh Shedge,1373,3270,40,37,245,202,2.69,238.16,81.75
Nishant Sindhu,Suryansh Shedge,684,1558,45,32,130,92,4.68,227.78,34.62
Virat Singh,Suryansh Shedge,1386,3149,79,58,240,194,4.18,227.2,39.86
Virat Singh,Shardul Thakur,1538,3261,143,75,244,205,4.88,212.03,22.8
Finn Allen,Calvin Harrison,408,1013,32,19,87,67,4.66,248.28,31.66
Kumar Kushagra,Calvin Harrison,883,1853,61,123,154,117,13.93,209.85,30.38
Shubman Gill,Mitchell Marsh,2732,5665,145,295,422,342,10.8,207.36,39.07
Karan Lal,Mitchell Marsh,1277,2677,129,106,193,177,8.3,209.63,20.75
Heinrich Klaasen,Axar Patel,1352,2392,131,244,195,139,18.05,176.92,18.26
Heinrich Klaasen,Mitchell Marsh,1980,3257,203,375,246,180,18.94,164.49,16.04
Marcus Stoinis,Axar Patel,1119,1862,94,206,129,103,18.41,166.4,19.81
Shubman Gill,Axar Patel,1908,4124,85,136,316,246,7.13,216.14,48.52
Ottneil Baartman,Mitchell Marsh,245,206,33,53,1,1,21.63,84.08,6.24
Mohsin Khan,Axar Patel,214,226,20,22,3,1,10.28,105.61,11.3
Mohsin Khan,Akeal Hosein,313,243,66,75,3,2,23.96,77.64,3.68
Abhishek Sharma,Mitchell Marsh,1950,4108,163,179,324,258,9.18,210.67,25.2
Lalit Yadav,Akeal Hosein,998,1963,29,126,152,100,12.63,196.69,67.69
Atit Sheth,Akeal Hosein,263,421,27,26,33,14,9.89,160.08,15.59
Luhan dre pretorious,Atit Sheth,441,860,57,39,57,56,8.84,195.01,15.09
Rishabh Pant,Athisayaraj Davidson,2061,2468,179,485,100,100,23.53,119.75,13.79
Akeal Hosein,Raj Angad Bawa,307,247,83,83,9,9,27.04,80.46,2.98
Binura Fernando,Raj Angad Bawa,251,275,16,32,2,1,12.75,109.56,17.19
Arpit Vasavada,Noor Ahmad,485,668,17,127,33,34,26.19,137.73,39.29
Binura Fernando,Noor Ahmad,131,145,8,9,0,0,6.87,110.69,18.12
Binura Fernando,Arzan Nagwaswalla,184,207,12,23,5,1,12.5,112.5,17.25
Christopher Britz,Mitchell Marsh,4254,5377,134,1754,375,299,41.23,126.4,40.13
Shreyas Iyer,Adam Zampa,738,1078,19,37,40,21,5.01,146.07,56.74
Washington Sundar,Adam Zampa,364,505,36,27,21,14,7.42,138.74,14.03
Shreyas Iyer,Mitchell Starc,752,1136,25,54,48,33,7.18,151.06,45.44
Scott Curie,Mitchell Starc,492,550,39,52,2,4,10.57,111.79,14.1
Sanju Samson,Shubham Agarwal,3102,5184,225,623,338,322,20.08,167.12,23.04
Sanju Samson,Isitha Wijesundara,7134,15077,241,736,1074,953,10.32,211.34,62.56
Riyan Parag,Scott Curie,397,735,51,47,65,38,11.84,185.14,14.41
Riyan Parag,Theesan Vithushan,320,640,35,36,44,43,11.25,200.0,18.29
Ruturaj Gaikwad,Beau Webster,2897,6225,93,209,460,363,7.21,214.88,66.94
Marcus Stoinis,Beau Webster,1314,2384,133,196,175,139,14.92,181.43,17.92
Shivam Mavi,Beau Webster,354,294,143,79,21,16,22.32,83.05,2.06
Maheesh Theekshana,Mukesh Kumar,63,21,21,24,0,0,38.1,33.33,1.0
Ottneil Baartman,Mukesh Kumar,161,156,24,23,3,1,14.29,96.89,6.5
Sahan Arachchige,Mohsin Khan,1609,2022,290,269,121,87,16.72,125.67,6.97
Sahan Arachchige,Ottneil Baartman,1171,1647,203,162,93,89,13.83,140.65,8.11
Suryakumar Yadav,Ottneil Baartman,1098,1907,97,160,114,118,14.57,173.68,19.66
Josh Tongue,Shivam Mavi,159,100,54,49,7,3,30.82,62.89,1.85
Kuldeep Yadav,Shivam Mavi,160,71,56,75,4,4,46.88,44.38,1.27
Heinrich Klaasen,Chamika Gunasekara,1501,2414,161,249,152,136,16.59,160.83,14.99
Marcus Stoinis,Varun Chakravarthy,998,1533,56,221,93,86,22.14,153.61,27.38
Shivam Mavi,Sahan Arachchige,461,462,157,96,17,31,20.82,100.22,2.94
Marcus Stoinis,Sahan Arachchige,1285,2058,136,214,151,104,16.65,160.16,15.13
Shivam Mavi,Dasun Shanaka,372,358,142,69,24,18,18.55,96.24,2.52
Maheesh Theekshana,Sahan Arachchige,459,225,138,171,9,4,37.25,49.02,1.63
Ottneil Baartman,Sahan Arachchige,666,607,89,118,3,3,17.72,91.14,6.82
Mohsin Khan,Dasun Shanaka,1126,960,192,266,17,13,23.62,85.26,5.0
Dunith Wellalage,Varun Chakravarthy,673,805,36,188,40,29,27.93,119.61,22.36
Mohsin Khan,Varun Chakravarthy,412,353,74,85,4,2,20.63,85.68,4.77
Kunal Chandela,Rahul Chahar,399,866,36,34,81,48,8.52,217.04,24.06
Mitchell Santner,Rahul Chahar,276,547,15,42,45,29,15.22,198.19,36.47
Mitchell Santner,Beau Webster,491,889,35,75,67,45,15.27,181.06,25.4
Mridul Surroch,Ravi Teja,1222,2097,72,220,138,117,18.0,171.6,29.12
Beau Webster,Sunil Narine,1967,2758,121,824,245,160,41.89,140.21,22.79
Shivam Mavi,Noor Ahmad,206,141,69,61,9,5,29.61,68.45,2.04
Dunith Wellalage,Noor Ahmad,586,909,12,117,50,45,19.97,155.12,75.75
Dunith Wellalage,Athisayaraj Davidson,511,596,21,132,22,19,25.83,116.63,28.38
Maheesh Theekshana,Athisayaraj Davidson,126,76,39,48,5,3,38.1,60.32,1.95
Dunith Wellalage,Raj Angad Bawa,1170,1684,36,228,78,69,19.49,143.93,46.78
Maheesh Theekshana,Raj Angad Bawa,263,131,80,109,6,6,41.44,49.81,1.64
Ottneil Baartman,Raj Angad Bawa,461,488,56,64,2,5,13.88,105.86,8.71
Mohsin Khan,Raj Angad Bawa,350,359,30,42,1,2,12.0,102.57,11.97
Tilak Varma,Mohsin Khan,1777,3078,110,271,208,161,15.25,173.21,27.98
Ryan Rickelton,Sam Curran,870,1731,64,85,112,114,9.77,198.97,27.05
Dhruv Jurel,Sam Curran,948,1670,80,138,121,90,14.56,176.16,20.88
Charith Asalanka,Prince Yadav,113,210,13,12,15,12,10.62,185.84,16.15
Duan Jansen,Prince Yadav,72,89,15,20,8,3,27.78,123.61,5.93
Dasun Shanaka,Sam Curran,276,403,38,40,28,17,14.49,146.01,10.61
Josh Tongue,Sam Curran,128,86,37,37,3,2,28.91,67.19,2.32
Vasuki Koushik,Sam Curran,197,176,21,47,4,0,23.86,89.34,8.38
Chamika Gunasekara,Sam Curran,143,162,13,15,1,0,10.49,113.29,12.46
KL Rahul,Duan Jansen,2401,3672,85,176,136,121,7.33,152.94,43.2
KL Rahul,Vasuki Koushik,2428,3614,69,252,134,124,10.38,148.85,52.38
Harry Brook,Duan Jansen,652,1098,51,115,77,62,17.64,168.4,21.53
Shivam Dube,Duan Jansen,372,467,49,88,32,22,23.66,125.54,9.53
Shivam Dube,Vasuki Koushik,427,579,47,91,40,28,21.31,135.6,12.32
Jason Holder,Charith Asalanka,254,444,3,34,23,25,13.39,174.8,148.0
Sam Curran,Dasun Shanaka,671,1225,29,104,85,64,15.5,182.56,42.24
Jason Holder,Dasun Shanaka,347,478,36,80,28,25,23.05,137.75,13.28
Sam Curran,Charith Asalanka,583,1189,18,74,87,70,12.69,203.95,66.06
Jason Holder,Josh Tongue,142,161,28,43,11,8,30.28,113.38,5.75
Khaleel Ahmed,Josh Tongue,83,67,16,16,0,1,19.28,80.72,4.19
Sam Curran,Josh Tongue,337,436,39,84,31,18,24.93,129.38,11.18
Yashasvi Jaiswal,Prashant Veer,1731,3028,114,274,205,171,15.83,174.93,26.56
Ryan Rickelton,Prashant Veer,2248,4030,195,392,294,247,17.44,179.27,20.67
Yashasvi Jaiswal,Donovan Ferreira,3047,6609,137,146,474,385,4.79,216.9,48.24
Smaran Ravichandra,Charith Asalanka,2820,6668,68,106,486,417,3.76,236.45,98.06
Smaran Ravichandra,Dasun Shanaka,2649,5969,95,176,482,348,6.64,225.33,62.83
Ankit Kumar,Dasun Shanaka,1711,3956,129,84,326,240,4.91,231.21,30.67
Prashant Veer,Kuldeep Yadav,324,525,42,37,32,29,11.42,162.04,12.5
Salil Arora,Vaisakh Chandran,403,689,19,85,47,38,21.09,170.97,36.26
Shreyas Iyer,Yuzvendra Chahal,2393,4239,50,214,222,201,8.94,177.14,84.78
David Miller,Tanay Thyagarajan,626,986,41,170,63,63,27.16,157.51,24.05
Avinov Choudhary,Seekkuge Prasanna,366,365,41,47,4,0,12.84,99.73,8.9
Avinov Choudhary,Hardik Pandya,429,478,28,48,6,0,11.19,111.42,17.07
Avinov Choudhary,Yuzvendra Chahal,210,237,19,13,2,0,6.19,112.86,12.47
Kangabam Priyojit Singh,Mohamed Shiraz,1437,2079,74,231,98,83,16.08,144.68,28.09
Kangabam Priyojit Singh,Craig Overton,1092,2434,42,75,174,156,6.87,222.89,57.95
Brian Bennett,Craig Overton,1238,2368,33,203,164,136,16.4,191.28,71.76
Sonu Yadav,Mohamed Shiraz,100,137,13,9,7,4,9.0,137.0,10.54
Jitesh Sharma,Mohamed Shiraz,100,158,13,15,12,7,15.0,158.0,12.15
Sonu Yadav,Mayank Yadav,100,186,10,6,17,7,6.0,186.0,18.6
Jitesh Sharma,Mayank Yadav,100,137,12,15,6,5,15.0,137.0,11.42
Ashton Turner,Nathan Ellis,661,700,84,162,33,25,24.51,105.9,8.33
Mridul Surroch,Tripuresh Singh,694,890,61,216,51,53,31.12,128.24,14.59
Sairaj Patil,Tripuresh Singh,428,563,56,95,43,27,22.2,131.54,10.05
Sairaj Patil,Nathan Ellis,498,704,47,97,46,32,19.48,141.37,14.98
Sairaj Patil,Lance Morris,424,673,30,70,52,29,16.51,158.73,22.43
Sairaj Patil,Arshdeep Singh,431,820,27,40,39,56,9.28,190.26,30.37
Yuvraj Chaudhary,Arshdeep Singh,369,579,19,86,32,33,23.31,156.91,30.47
Yuvraj Chaudhary,Lance Morris,325,400,32,79,26,16,24.31,123.08,12.5
Yuvraj Chaudhary,Tripuresh Singh,312,327,31,96,15,13,30.77,104.81,10.55
Mayank Yadav,Arshdeep Singh,70,59,16,17,4,0,24.29,84.29,3.69
Mayank Yadav,Lance Morris,102,46,33,43,2,2,42.16,45.1,1.39
Umesh Yadav,Lance Morris,122,124,16,13,1,0,10.66,101.64,7.75
Mohamed Shiraz,Lance Morris,79,88,5,13,2,1,16.46,111.39,17.6
Mitchell Marsh,Sahan Arachchige,955,2041,71,102,172,124,10.68,213.72,28.75
Mitchell Marsh,Dasun Shanaka,1479,3402,83,114,290,204,7.71,230.02,40.99
Suryakumar Yadav,Akeal Hosein,584,1102,36,67,81,59,11.47,188.7,30.61
Chamika Gunasekara,Mitchell Marsh,473,473,43,77,6,1,16.28,100.0,11.0
Heinrich Klaasen,Raj Limbani,546,970,81,47,80,47,8.61,177.66,11.98
Marcus Stoinis,Avinov Choudhary,512,827,65,69,62,37,13.48,161.52,12.72
Yashvardhan Dalal,Josh Tongue,1757,2664,113,371,166,135,21.12,151.62,23.58
Mitchell Santner,Josh Tongue,368,546,50,70,41,25,19.02,148.37,10.92
Ravi Teja,Sahan Arachchige,340,288,127,82,19,16,24.12,84.71,2.27
Mohammed Siraj,Sahan Arachchige,310,198,99,101,8,7,32.58,63.87,2.0
Sunil Narine,Chamika Gunasekara,136,172,4,11,4,2,8.09,126.47,43.0
Raj Limbani,Akeal Hosein,125,134,26,9,2,2,7.2,107.2,5.15
Mitchell Marsh,Ashwin Das,4478,9174,182,474,637,567,10.59,204.87,50.41
Deepak Hooda,Mohsin Khan,4074,4953,210,646,157,92,15.86,121.58,23.59
Sdnv Prasad,Mohsin Khan,6333,10013,147,708,490,363,11.18,158.11,68.12
Christopher Britz,Akash Deep,4632,5475,122,1854,340,253,40.03,118.2,44.88
Glenn Phillips,Akash Deep,1801,3475,146,227,248,214,12.6,192.95,23.8
Abhishek Sharma,Akash Deep,1048,2242,123,84,178,144,8.02,213.93,18.23
Abhishek Sharma,Matthew Forde,1059,2323,70,107,152,165,10.1,219.36,33.19
Abhishek Sharma,Vidwath Kaverappa,1037,2358,74,71,162,162,6.85,227.39,31.86
Ruchit Ahir,Arzan Nagwaswalla,2737,3631,148,526,163,132,19.22,132.66,24.53
Ruchit Ahir,Jasprit Bumrah,2679,4033,71,389,211,149,14.52,150.54,56.8
Ruchit Ahir,Praveen Jayawickrama,2779,3397,135,642,130,130,23.1,122.24,25.16
Heinrich Klaasen,Dian Forrester,3700,7475,224,487,537,471,13.16,202.03,33.37
Matthew Forde,Jasprit Bumrah,121,128,31,22,6,3,18.18,105.79,4.13
Akash Deep,Jasprit Bumrah,105,95,32,24,4,3,22.86,90.48,2.97
Heinrich Klaasen,Praveen Jayawickrama,623,645,71,200,40,23,32.1,103.53,9.08
Akash Deep,Praveen Jayawickrama,169,106,61,48,6,4,28.4,62.72,1.74
Chris Lynn,Praveen Jayawickrama,913,1111,68,307,54,66,33.63,121.69,16.34
Chris Lynn,Jasprit Bumrah,635,993,45,131,68,52,20.63,156.38,22.07
Scott Curie,Rachin Ravindra,374,387,48,46,3,2,12.3,103.48,8.06
Deepak Hooda,Isitha Wijesundara,1755,2939,100,459,215,182,26.15,167.46,29.39
Deepak Hooda,Washington Sundar,2309,3806,181,549,269,222,23.78,164.83,21.03
Ruchit Ahir,Shahbaz Ahmed,2311,5042,102,178,392,294,7.7,218.17,49.43
Shahbaz Ahmed,Matthew Forde,708,1239,23,139,93,64,19.63,175.0,53.87
Shubman Gill,Sonny Baker,3323,4176,70,174,60,17,5.24,125.67,59.66
Ruturaj Gaikwad,Sonny Baker,1171,1536,18,72,32,17,6.15,131.17,85.33
Joel Davies,Sonny Baker,3103,3882,70,155,50,11,5.0,125.1,55.46
Joel Davies,Anshul Kamboj,3042,3764,78,151,57,5,4.96,123.73,48.26
Ishan Kishan,Anshul Kamboj,1534,2694,124,96,162,128,6.26,175.62,21.73
Ishan Kishan,Nitish Kumar Reddy,726,1467,72,49,111,82,6.75,202.07,20.38
Ruturaj Gaikwad,Nitish Kumar Reddy,1027,1955,45,142,117,129,13.83,190.36,43.44
Ishan Kishan,Cameron Green,755,1711,47,27,132,109,3.58,226.62,36.4
Ruturaj Gaikwad,Cameron Green,1108,2097,45,148,131,130,13.36,189.26,46.6
Heinrich Klaasen,Cameron Green,673,1158,45,109,89,56,16.2,172.07,25.73
Heinrich Klaasen,Corbin Bosch,638,927,72,128,59,49,20.06,145.3,12.88
Marcus Stoinis,Corbin Bosch,478,702,70,99,52,38,20.71,146.86,10.03
Heinrich Klaasen,Kranthi Kumar,722,951,88,200,50,60,27.7,131.72,10.81
Marcus Stoinis,Kranthi Kumar,610,701,90,184,38,39,30.16,114.92,7.79
Gurinder Singh,Kranthi Kumar,259,172,87,89,13,8,34.36,66.41,1.98
Gurinder Singh,Cameron Green,117,112,41,33,8,8,28.21,95.73,2.73
Sai Kishore,Cameron Green,225,260,39,74,14,19,32.89,115.56,6.67
Sai Kishore,Corbin Bosch,297,283,63,95,16,15,31.99,95.29,4.49
Dunith Wellalage,Corbin Bosch,412,455,31,126,22,17,30.58,110.44,14.68
Nimesh Vimukthi,Corbin Bosch,314,330,21,64,8,2,20.38,105.1,15.71
Dunith Wellalage,Kranthi Kumar,592,541,38,193,17,11,32.6,91.39,14.24
Nimesh Vimukthi,Kranthi Kumar,399,425,34,71,6,4,17.79,106.52,12.5
Nimesh Vimukthi,Ashok Sharma,409,400,26,69,4,1,16.87,97.8,15.38
Dunith Wellalage,Ashok Sharma,553,610,32,149,16,24,26.94,110.31,19.06
Maheesh Theekshana,Kranthi Kumar,136,135,15,16,0,0,11.76,99.26,9.0
Maheesh Theekshana,Corbin Bosch,92,82,12,17,0,0,18.48,89.13,6.83
Nimesh Vimukthi,Cameron Green,230,269,7,46,6,6,20.0,116.96,38.43
Maheesh Theekshana,Cameron Green,67,72,9,7,1,0,10.45,107.46,8.0
Tim Seifert,Gurinder Singh,3667,4811,56,198,90,29,5.4,131.2,85.91
Smaran Ravichandra,Gurinder Singh,3551,4548,39,226,82,17,6.36,128.08,116.62
Tim Seifert,Maheesh Theekshana,3589,4636,28,195,89,19,5.43,129.17,165.57
Smaran Ravichandra,Maheesh Theekshana,3670,4746,23,272,105,22,7.41,129.32,206.35
Smaran Ravichandra,Joel Davies,1461,2617,53,305,187,155,20.88,179.12,49.38
Nitish Kumar Reddy,Joel Davies,371,635,35,73,49,35,19.68,171.16,18.14
Smaran Ravichandra,Sai Kishore,1459,3370,38,51,250,204,3.5,230.98,88.68
Nitish Kumar Reddy,Sai Kishore,304,665,15,26,45,43,8.55,218.75,44.33
Nitish Kumar Reddy,Nimesh Vimukthi,362,609,17,90,49,33,24.86,168.23,35.82
Smaran Ravichandra,Nimesh Vimukthi,1506,3031,33,234,216,191,15.54,201.26,91.85
Ruturaj Gaikwad,Atit Sheth,1386,2716,98,136,217,146,9.81,195.96,27.71
Ishan Kishan,Atit Sheth,1323,3020,119,71,258,179,5.37,228.27,25.38
Ruturaj Gaikwad,Raj Angad Bawa,1456,3097,68,164,262,176,11.26,212.71,45.54
Ishan Kishan,Raj Angad Bawa,1245,2705,89,101,227,159,8.11,217.27,30.39
Finn Allen,Beau Webster,1283,2998,104,23,211,202,1.79,233.67,28.83
Mridul Surroch,Anshul Kamboj,1216,2157,77,118,130,112,9.7,177.38,28.01
Beau Webster,Anshul Kamboj,552,827,55,192,72,50,34.78,149.82,15.04
Mukul Choudhary,Donovan Ferreira,3854,7977,170,389,610,458,10.09,206.98,46.92
Beau Webster,Suryansh Shedge,1134,1685,72,429,138,103,37.83,148.59,23.4
Mukul Choudhary,Krunal Pandya,4370,9007,196,533,684,555,12.2,206.11,45.95
Beau Webster,Krunal Pandya,1606,2724,80,523,249,157,32.57,169.61,34.05
Yuvraj Chaudhary,Anshul Kamboj,531,838,44,87,61,36,16.38,157.82,19.05
Karan Lal,Liam Livingstone,1141,2560,116,27,210,156,2.37,224.36,22.07
Karan Lal,Sunil Narine,1478,2956,100,197,238,175,13.33,200.0,29.56
Karan Lal,Mitchell Santner,1423,3343,105,67,248,229,4.71,234.93,31.84
Heinrich Klaasen,Ravi Teja,638,1024,53,147,62,65,23.04,160.5,19.32
Marcus Stoinis,Ravi Teja,465,731,61,77,51,40,16.56,157.2,11.98
Shivam Mavi,Ravi Teja,105,80,42,24,5,4,22.86,76.19,1.9
Mitchell Santner,Ottneil Baartman,258,400,42,63,30,26,24.42,155.04,9.52
Mitchell Santner,Maheesh Theekshana,280,476,19,52,35,25,18.57,170.0,25.05
Matthew Forde,Shahbaz Ahmed,373,459,121,59,34,25,15.82,123.06,3.79
Yash Thakur,Shahbaz Ahmed,604,606,82,83,5,7,13.74,100.33,7.39
Rashid Khan,Yash Thakur,213,214,75,44,15,12,20.66,100.47,2.85
Shiran Fernando,Yash Thakur,170,175,15,22,1,1,12.94,102.94,11.67
Rahul Tripathi,Sahan Arachchige,2264,2921,289,624,180,175,27.56,129.02,10.11
Smaran Ravichandra,Sahan Arachchige,2638,4673,140,595,317,310,22.55,177.14,33.38
Krunal Pandya,Sahan Arachchige,2911,4474,325,600,331,230,20.61,153.69,13.77
Ravi Bishnoi,Dasun Shanaka,518,467,67,135,11,7,26.06,90.15,6.97
Nishan Peiris,Dasun Shanaka,333,356,27,48,3,3,14.41,106.91,13.19
Sarfaraz Khan,Dasun Shanaka,1478,3328,85,63,258,198,4.26,225.17,39.15
Sarfaraz Khan,Varun Chakravarthy,341,552,48,41,39,27,12.02,161.88,11.5
Akash Deep,Varun Chakravarthy,150,170,47,32,7,12,21.33,113.33,3.62
Mohsin Khan,Kuldeep Yadav,433,376,65,92,9,2,21.25,86.84,5.78
Kuldeep Yadav,Vidwath Kaverappa,189,85,68,94,9,5,49.74,44.97,1.25
Ayush Mhatre,Noor Ahmad,6289,11377,92,400,613,494,6.36,180.9,123.66
Sanju Samson,Noor Ahmad,5690,9908,114,408,497,424,7.17,174.13,86.91
Sanju Samson,Athisayaraj Davidson,6042,9044,167,660,350,310,10.92,149.69,54.16
Ayush Mhatre,Athisayaraj Davidson,6716,10041,150,830,428,338,12.36,149.51,66.94
Mukul Choudhary,Athisayaraj Davidson,3012,5045,138,407,260,260,13.51,167.5,36.56
Mukul Choudhary,Noor Ahmad,3248,5933,102,324,364,303,9.98,182.67,58.17
Mukul Choudhary,Raj Angad Bawa,1279,2848,85,109,236,177,8.52,222.67,33.51
Ayush Mhatre,Raj Angad Bawa,1282,3021,62,89,267,177,6.94,235.65,48.73
Mukul Choudhary,Atit Sheth,1313,2750,151,131,214,179,9.98,209.44,18.21
Mridul Surroch,Atit Sheth,1592,3525,188,163,295,238,10.24,221.42,18.75
Ayush Mhatre,Atit Sheth,1278,2881,110,92,236,184,7.2,225.43,26.19
Mridul Surroch,Raj Angad Bawa,1494,3289,77,170,276,201,11.38,220.15,42.71
Beau Webster,Raj Angad Bawa,1344,2479,94,367,210,161,27.31,184.45,26.37
Karan Shinde,Atit Sheth,1584,3061,138,185,227,183,11.68,193.24,22.18
Yuvraj Chaudhary,Atit Sheth,868,1408,123,151,95,86,17.4,162.21,11.45
Beau Webster,Jasprit Bumrah,984,1106,59,525,69,83,53.35,112.4,18.75
Yuvraj Chaudhary,Jasprit Bumrah,781,1115,74,158,68,53,20.23,142.77,15.07
Beau Webster,Noor Ahmad,1110,1342,48,531,105,80,47.84,120.9,27.96
Yuvraj Chaudhary,Noor Ahmad,359,564,20,87,38,30,24.23,157.1,28.2
Christopher Britz,Mukesh Kumar,8686,10247,124,1847,276,210,21.26,117.97,82.64
Karun Nair,Mukesh Kumar,6751,8495,156,874,241,138,12.95,125.83,54.46
Christopher Britz,Rahul Chahar,7970,10284,109,1694,397,294,21.25,129.03,94.35
Karun Nair,Rahul Chahar,6285,8439,135,842,270,216,13.4,134.27,62.51
Karun Nair,Lungi Ngidi,6922,8491,181,1041,221,133,15.04,122.67,46.91
Glenn Phillips,Lungi Ngidi,2431,3582,66,395,184,129,16.25,147.35,54.27
Christopher Britz,Lungi Ngidi,8598,9606,110,2067,250,158,24.04,111.72,87.33
Glenn Phillips,Mukesh Kumar,2486,4269,65,275,230,206,11.06,171.72,65.68
Glenn Phillips,Rahul Chahar,2612,4826,64,256,287,240,9.8,184.76,75.41
Abhishek Sharma,Rahul Chahar,850,1937,26,52,145,117,6.12,227.88,74.5
Abhishek Sharma,Mukesh Kumar,684,1423,46,59,92,92,8.63,208.04,30.93
Christopher Britz,Beau Webster,3324,5072,90,1060,385,267,31.89,152.59,56.36
Abhishek Sharma,Beau Webster,1679,3815,151,99,309,248,5.9,227.22,25.26
Raj Angad Bawa,Mridul Surroch,1216,2083,156,230,155,133,18.91,171.3,13.35
Lalit Yadav,Beau Webster,1470,3087,74,119,234,179,8.1,210.0,41.72
Raj Angad Bawa,Beau Webster,1167,2005,166,244,157,133,20.91,171.81,12.08
Atit Sheth,Beau Webster,783,1424,64,95,97,80,12.13,181.86,22.25
Atit Sheth,Mridul Surroch,626,1107,46,90,73,61,14.38,176.84,24.07
Atit Sheth,Akash Vasisht,780,1264,71,117,81,64,15.0,162.05,17.8
Lalit Yadav,Akash Vasisht,2680,5221,178,307,401,288,11.46,194.81,29.33
Lalit Yadav,Lungi Ngidi,473,924,24,57,70,50,12.05,195.35,38.5
Atit Sheth,Lungi Ngidi,279,459,25,27,34,18,9.68,164.52,18.36
Noor Ahmad,Lungi Ngidi,95,89,30,23,5,5,24.21,93.68,2.97
Athisayaraj Davidson,Lungi Ngidi,81,61,19,32,6,1,39.51,75.31,3.21
Lalit Yadav,Rahul Chahar,527,1119,25,46,96,57,8.73,212.33,44.76
Athisayaraj Davidson,Rahul Chahar,95,68,35,24,5,2,25.26,71.58,1.94
Jasprit Bumrah,Rahul Chahar,182,192,25,30,6,2,16.48,105.49,7.68
Arzan Nagwaswalla,Rahul Chahar,125,139,12,8,2,0,6.4,111.2,11.58
Kishan Lyngdoh,Maheesh Theekshana,895,1317,11,54,52,29,6.03,147.15,119.73
Kishan Lyngdoh,Gurinder Singh,944,1406,18,68,53,34,7.2,148.94,78.11
KL Rahul,Nimesh Vimukthi,1509,3414,40,73,254,205,4.84,226.24,85.35
Virat Singh,Nimesh Vimukthi,865,1604,47,128,114,92,14.8,185.43,34.13
Kishan Lyngdoh,Joel Davies,1568,2429,49,430,147,146,27.42,154.91,49.57
Kishan Lyngdoh,Sai Kishore,1506,3532,44,98,272,226,6.51,234.53,80.27
Sam Curran,Maheesh Theekshana,192,339,6,32,25,17,16.67,176.56,56.5
Harry Brook,Gurinder Singh,223,486,21,14,52,22,6.28,217.94,23.14
Ishan Kishan,Khaleel Ahmed,441,903,15,54,65,53,12.24,204.76,60.2
Ishan Kishan,Jason Holder,1018,1981,93,103,151,113,10.12,194.6,21.3
Ishan Kishan,Sam Curran,972,2196,55,60,162,143,6.17,225.93,39.93
Nimesh Vimukthi,Jason Holder,424,447,20,87,3,6,20.52,105.42,22.35
Nimesh Vimukthi,Khaleel Ahmed,195,214,11,26,4,0,13.33,109.74,19.45
Shubman Gill,Jaydev Unadkat,3294,4921,97,335,208,150,10.17,149.39,50.73
Ruturaj Gaikwad,Jaydev Unadkat,1872,2767,69,360,155,123,19.23,147.81,40.1
Heinrich Klaasen,Prasidh Krishna,1288,2359,110,207,175,138,16.07,183.15,21.45
Ishan Kishan,Avesh Khan,936,1854,46,76,126,103,8.12,198.08,40.3
Gurinder Singh,Liam Livingstone,155,144,58,34,14,6,21.94,92.9,2.48
Sai Kishore,Liam Livingstone,336,505,50,66,34,29,19.64,150.3,10.1
Maheesh Theekshana,Mohammed Siraj,122,106,27,29,6,1,23.77,86.89,3.93
Lahiru Udara,Nimesh Vimukthi,860,1585,52,107,109,88,12.44,184.3,30.48
Jos Buttler,Nimesh Vimukthi,807,1380,34,202,92,87,25.03,171.0,40.59
Nitish Rana,Nimesh Vimukthi,387,723,16,64,57,42,16.54,186.82,45.19
Lahiru Udara,Sai Kishore,807,1793,38,39,130,106,4.83,222.18,47.18
Nitish Rana,Sai Kishore,342,717,15,37,59,40,10.82,209.65,47.8
Lahiru Udara,Joel Davies,816,1375,61,132,93,77,16.18,168.5,22.54
Nitish Rana,Joel Davies,365,453,29,114,24,24,31.23,124.11,15.62
Kunal Chandela,Gurinder Singh,358,683,19,45,52,36,12.57,190.78,35.95
Nitish Rana,Gurinder Singh,248,518,32,15,49,27,6.05,208.87,16.19
Jaydev Unadkat,Gurinder Singh,80,49,29,17,2,0,21.25,61.25,1.69
Jaydev Unadkat,Maheesh Theekshana,99,101,31,23,5,6,23.23,102.02,3.26
Virat Kohli,Josh Tongue,7712,10599,349,586,334,234,7.6,137.44,30.37
Prabhsimran Singh,Duan Jansen,2393,3544,87,234,166,100,9.78,148.1,40.74
Virat Kohli,Duan Jansen,2317,3327,96,195,125,85,8.42,143.59,34.66
Shreyas Iyer,Vasuki Koushik,1162,1474,79,269,77,61,23.15,126.85,18.66
Devdutt Padikkal,Vasuki Koushik,1710,2477,68,309,135,95,18.07,144.85,36.43
Shreyas Iyer,Duan Jansen,1159,1906,86,155,119,98,13.37,164.45,22.16
David Miller,Duan Jansen,762,1084,72,186,63,67,24.41,142.26,15.06
David Miller,Vasuki Koushik,730,854,55,239,55,36,32.74,116.99,15.53
Will Jacks,Duan Jansen,614,924,58,127,61,46,20.68,150.49,15.93
Washington Sundar,Duan Jansen,347,413,50,85,25,19,24.5,119.02,8.26
David Miller,Charith Asalanka,707,1549,20,81,121,94,11.46,219.09,77.45
Washington Sundar,Vasuki Koushik,396,538,37,106,27,32,26.77,135.86,14.54
Manav Suthar,Dasun Shanaka,237,190,82,62,15,6,26.16,80.17,2.32
Dega Nischal,Bhuvneshwar Kumar,3452,4636,133,320,143,97,9.27,134.3,34.86
Yashasvi Jaiswal,Bhuvneshwar Kumar,3515,4893,111,364,171,125,10.36,139.2,44.08
Ryan Rickelton,Bhuvneshwar Kumar,1516,2202,124,227,109,97,14.97,145.25,17.76
Dega Nischal,Manav Suthar,3278,5176,71,207,218,169,6.31,157.9,72.9
Ryan Rickelton,Manav Suthar,1563,2782,48,194,170,139,12.41,177.99,57.96
Dega Nischal,Duvindu Tillakaratne,2814,4604,36,236,221,181,8.39,163.61,127.89
Ryan Rickelton,Duvindu Tillakaratne,1685,3353,21,176,208,194,10.45,198.99,159.67
Dhruv Jurel,Manav Suthar,868,1630,36,132,116,98,15.21,187.79,45.28
Suryakumar Yadav,Manav Suthar,417,796,16,67,50,52,16.07,190.89,49.75
Suryakumar Yadav,Duvindu Tillakaratne,490,961,5,88,73,58,17.96,196.12,192.2
Suryakumar Yadav,Will Jacks,608,1402,33,60,130,82,9.87,230.59,42.48
Suryakumar Yadav,Washington Sundar,2548,5378,88,268,429,306,10.52,211.07,61.11
Suryakumar Yadav,Theesan Vithushan,373,707,9,45,47,38,12.06,189.54,78.56
Charith Asalanka,Duvindu Tillakaratne,249,331,7,87,21,18,34.94,132.93,47.29
Deepak Hooda,Nitish Kumar Reddy,518,578,51,192,33,30,37.07,111.58,11.33
Abhishek Sharma,Nitish Kumar Reddy,748,1710,52,17,131,105,2.27,228.61,32.88
Christopher Britz,Nitish Kumar Reddy,1569,1532,40,778,108,71,49.59,97.64,38.3
Deepak Hooda,Ashok Sharma,443,530,55,133,42,24,30.02,119.64,9.64
Christopher Britz,Ashok Sharma,1780,1870,87,861,124,107,48.37,105.06,21.49
Deepak Hooda,Cameron Green,495,709,50,147,52,40,29.7,143.23,14.18
Christopher Britz,Cameron Green,1652,1688,27,804,105,88,48.67,102.18,62.52
Christopher Britz,Corbin Bosch,1576,1396,80,803,84,72,50.95,88.58,17.45
Deepak Hooda,Corbin Bosch,330,335,46,134,22,20,40.61,101.52,7.28
Glenn Phillips,Cameron Green,972,1857,50,151,114,127,15.53,191.05,37.14
Lalit Yadav,Sonny Baker,359,812,13,24,63,50,6.69,226.18,62.46
Ismat Alam,Sonny Baker,107,146,32,14,6,10,13.08,136.45,4.56
Ismat Alam,Anshul Kamboj,83,96,25,11,7,3,13.25,115.66,3.84
Ankit Kumar,Jai Moondra,463,851,32,53,48,54,11.45,183.8,26.59
Nitish Kumar Reddy,Ismat Alam,1009,1653,129,167,108,99,16.55,163.83,12.81
David Warner,Isitha Wijesundara,3377,6708,89,415,448,401,12.29,198.64,75.37
Sanvir Singh,Will Jacks,857,1649,70,87,105,101,10.15,192.42,23.56
Akeal Hosein,Scott Curie,154,156,58,25,12,7,16.23,101.3,2.69
Dushan Hemantha,Scott Curie,172,161,49,40,10,7,23.26,93.6,3.29
Dushan Hemantha,Theesan Vithushan,173,122,71,43,9,4,24.86,70.52,1.72
Lasith Embuldeniya,Theesan Vithushan,356,333,50,59,3,0,16.57,93.54,6.66
Shreyas Iyer,Dushan Hemantha,2405,4155,110,384,260,235,15.97,172.77,37.77
Brian Bennett,Ismat Alam,1873,3506,69,309,239,214,16.5,187.19,50.81
James Rew,Ismat Alam,1552,2332,129,374,138,144,24.1,150.26,18.08
Hardik Pandya,Dian Forrester,1196,2437,66,93,167,146,7.78,203.76,36.92
Hardik Pandya,Ismat Alam,1231,2146,125,177,129,139,14.38,174.33,17.17
Jitesh Sharma,Dian Forrester,655,1093,87,100,79,62,15.27,166.87,12.56
Jitesh Sharma,Ismat Alam,668,951,103,136,86,38,20.36,142.37,9.23
Sonu Yadav,Ismat Alam,715,1109,82,109,83,49,15.24,155.1,13.52
Lance Morris,Arzan Nagwaswalla,55,46,17,19,7,0,34.55,83.64,2.71
Arshdeep Singh,Arzan Nagwaswalla,60,49,15,23,4,3,38.33,81.67,3.27
Tripuresh Singh,Arzan Nagwaswalla,109,109,17,6,1,0,5.5,100.0,6.41
Abhishek Sharma,Lance Morris,2384,3327,99,207,114,83,8.68,139.56,33.61
Lalit Yadav,Tripuresh Singh,713,893,57,181,58,38,25.39,125.25,15.67
Sdnv Prasad,Tripuresh Singh,473,529,33,165,33,24,34.88,111.84,16.03
Sdnv Prasad,Lance Morris,474,564,26,163,47,19,34.39,118.99,21.69
Sdnv Prasad,Nathan Ellis,492,759,31,124,41,50,25.2,154.27,24.48
Sdnv Prasad,Hardik Pandya,877,1656,34,146,121,98,16.65,188.83,48.71
Ismat Alam,Hardik Pandya,294,314,67,93,22,18,31.63,106.8,4.69
Dian Forrester,Hardik Pandya,552,788,20,127,39,37,23.01,142.75,39.4
Dian Forrester,Tripuresh Singh,214,240,21,70,14,11,32.71,112.15,11.43
Venkatesh Iyer,Gangam Anikethreddy,5778,7510,172,863,261,186,14.94,129.98,43.66
Kartik Sharma,Shahbaz Ahmed,3056,6588,97,261,499,384,8.54,215.58,67.92
Kartik Sharma,Saransh Jain,3250,6115,127,510,447,348,15.69,188.15,48.15
James Rew,Malinda Pushpakumara,1610,2122,41,102,47,25,6.34,131.8,51.76
James Rew,CV Stephen,1615,2227,41,114,61,34,7.06,137.89,54.32
Rajat Patidar,Liam Livingstone,2177,4300,183,239,292,284,10.98,197.52,23.5
Vishen Halambage,Mitchell Santner,1026,1699,90,170,118,93,16.57,165.59,18.88
Ravindra Jadeja,Mitchell Santner,455,730,17,110,48,43,24.18,160.44,42.94
Aneurin Donald,Malinda Pushpakumara,562,1192,26,69,101,68,12.28,212.1,45.85
Aneurin Donald,CV Stephen,633,1293,42,75,98,77,11.85,204.27,30.79
Salil Arora,Seekkuge Prasanna,2161,3068,267,547,219,179,25.31,141.97,11.49
Kunal Chandela,Ravindra Jadeja,2002,3366,125,381,243,178,19.03,168.13,26.93
Sunil Narine,Vishen Halambage,499,375,102,164,16,13,32.87,75.15,3.68
Sunil Narine,Ravindra Jadeja,596,591,88,172,17,30,28.86,99.16,6.72
Mitchell Santner,Ravindra Jadeja,1096,1293,56,382,78,56,34.85,117.97,23.09
Mitchell Santner,Vishen Halambage,1080,969,138,441,58,45,40.83,89.72,7.02
CV Stephen,Vishen Halambage,433,349,71,100,3,1,23.09,80.6,4.92
CV Stephen,Seekkuge Prasanna,454,389,64,99,0,3,21.81,85.68,6.08
CV Stephen,Ravindra Jadeja,483,444,75,83,4,3,17.18,91.93,5.92
Malinda Pushpakumara,Ravindra Jadeja,383,403,36,54,2,4,14.1,105.22,11.19
Malinda Pushpakumara,Harpreet Brar,457,475,33,65,2,0,14.22,103.94,14.39
Malinda Pushpakumara,Yuzvendra Chahal,505,565,35,47,2,2,9.31,111.88,16.14
Mitchell Santner,Yuzvendra Chahal,948,1472,85,162,106,62,17.09,155.27,17.32
David Miller,Rahul Chahar,541,1118,29,61,84,70,11.28,206.65,38.55
Raj Limbani,Akash Vasisht,231,254,38,25,8,3,10.82,109.96,6.68
Raj Limbani,Mridul Surroch,273,315,39,24,14,2,8.79,115.38,8.08
Raj Limbani,Lungi Ngidi,156,195,16,20,2,6,12.82,125.0,12.19
Raj Limbani,Mukesh Kumar,172,191,23,12,4,2,6.98,111.05,8.3
Harry Brook,Mohammed Siraj,1675,2901,131,220,180,165,13.13,173.19,22.15
Rashid Khan,Ravi Teja,119,94,44,32,3,6,26.89,78.99,2.14
Prasidh Krishna,Rashid Khan,196,148,51,43,3,2,21.94,75.51,2.9
Sunil Narine,Shiran Fernando,238,310,29,27,10,11,11.34,130.25,10.69
Kuldeep Yadav,Gangam Anikethreddy,406,115,137,214,7,4,52.71,28.33,0.84
Washington Sundar,Varun Chakravarthy,647,1078,66,97,52,68,14.99,166.62,16.33
Shivam Dube,Ravindra Jadeja,2061,3535,137,332,233,204,16.11,171.52,25.8
Shahbaz Ahmed,Vishen Halambage,1855,2092,202,553,111,94,29.81,112.78,10.36
Shahbaz Ahmed,Seekkuge Prasanna,2005,2181,187,641,123,90,31.97,108.78,11.66
Gangam Anikethreddy,Ravindra Jadeja,624,349,179,262,21,11,41.99,55.93,1.95
Saransh Jain,Ravindra Jadeja,1290,1327,80,244,14,10,18.91,102.87,16.59
Saransh Jain,Vishen Halambage,1045,1034,77,186,13,4,17.8,98.95,13.43
Saransh Jain,Seekkuge Prasanna,1154,1131,78,226,15,3,19.58,98.01,14.5
James Rew,Saransh Jain,1443,2174,117,347,147,126,24.05,150.66,18.58
Kangabam Priyojit Singh,Saransh Jain,1865,4363,93,90,312,295,4.83,233.94,46.91
James Rew,Shahbaz Ahmed,1436,2717,72,222,196,161,15.46,189.21,37.74
Kangabam Priyojit Singh,Shahbaz Ahmed,1813,4373,65,22,341,265,1.21,241.2,67.28
Yashvardhan Dalal,Vaisakh Chandran,1333,1851,21,356,110,83,26.71,138.86,88.14
Dasun Shanaka,Malinda Pushpakumara,561,768,75,93,40,37,16.58,136.9,10.24
Sahan Arachchige,Athisayaraj Davidson,945,1112,135,182,44,47,19.26,117.67,8.24
Sahan Arachchige,Jasprit Bumrah,1132,1264,185,231,74,42,20.41,111.66,6.83
Dega Nischal,Atit Sheth,822,1592,76,70,124,81,8.52,193.67,20.95
Abhimanyu Easwaran,Jasprit Bumrah,1851,2903,119,366,189,151,19.77,156.83,24.39
Sahan Arachchige,Raj Angad Bawa,380,562,90,42,42,30,11.05,147.89,6.24
Suryakumar Yadav,Raj Angad Bawa,1793,3576,72,238,267,207,13.27,199.44,49.67
Suryakumar Yadav,Atit Sheth,1809,3483,158,195,266,195,10.78,192.54,22.04
Dasun Shanaka,Atit Sheth,1022,1695,194,119,121,95,11.64,165.85,8.74
Josh Tongue,Atit Sheth,491,369,178,114,24,11,23.22,75.15,2.07
Josh Tongue,Raj Angad Bawa,408,306,123,133,13,17,32.6,75.0,2.49
Kuldeep Yadav,Jasprit Bumrah,259,87,73,147,7,3,56.76,33.59,1.19
Kuldeep Yadav,Atit Sheth,429,168,154,202,8,10,47.09,39.16,1.09
Varun Chakravarthy,Atit Sheth,672,657,104,99,6,6,14.73,97.77,6.32
Chamika Gunasekara,Atit Sheth,496,469,51,105,7,1,21.17,94.56,9.2
Venkatesh Iyer,Praveen Jayawickrama,5997,7162,199,1048,198,149,17.48,119.43,35.99
Venkatesh Iyer,Dian Forrester,3694,8289,139,176,610,507,4.76,224.39,59.63
Kartik Sharma,Dian Forrester,4086,9440,107,241,664,614,5.9,231.03,88.22
Venkatesh Iyer,Rachin Ravindra,2284,4170,191,317,313,232,13.88,182.57,21.83
Kartik Sharma,Rachin Ravindra,4137,7239,261,721,505,415,17.43,174.98,27.74
Dushan Hemantha,Arzan Nagwaswalla,93,59,25,32,2,2,34.41,63.44,2.36
Arpit Vasavada,Praveen Jayawickrama,368,552,35,60,46,18,16.3,150.0,15.77
Lasith Embuldeniya,Praveen Jayawickrama,257,256,22,39,1,0,15.18,99.61,11.64
Christopher Britz,Mohammed Shami,6380,6569,162,2436,281,222,38.18,102.96,40.55
Glenn Phillips,Mohammed Shami,2072,3466,131,378,223,191,18.24,167.28,26.46
Rachin Ravindra,Lasith Embuldeniya,353,476,39,86,34,22,24.36,134.84,12.21
Dian Forrester,Lasith Embuldeniya,293,378,19,91,21,22,31.06,129.01,19.89
Praveen Jayawickrama,Lasith Embuldeniya,45,22,12,18,1,0,40.0,48.89,1.83
Rachin Ravindra,Mohammed Shami,364,589,49,59,37,36,16.21,161.81,12.02
Jasprit Bumrah,Mohammed Shami,167,168,24,25,3,2,14.97,100.6,7.0
KL Rahul,Raj Angad Bawa,1300,3192,55,68,243,213,5.23,245.54,58.04
KL Rahul,Atit Sheth,1186,2695,68,69,245,143,5.82,227.23,39.63
Harry Brook,Raj Angad Bawa,1224,2769,82,92,221,179,7.52,226.23,33.77
Karun Nair,Calvin Harrison,581,1027,48,96,75,57,16.52,176.76,21.4
David Warner,Lance Morris,3388,4761,77,473,172,147,13.96,140.53,61.83
Venkatesh Iyer,Lance Morris,2813,3859,80,395,138,114,14.04,137.18,48.24
Venkatesh Iyer,Tripuresh Singh,2842,3599,115,377,119,72,13.27,126.64,31.3
David Warner,Tripuresh Singh,3369,4216,85,587,148,98,17.42,125.14,49.6
Venkatesh Iyer,Arshdeep Singh,2906,4427,87,235,177,133,8.09,152.34,50.89
David Warner,Arshdeep Singh,3418,5425,77,303,254,183,8.86,158.72,70.45
Venkatesh Iyer,Nathan Ellis,2989,4354,89,357,180,140,11.94,145.67,48.92
David Warner,Nathan Ellis,3320,4432,82,498,169,109,15.0,133.49,54.05
Mitchell Marsh,Arshdeep Singh,1567,2642,71,194,152,123,12.38,168.6,37.21
Mitchell Marsh,Lance Morris,1540,2352,69,254,136,99,16.49,152.73,34.09
Shubham Dubey,Lance Morris,875,921,61,305,52,41,34.86,105.26,15.1
Matt Short,Arshdeep Singh,671,1168,31,131,80,67,19.52,174.07,37.68
Shubham Dubey,Arshdeep Singh,890,963,72,297,50,43,33.37,108.2,13.38
Shubham Dubey,Nathan Ellis,861,800,64,325,38,31,37.75,92.92,12.5
Matt Short,Nathan Ellis,734,1098,51,214,70,70,29.16,149.59,21.53
Matt Short,Hardik Pandya,912,1632,61,176,126,93,19.3,178.95,26.75
Shubham Dubey,Hardik Pandya,725,1101,48,184,76,63,25.38,151.86,22.94
Matt Short,Lance Morris,719,1079,52,191,80,60,26.56,150.07,20.75
Luhan dre pretorious,Lance Morris,335,393,46,84,28,15,25.07,117.31,8.54
Mayank Agarwal,Mohammed Shami,3047,3753,93,356,82,51,11.68,123.17,40.35
Mayank Agarwal,Ashish Singh,2994,3725,128,384,101,70,12.83,124.42,29.1
Brian Bennett,Ashish Singh,3576,4859,69,450,173,113,12.58,135.88,70.42
Kangabam Priyojit Singh,Binura Fernando,1768,3078,51,171,145,146,9.67,174.1,60.35
Kangabam Priyojit Singh,Auqib Nabi,1183,2689,89,54,195,180,4.56,227.3,30.21
Brian Bennett,Auqib Nabi,1283,2441,61,187,191,135,14.58,190.26,40.02
James Rew,Auqib Nabi,982,1458,92,221,109,69,22.51,148.47,15.85
Hardik Pandya,Auqib Nabi,968,1758,83,122,124,104,12.6,181.61,21.18
Yashvardhan Dalal,Scott Curie,725,1527,36,54,114,84,7.45,210.62,42.42
Yashvardhan Dalal,Theesan Vithushan,646,1293,29,55,110,58,8.51,200.15,44.59
Chris Lynn,Liam Livingstone,2420,4522,135,443,348,262,18.31,186.86,33.5
Chris Lynn,CV Stephen,623,1204,39,83,100,63,13.32,193.26,30.87
David Warner,Rachin Ravindra,3219,6195,201,460,441,371,14.29,192.45,30.82
David Warner,Dian Forrester,4992,11385,145,263,832,708,5.27,228.06,78.52
Arpit Vasavada,Jasprit Bumrah,671,779,73,176,51,26,26.23,116.1,10.67
Finn Allen,Axar Patel,1467,3712,49,16,264,255,1.09,253.03,75.76
Krunal Pandya,Axar Patel,2097,3809,82,407,249,241,19.41,181.64,46.45
Finn Allen,Mitchell Marsh,1031,2407,83,33,183,160,3.2,233.46,29.0
Krunal Pandya,Mitchell Marsh,1881,3324,151,373,251,201,19.83,176.71,22.01
Rishabh Pant,Shardul Thakur,588,850,124,99,70,47,16.84,144.56,6.85
Sanvir Singh,Donovan Ferreira,1470,3110,131,118,231,202,8.03,211.56,23.74
Matt Short,Nishan Peiris,871,1286,44,191,73,65,21.93,147.65,29.23
Akeal Hosein,Krunal Pandya,464,360,158,119,17,15,25.65,77.59,2.28
Dushan Hemantha,Krunal Pandya,317,227,93,88,10,7,27.76,71.61,2.44
Lasith Embuldeniya,Ravi Bishnoi,189,191,23,31,2,2,16.4,101.06,8.3
Lasith Embuldeniya,Nishan Peiris,201,199,25,29,3,0,14.43,99.0,7.96
Mohammed Shami,Nishan Peiris,136,178,11,12,2,3,8.82,130.88,16.18
Prashant Veer,Lasith Embuldeniya,419,498,32,130,26,27,31.03,118.85,15.56
Ishan Kishan,Dushan Hemantha,1918,3321,126,302,213,187,15.75,173.15,26.36
Matthew Forde,Lasith Embuldeniya,195,159,69,41,8,6,21.03,81.54,2.3
Sarfaraz Khan,Mohammed Shami,643,1336,62,42,96,81,6.53,207.78,21.55
Akash Deep,Mohammed Shami,155,105,50,43,7,1,27.74,67.74,2.1
Mohsin Khan,Mohammed Shami,161,78,46,65,1,3,40.37,48.45,1.7
Yash Thakur,Mohammed Shami,262,269,26,36,3,2,13.74,102.67,10.35
Yash Thakur,Akeal Hosein,290,288,43,47,4,2,16.21,99.31,6.7
Vidwath Kaverappa,Akeal Hosein,242,250,22,35,1,0,14.46,103.31,11.36
Sarfaraz Khan,Akeal Hosein,677,1228,35,91,97,59,13.44,181.39,35.09
Kartik Sharma,Akash Deep,3628,6928,129,390,452,373,10.75,190.96,53.71
Kartik Sharma,Vidwath Kaverappa,3378,6725,102,313,453,375,9.27,199.08,65.93
Matt Short,Mohsin Khan,1728,3053,111,311,204,181,18.0,176.68,27.5
Matt Short,Akash Deep,1708,2903,157,267,217,146,15.63,169.96,18.49
Kartik Sharma,Matthew Forde,3609,6718,86,484,408,384,13.41,186.15,78.12
Matt Short,Matthew Forde,1762,3125,61,361,228,172,20.49,177.36,51.23
Matt Short,Vidwath Kaverappa,1590,3002,65,240,200,177,15.09,188.81,46.18
Sanvir Singh,Akash Deep,729,1328,124,74,105,77,10.15,182.17,10.71
Rinku Singh,Akash Deep,801,1499,86,100,133,73,12.48,187.14,17.43
Arpit Vasavada,Akash Deep,563,780,67,111,63,29,19.72,138.54,11.64
Arpit Vasavada,Vidwath Kaverappa,554,893,43,106,75,39,19.13,161.19,20.77
Matt Short,Yash Thakur,1715,2976,145,284,193,182,16.56,173.53,20.52
Arpit Vasavada,Yash Thakur,673,1016,54,146,59,56,21.69,150.97,18.81
Akeal Hosein,Vidwath Kaverappa,172,181,53,37,15,8,21.51,105.23,3.42
Dushan Hemantha,Vidwath Kaverappa,148,127,48,32,8,5,21.62,85.81,2.65
Lasith Embuldeniya,Vidwath Kaverappa,302,302,28,44,3,0,14.57,100.0,10.79
Mohammed Shami,Yash Thakur,161,182,8,18,1,0,11.18,113.04,22.75
Arpit Vasavada,Matthew Forde,440,657,41,102,50,31,23.18,149.32,16.02
Mohammed Shami,Matthew Forde,96,96,11,16,1,0,16.67,100.0,8.73
Lalit Yadav,Jason Holder,1318,2554,112,155,200,151,11.76,193.78,22.8
KL Rahul,Ismat Alam,1772,4141,79,118,281,294,6.66,233.69,52.42
Sam Curran,Arzan Nagwaswalla,142,219,13,31,15,10,21.83,154.23,16.85
Sam Curran,Jasprit Bumrah,133,213,17,15,19,7,11.28,160.15,12.53
Deepak Hooda,Sam Curran,418,528,46,140,37,29,33.49,126.32,11.48
Ismat Alam,Prince Yadav,80,152,19,12,13,11,15.0,190.0,8.0
Dian Forrester,Prince Yadav,176,282,14,29,16,16,16.48,160.23,20.14
Dian Forrester,Rashid Khan,510,849,37,84,64,41,16.47,166.47,22.95
Jitesh Sharma,Raj Angad Bawa,590,1050,63,96,75,67,16.27,177.97,16.67
Bipin Saurabh,Jasprit Bumrah,759,1154,62,143,86,51,18.84,152.04,18.61
Bipin Saurabh,Athisayaraj Davidson,681,1067,58,130,61,66,19.09,156.68,18.4
Dan Lawrence,Athisayaraj Davidson,384,548,29,54,28,25,14.06,142.71,18.9
Ruchit Ahir,Theesan Vithushan,1677,2369,43,82,73,30,4.89,141.26,55.09
Ruchit Ahir,Scott Curie,1664,2501,37,109,92,67,6.55,150.3,67.59
Sarfaraz Khan,Washington Sundar,927,1905,62,76,140,109,8.2,205.5,30.73
Sarfaraz Khan,Isitha Wijesundara,746,1740,25,44,133,110,5.9,233.24,69.6
Matthew Forde,Isitha Wijesundara,169,186,41,38,17,6,22.49,110.06,4.54
Akash Deep,Isitha Wijesundara,163,144,50,38,8,7,23.31,88.34,2.88
Mohsin Khan,Isitha Wijesundara,328,265,65,85,5,4,25.91,80.79,4.08
Mohsin Khan,Will Jacks,144,77,50,48,2,3,33.33,53.47,1.54
Mohsin Khan,Scott Curie,194,142,57,61,11,4,31.44,73.2,2.49
Yash Thakur,Scott Curie,397,430,42,44,8,3,11.08,108.31,10.24
Yash Thakur,Theesan Vithushan,456,499,54,52,5,7,11.4,109.43,9.24
Theesan Vithushan,Mohsin Khan,236,148,75,86,10,5,36.44,62.71,1.97
Isitha Wijesundara,Mohsin Khan,565,530,76,162,18,11,28.67,93.81,6.97
Scott Curie,Vidwath Kaverappa,129,134,13,15,2,0,11.63,103.88,10.31
Scott Curie,Mohsin Khan,137,138,15,19,1,1,13.87,100.73,9.2
Scott Curie,Matthew Forde,129,141,15,18,1,2,13.95,109.3,9.4
Atit Sheth,Gangam Anikethreddy,495,715,51,85,46,33,17.17,144.44,14.02
Atit Sheth,Calvin Harrison,731,1235,56,94,79,63,12.86,168.95,22.05
Nishant Sindhu,Raj Angad Bawa,374,754,34,37,49,50,9.89,201.6,22.18
Nishant Sindhu,Atit Sheth,398,810,58,42,73,50,10.55,203.52,13.97
Harpreet Brar,Raj Limbani,280,438,88,26,31,29,9.29,156.43,4.98
Harpreet Brar,Avinov Choudhary,283,365,69,60,24,23,21.2,128.98,5.29
Yuzvendra Chahal,Avinov Choudhary,168,170,18,22,1,1,13.1,101.19,9.44
Raj Limbani,Seekkuge Prasanna,600,611,86,86,8,9,14.33,101.83,7.1
Mukul Choudhary,Malinda Pushpakumara,1917,2755,60,110,99,51,5.74,143.71,45.92
Riyan Parag,Sunil Narine,1614,2286,123,454,144,139,28.13,141.64,18.59
Riyan Parag,Liam Livingstone,1543,2572,130,296,168,155,19.18,166.69,19.78
Riyan Parag,Mitchell Santner,1584,2463,172,342,224,113,21.59,155.49,14.32
Karan Shinde,Malinda Pushpakumara,624,1209,62,73,91,72,11.7,193.75,19.5
Karan Shinde,CV Stephen,661,1248,56,73,109,61,11.04,188.8,22.29
Sai Sudharsan,Mitchell Starc,1861,2451,70,117,66,25,6.29,131.7,35.01
Yashvardhan Dalal,Sonal Dinusha,2703,5024,158,437,341,310,16.17,185.87,31.8
Salil Arora,Sonal Dinusha,1551,3078,154,176,234,189,11.35,198.45,19.99
Kunal Chandela,Riyan Parag,1361,2380,135,228,209,124,16.75,174.87,17.63
Liam Livingstone,Riyan Parag,909,1519,119,135,105,85,14.85,167.11,12.76
Mitchell Santner,Riyan Parag,775,1030,71,229,62,59,29.55,132.9,14.51
Sunil Narine,Akash Vasisht,385,399,51,90,25,10,23.38,103.64,7.82
CV Stephen,Sonal Dinusha,207,186,35,39,3,1,18.84,89.86,5.31
CV Stephen,Mitchell Starc,371,380,36,49,5,2,13.21,102.43,10.56
CV Stephen,Adam Zampa,387,391,46,51,3,2,13.18,101.03,8.5
Christopher Britz,Akash Vasisht,8478,10536,251,3521,722,588,41.53,124.27,41.98
Rachin Ravindra,Riyan Parag,872,1392,172,110,101,83,12.61,159.63,8.09
Rachin Ravindra,Mridul Surroch,830,1315,127,148,102,74,17.83,158.43,10.35
Lalit Yadav,Riyan Parag,1340,2565,84,152,185,144,11.34,191.42,30.54
Dian Forrester,Mridul Surroch,870,1351,47,196,76,78,22.53,155.29,28.74
Dian Forrester,Sonal Dinusha,876,1347,54,180,83,72,20.55,153.77,24.94
Dian Forrester,Akash Vasisht,625,868,34,161,56,42,25.76,138.88,25.53
Dian Forrester,Adam Zampa,826,1168,59,160,70,50,19.37,141.4,19.8
Dian Forrester,Mitchell Starc,780,1424,54,66,93,72,8.46,182.56,26.37
Mukul Choudhary,Praveen Jayawickrama,2893,3492,164,668,145,119,23.09,120.71,21.29
Riyan Parag,Jasprit Bumrah,519,751,43,142,47,47,27.36,144.7,17.47
Karan Shinde,Praveen Jayawickrama,557,818,55,99,70,34,17.77,146.86,14.87
Yuvraj Chaudhary,Praveen Jayawickrama,373,537,37,77,27,30,20.64,143.97,14.51
Mitchell Starc,Jasprit Bumrah,80,34,23,35,2,0,43.75,42.5,1.48
Sonal Dinusha,Jasprit Bumrah,245,263,15,38,6,1,15.51,107.35,17.53
Sonal Dinusha,Arzan Nagwaswalla,216,212,19,42,2,1,19.44,98.15,11.16
Adam Zampa,Arzan Nagwaswalla,75,75,8,11,0,0,14.67,100.0,9.38
Adam Zampa,Rachin Ravindra,174,170,14,21,0,0,12.07,97.7,12.14
Adam Zampa,Dian Forrester,179,204,16,15,2,1,8.38,113.97,12.75
Adam Zampa,Praveen Jayawickrama,117,126,9,11,1,1,9.4,107.69,14.0
Akash Vasisht,Praveen Jayawickrama,392,491,32,92,24,18,23.47,125.26,15.34
Anshul Kamboj,Akeal Hosein,202,187,27,28,2,0,13.86,92.57,6.93
Shardul Thakur,Axar Patel,505,507,46,193,23,25,38.22,100.4,11.02
Prabhsimran Singh,Dian Forrester,3230,7692,128,70,558,495,2.17,238.14,60.09
Prabhsimran Singh,Rachin Ravindra,1924,3862,194,134,285,229,6.96,200.73,19.91
Scott Curie,Dian Forrester,369,398,28,41,3,2,11.11,107.86,14.21
Christopher Britz,Scott Curie,2295,3188,45,333,133,73,14.51,138.91,70.84
Christopher Britz,Theesan Vithushan,4528,6159,79,981,280,205,21.67,136.02,77.96
Jitesh Sharma,Axar Patel,1383,2201,144,286,146,132,20.68,159.15,15.28
Harpreet Brar,Axar Patel,423,660,83,72,47,41,17.02,156.03,7.95
Dan Lawrence,Mitchell Marsh,642,1012,34,100,61,48,15.58,157.63,29.76
Tanay Thyagarajan,Mitchell Marsh,260,275,22,34,4,2,13.08,105.77,12.5
Tanay Thyagarajan,Axar Patel,204,232,19,27,3,5,13.24,113.73,12.21
Yuzvendra Chahal,Axar Patel,100,114,6,8,1,1,8.0,114.0,19.0
Luhan dre pretorious,Seekkuge Prasanna,1797,2211,194,535,123,131,29.77,123.04,11.4
Luhan dre pretorious,Hardik Pandya,2299,3689,175,481,266,200,20.92,160.46,21.08
Shreyas Iyer,Lungi Ngidi,1239,1996,46,216,113,103,17.43,161.1,43.39
David Miller,Mukesh Kumar,485,911,27,72,53,58,14.85,187.84,33.74
Venkatesh Iyer,Hardik Pandya,446,931,20,49,66,60,10.99,208.74,46.55
David Warner,Hardik Pandya,878,1896,22,111,140,120,12.64,215.95,86.18
Mitchell Marsh,Nathan Ellis,1489,2147,97,281,108,98,18.87,144.19,22.13
Mayank Agarwal,Auqib Nabi,356,572,27,74,31,36,20.79,160.67,21.19
Mayank Agarwal,Mitchell Marsh,1346,2157,120,315,164,125,23.4,160.25,17.98
Kangabam Priyojit Singh,Ashish Singh,1779,2947,57,214,157,132,12.03,165.65,51.7
Nishant Sindhu,Krunal Pandya,1071,2542,47,51,187,168,4.76,237.35,54.09
Nishant Sindhu,Donovan Ferreira,997,2286,38,52,165,146,5.22,229.29,60.16
Harry Brook,Donovan Ferreira,3459,7640,161,228,548,484,6.59,220.87,47.45
Harry Brook,Suryansh Shedge,1386,3206,68,74,231,212,5.34,231.31,47.15
Tilak Varma,Harsh Dubey,941,1704,52,141,121,91,14.98,181.08,32.77
Rashid Khan,Harsh Dubey,210,221,75,41,20,11,19.52,105.24,2.95
Calvin Harrison,Anshul Kamboj,219,254,33,69,12,15,31.51,115.98,7.7
Gangam Anikethreddy,Anshul Kamboj,95,78,28,38,4,6,40.0,82.11,2.79
Krunal Pandya,Prince Yadav,2057,2948,116,494,187,142,24.02,143.32,25.41
Krunal Pandya,Calvin Harrison,1091,2108,79,171,157,130,15.67,193.22,26.68
Naman Dhir,Calvin Harrison,1071,2071,96,134,180,107,12.51,193.37,21.57
Donovan Ferreira,Calvin Harrison,1036,2089,108,87,194,107,8.4,201.64,19.34
Suryansh Shedge,Shiran Fernando,446,633,80,56,40,32,12.56,141.93,7.91
Jos Buttler,Vishen Halambage,2368,2550,233,941,178,134,39.74,107.69,10.94
Seekkuge Prasanna,CV Stephen,288,579,46,33,57,33,11.46,201.04,12.59
Dan Lawrence,CV Stephen,235,328,16,45,17,14,19.15,139.57,20.5
Harpreet Brar,CV Stephen,86,105,6,8,0,3,9.3,122.09,17.5
Harpreet Brar,Malinda Pushpakumara,142,156,19,20,2,4,14.08,109.86,8.21
Liam Livingstone,Calvin Harrison,637,1471,28,67,122,93,10.52,230.93,52.54
Nishant Sindhu,Sunil Narine,1138,2070,64,241,162,123,21.18,181.9,32.34
Rashid Khan,Sunil Narine,565,433,187,165,30,17,29.2,76.64,2.32
Gangam Anikethreddy,Sunil Narine,520,262,183,226,19,13,43.46,50.38,1.43
Shiran Fernando,Mohammed Siraj,179,156,39,31,2,1,17.32,87.15,4.0
Karan Lal,Harpreet Brar,2261,3387,173,232,143,132,10.26,149.8,19.58
Karan Lal,Hardik Pandya,1671,3506,140,122,265,213,7.3,209.81,25.04
Marcus Stoinis,Harpreet Brar,268,381,34,59,27,20,22.01,142.16,11.21
Shivam Mavi,Harpreet Brar,90,67,32,22,4,3,24.44,74.44,2.09
Mayank Agarwal,Shivam Mavi,5168,6702,161,701,208,141,13.56,129.68,41.63
Jitesh Sharma,Maheesh Theekshana,1504,2200,110,315,131,114,20.94,146.28,20.0
Hardik Pandya,Maheesh Theekshana,1659,3101,59,195,220,162,11.75,186.92,52.56
Seekkuge Prasanna,Maheesh Theekshana,433,794,25,75,65,43,17.32,183.37,31.76
Harpreet Brar,Maheesh Theekshana,211,390,27,27,26,27,12.8,184.83,14.44
Dan Lawrence,Maheesh Theekshana,362,642,7,54,35,39,14.92,177.35,91.71
Tanay Thyagarajan,Mohsin Khan,204,234,21,25,3,5,12.25,114.71,11.14
Ramandeep Singh,Rahul Chahar,260,534,32,15,47,29,5.77,205.38,16.69
Beau Webster,Washington Sundar,1858,3041,84,633,242,191,34.07,163.67,36.2
Heinrich Klaasen,Khaleel Ahmed,211,345,18,43,29,17,20.38,163.51,19.17
Marcus Stoinis,Sam Curran,659,1079,76,109,81,56,16.54,163.73,14.2
Sai Kishore,Sam Curran,285,344,64,68,32,14,23.86,120.7,5.38
Dunith Wellalage,Sam Curran,483,573,26,129,25,23,26.71,118.63,22.04
Gurinder Singh,Sam Curran,204,140,81,58,10,7,28.43,68.63,1.73
Nimesh Vimukthi,Sam Curran,346,404,13,48,6,5,13.87,116.76,31.08
Nimesh Vimukthi,Rashid Khan,208,246,6,25,1,1,12.02,118.27,41.0
Shivam Dube,Sai Kishore,312,684,21,29,64,38,9.29,219.23,32.57
Shivam Dube,Joel Davies,246,451,18,42,29,30,17.07,183.33,25.06
Shivam Mavi,Shiran Fernando,290,176,91,110,12,7,37.93,60.69,1.93
Ruturaj Gaikwad,Mayank Yadav,1582,2342,52,187,107,89,11.82,148.04,45.04
Ruturaj Gaikwad,Craig Overton,1303,2375,75,211,163,146,16.19,182.27,31.67
Heinrich Klaasen,Mayank Yadav,236,401,21,45,29,22,19.07,169.92,19.1
Marcus Stoinis,Mayank Yadav,186,286,20,40,17,17,21.51,153.76,14.3
Marcus Stoinis,Mohamed Shiraz,153,244,24,31,14,18,20.26,159.48,10.17
Gurinder Singh,Mohamed Shiraz,49,49,19,10,5,2,20.41,100.0,2.58
Sai Kishore,Mohamed Shiraz,110,131,32,26,13,7,23.64,119.09,4.09
Mukul Choudhary,Gurinder Singh,796,1140,22,36,31,22,4.52,143.22,51.82
Mukul Choudhary,Nimesh Vimukthi,1245,2305,32,191,158,128,15.34,185.14,72.03
Mridul Surroch,Joel Davies,704,1199,37,160,79,76,22.73,170.31,32.41
Mridul Surroch,Sai Kishore,784,1818,21,42,143,111,5.36,231.89,86.57
Sairaj Patil,Gurinder Singh,182,403,23,10,35,25,5.49,221.43,17.52
Karun Nair,Donovan Ferreira,1211,2179,40,239,139,139,19.74,179.93,54.48
Karun Nair,Krunal Pandya,1294,2289,74,223,165,128,17.23,176.89,30.93
Abhishek Sharma,Shardul Thakur,1324,2803,172,71,254,159,5.36,211.71,16.3
Hardik Pandya,Ottneil Baartman,1192,2180,100,144,139,136,12.08,182.89,21.8
Bipin Saurabh,Ottneil Baartman,743,1355,83,83,79,92,11.17,182.37,16.33
Heinrich Klaasen,Yuzvendra Chahal,755,1205,44,120,82,46,15.89,159.6,27.39
Karan Lal,Yuzvendra Chahal,2066,3869,82,77,222,182,3.73,187.27,47.18
Sonu Yadav,Craig Overton,401,634,44,56,51,28,13.97,158.1,14.41
Sonu Yadav,Umesh Yadav,100,168,10,9,12,8,9.0,168.0,16.8
Lance Morris,Umesh Yadav,48,33,18,14,3,1,29.17,68.75,1.83
Lance Morris,Mohamed Shiraz,53,53,17,12,3,3,22.64,100.0,3.12
Arshdeep Singh,Mohamed Shiraz,55,27,18,19,2,0,34.55,49.09,1.5
Ashton Turner,Arshdeep Singh,751,962,67,171,51,43,22.77,128.1,14.36
Yuvraj Chaudhary,Nathan Ellis,369,497,31,93,29,23,25.2,134.69,16.03
Umesh Yadav,Hardik Pandya,313,299,31,50,2,2,15.97,95.53,9.65
Umesh Yadav,Nathan Ellis,131,132,22,15,1,2,11.45,100.76,6.0
Kuldeep Yadav,Akash Deep,181,63,67,88,2,4,48.62,34.81,0.94
Ruchit Ahir,Varun Chakravarthy,2737,4152,108,396,197,178,14.47,151.7,38.44
Ruchit Ahir,Charith Asalanka,2188,4868,54,148,344,302,6.76,222.49,90.15
Ankit Kumar,CV Stephen,528,885,45,32,50,36,6.06,167.61,19.67
Kunal Chandela,Ravi Bishnoi,312,608,20,42,52,32,13.46,194.87,30.4
Kunal Chandela,Nishan Peiris,331,629,29,51,42,41,15.41,190.03,21.69
Mitchell Santner,Nishan Peiris,228,289,27,80,29,13,35.09,126.75,10.7
Ruturaj Gaikwad,Avesh Khan,1883,3326,57,233,182,182,12.37,176.63,58.35
Jos Buttler,Joel Davies,660,1054,55,178,75,65,26.97,159.7,19.16
Jos Buttler,Sai Kishore,623,1390,18,65,113,85,10.43,223.11,77.22
Jos Buttler,Gurinder Singh,250,568,27,32,44,44,12.8,227.2,21.04
Nitish Rana,Maheesh Theekshana,242,514,17,21,38,32,8.68,212.4,30.24
Kunal Chandela,Maheesh Theekshana,832,1508,32,124,107,75,14.9,181.25,47.12
Sarfaraz Khan,Harpreet Brar,365,529,29,15,15,14,4.11,144.93,18.24
Matthew Forde,Harpreet Brar,131,195,33,12,13,10,9.16,148.85,5.91
Akash Deep,Harpreet Brar,181,191,45,27,7,6,14.92,105.52,4.24
Yash Thakur,Yuzvendra Chahal,632,731,41,57,8,3,9.02,115.66,17.83
Rajat Patidar,Vidwath Kaverappa,1434,3137,72,84,265,171,5.86,218.76,43.57
Aneurin Donald,Vidwath Kaverappa,1280,2942,35,139,233,192,10.86,229.84,84.06
Vishen Halambage,Vidwath Kaverappa,540,1152,35,36,112,56,6.67,213.33,32.91
Vishen Halambage,Matthew Forde,580,1234,24,69,111,68,11.9,212.76,51.42
David Warner,Josh Tongue,2961,4295,90,311,176,120,10.5,145.05,47.72
Venkatesh Iyer,Josh Tongue,2626,3626,92,319,125,100,12.15,138.08,39.41
David Warner,Duan Jansen,2685,3761,66,358,131,119,13.33,140.07,56.98
Venkatesh Iyer,Duan Jansen,2553,3691,91,310,138,129,12.14,144.58,40.56
Venkatesh Iyer,Chamika Gunasekara,2542,3635,72,254,137,99,9.99,143.0,50.49
David Warner,Chamika Gunasekara,2940,4233,75,348,174,119,11.84,143.98,56.44
David Warner,Vasuki Koushik,2809,3716,66,442,137,93,15.74,132.29,56.3
Venkatesh Iyer,Vasuki Koushik,2548,3168,77,452,91,79,17.74,124.33,41.14
Shubham Dubey,Duan Jansen,867,805,65,316,34,31,36.45,92.85,12.38
Shubham Dubey,Chamika Gunasekara,872,1082,66,257,41,65,29.47,124.08,16.39
Matt Short,Chamika Gunasekara,661,1074,50,142,58,73,21.48,162.48,21.48
Matt Short,Vasuki Koushik,709,756,52,246,48,29,34.7,106.63,14.54
Luhan dre pretorious,Vasuki Koushik,335,435,45,90,27,25,26.87,129.85,9.67
Luhan dre pretorious,Charith Asalanka,451,862,14,65,61,48,14.41,191.13,61.57
Luhan dre pretorious,Dasun Shanaka,766,1373,69,105,98,75,13.71,179.24,19.9
Rishabh Pant,Charith Asalanka,363,672,12,65,48,36,17.91,185.12,56.0
Rishabh Pant,Dasun Shanaka,599,958,81,87,65,53,14.52,159.93,11.83
Auqib Nabi,Chamika Gunasekara,167,216,20,48,10,14,28.74,129.34,10.8
Auqib Nabi,Vasuki Koushik,163,135,32,47,6,4,28.83,82.82,4.22
Mohammed Shami,Vasuki Koushik,92,59,29,32,3,3,34.78,64.13,2.03
Ashish Singh,Vasuki Koushik,118,121,19,16,1,3,13.56,102.54,6.37
Yashasvi Jaiswal,Ashish Singh,2737,3858,83,253,137,92,9.24,140.96,46.48
Dega Nischal,Ashish Singh,2955,4000,75,299,134,80,10.12,135.36,53.33
Ryan Rickelton,Mohammed Shami,4376,7096,213,416,361,285,9.51,162.16,33.31
Dhruv Jurel,Binura Fernando,718,1061,39,130,52,52,18.11,147.77,27.21
Dhruv Jurel,Ashish Singh,769,1144,44,162,71,52,21.07,148.76,26.0
Ryan Rickelton,Ashish Singh,1334,2023,53,186,103,80,13.94,151.65,38.17
Dhruv Jurel,Mitchell Marsh,1111,2032,66,182,146,122,16.38,182.9,30.79
Dhruv Jurel,Auqib Nabi,1070,2115,66,135,164,125,12.62,197.66,32.05
Suryakumar Yadav,Auqib Nabi,1017,1875,66,171,138,109,16.81,184.37,28.41
Ryan Rickelton,Auqib Nabi,838,1713,65,74,132,104,8.83,204.42,26.35
Charith Asalanka,Auqib Nabi,470,622,67,97,36,34,20.64,132.34,9.28
Dasun Shanaka,Auqib Nabi,431,778,51,54,65,40,12.53,180.51,15.25
Charith Asalanka,Mitchell Marsh,587,793,75,142,49,42,24.19,135.09,10.57
Duan Jansen,Auqib Nabi,210,180,65,57,15,6,27.14,85.71,2.77
Dasun Shanaka,Ashish Singh,137,216,10,19,10,11,13.87,157.66,21.6
Duan Jansen,Ashish Singh,58,55,15,13,5,1,22.41,94.83,3.67
KL Rahul,Sai Kishore,1432,3553,37,14,255,234,0.98,248.11,96.03
KL Rahul,Joel Davies,1456,2999,55,200,214,191,13.74,205.98,54.53
Shivam Dube,Nimesh Vimukthi,260,484,15,36,51,17,13.85,186.15,32.27
Shivam Dube,Gurinder Singh,194,401,25,19,30,26,9.79,206.7,16.04
Shivam Dube,Maheesh Theekshana,1408,2761,62,160,184,169,11.36,196.09,44.53
Joel Davies,Jason Holder,604,1047,54,93,77,56,15.4,173.34,19.39
Seekkuge Prasanna,Vidwath Kaverappa,299,712,25,33,47,57,11.04,238.13,28.48
Seekkuge Prasanna,Mohsin Khan,694,1194,92,140,112,62,20.17,172.05,12.98
Vishen Halambage,Mohsin Khan,602,1199,40,77,101,66,12.79,199.17,29.98
Dan Lawrence,Matthew Forde,109,141,5,19,7,5,17.43,129.36,28.2
Dan Lawrence,Akash Deep,136,238,4,19,18,11,13.97,175.0,59.5
Dan Lawrence,Yash Thakur,181,243,20,31,13,10,17.13,134.25,12.15
Yuzvendra Chahal,Yash Thakur,34,31,5,6,0,0,17.65,91.18,6.2
Yuzvendra Chahal,Akash Deep,23,24,2,5,0,1,21.74,104.35,12.0
Yash Thakur,Seekkuge Prasanna,1102,1004,153,200,8,3,18.15,91.11,6.56
Liam Livingstone,Matthew Forde,477,970,35,64,79,57,13.42,203.35,27.71
Mitchell Santner,Akash Deep,273,318,31,82,23,13,30.04,116.48,10.26
Ishan Kishan,Malinda Pushpakumara,737,1328,46,58,96,55,7.87,180.19,28.87
Rahul Tripathi,Jai Moondra,1432,2197,33,220,93,104,15.36,153.42,66.58
Cameron Green,Jasprit Bumrah,242,356,24,56,22,18,23.14,147.11,14.83
Nitish Kumar Reddy,Arzan Nagwaswalla,197,303,21,41,18,19,20.81,153.81,14.43
Nitish Kumar Reddy,Jai Moondra,190,355,10,28,29,18,14.74,186.84,35.5
Nitish Kumar Reddy,Jasprit Bumrah,188,318,19,29,22,18,15.43,169.15,16.74
Kranthi Kumar,Dian Forrester,787,1331,59,113,88,72,14.36,169.12,22.56
Kranthi Kumar,Ismat Alam,895,1371,103,176,88,77,19.66,153.18,13.31
Corbin Bosch,Ismat Alam,682,728,57,225,32,33,32.99,106.74,12.77
Corbin Bosch,Dian Forrester,696,982,35,206,58,57,29.6,141.09,28.06
Anshul Kamboj,Dian Forrester,167,167,52,49,7,13,29.34,100.0,3.21
Anshul Kamboj,Ismat Alam,173,118,61,51,9,3,29.48,68.21,1.93
Ashok Sharma,Ismat Alam,258,306,15,27,4,4,10.47,118.6,20.4
Sonny Baker,Ismat Alam,102,103,5,21,0,1,20.59,100.98,20.6
Sonny Baker,Jasprit Bumrah,66,54,10,12,0,0,18.18,81.82,5.4
Glenn Phillips,Ashok Sharma,1088,2033,73,181,134,133,16.64,186.86,27.85
Deepak Hooda,Kranthi Kumar,424,258,81,204,15,13,48.11,60.85,3.19
Naman Dhir,Arzan Nagwaswalla,1140,1482,102,343,93,82,30.09,130.0,14.53
Shardul Thakur,Noor Ahmad,357,302,34,132,16,7,36.97,84.59,8.88
Harsh Dubey,Noor Ahmad,194,153,54,62,8,6,31.96,78.87,2.83
Anshul Kamboj,Noor Ahmad,272,269,35,41,2,1,15.07,98.9,7.69
Anshul Kamboj,Raj Angad Bawa,553,572,67,68,5,6,12.3,103.44,8.54
Kagiso Rabada,Noor Ahmad,232,256,21,35,2,2,15.09,110.34,12.19
Sanvir Singh,Vidwath Kaverappa,657,1424,78,34,109,91,5.18,216.74,18.26
Sanvir Singh,Matthew Forde,723,1548,63,56,109,104,7.75,214.11,24.57
Sanvir Singh,Mohsin Khan,1409,2748,183,123,178,186,8.73,195.03,15.02
Sanvir Singh,Yash Thakur,830,1541,156,53,124,91,6.39,185.66,9.88
Rinku Singh,Yash Thakur,1023,1900,88,170,137,117,16.62,185.73,21.59
Rinku Singh,Matthew Forde,792,1542,37,114,98,95,14.39,194.7,41.68
Heinrich Klaasen,Akeal Hosein,1439,2070,107,381,141,113,26.48,143.85,19.35
Shubham Agarwal,Vaisakh Chandran,158,108,42,51,2,4,32.28,68.35,2.57
Sahan Arachchige,Scott Curie,238,453,46,16,39,27,6.72,190.34,9.85
Abhimanyu Easwaran,Scott Curie,515,1054,45,32,84,55,6.21,204.66,23.42
Abhimanyu Easwaran,Theesan Vithushan,449,862,25,35,61,43,7.8,191.98,34.48
Christopher Britz,Vasuki Koushik,2828,2406,66,1361,113,78,48.13,85.08,36.45
Lalit Yadav,Duan Jansen,904,1640,58,121,112,95,13.38,181.42,28.28
Sdnv Prasad,Duan Jansen,624,822,38,177,49,43,28.37,131.73,21.63
Sdnv Prasad,Josh Tongue,606,1002,31,115,65,54,18.98,165.35,32.32
Dian Forrester,Dasun Shanaka,1467,2795,50,185,188,161,12.61,190.52,55.9
Suryakumar Yadav,Jai Moondra,365,654,21,54,47,34,14.79,179.18,31.14
Charith Asalanka,Jasprit Bumrah,442,644,54,84,40,31,19.0,145.7,11.93
Duan Jansen,Dian Forrester,251,243,67,66,16,12,26.29,96.81,3.63
Chamika Gunasekara,Jasprit Bumrah,267,297,24,27,3,1,10.11,111.24,12.38
Vishen Halambage,Praveen Jayawickrama,482,866,52,81,64,56,16.8,179.67,16.65
Vishen Halambage,Arzan Nagwaswalla,384,681,33,54,43,40,14.06,177.34,20.64
Rachin Ravindra,Yuzvendra Chahal,208,401,29,24,33,24,11.54,192.79,13.83
Praveen Jayawickrama,Yuzvendra Chahal,207,119,65,61,3,2,29.47,57.49,1.83
Prashant Veer,Dushan Hemantha,394,513,44,96,30,25,24.37,130.2,11.66
Prashant Veer,Akeal Hosein,377,543,25,84,30,28,22.28,144.03,21.72
Ravi Bishnoi,Akeal Hosein,163,140,20,40,3,0,24.54,85.89,7.0
Ravi Bishnoi,Lasith Embuldeniya,195,178,22,53,2,1,27.18,91.28,8.09
Venkatesh Iyer,Prashant Veer,2086,3319,130,478,223,192,22.91,159.11,25.53
Venkatesh Iyer,Krunal Pandya,2096,4328,82,257,298,275,12.26,206.49,52.78
Venkatesh Iyer,Donovan Ferreira,1775,3582,62,205,262,212,11.55,201.8,57.77
Mitchell Santner,Akeal Hosein,385,654,35,82,48,38,21.3,169.87,18.69
Dasun Shanaka,Saransh Jain,1155,1638,113,212,88,79,18.35,141.82,14.5
Kuldeep Yadav,Saransh Jain,415,146,135,214,8,7,51.57,35.18,1.08
Varun Chakravarthy,Saransh Jain,748,708,101,139,11,5,18.58,94.65,7.01
Vaisakh Chandran,Saransh Jain,504,491,46,105,7,1,20.83,97.42,10.67
Shivam Dube,Charith Asalanka,1918,4270,47,136,315,258,7.09,222.63,90.85
Mukul Choudhary,Prashant Veer,2298,3905,192,461,291,227,20.06,169.93,20.34
Yuvraj Chaudhary,Harsh Dubey,620,1096,54,102,91,52,16.45,176.77,20.3
Riyan Parag,Harsh Dubey,498,789,46,87,41,46,17.47,158.43,17.15
Yuvraj Chaudhary,Nishan Peiris,275,410,30,41,25,19,14.91,149.09,13.67
Rahul Tripathi,Sonal Dinusha,1948,3054,166,429,197,180,22.02,156.78,18.4
Ankit Kumar,Sonal Dinusha,1497,2656,165,208,191,162,13.89,177.42,16.1
Ankit Kumar,Akash Vasisht,1525,2523,223,213,182,143,13.97,165.44,11.31
Rahul Tripathi,Akash Vasisht,2080,3258,205,469,212,205,22.55,156.63,15.89
Rohit Sharma,Riyan Parag,1950,3242,263,294,222,199,15.08,166.26,12.33
Krunal Pandya,Riyan Parag,1441,2005,167,309,132,98,21.44,139.14,12.01
Prashant Veer,Akash Vasisht,961,1492,71,163,81,78,16.96,155.25,21.01
Krunal Pandya,Sonal Dinusha,1430,2171,124,272,123,120,19.02,151.82,17.51
Prashant Veer,Sonal Dinusha,1189,1713,96,231,109,78,19.43,144.07,17.84
Harsh Dubey,Sonal Dinusha,395,298,124,118,7,18,29.87,75.44,2.4
Harsh Dubey,Adam Zampa,232,155,64,80,7,6,34.48,66.81,2.42
Ravi Bishnoi,Adam Zampa,610,602,62,124,7,5,20.33,98.69,9.71
Ravi Bishnoi,Mitchell Starc,627,610,73,136,6,8,21.69,97.29,8.36
Nishan Peiris,Mitchell Starc,527,587,39,55,6,1,10.44,111.39,15.05
Sanju Samson,Donovan Ferreira,3306,7394,119,221,519,475,6.68,223.65,62.13
Sanju Samson,Krunal Pandya,3514,7670,193,242,588,466,6.89,218.27,39.74
Beau Webster,Axar Patel,1658,2769,80,573,199,190,34.56,167.01,34.61
Lungi Ngidi,Akeal Hosein,65,31,25,24,3,1,36.92,47.69,1.24
Rishabh Pant,Rahul Chahar,2536,3758,126,372,176,154,14.67,148.19,29.83
Axar Patel,Akash Vasisht,879,1332,111,138,94,61,15.7,151.54,12.0
Rinku Singh,Lungi Ngidi,611,1052,32,124,65,64,20.29,172.18,32.88
Rinku Singh,Mukesh Kumar,616,1172,39,87,83,70,14.12,190.26,30.05
Arpit Vasavada,Mukesh Kumar,327,445,27,81,30,19,24.77,136.09,16.48
Abhishek Sharma,Liam Livingstone,3277,7152,275,224,566,444,6.84,218.25,26.01
Raj Angad Bawa,Sunil Narine,1442,2151,131,423,157,128,29.33,149.17,16.42
Raj Angad Bawa,Mitchell Santner,1550,2481,167,337,196,135,21.74,160.06,14.86
Atit Sheth,Mitchell Santner,855,1364,71,130,97,62,15.2,159.53,19.21
Atit Sheth,Sunil Narine,855,1403,53,143,96,68,16.73,164.09,26.47
Atit Sheth,Ravi Teja,288,413,36,34,27,13,11.81,143.4,11.47
Noor Ahmad,Ravi Teja,86,60,27,31,8,1,36.05,69.77,2.22
Athisayaraj Davidson,Prasidh Krishna,87,53,35,23,3,1,26.44,60.92,1.51
Mridul Surroch,Mohammed Siraj,1841,3105,125,342,209,180,18.58,168.66,24.84
Mridul Surroch,Prasidh Krishna,1975,3833,138,208,267,218,10.53,194.08,27.78
Beau Webster,Prasidh Krishna,718,1103,67,229,77,71,31.89,153.62,16.46
Yuvraj Chaudhary,Mitchell Santner,1618,2604,122,358,183,149,22.13,160.94,21.34
Akash Vasisht,Mitchell Santner,866,1528,55,134,102,88,15.47,176.44,27.78
Akash Vasisht,Liam Livingstone,693,1251,41,106,92,69,15.3,180.52,30.51
Lungi Ngidi,Mitchell Santner,120,64,39,53,8,2,44.17,53.33,1.64
Mukesh Kumar,Mitchell Santner,105,85,20,22,1,0,20.95,80.95,4.25
Mukesh Kumar,Liam Livingstone,72,69,12,12,0,1,16.67,95.83,5.75
Mukesh Kumar,Prasidh Krishna,80,101,10,10,4,2,12.5,126.25,10.1
Yuvraj Chaudhary,Prasidh Krishna,627,979,65,100,66,47,15.95,156.14,15.06
Mukesh Kumar,Mohammed Siraj,91,74,16,18,1,0,19.78,81.32,4.62
Finn Allen,Mohammed Siraj,6127,8957,208,403,328,223,6.58,146.19,43.06
Rohit Sharma,Mohammed Siraj,6296,9017,172,485,328,212,7.7,143.22,52.42
Rohit Sharma,Ravi Teja,6563,8980,209,625,296,205,9.52,136.83,42.97
Finn Allen,Ravi Teja,6249,9324,180,431,352,232,6.9,149.21,51.8
Rohit Sharma,Prasidh Krishna,6375,9713,179,337,354,273,5.29,152.36,54.26
Finn Allen,Prasidh Krishna,6124,9303,192,246,328,245,4.02,151.91,48.45
Kumar Kushagra,Prasidh Krishna,3374,5483,148,397,285,234,11.77,162.51,37.05
Kumar Kushagra,Mohammed Siraj,3528,5070,142,652,238,205,18.48,143.71,35.7
Kumar Kushagra,Ravi Teja,3452,4771,128,679,235,167,19.67,138.21,37.27
Kumar Kushagra,Mitchell Santner,2402,5135,125,290,419,313,12.07,213.78,41.08
Kumar Kushagra,Sunil Narine,2856,4704,102,781,365,266,27.35,164.71,46.12
Kumar Kushagra,Liam Livingstone,2127,4656,88,198,337,298,9.31,218.9,52.91
Krunal Pandya,Ravi Teja,1623,2239,103,376,131,100,23.17,137.95,21.74
Krunal Pandya,Prasidh Krishna,1577,2599,93,285,149,149,18.07,164.81,27.95
Vaibhav Suryavanshi,Kagiso Rabada,7564,11709,145,442,431,338,5.84,154.8,80.75
Liam Livingstone,Kagiso Rabada,6986,10050,157,611,353,241,8.75,143.86,64.01
Vaibhav Suryavanshi,Anshul Kamboj,7405,11784,192,376,483,356,5.08,159.14,61.38
Liam Livingstone,Harsh Dubey,6702,10376,185,609,451,351,9.09,154.82,56.09
Yashvardhan Dalal,Anshul Kamboj,1150,2001,58,132,116,102,11.48,174.0,34.5
Yashvardhan Dalal,Kagiso Rabada,1185,2066,35,186,153,93,15.7,174.35,59.03
Sai Sudharsan,Kagiso Rabada,2839,4460,105,340,224,178,11.98,157.1,42.48
Jos Buttler,Kagiso Rabada,459,824,42,84,62,50,18.3,179.52,19.62
Jos Buttler,Donovan Ferreira,2484,5398,80,265,381,355,10.67,217.31,67.47
Yashvardhan Dalal,Suryansh Shedge,1733,3604,62,195,262,219,11.25,207.96,58.13
Jos Buttler,Suryansh Shedge,963,1961,58,130,151,122,13.5,203.63,33.81
Kunal Chandela,Suryansh Shedge,732,1403,24,107,104,79,14.62,191.67,58.46
Yashvardhan Dalal,Shardul Thakur,1877,3933,138,203,313,240,10.82,209.54,28.5
Mitchell Santner,Shardul Thakur,528,884,73,101,56,60,19.13,167.42,12.11
Mitchell Santner,Anshul Kamboj,239,363,34,36,27,17,15.06,151.88,10.68
Kamil Mishara,Washington Sundar,805,1934,32,38,164,114,4.72,240.25,60.44
Liam Livingstone,Washington Sundar,5652,13165,189,280,983,829,4.95,232.93,69.66
Kamil Mishara,Will Jacks,832,1913,48,47,182,103,5.65,229.93,39.85
Manav Suthar,Liam Livingstone,145,168,41,24,4,12,16.55,115.86,4.1
Theesan Vithushan,Liam Livingstone,359,251,93,149,11,14,41.5,69.92,2.7
Bhuvneshwar Kumar,Liam Livingstone,337,369,19,42,4,3,12.46,109.5,19.42
Duvindu Tillakaratne,Liam Livingstone,203,238,11,19,3,0,9.36,117.24,21.64
Duvindu Tillakaratne,Prasidh Krishna,60,67,3,8,1,0,13.33,111.67,22.33
Duvindu Tillakaratne,Mohammed Siraj,84,83,8,10,1,0,11.9,98.81,10.38
Brian Bennett,Nitish Kumar Reddy,1455,3017,44,169,208,191,11.62,207.35,68.57
Mayank Agarwal,Kranthi Kumar,589,478,79,222,24,17,37.69,81.15,6.05
Brian Bennett,Kranthi Kumar,1507,2098,71,453,136,119,30.06,139.22,29.55
Brian Bennett,Ashok Sharma,1413,2893,55,168,197,182,11.89,204.74,52.6
Mayank Agarwal,Ashok Sharma,563,770,66,127,48,40,22.56,136.77,11.67
Brian Bennett,Corbin Bosch,1297,2373,63,235,162,146,18.12,182.96,37.67
Kangabam Priyojit Singh,Cameron Green,1052,2415,45,36,150,164,3.42,229.56,53.67
Brian Bennett,Cameron Green,1384,2857,22,161,202,175,11.63,206.43,129.86
Hardik Pandya,Anshul Kamboj,839,1488,84,89,97,86,10.61,177.35,17.71
Ankit Kumar,Arshdeep Singh,732,1313,46,92,93,70,12.57,179.37,28.54
Kranthi Kumar,Lance Morris,314,452,38,70,27,28,22.29,143.95,11.89
Chris Lynn,Nishan Peiris,604,902,64,150,58,52,24.83,149.34,14.09
Washington Sundar,Ravi Bishnoi,299,484,47,49,33,30,16.39,161.87,10.3
Rohit Sharma,Theesan Vithushan,414,746,58,24,60,36,5.8,180.19,12.86
Praveen Jayawickrama,Shahbaz Ahmed,130,105,38,48,3,9,36.92,80.77,2.76
Praveen Jayawickrama,Gangam Anikethreddy,115,68,42,39,1,4,33.91,59.13,1.62
Shivam Dube,Praveen Jayawickrama,743,973,77,183,61,47,24.63,130.96,12.64
Shivam Dube,Jasprit Bumrah,1552,2639,118,269,177,155,17.33,170.04,22.36
David Warner,Seekkuge Prasanna,3982,4689,203,1384,289,227,34.76,117.75,23.1
David Warner,Vishen Halambage,3950,5029,277,1245,330,261,31.52,127.32,18.16
David Warner,Ravindra Jadeja,3920,6937,128,710,452,405,18.11,176.96,54.2
Venkatesh Iyer,Ravindra Jadeja,2958,5182,134,530,365,283,17.92,175.19,38.67
Noor Ahmad,Sunil Narine,195,115,63,62,6,3,31.79,58.97,1.83
Noor Ahmad,Mitchell Santner,280,189,95,95,11,10,33.93,67.5,1.99
Naman Dhir,Noor Ahmad,1403,2295,66,350,150,137,24.95,163.58,34.77
Suryansh Shedge,Arzan Nagwaswalla,463,451,85,131,31,16,28.29,97.41,5.31
Harsh Dubey,Arzan Nagwaswalla,288,201,99,85,7,11,29.51,69.79,2.03
Shardul Thakur,Arzan Nagwaswalla,330,321,47,111,16,15,33.64,97.27,6.83
Suryansh Shedge,Raj Angad Bawa,893,1470,81,142,111,70,15.9,164.61,18.15
Bipin Saurabh,Calvin Harrison,1021,1944,106,106,149,112,10.38,190.4,18.34
Hardik Pandya,Calvin Harrison,1107,2354,65,106,182,146,9.58,212.65,36.22
Tilak Varma,Yuzvendra Chahal,1001,1636,32,91,87,58,9.09,163.44,51.12
Rashid Khan,Seekkuge Prasanna,1161,905,411,342,66,45,29.46,77.95,2.2
Gangam Anikethreddy,Seekkuge Prasanna,1091,469,390,467,33,14,42.8,42.99,1.2
Gangam Anikethreddy,Hardik Pandya,505,282,171,217,14,20,42.97,55.84,1.65
Calvin Harrison,Hardik Pandya,1007,1038,99,395,62,51,39.23,103.08,10.48
Shiran Fernando,Hardik Pandya,594,628,57,88,7,5,14.81,105.72,11.02
Prince Yadav,Hardik Pandya,576,601,52,74,2,1,12.85,104.34,11.56
Dega Nischal,Auqib Nabi,729,1409,66,80,90,92,10.97,193.28,21.35
Charith Asalanka,Binura Fernando,125,152,17,25,5,8,20.0,121.6,8.94
Duan Jansen,Binura Fernando,55,48,19,17,3,3,30.91,87.27,2.53
Josh Tongue,Binura Fernando,149,126,41,40,3,7,26.85,84.56,3.07
Vasuki Koushik,Binura Fernando,128,136,9,13,1,0,10.16,106.25,15.11
Mitchell Marsh,Duan Jansen,1359,2178,78,184,123,101,13.54,160.26,27.92
Mitchell Marsh,Vasuki Koushik,1431,1787,81,364,107,58,25.44,124.88,22.06
Shubham Dubey,Vasuki Koushik,791,730,60,285,27,27,36.03,92.29,12.17
Matt Short,Duan Jansen,691,979,54,187,61,56,27.06,141.68,18.13
Matt Short,Josh Tongue,624,808,52,159,61,31,25.48,129.49,15.54
Matt Short,Charith Asalanka,2571,5488,70,314,417,333,12.21,213.46,78.4
Matt Short,Dasun Shanaka,2697,5781,102,327,458,350,12.12,214.35,56.68
Auqib Nabi,Dasun Shanaka,376,509,43,56,27,20,14.89,135.37,11.84
Auqib Nabi,Josh Tongue,145,127,34,35,5,4,24.14,87.59,3.74
Mohammed Shami,Josh Tongue,73,64,25,18,4,4,24.66,87.67,2.56
Ishan Kishan,Manav Suthar,968,1912,44,91,126,110,9.4,197.52,43.45
Ishan Kishan,Duvindu Tillakaratne,1121,2447,26,118,172,158,10.53,218.29,94.12
Joel Davies,Washington Sundar,628,1381,26,57,107,88,9.08,219.9,53.12
Joel Davies,Will Jacks,596,1314,28,51,113,76,8.56,220.47,46.93
Ishan Kishan,Theesan Vithushan,1583,3465,69,61,223,211,3.85,218.89,50.22
Devdutt Padikkal,Joel Davies,1368,2527,96,209,172,156,15.28,184.72,26.32
Shreyas Iyer,Joel Davies,1188,2211,82,191,151,149,16.08,186.11,26.96
Will Jacks,Joel Davies,524,904,44,97,69,50,18.51,172.52,20.55
Will Jacks,Gurinder Singh,319,639,22,28,64,25,8.78,200.31,29.05
Tilak Varma,Arzan Nagwaswalla,1176,1915,62,238,122,106,20.24,162.84,30.89
Akash Vasisht,Dasun Shanaka,1686,3379,76,128,221,189,7.59,200.42,44.46
Mitchell Starc,Charith Asalanka,74,23,12,51,1,1,68.92,31.08,1.92
Akash Vasisht,Charith Asalanka,329,658,7,52,32,49,15.81,200.0,94.0
Mitchell Starc,Dasun Shanaka,218,95,61,112,6,5,51.38,43.58,1.56
Akash Vasisht,Sahan Arachchige,1792,2543,199,364,160,127,20.31,141.91,12.78
Mitchell Starc,Sahan Arachchige,312,140,92,153,8,7,49.04,44.87,1.52
Sonal Dinusha,Sahan Arachchige,543,535,27,161,9,8,29.65,98.53,19.81
Sonal Dinusha,Dasun Shanaka,506,571,13,127,16,9,25.1,112.85,43.92
Sonal Dinusha,Varun Chakravarthy,203,201,16,52,4,1,25.62,99.01,12.56
Akash Vasisht,Kuldeep Yadav,732,1297,75,75,85,71,10.25,177.19,17.29
Sonal Dinusha,Kuldeep Yadav,340,363,20,81,7,4,23.82,106.76,18.15
Vaisakh Chandran,Mridul Surroch,447,417,40,98,3,0,21.92,93.29,10.43
Yuvraj Chaudhary,Scott Curie,379,668,35,53,47,37,13.98,176.25,19.09
Karan Lal,Chamika Gunasekara,2319,3960,165,143,185,190,6.17,170.76,24.0
Karan Lal,Sahan Arachchige,517,1125,88,37,107,71,7.16,217.6,12.78
Karan Lal,Dasun Shanaka,493,1149,43,29,95,79,5.88,233.06,26.72
Sarfaraz Khan,Nishan Peiris,421,720,42,43,56,29,10.21,171.02,17.14
Matthew Forde,Nishan Peiris,151,180,51,28,16,9,18.54,119.21,3.53
Akash Deep,Nishan Peiris,157,137,43,38,9,4,24.2,87.26,3.19
Mohsin Khan,Nishan Peiris,136,67,52,43,3,2,31.62,49.26,1.29
Yash Thakur,Harsh Dubey,249,268,30,32,6,3,12.85,107.63,8.93
Chamika Gunasekara,Shivam Mavi,236,270,11,29,3,1,12.29,114.41,24.55
Varun Chakravarthy,Shivam Mavi,239,243,39,36,3,5,15.06,101.67,6.23
Mitchell Marsh,Liam Livingstone,2932,6743,99,144,509,412,4.91,229.98,68.11
Lahiru Udara,Binura Fernando,509,759,50,82,40,38,16.11,149.12,15.18
Sai Sudharsan,Auqib Nabi,1209,2437,61,129,176,145,10.67,201.57,39.95
Lahiru Udara,Auqib Nabi,815,1487,91,95,108,89,11.66,182.45,16.34
Lahiru Udara,Mitchell Marsh,848,1566,99,113,116,98,13.33,184.67,15.82
Nitish Rana,Ashish Singh,205,354,21,41,25,23,20.0,172.68,16.86
Kunal Chandela,Ashish Singh,256,417,20,29,26,17,11.33,162.89,20.85
Luhan dre pretorious,Jason Holder,523,743,78,116,59,38,22.18,142.07,9.53
Rishabh Pant,Sam Curran,320,487,43,63,37,25,19.69,152.19,11.33
Rishabh Pant,Jason Holder,362,455,68,88,33,23,24.31,125.69,6.69
Luhan dre pretorious,Khaleel Ahmed,112,142,17,21,9,6,18.75,126.79,8.35
Rishabh Pant,Khaleel Ahmed,97,126,14,23,6,7,23.71,129.9,9.0
Naman Dhir,Prince Yadav,1206,1853,101,278,132,104,23.05,153.65,18.35
Donovan Ferreira,Prince Yadav,719,1148,68,120,67,63,16.69,159.67,16.88
Harsh Dubey,Shiran Fernando,283,259,93,72,15,15,25.44,91.52,2.78
Anshul Kamboj,Shiran Fernando,310,315,45,59,6,5,19.03,101.61,7.0
Harsh Dubey,Prince Yadav,191,148,61,66,12,8,34.55,77.49,2.43
Kagiso Rabada,Prince Yadav,270,300,18,24,2,0,8.89,111.11,16.67
Anshul Kamboj,Prince Yadav,371,365,61,50,6,3,13.48,98.38,5.98
Matthew Forde,Washington Sundar,273,320,92,52,27,18,19.05,117.22,3.48
Matthew Forde,Shubham Agarwal,288,291,104,65,16,20,22.57,101.04,2.8
Matthew Forde,Will Jacks,197,199,63,41,15,8,20.81,101.02,3.16
Akash Deep,Will Jacks,172,145,53,40,8,4,23.26,84.3,2.74
Akash Deep,Shubham Agarwal,235,211,83,59,19,9,25.11,89.79,2.54
Mohsin Khan,Shubham Agarwal,176,107,59,66,6,6,37.5,60.8,1.81
Yash Thakur,Isitha Wijesundara,241,253,25,32,3,1,13.28,104.98,10.12
Vidwath Kaverappa,Isitha Wijesundara,142,146,9,18,1,0,12.68,102.82,16.22
Harry Brook,Lungi Ngidi,947,1628,53,144,113,84,15.21,171.91,30.72
Shivam Dube,Akash Vasisht,3391,6413,327,365,461,383,10.76,189.12,19.61
Shivam Dube,Lungi Ngidi,402,559,53,63,41,19,15.67,139.05,10.55
Tilak Varma,Lungi Ngidi,417,814,26,53,59,49,12.71,195.2,31.31
Rashid Khan,Lungi Ngidi,81,83,33,12,9,3,14.81,102.47,2.52
Rashid Khan,Rahul Chahar,123,171,41,16,12,11,13.01,139.02,4.17
Harry Brook,Rahul Chahar,1067,2377,33,61,137,166,5.72,222.77,72.03
Ayush Mhatre,Rashid Khan,17102,26677,362,1442,1135,852,8.43,155.99,73.69
Beau Webster,Rashid Khan,1139,1209,78,602,80,84,52.85,106.15,15.5
Karan Shinde,Shiran Fernando,1033,1798,101,126,118,98,12.2,174.06,17.8
Karan Shinde,Rashid Khan,1257,2190,91,198,147,129,15.75,174.22,24.07
Akash Vasisht,Rashid Khan,690,1019,56,102,62,41,14.78,147.68,18.2
Yuvraj Chaudhary,Rashid Khan,895,1289,98,169,78,65,18.88,144.02,13.15
Yuvraj Chaudhary,Shiran Fernando,681,968,110,153,56,60,22.47,142.14,8.8
Akash Vasisht,Gangam Anikethreddy,895,1408,73,151,97,66,16.87,157.32,19.29
Yuvraj Chaudhary,Gangam Anikethreddy,982,1389,101,251,98,74,25.56,141.45,13.75
Lungi Ngidi,Shiran Fernando,106,64,39,37,3,4,34.91,60.38,1.64
Lungi Ngidi,Gangam Anikethreddy,93,48,37,33,6,1,35.48,51.61,1.3
Mukesh Kumar,Gangam Anikethreddy,186,152,22,50,2,2,26.88,81.72,6.91
Rahul Chahar,Gangam Anikethreddy,108,111,13,12,0,0,11.11,102.78,8.54
Yashasvi Jaiswal,Beau Webster,1814,4086,110,103,292,265,5.68,225.25,37.15
Sahan Arachchige,Beau Webster,796,1224,169,101,88,71,12.69,153.77,7.24
Abhimanyu Easwaran,Rahul Chahar,627,1191,32,64,79,65,10.21,189.95,37.22
Dasun Shanaka,Rahul Chahar,280,520,27,19,33,28,6.79,185.71,19.26
Suryakumar Yadav,Rahul Chahar,504,891,21,55,63,41,10.91,176.79,42.43
Dasun Shanaka,Beau Webster,992,1873,110,112,140,107,11.29,188.81,17.03
Beau Webster,Kuldeep Yadav,1576,1593,109,831,124,92,52.73,101.08,14.61
Beau Webster,Josh Tongue,1114,1114,94,561,71,69,50.36,100.0,11.85
Beau Webster,Varun Chakravarthy,1389,1736,75,661,134,115,47.59,124.98,23.15
Beau Webster,Sahan Arachchige,1376,2372,140,406,185,165,29.51,172.38,16.94
Beau Webster,Dasun Shanaka,1371,2597,87,337,231,151,24.58,189.42,29.85
Karan Shinde,Josh Tongue,701,1202,53,102,83,58,14.55,171.47,22.68
Nishant Sindhu,Avinov Choudhary,6531,8132,142,423,105,22,6.48,124.51,57.27
Nishant Sindhu,Isitha Wijesundara,2707,5172,151,418,390,300,15.44,191.06,34.25
Nishant Sindhu,Ashwin Das,2609,4932,219,366,334,315,14.03,189.04,22.52
Gangam Anikethreddy,Washington Sundar,367,205,118,163,7,17,44.41,55.86,1.74
Shiran Fernando,Ashwin Das,233,212,38,40,1,3,17.17,90.99,5.58
David Miller,Gangam Anikethreddy,1506,2062,108,429,133,111,28.49,136.92,19.09
Ramandeep Singh,Rashid Khan,695,1233,74,113,72,86,16.26,177.41,16.66
Ashwin Das,Rashid Khan,480,487,51,186,30,23,38.75,101.46,9.55
Ashwin Das,Prince Yadav,410,513,51,128,26,30,31.22,125.12,10.06
Ashwin Das,Shiran Fernando,428,403,88,144,33,15,33.64,94.16,4.58
Washington Sundar,Prince Yadav,599,951,55,86,68,38,14.36,158.76,17.29
Shreyas Iyer,Calvin Harrison,1299,2887,89,107,230,182,8.24,222.25,32.44
Abhishek Sharma,Varun Chakravarthy,1966,3785,188,178,255,231,9.05,192.52,20.13
Raj Angad Bawa,Sahan Arachchige,946,1476,179,170,112,85,17.97,156.03,8.25
Raj Angad Bawa,Dasun Shanaka,852,1593,100,127,140,87,14.91,186.97,15.93
Lalit Yadav,Sahan Arachchige,3538,6698,181,472,517,357,13.34,189.32,37.01
Atit Sheth,Josh Tongue,469,674,54,67,38,33,14.29,143.71,12.48
Lalit Yadav,Josh Tongue,1878,3319,112,310,209,200,16.51,176.73,29.63
Noor Ahmad,Josh Tongue,133,85,50,40,3,6,30.08,63.91,1.7
Noor Ahmad,Sahan Arachchige,368,261,136,101,17,10,27.45,70.92,1.92
Sahan Arachchige,Noor Ahmad,1120,1523,148,208,89,76,18.57,135.98,10.29
Abhimanyu Easwaran,Noor Ahmad,1666,3164,64,250,216,193,15.01,189.92,49.44
Suryakumar Yadav,Noor Ahmad,1208,2003,34,232,112,112,19.21,165.81,58.91
Dasun Shanaka,Jasprit Bumrah,830,1217,94,136,80,53,16.39,146.63,12.95
Abhimanyu Easwaran,Arzan Nagwaswalla,1876,2650,176,376,153,138,20.04,141.26,15.06
Dasun Shanaka,Arzan Nagwaswalla,864,1178,112,159,67,55,18.4,136.34,10.52
Josh Tongue,Arzan Nagwaswalla,239,191,80,71,10,11,29.71,79.92,2.39
Kuldeep Yadav,Arzan Nagwaswalla,257,73,87,136,3,3,52.92,28.4,0.84
Kuldeep Yadav,Noor Ahmad,100,28,34,55,0,3,55.0,28.0,0.82
Chamika Gunasekara,Raj Angad Bawa,411,406,30,71,2,1,17.27,98.78,13.53
Tim Seifert,Joel Davies,1279,2372,39,250,158,150,19.55,185.46,60.82
Tim Seifert,Nimesh Vimukthi,1241,2449,47,144,147,154,11.6,197.34,52.11
Rahul Tripathi,Sai Kishore,775,1502,32,82,102,81,10.58,193.81,46.94
Rahul Tripathi,Joel Davies,830,1119,81,241,67,70,29.04,134.82,13.81
Rahul Tripathi,Nimesh Vimukthi,907,1650,42,175,119,100,19.29,181.92,39.29
Ankit Kumar,Sai Kishore,620,1460,38,22,120,89,3.55,235.48,38.42
Cameron Green,Sai Kishore,574,1239,27,62,99,75,10.8,215.85,45.89
Ankit Kumar,Maheesh Theekshana,119,178,7,8,8,6,6.72,149.58,25.43
Cameron Green,Maheesh Theekshana,220,413,15,25,33,20,11.36,187.73,27.53
Nitish Kumar Reddy,Maheesh Theekshana,132,280,10,13,23,16,9.85,212.12,28.0
Ankit Kumar,Gurinder Singh,136,234,13,8,21,7,5.88,172.06,18.0
Kranthi Kumar,Gurinder Singh,204,351,30,19,30,16,9.31,172.06,11.7
Corbin Bosch,Gurinder Singh,246,308,24,66,17,15,26.83,125.2,12.83
Nitish Kumar Reddy,Gurinder Singh,123,189,22,16,15,9,13.01,153.66,8.59
Shubman Gill,Cameron Green,886,1946,17,58,122,127,6.55,219.64,114.47
Ishan Kishan,Corbin Bosch,792,1498,74,90,103,93,11.36,189.14,20.24
Shubman Gill,Corbin Bosch,865,1608,48,124,123,90,14.34,185.9,33.5
Shubman Gill,Ashok Sharma,954,1827,85,82,122,111,8.6,191.51,21.49
Ishan Kishan,Ashok Sharma,818,1704,61,60,123,104,7.33,208.31,27.93
Shubman Gill,Nitish Kumar Reddy,917,1888,35,64,132,111,6.98,205.89,53.94
Ishan Kishan,Kranthi Kumar,815,1067,100,212,69,58,26.01,130.92,10.67
Shubman Gill,Kranthi Kumar,991,1216,70,315,70,66,31.79,122.7,17.37
Heinrich Klaasen,Ashok Sharma,734,1031,91,147,65,49,20.03,140.46,11.33
Heinrich Klaasen,Sonny Baker,170,278,23,10,10,17,5.88,163.53,12.09
Marcus Stoinis,Sonny Baker,184,320,21,19,21,15,10.33,173.91,15.24
Gurinder Singh,Sonny Baker,60,50,19,7,3,1,11.67,83.33,2.63
Sai Kishore,Sonny Baker,156,217,25,32,14,11,20.51,139.1,8.68
Dunith Wellalage,Sonny Baker,449,603,24,71,25,20,15.81,134.3,25.12
Dunith Wellalage,Anshul Kamboj,730,1046,43,127,48,44,17.4,143.29,24.33
Nimesh Vimukthi,Anshul Kamboj,444,509,27,64,11,5,14.41,114.64,18.85
Maheesh Theekshana,Anshul Kamboj,324,285,52,70,6,2,21.6,87.96,5.48
Marcus Stoinis,Prasidh Krishna,925,1572,78,164,115,85,17.73,169.95,20.15
Sai Kishore,Mohammed Siraj,155,161,43,45,9,12,29.03,103.87,3.74
Joel Davies,Liam Livingstone,372,796,20,36,62,50,9.68,213.98,39.8
Kunal Chandela,Joel Davies,222,339,15,55,22,21,24.77,152.7,22.6
Kunal Chandela,Sai Kishore,288,620,7,42,46,39,14.58,215.28,88.57
Kunal Chandela,Nimesh Vimukthi,224,393,14,42,28,22,18.75,175.45,28.07
Prasidh Krishna,Maheesh Theekshana,242,216,44,54,9,4,22.31,89.26,4.91
Saransh Jain,Rachin Ravindra,846,919,66,146,19,12,17.26,108.63,13.92
Shiran Fernando,Rachin Ravindra,413,445,31,60,7,2,14.53,107.75,14.35
Rachin Ravindra,Shiran Fernando,203,344,47,14,21,23,6.9,169.46,7.32
Ryan Rickelton,Riyan Parag,2345,4525,166,253,282,292,10.79,192.96,27.26
Kuldeep Yadav,Sonal Dinusha,507,205,150,265,8,11,52.27,40.43,1.37
Kuldeep Yadav,Mitchell Santner,596,186,195,318,11,9,53.36,31.21,0.95
Varun Chakravarthy,Mohammed Siraj,244,251,29,36,2,2,14.75,102.87,8.66
Jos Buttler,Chamika Gunasekara,1543,2624,156,296,179,160,19.18,170.06,16.82
Prasidh Krishna,Sahan Arachchige,488,510,60,71,10,5,14.55,104.51,8.5
Prasidh Krishna,Josh Tongue,253,237,52,53,6,4,20.95,93.68,4.56
Sunil Narine,Josh Tongue,154,198,12,10,6,2,6.49,128.57,16.5
Will Jacks,Mitchell Santner,1458,2433,115,290,176,137,19.89,166.87,21.16
Will Jacks,Sunil Narine,1422,2227,115,353,159,133,24.82,156.61,19.37
Shubham Agarwal,CV Stephen,362,258,70,139,13,7,38.4,71.27,3.69
Theesan Vithushan,CV Stephen,256,172,81,94,9,9,36.72,67.19,2.12
Theesan Vithushan,Malinda Pushpakumara,292,191,94,118,14,9,40.41,65.41,2.03
Isitha Wijesundara,Malinda Pushpakumara,574,627,46,121,18,9,21.08,109.23,13.63
Scott Curie,Malinda Pushpakumara,244,272,18,23,5,0,9.43,111.48,15.11
Suryakumar Yadav,Shivam Mavi,1065,1915,34,175,139,102,16.43,179.81,56.32
Kuldeep Yadav,Ottneil Baartman,138,42,57,59,2,2,42.75,30.43,0.74
Chamika Gunasekara,Mohsin Khan,170,175,12,22,0,0,12.94,102.94,14.58
Heinrich Klaasen,Varun Chakravarthy,1802,2487,181,469,153,142,26.03,138.01,13.74
Dunith Wellalage,Sahan Arachchige,1475,1787,102,378,89,71,25.63,121.15,17.52
Mohsin Khan,Josh Tongue,216,219,17,41,2,1,18.98,101.39,12.88
Christopher Britz,Mitchell Starc,2682,3476,51,333,96,57,12.42,129.6,68.16
Christopher Britz,Adam Zampa,2731,3560,54,313,97,46,11.46,130.36,65.93
Christopher Britz,Sonal Dinusha,4635,5240,155,2107,376,274,45.46,113.05,33.81
Rachin Ravindra,Akash Vasisht,818,1270,136,133,94,70,16.26,155.26,9.34
Rachin Ravindra,Sonal Dinusha,977,1671,154,158,115,108,16.17,171.03,10.85
Lalit Yadav,Sonal Dinusha,1414,2645,75,188,190,149,13.3,187.06,35.27
Lalit Yadav,Mitchell Starc,805,1625,59,47,129,82,5.84,201.86,27.54
Lalit Yadav,Adam Zampa,751,1461,50,62,82,91,8.26,194.54,29.22
Ayush Mhatre,Rachin Ravindra,2633,5691,179,211,406,368,8.01,216.14,31.79
Mukul Choudhary,Rachin Ravindra,2865,5267,323,392,343,344,13.68,183.84,16.31
Mridul Surroch,Rachin Ravindra,3120,5226,365,562,371,316,18.01,167.5,14.32
Harry Brook,Dushan Hemantha,2899,5100,159,338,295,272,11.66,175.92,32.08
Virat Singh,Dushan Hemantha,1899,3435,136,320,215,225,16.85,180.88,25.26
Shivam Dube,Dushan Hemantha,919,1358,104,185,81,80,20.13,147.77,13.06
Rashid Khan,Mohammed Shami,171,173,55,36,9,10,21.05,101.17,3.15
Venkatesh Iyer,Shahbaz Ahmed,2013,4700,65,96,317,307,4.77,233.48,72.31
Venkatesh Iyer,Saransh Jain,1918,3690,81,287,273,219,14.96,192.39,45.56
Abhimanyu Easwaran,Suryansh Shedge,1381,2940,74,104,192,191,7.53,212.89,39.73
Abhimanyu Easwaran,Harsh Dubey,1521,2628,84,221,174,139,14.53,172.78,31.29
Krunal Pandya,Kuldeep Yadav,2973,4475,247,589,263,238,19.81,150.52,18.12
Krunal Pandya,Josh Tongue,1927,2686,138,446,161,132,23.14,139.39,19.46
Naman Dhir,Kuldeep Yadav,1595,2450,143,370,142,154,23.2,153.61,17.13
Suryansh Shedge,Kuldeep Yadav,678,1114,95,106,68,71,15.63,164.31,11.73
Suryansh Shedge,Sahan Arachchige,1055,1514,170,173,110,66,16.4,143.51,8.91
Suryansh Shedge,Dasun Shanaka,982,1771,98,105,118,100,10.69,180.35,18.07
Anshul Kamboj,Dasun Shanaka,902,906,128,140,10,11,15.52,100.44,7.08
Suryansh Shedge,Josh Tongue,575,762,82,116,51,35,20.17,132.52,9.29
Anshul Kamboj,Josh Tongue,404,323,84,104,5,9,25.74,79.95,3.85
Anshul Kamboj,Chamika Gunasekara,392,352,80,73,9,6,18.62,89.8,4.4
Chris Lynn,Rashid Khan,733,1177,57,159,75,70,21.69,160.57,20.65
Devdutt Padikkal,Saransh Jain,2334,4558,135,323,357,263,13.84,195.29,33.76
Washington Sundar,Shahbaz Ahmed,1212,2136,95,162,156,105,13.37,176.24,22.48
Scott Curie,Shahbaz Ahmed,284,313,21,27,1,0,9.51,110.21,14.9
Rinku Singh,Ravi Teja,775,1306,57,138,91,70,17.81,168.52,22.91
Axar Patel,Mitchell Santner,1140,1944,95,181,132,108,15.88,170.53,20.46
Lasith Embuldeniya,Sunil Narine,589,559,57,116,6,2,19.69,94.91,9.81
Lasith Embuldeniya,Prasidh Krishna,256,267,23,43,4,0,16.8,104.3,11.61
Lasith Embuldeniya,Ravi Teja,198,186,34,33,2,2,16.67,93.94,5.47
Ishan Kishan,Harpreet Brar,1563,2650,67,159,147,120,10.17,169.55,39.55
Ankit Kumar,Ravindra Jadeja,1745,2970,196,260,182,190,14.9,170.2,15.15
Ravi Bishnoi,Seekkuge Prasanna,991,790,139,302,8,8,30.47,79.72,5.68
Nishan Peiris,Seekkuge Prasanna,689,697,66,100,4,3,14.51,101.16,10.56
James Rew,Ravi Bishnoi,2454,3194,115,517,128,124,21.07,130.15,27.77
Rajat Patidar,Harsh Dubey,1015,1578,56,152,104,64,14.98,155.47,28.18
Rajat Patidar,Ravi Bishnoi,942,1540,57,131,90,72,13.91,163.48,27.02
Rajat Patidar,Nishan Peiris,913,1419,56,142,84,71,15.55,155.42,25.34
Aneurin Donald,Nishan Peiris,625,1086,44,129,75,69,20.64,173.76,24.68
Vishen Halambage,Prashant Veer,1114,2027,94,198,147,128,17.77,181.96,21.56
Vishen Halambage,Donovan Ferreira,674,1293,32,111,103,76,16.47,191.84,40.41
Aneurin Donald,Donovan Ferreira,1401,2711,45,258,211,162,18.42,193.5,60.24
Aneurin Donald,Prashant Veer,2018,3654,115,439,294,215,21.75,181.07,31.77
Rajat Patidar,Will Jacks,1519,3031,77,155,202,192,10.2,199.54,39.36
Rajat Patidar,Washington Sundar,1709,3554,88,187,254,224,10.94,207.96,40.39
Rajat Patidar,Shubham Agarwal,1718,2760,185,283,169,164,16.47,160.65,14.92
Aneurin Donald,Shubham Agarwal,1519,2424,133,376,172,153,24.75,159.58,18.23
Aneurin Donald,Washington Sundar,1240,2478,43,196,177,157,15.81,199.84,57.63
Aneurin Donald,Isitha Wijesundara,1059,2205,36,153,150,147,14.45,208.22,61.25
Rajat Patidar,Isitha Wijesundara,1313,2668,54,137,199,153,10.43,203.2,49.41
Aneurin Donald,Will Jacks,1279,2505,43,230,192,153,17.98,195.86,58.26
Vishen Halambage,Shubham Agarwal,734,1335,84,113,93,87,15.4,181.88,15.89
Vishen Halambage,Scott Curie,310,682,29,14,65,35,4.52,220.0,23.52
Aneurin Donald,Scott Curie,415,973,16,37,74,66,8.92,234.46,60.81
Vishen Halambage,Theesan Vithushan,290,705,26,16,58,49,5.52,243.1,27.12
Aneurin Donald,Theesan Vithushan,396,853,19,46,75,46,11.62,215.4,44.89
Theesan Vithushan,Harpreet Brar,239,180,71,71,2,10,29.71,75.31,2.54
Scott Curie,Harpreet Brar,577,641,35,66,7,1,11.44,111.09,18.31
Virat Singh,Hardik Pandya,3762,7697,167,412,551,472,10.95,204.6,46.09
Rashid Khan,Hardik Pandya,638,578,238,159,42,32,24.92,90.6,2.43
Calvin Harrison,Harpreet Brar,202,213,32,51,8,10,25.25,105.45,6.66
Calvin Harrison,Tanay Thyagarajan,216,237,25,71,11,12,32.87,109.72,9.48
Shiran Fernando,Axar Patel,256,224,39,54,3,2,21.09,87.5,5.74
Shiran Fernando,Binura Fernando,158,149,19,30,0,0,18.99,94.3,7.84
Shiran Fernando,Akeal Hosein,294,304,19,47,2,0,15.99,103.4,16.0
Akeal Hosein,Shiran Fernando,232,202,63,53,10,7,22.84,87.07,3.21
Lasith Embuldeniya,Calvin Harrison,586,549,53,121,3,4,20.65,93.69,10.36
Binura Fernando,Shiran Fernando,114,126,11,5,1,0,4.39,110.53,11.45
Binura Fernando,Prince Yadav,249,273,24,28,6,2,11.24,109.64,11.38
Shubman Gill,Beau Webster,2250,4944,140,129,362,312,5.73,219.73,35.31
Rahul Chahar,Shivam Mavi,72,72,7,8,0,0,11.11,100.0,10.29
Lungi Ngidi,Shivam Mavi,65,33,14,29,1,1,44.62,50.77,2.36
Rahul Chahar,Mohsin Khan,81,101,9,6,1,3,7.41,124.69,11.22
Lungi Ngidi,Mohsin Khan,99,52,35,33,2,2,33.33,52.53,1.49
Charith Asalanka,Mayank Yadav,118,205,9,22,14,12,18.64,173.73,22.78
Dhruv Jurel,Mohamed Shiraz,527,734,37,110,43,33,20.87,139.28,19.84
Craig Overton,Josh Tongue,232,245,34,94,14,15,40.52,105.6,7.21
Umesh Yadav,Josh Tongue,178,189,29,37,4,6,20.79,106.18,6.52
Umesh Yadav,Duan Jansen,252,253,35,46,4,4,18.25,100.4,7.23
Umesh Yadav,Vasuki Koushik,210,214,27,35,5,2,16.67,101.9,7.93
Mohamed Shiraz,Duan Jansen,144,144,18,18,2,0,12.5,100.0,8.0
Mayank Agarwal,Harsh Dubey,5979,7583,188,841,231,162,14.07,126.83,40.34
Jitesh Sharma,Kagiso Rabada,1107,1421,99,248,77,60,22.4,128.36,14.35
Hardik Pandya,Kagiso Rabada,683,1204,44,107,87,67,15.67,176.28,27.36
Bipin Saurabh,Krunal Pandya,1658,3285,104,162,235,190,9.77,198.13,31.59
Bipin Saurabh,Suryansh Shedge,1130,2421,51,137,175,158,12.12,214.25,47.47
Seekkuge Prasanna,Krunal Pandya,1689,3368,139,226,265,198,13.38,199.41,24.23
Bipin Saurabh,Kagiso Rabada,390,678,38,59,45,42,15.13,173.85,17.84
Harpreet Brar,Kagiso Rabada,140,235,36,10,19,12,7.14,167.86,6.53
Dan Lawrence,Kagiso Rabada,337,514,18,32,28,18,9.5,152.52,28.56
Dan Lawrence,Krunal Pandya,1045,1754,31,136,91,89,13.01,167.85,56.58
Kumar Kushagra,Yuzvendra Chahal,3295,5416,93,378,280,223,11.47,164.37,58.24
Krunal Pandya,Yuzvendra Chahal,2044,3320,88,310,201,152,15.17,162.43,37.73
Naman Dhir,Harpreet Brar,632,1040,40,153,65,64,24.21,164.56,26.0
Naman Dhir,Tanay Thyagarajan,752,956,56,233,53,52,30.98,127.13,17.07
Suryansh Shedge,Hardik Pandya,1651,2747,183,277,186,157,16.78,166.38,15.01
Shardul Thakur,Hardik Pandya,1252,1098,152,452,54,37,36.1,87.7,7.22
Anshul Kamboj,Hardik Pandya,1111,1108,151,193,25,16,17.37,99.73,7.34
Anshul Kamboj,Harpreet Brar,278,287,36,33,1,2,11.87,103.24,7.97
Anshul Kamboj,Yuzvendra Chahal,354,389,44,40,7,2,11.3,109.89,8.84
Kagiso Rabada,Yuzvendra Chahal,269,296,20,20,2,1,7.43,110.04,14.8
Liam Livingstone,Ashwin Das,4096,8333,200,488,560,538,11.91,203.44,41.66
Liam Livingstone,Isitha Wijesundara,4325,9011,146,516,640,569,11.93,208.35,61.72
Mitchell Santner,Isitha Wijesundara,540,878,28,156,67,52,28.89,162.59,31.36
Ravi Teja,Isitha Wijesundara,78,45,27,25,3,1,32.05,57.69,1.67
Ravi Teja,Washington Sundar,77,61,27,20,2,4,25.97,79.22,2.26
Prasidh Krishna,Avinov Choudhary,196,208,24,34,5,2,17.35,106.12,8.67
Prasidh Krishna,Raj Limbani,177,176,29,26,3,3,14.69,99.44,6.07
Ramandeep Singh,Mohammed Siraj,360,738,52,33,47,56,9.17,205.0,14.19
Abhishek Sharma,Ravi Bishnoi,436,835,50,39,53,53,8.94,191.51,16.7
Rachin Ravindra,Ravi Bishnoi,275,502,37,36,42,28,13.09,182.55,13.57
Dian Forrester,Krunal Pandya,721,1235,22,125,91,57,17.34,171.29,56.14
Dian Forrester,Donovan Ferreira,251,354,9,55,18,16,21.91,141.04,39.33
Dian Forrester,Prashant Veer,770,1197,41,170,76,64,22.08,155.45,29.2
Lalit Yadav,Ravi Bishnoi,505,1175,34,35,90,81,6.93,232.67,34.56
Dian Forrester,Ravi Bishnoi,339,615,17,48,48,30,14.16,181.42,36.18
Binura Fernando,Atit Sheth,344,381,33,38,6,1,11.05,110.76,11.55
Binura Fernando,Athisayaraj Davidson,146,157,11,11,1,0,7.53,107.53,14.27
Abhishek Sharma,Akeal Hosein,1681,3298,87,209,264,181,12.43,196.19,37.91
Raj Angad Bawa,Binura Fernando,290,417,49,71,26,28,24.48,143.79,8.51
Lalit Yadav,Binura Fernando,820,1595,60,105,123,96,12.8,194.51,26.58
Atit Sheth,Binura Fernando,243,342,39,32,20,15,13.17,140.74,8.77
Athisayaraj Davidson,Binura Fernando,95,65,29,33,4,3,34.74,68.42,2.24
Jasprit Bumrah,Binura Fernando,161,150,14,29,1,1,18.01,93.17,10.71
Arzan Nagwaswalla,Binura Fernando,137,162,10,13,2,0,9.49,118.25,16.2
Virat Kohli,Jai Moondra,3158,4650,89,194,153,116,6.14,147.25,52.25
Devdutt Padikkal,Dian Forrester,3839,8656,172,239,599,578,6.23,225.48,50.33
Manav Suthar,Dian Forrester,243,162,81,78,11,4,32.1,66.67,2.0
Bhuvneshwar Kumar,Ismat Alam,334,365,44,47,12,5,14.07,109.28,8.3
Glenn Phillips,Duvindu Tillakaratne,1069,2074,24,206,145,135,19.27,194.01,86.42
Glenn Phillips,Manav Suthar,870,1556,41,154,126,80,17.7,178.85,37.95
Lalit Yadav,Bhuvneshwar Kumar,458,813,35,70,64,42,15.28,177.51,23.23
Glenn Phillips,Bhuvneshwar Kumar,772,1163,69,168,75,62,21.76,150.65,16.86
Aneurin Donald,Akash Vasisht,2103,3894,118,351,260,244,16.69,185.16,33.0
Vishen Halambage,Mitchell Starc,351,705,56,23,63,41,6.55,200.85,12.59
Mitchell Starc,Seekkuge Prasanna,451,143,161,217,3,10,48.12,31.71,0.89
Sonal Dinusha,Ravindra Jadeja,990,1046,45,240,20,13,24.24,105.66,23.24
Adam Zampa,Seekkuge Prasanna,289,293,27,40,4,1,13.84,101.38,10.85
Abhishek Sharma,Akash Vasisht,3185,6786,334,207,524,431,6.5,213.06,20.32
Praveen Jayawickrama,Sonal Dinusha,230,141,66,97,14,5,42.17,61.3,2.14
Praveen Jayawickrama,Mridul Surroch,192,101,59,78,6,3,40.62,52.6,1.71
Arzan Nagwaswalla,Adam Zampa,277,282,31,28,0,1,10.11,101.81,9.1
Venkatesh Iyer,Umesh Yadav,3325,4647,67,321,170,92,9.65,139.76,69.36
Shubham Dubey,Mayank Yadav,459,529,27,147,22,25,32.03,115.25,19.59
Matt Short,Mayank Yadav,226,421,6,44,36,23,19.47,186.28,70.17
Luhan dre pretorious,Craig Overton,505,807,47,111,63,46,21.98,159.8,17.17
Rishabh Pant,Craig Overton,328,551,50,42,45,27,12.8,167.99,11.02
Rishabh Pant,Mridul Surroch,1573,2715,152,263,195,158,16.72,172.6,17.86
Rishabh Pant,Mohamed Shiraz,88,92,24,14,7,2,15.91,104.55,3.83
Luhan dre pretorious,Mohamed Shiraz,100,158,15,17,13,7,17.0,158.0,10.53
Auqib Nabi,Mridul Surroch,175,252,18,37,18,11,21.14,144.0,14.0
Ashton Turner,Binura Fernando,502,517,61,117,20,16,23.31,102.99,8.48
Ashton Turner,Ashish Singh,488,494,46,128,21,15,26.23,101.23,10.74
Mridul Surroch,Ashish Singh,417,651,21,95,48,30,22.78,156.12,31.0
Mridul Surroch,Auqib Nabi,1028,1949,96,142,146,118,13.81,189.59,20.3
Sairaj Patil,Auqib Nabi,770,1386,97,88,106,81,11.43,180.0,14.29
Yuvraj Chaudhary,Auqib Nabi,678,987,54,123,48,51,18.14,145.58,18.28
Craig Overton,Mitchell Marsh,421,432,65,188,35,25,44.66,102.61,6.65
Mayank Yadav,Mitchell Marsh,187,64,83,75,3,4,40.11,34.22,0.77
Umesh Yadav,Mitchell Marsh,335,335,48,50,9,1,14.93,100.0,6.98
Mohamed Shiraz,Mitchell Marsh,184,181,18,31,2,0,16.85,98.37,10.06
Akash Deep,Mridul Surroch,485,355,146,156,22,14,32.16,73.2,2.43
Heinrich Klaasen,Mitchell Starc,284,452,21,32,21,22,11.27,159.15,21.52
Yash Thakur,Mitchell Starc,689,769,70,74,6,7,10.74,111.61,10.99
Heinrich Klaasen,Adam Zampa,285,406,25,23,21,10,8.07,142.46,16.24
Yash Thakur,Adam Zampa,644,737,50,58,7,7,9.01,114.44,14.74
Mukul Choudhary,Vidwath Kaverappa,2955,5757,103,247,385,306,8.36,194.82,55.89
Riyan Parag,Matthew Forde,1165,2105,83,233,149,140,20.0,180.69,25.36
Riyan Parag,Mohsin Khan,1261,2146,122,211,170,111,16.73,170.18,17.59
Yuvraj Chaudhary,Akash Deep,629,1074,63,113,73,65,17.97,170.75,17.05
Riyan Parag,Akash Deep,1327,2486,115,184,185,142,13.87,187.34,21.62
Yuvraj Chaudhary,Matthew Forde,570,911,45,106,69,44,18.6,159.82,20.24
Akash Vasisht,Matthew Forde,386,592,30,66,30,29,17.1,153.37,19.73
Akash Vasisht,Yash Thakur,537,963,42,59,58,54,10.99,179.33,22.93
Krunal Pandya,Mohammed Siraj,1538,2264,86,278,125,102,18.08,147.2,26.33
Naman Dhir,Ravi Teja,818,1214,52,190,73,64,23.23,148.41,23.35
Naman Dhir,Mitchell Santner,2067,3777,169,346,291,213,16.74,182.73,22.35
Naman Dhir,Liam Livingstone,1692,3134,103,275,242,180,16.25,185.22,30.43
Naman Dhir,Sunil Narine,1971,3178,141,477,240,181,24.2,161.24,22.54
Suryansh Shedge,Sunil Narine,1096,1794,101,245,123,105,22.35,163.69,17.76
Suryansh Shedge,Mitchell Santner,1181,2128,108,189,160,119,16.0,180.19,19.7
Harsh Dubey,Mitchell Santner,586,528,183,168,40,25,28.67,90.1,2.89
Shardul Thakur,Mitchell Santner,715,710,67,247,32,28,34.55,99.3,10.6
Anshul Kamboj,Mitchell Santner,468,508,64,68,9,10,14.53,108.55,7.94
Kagiso Rabada,Sunil Narine,207,225,20,24,0,2,11.59,108.7,11.25
Suryansh Shedge,Liam Livingstone,842,1457,74,133,108,78,15.8,173.04,19.69
Kagiso Rabada,Liam Livingstone,187,197,21,21,2,1,11.23,105.35,9.38
Liam Livingstone,Shardul Thakur,1030,2159,105,37,150,129,3.59,209.61,20.56
Liam Livingstone,Donovan Ferreira,1836,4175,65,118,273,284,6.43,227.4,64.23
Lasith Embuldeniya,Chamika Gunasekara,246,215,34,53,2,1,21.54,87.4,6.32
Sai Sudharsan,Adam Zampa,1891,2482,35,84,43,22,4.44,131.25,70.91
Jos Buttler,Riyan Parag,1980,3866,194,229,266,247,11.57,195.25,19.93
Kunal Chandela,Sonal Dinusha,1475,2686,128,237,207,152,16.07,182.1,20.98
Sunil Narine,Mridul Surroch,349,446,32,72,19,19,20.63,127.79,13.94
CV Stephen,Akash Vasisht,227,202,38,50,1,4,22.03,88.99,5.32
Shubham Agarwal,Matthew Forde,298,226,57,114,9,10,38.26,75.84,3.96
Isitha Wijesundara,Vidwath Kaverappa,405,453,20,91,8,6,22.47,111.85,22.65
Karan Lal,Tanay Thyagarajan,2093,3111,129,256,155,120,12.23,148.64,24.12
Ishan Kishan,Tanay Thyagarajan,1131,1889,70,172,109,104,15.21,167.02,26.99
Shivam Mavi,Hardik Pandya,635,488,232,190,36,27,29.92,76.85,2.1
Ottneil Baartman,Seekkuge Prasanna,606,584,89,96,5,5,15.84,96.37,6.56
Dunith Wellalage,Tanay Thyagarajan,516,609,33,125,23,23,24.22,118.02,18.45
David Miller,Kuldeep Yadav,1382,2097,125,297,138,117,21.49,151.74,16.78
Ramandeep Singh,Kuldeep Yadav,762,1327,94,85,78,81,11.15,174.15,14.12
Ashwin Das,Sahan Arachchige,955,1210,154,264,83,63,27.64,126.7,7.86
Ashwin Das,Dasun Shanaka,941,1519,105,205,122,81,21.79,161.42,14.47
Washington Sundar,Chamika Gunasekara,842,1199,77,134,77,48,15.91,142.4,15.57
Ashwin Das,Chamika Gunasekara,491,512,76,185,35,27,37.68,104.28,6.74
Raj Limbani,Sahan Arachchige,633,690,88,59,13,5,9.32,109.0,7.84
Yashasvi Jaiswal,Ashwin Das,3588,6820,192,452,492,396,12.6,190.08,35.52
Suryakumar Yadav,Ashwin Das,1927,3670,94,304,270,211,15.78,190.45,39.04
David Miller,Yuzvendra Chahal,600,1007,54,102,81,52,17.0,167.83,18.65
David Miller,Harpreet Brar,551,877,52,127,68,47,23.05,159.17,16.87
Shreyas Iyer,Tanay Thyagarajan,1665,2759,71,269,172,141,16.16,165.71,38.86
Ashwin Das,Yuzvendra Chahal,314,496,41,75,38,29,23.89,157.96,12.1
Washington Sundar,Yuzvendra Chahal,843,1433,39,89,67,70,10.56,169.99,36.74
Ashwin Das,Tanay Thyagarajan,293,349,53,78,29,14,26.62,119.11,6.58
Ayush Mhatre,Gangam Anikethreddy,12040,19190,315,1301,912,722,10.81,159.39,60.92
Riyan Parag,Shiran Fernando,459,668,47,74,38,31,16.12,145.53,14.21
Riyan Parag,Gangam Anikethreddy,685,1045,67,159,62,67,23.21,152.55,15.6
Karan Shinde,Gangam Anikethreddy,1423,2260,91,260,146,122,18.27,158.82,24.84
Yuvraj Chaudhary,Saransh Jain,1153,1654,98,305,103,95,26.45,143.45,16.88
Sanju Samson,Saransh Jain,1693,3415,98,206,243,215,12.17,201.71,34.85
Akash Vasisht,Saransh Jain,986,1481,59,199,78,80,20.18,150.2,25.1
Mitchell Starc,Shahbaz Ahmed,228,92,61,132,6,7,57.89,40.35,1.51
Sonal Dinusha,Shahbaz Ahmed,399,401,13,117,8,7,29.32,100.5,30.85
Sonal Dinusha,Saransh Jain,519,521,21,141,11,5,27.17,100.39,24.81
Yuvraj Chaudhary,Shahbaz Ahmed,981,1583,75,206,106,90,21.0,161.37,21.11
Adam Zampa,Shahbaz Ahmed,131,142,7,9,0,0,6.87,108.4,20.29
Adam Zampa,Saransh Jain,140,152,10,15,1,1,10.71,108.57,15.2
Sonal Dinusha,Rashid Khan,275,283,15,56,4,1,20.36,102.91,18.87
Adam Zampa,Rashid Khan,97,113,4,12,1,0,12.37,116.49,28.25
KL Rahul,Adam Zampa,6894,8770,137,353,128,36,5.12,127.21,64.01
Kusal Mendis,Adam Zampa,6841,8611,119,324,115,19,4.74,125.87,72.36
Kusal Mendis,Mitchell Starc,6883,8761,118,293,114,19,4.26,127.28,74.25
KL Rahul,Mitchell Starc,7048,9079,152,316,148,28,4.48,128.82,59.73
Harry Brook,Mitchell Starc,1985,2532,47,101,38,13,5.09,127.56,53.87
Kusal Mendis,Akash Vasisht,2050,3748,159,216,225,226,10.54,182.83,23.57
Kusal Mendis,Riyan Parag,2096,4008,209,196,247,261,9.35,191.22,19.18
Harry Brook,Riyan Parag,2003,3764,199,157,262,212,7.84,187.92,18.91
Virat Singh,Riyan Parag,1992,3308,238,288,206,197,14.46,166.06,13.9
Shivam Dube,Riyan Parag,1592,2586,213,200,179,139,12.56,162.44,12.14
Tilak Varma,Mridul Surroch,3185,5656,179,507,336,348,15.92,177.58,31.6
Tilak Varma,Sonal Dinusha,1876,3207,105,302,200,181,16.1,170.95,30.54
Shahbaz Ahmed,Sonal Dinusha,1327,1910,109,283,133,80,21.33,143.93,17.52
Shivam Dube,Sonal Dinusha,1699,2898,178,246,194,175,14.48,170.57,16.28
Shahbaz Ahmed,Mridul Surroch,1165,1483,102,287,90,57,24.64,127.3,14.54
Rashid Khan,Akash Vasisht,777,722,276,192,57,39,24.71,92.92,2.62
Gangam Anikethreddy,Akash Vasisht,723,326,241,331,23,13,45.78,45.09,1.35
Saransh Jain,Mridul Surroch,679,692,48,134,7,2,19.73,101.91,14.42
Saransh Jain,Akash Vasisht,753,784,53,147,17,5,19.52,104.12,14.79
Shahbaz Ahmed,Akash Vasisht,1217,1575,110,297,95,68,24.4,129.42,14.32
Shahbaz Ahmed,Riyan Parag,1397,2020,125,314,114,104,22.48,144.6,16.16
Saransh Jain,Riyan Parag,802,812,55,146,12,2,18.2,101.25,14.76
Saransh Jain,Sonal Dinusha,814,836,60,137,13,7,16.83,102.7,13.93
Saransh Jain,Mitchell Starc,924,1085,35,114,18,4,12.34,117.42,31.0
Shahbaz Ahmed,Mitchell Starc,566,890,36,64,64,26,11.31,157.24,24.72
Saransh Jain,Adam Zampa,919,1043,35,118,13,2,12.84,113.49,29.8
Shahbaz Ahmed,Adam Zampa,519,759,41,43,38,21,8.29,146.24,18.51
David Miller,Mohsin Khan,1126,1560,79,313,83,92,27.8,138.54,19.75
Ramandeep Singh,Shivam Mavi,542,882,45,99,55,51,18.27,162.73,19.6
Ashwin Das,Shivam Mavi,393,493,39,135,38,26,34.35,125.45,12.64
Shivam Mavi,Washington Sundar,288,231,90,90,17,9,31.25,80.21,2.57
Ottneil Baartman,Raj Limbani,259,251,36,50,4,4,19.31,96.91,6.97
Ottneil Baartman,Avinov Choudhary,291,289,36,47,6,1,16.15,99.31,8.03
Ayush Mhatre,Prince Yadav,10295,15627,222,877,616,463,8.52,151.79,70.39
Yash Dhull,Prince Yadav,3587,4565,124,525,139,93,14.64,127.27,36.81
Ayush Mhatre,Khaleel Ahmed,3962,5786,66,386,219,146,9.74,146.04,87.67
Yash Dhull,Khaleel Ahmed,3664,4513,81,598,106,85,16.32,123.17,55.72
Yash Dhull,Rashid Khan,3353,4635,92,399,163,112,11.9,138.23,50.38
Ayush Mhatre,Sam Curran,1169,2747,36,54,210,168,4.62,234.99,76.31
Yash Dhull,Sam Curran,526,934,37,85,72,50,16.16,177.57,25.24
Yash Dhull,Jason Holder,632,1023,56,127,82,50,20.09,161.87,18.27
Ayush Mhatre,Jason Holder,1215,2619,77,102,191,158,8.4,215.56,34.01
Mukul Choudhary,Sam Curran,1048,2182,70,77,144,140,7.35,208.21,31.17
Ashton Turner,Rashid Khan,576,841,39,121,49,45,21.01,146.01,21.56
Mridul Surroch,Khaleel Ahmed,307,527,15,48,37,26,15.64,171.66,35.13
Sairaj Patil,Khaleel Ahmed,158,286,15,18,17,17,11.39,181.01,19.07
KL Rahul,Umesh Yadav,3919,6353,75,207,267,211,5.28,162.11,84.71
Priyansh Arya,Umesh Yadav,3070,4689,88,144,183,117,4.69,152.74,53.28
Priyansh Arya,Mohamed Shiraz,3154,4263,136,269,145,77,8.53,135.16,31.35
KL Rahul,Mohamed Shiraz,3983,5730,75,369,225,135,9.26,143.86,76.4
KL Rahul,Mayank Yadav,3971,6262,76,192,255,182,4.84,157.69,82.39
Priyansh Arya,Mayank Yadav,3194,4819,113,159,183,123,4.98,150.88,42.65
Kishan Lyngdoh,Mohamed Shiraz,1870,2532,55,395,127,90,21.12,135.4,46.04
Kishan Lyngdoh,Umesh Yadav,1892,3119,39,264,158,149,13.95,164.85,79.97
Kishan Lyngdoh,Mayank Yadav,1929,3115,46,264,159,134,13.69,161.48,67.72
Priyansh Arya,Craig Overton,459,1077,35,16,80,72,3.49,234.64,30.77
Kishan Lyngdoh,Craig Overton,1590,2959,62,299,218,177,18.81,186.1,47.73
Kishan Lyngdoh,Mridul Surroch,1741,3660,43,194,266,226,11.14,210.22,85.12
Priyansh Arya,Mridul Surroch,545,1361,27,4,85,98,0.73,249.72,50.41
Virat Singh,Mridul Surroch,5773,12133,367,493,837,774,8.54,210.17,33.06
Sam Curran,Mridul Surroch,444,728,33,76,50,38,17.12,163.96,22.06
Harry Brook,Mohamed Shiraz,318,584,22,44,43,35,13.84,183.65,26.55
Khaleel Ahmed,Mohamed Shiraz,121,117,15,23,2,1,19.01,96.69,7.8
Harry Brook,Mayank Yadav,234,466,13,25,24,34,10.68,199.15,35.85
Khaleel Ahmed,Mayank Yadav,113,104,7,29,0,0,25.66,92.04,14.86
Kranthi Kumar,Jasprit Bumrah,126,177,18,23,8,10,18.25,140.48,9.83
Ismat Alam,Corbin Bosch,226,241,52,71,15,16,31.42,106.64,4.63
Jai Moondra,Kranthi Kumar,118,79,41,39,7,3,33.05,66.95,1.93
Lalit Yadav,CV Stephen,821,1663,69,84,120,100,10.23,202.56,24.1
Lalit Yadav,Malinda Pushpakumara,852,1741,51,81,146,94,9.51,204.34,34.14
Jos Buttler,Rachin Ravindra,2391,4837,218,235,333,313,9.83,202.3,22.19
Sai Sudharsan,Rachin Ravindra,3695,6867,284,489,466,418,13.23,185.85,24.18
Priyansh Arya,Nitish Kumar Reddy,489,1029,39,14,67,65,2.86,210.43,26.38
KL Rahul,Nitish Kumar Reddy,1032,2371,44,28,167,148,2.71,229.75,53.89
Virat Singh,Ashok Sharma,837,1580,94,95,103,104,11.35,188.77,16.81
Harry Brook,Ashok Sharma,639,1156,84,66,78,76,10.33,180.91,13.76
Harry Brook,Cameron Green,628,1317,30,44,93,77,7.01,209.71,43.9
Harry Brook,Corbin Bosch,657,1077,64,105,67,63,15.98,163.93,16.83
Harry Brook,Nitish Kumar Reddy,536,1025,43,55,76,57,10.26,191.23,23.84
Shivam Dube,Nitish Kumar Reddy,408,630,43,60,44,29,14.71,154.41,14.65
Sam Curran,Cameron Green,292,465,12,62,40,18,21.23,159.25,38.75
Rashid Khan,Cameron Green,78,57,23,14,3,1,17.95,73.08,2.48
Shivam Dube,Cameron Green,394,752,22,47,51,47,11.93,190.86,34.18
Rashid Khan,Ashok Sharma,175,188,55,37,7,13,21.14,107.43,3.42
Jason Holder,Ashok Sharma,273,398,38,49,32,17,17.95,145.79,10.47
Shivam Dube,Ashok Sharma,533,1050,58,67,79,68,12.57,197.0,18.1
Shivam Dube,Kranthi Kumar,513,743,71,109,51,43,21.25,144.83,10.46
Jason Holder,Kranthi Kumar,247,229,35,87,13,9,35.22,92.71,6.54
Khaleel Ahmed,Kranthi Kumar,147,142,18,24,2,0,16.33,96.6,7.89
Prince Yadav,Kranthi Kumar,90,95,8,14,2,0,15.56,105.56,11.88
Shivam Dube,Sonny Baker,161,321,26,14,33,16,8.7,199.38,12.35
Prince Yadav,Sonny Baker,164,176,13,19,1,1,11.59,107.32,13.54
Prince Yadav,Anshul Kamboj,313,357,28,35,4,4,11.18,114.06,12.75
Ankit Kumar,Prince Yadav,319,497,31,49,20,30,15.36,155.8,16.03
Ankit Kumar,Khaleel Ahmed,334,591,17,44,42,29,13.17,176.95,34.76
Cameron Green,Sam Curran,809,1355,79,145,91,76,17.92,167.49,17.15
Heinrich Klaasen,Mohamed Shiraz,229,327,24,48,26,13,20.96,142.79,13.62
Ishan Kishan,Mohamed Shiraz,530,848,26,75,47,40,14.15,160.0,32.62
Marcus Stoinis,Umesh Yadav,162,285,16,26,21,15,16.05,175.93,17.81
Sairaj Patil,Sai Kishore,304,666,24,17,49,41,5.59,219.08,27.75
Sairaj Patil,Maheesh Theekshana,193,429,16,11,37,23,5.7,222.28,26.81
Ryan Rickelton,Khaleel Ahmed,1180,1842,43,118,94,66,10.0,156.1,42.84
Dhruv Jurel,Khaleel Ahmed,433,617,26,75,42,19,17.32,142.49,23.73
Dhruv Jurel,Prince Yadav,392,552,29,78,30,25,19.9,140.82,19.03
Suryakumar Yadav,Khaleel Ahmed,251,431,7,48,27,22,19.12,171.71,61.57
Charith Asalanka,Khaleel Ahmed,112,157,4,21,14,3,18.75,140.18,39.25
Duan Jansen,Sam Curran,167,131,41,49,7,3,29.34,78.44,3.2
Vasuki Koushik,Jason Holder,263,240,48,40,1,2,15.21,91.25,5.0
Chamika Gunasekara,Prince Yadav,318,338,14,41,1,1,12.89,106.29,24.14
Chamika Gunasekara,Jason Holder,186,181,24,27,3,1,14.52,97.31,7.54
Sam Curran,Chamika Gunasekara,252,393,13,56,23,23,22.22,155.95,30.23
Sam Curran,Duan Jansen,312,377,36,85,24,17,27.24,120.83,10.47
Jason Holder,Vasuki Koushik,158,196,21,41,10,12,25.95,124.05,9.33
Donovan Ferreira,Shubham Agarwal,937,1528,155,143,122,87,15.26,163.07,9.86
Krunal Pandya,Will Jacks,589,948,23,137,71,45,23.26,160.95,41.22
Ravi Bishnoi,Shubham Agarwal,176,125,33,64,6,1,36.36,71.02,3.79
Ravi Bishnoi,Isitha Wijesundara,102,95,11,28,0,2,27.45,93.14,8.64
Nishan Peiris,Shubham Agarwal,85,82,13,11,1,1,12.94,96.47,6.31
Shubham Agarwal,Krunal Pandya,490,354,81,215,14,15,43.88,72.24,4.37
Shubham Agarwal,Prashant Veer,554,419,131,204,23,20,36.82,75.63,3.2
Rinku Singh,Mitchell Starc,444,797,51,43,56,42,9.68,179.5,15.63
Arpit Vasavada,Adam Zampa,472,685,50,55,31,27,11.65,145.13,13.7
Yuvraj Chaudhary,Mohammed Shami,501,722,38,110,45,32,21.96,144.11,19.0
Nishan Peiris,Vishen Halambage,637,628,68,94,3,1,14.76,98.59,9.24
James Rew,Nishan Peiris,2328,2971,94,483,137,99,20.75,127.62,31.61
James Rew,Donovan Ferreira,3189,5923,125,548,407,364,17.18,185.73,47.38
Kangabam Priyojit Singh,Donovan Ferreira,1956,4744,63,50,346,314,2.56,242.54,75.3
Abhishek Sharma,Harpreet Brar,962,1602,139,86,113,76,8.94,166.53,11.53
Jitesh Sharma,Athisayaraj Davidson,1229,1674,124,282,95,90,22.95,136.21,13.5
Bipin Saurabh,Arzan Nagwaswalla,791,1128,92,167,58,67,21.11,142.6,12.26
Bipin Saurabh,Noor Ahmad,856,1582,42,118,99,100,13.79,184.81,37.67
Harpreet Brar,Arzan Nagwaswalla,330,365,76,72,19,17,21.82,110.61,4.8
Dan Lawrence,Jasprit Bumrah,587,981,29,76,51,51,12.95,167.12,33.83
Tanay Thyagarajan,Athisayaraj Davidson,248,347,20,34,14,12,13.71,139.92,17.35
Yuzvendra Chahal,Athisayaraj Davidson,137,169,4,11,0,1,8.03,123.36,42.25
Yuzvendra Chahal,Atit Sheth,369,409,38,34,0,4,9.21,110.84,10.76
Yuzvendra Chahal,Raj Angad Bawa,270,269,15,46,2,0,17.04,99.63,17.93
Kartik Sharma,Ravi Teja,1859,2946,62,386,154,166,20.76,158.47,47.52
Jos Buttler,Binura Fernando,733,1289,75,137,90,81,18.69,175.85,17.19
Vidwath Kaverappa,Adam Zampa,651,730,32,69,2,1,10.6,112.14,22.81
Vidwath Kaverappa,Mitchell Starc,616,675,40,76,6,1,12.34,109.58,16.88
Sanvir Singh,Beau Webster,1129,2389,154,66,189,154,5.85,211.6,15.51
Arpit Vasavada,Rahul Chahar,451,668,22,83,33,28,18.4,148.12,30.36
Karan Shinde,Binura Fernando,408,743,35,65,65,41,15.93,182.11,21.23
Heinrich Klaasen,Shubham Agarwal,1324,1774,179,353,134,91,26.66,133.99,9.91
Sarfaraz Khan,Shubham Agarwal,982,1783,119,125,142,103,12.73,181.57,14.98
Akash Deep,Scott Curie,176,159,61,38,14,5,21.59,90.34,2.61
Shubman Gill,Calvin Harrison,902,2004,38,71,166,113,7.87,222.17,52.74
Harry Brook,Ottneil Baartman,2143,4031,168,192,266,232,8.96,188.1,23.99
Rashid Khan,Ottneil Baartman,242,189,89,61,7,11,25.21,78.1,2.12
Prince Yadav,Mohsin Khan,173,202,12,18,1,4,10.4,116.76,16.83
Shardul Thakur,Ashwin Das,546,551,61,172,29,20,31.5,100.92,9.03
Ankit Kumar,Lance Morris,801,1187,68,151,75,58,18.85,148.19,17.46
Ankit Kumar,Hardik Pandya,557,1197,35,69,89,81,12.39,214.9,34.2
Kangabam Priyojit Singh,Nitish Kumar Reddy,1100,2383,68,54,166,151,4.91,216.64,35.04
Hardik Pandya,Ashok Sharma,680,1164,81,84,80,71,12.35,171.18,14.37
Jitesh Sharma,Sonny Baker,108,168,15,7,11,6,6.48,155.56,11.2
Arshdeep Singh,Sonny Baker,147,124,36,33,4,2,22.45,84.35,3.44
Tripuresh Singh,Sonny Baker,333,410,27,18,10,3,5.41,123.12,15.19
Tripuresh Singh,Anshul Kamboj,308,383,27,13,8,4,4.22,124.35,14.19
Nathan Ellis,Anshul Kamboj,292,331,16,30,3,0,10.27,113.36,20.69
David Warner,Jai Moondra,3709,5322,52,349,170,144,9.41,143.49,102.35
Venkatesh Iyer,Jai Moondra,3339,4962,56,253,181,139,7.58,148.61,88.61
Mitchell Marsh,Jai Moondra,1330,2307,36,121,131,100,9.1,173.46,64.08
Shubham Dubey,Arzan Nagwaswalla,545,585,38,178,40,17,32.66,107.34,15.39
Shubham Dubey,Jai Moondra,517,725,29,134,43,37,25.92,140.23,25.0
Matt Short,Jai Moondra,243,382,18,51,24,21,20.99,157.2,21.22
Mitchell Marsh,Ismat Alam,1817,3224,131,303,228,189,16.68,177.44,24.61
Rishabh Pant,Ismat Alam,575,765,72,134,56,33,23.3,133.04,10.62
Mitchell Marsh,Dian Forrester,1866,4046,66,152,307,244,8.15,216.83,61.3
Rishabh Pant,Dian Forrester,562,895,41,108,66,45,19.22,159.25,21.83
Auqib Nabi,Ismat Alam,335,421,58,93,31,21,27.76,125.67,7.26
Auqib Nabi,Dian Forrester,307,423,42,74,23,26,24.1,137.79,10.07
Mohammed Shami,Ismat Alam,150,90,46,57,4,5,38.0,60.0,1.96
Ashish Singh,Dian Forrester,237,217,28,49,3,1,20.68,91.56,7.75
Ashish Singh,Ismat Alam,196,203,21,26,2,1,13.27,103.57,9.67
Binura Fernando,Ismat Alam,86,89,14,6,2,0,6.98,103.49,6.36
Binura Fernando,Dian Forrester,88,94,13,11,2,3,12.5,106.82,7.23
Ashish Singh,Jasprit Bumrah,94,95,10,12,0,1,12.77,101.06,9.5
Binura Fernando,Jasprit Bumrah,198,216,11,19,0,0,9.6,109.09,19.64
Ashish Singh,Arzan Nagwaswalla,90,90,15,10,2,1,11.11,100.0,6.0
Deepak Hooda,Binura Fernando,2912,3433,129,456,76,47,15.66,117.89,26.61
Abhishek Sharma,Mohammed Shami,3775,5932,161,205,224,210,5.43,157.14,36.84
Deepak Hooda,Ashish Singh,2653,3070,111,462,61,48,17.41,115.72,27.66
Abhishek Sharma,Ashish Singh,2912,4149,67,258,139,101,8.86,142.48,61.93
Christopher Britz,Ashish Singh,2265,2250,54,875,76,80,38.63,99.34,41.67
Glenn Phillips,Ashish Singh,733,1030,43,196,55,58,26.74,140.52,23.95
Lalit Yadav,Mohammed Shami,847,1678,48,94,128,92,11.1,198.11,34.96
Lalit Yadav,Ashish Singh,435,757,24,73,56,40,16.78,174.02,31.54
Christopher Britz,Auqib Nabi,1809,2191,53,774,171,109,42.79,121.12,41.34
Lalit Yadav,Auqib Nabi,1214,2442,55,149,168,151,12.27,201.15,44.4
Sdnv Prasad,Auqib Nabi,843,1571,30,164,128,86,19.45,186.36,52.37
Sdnv Prasad,Mitchell Marsh,904,1529,44,193,118,85,21.35,169.14,34.75
Ismat Alam,Mitchell Marsh,239,226,53,75,14,11,31.38,94.56,4.26
Ismat Alam,Auqib Nabi,218,236,57,55,19,11,25.23,108.26,4.14
Dian Forrester,Auqib Nabi,339,545,17,67,38,27,19.76,160.77,32.06
Dian Forrester,Mitchell Marsh,452,602,41,110,30,32,24.34,133.19,14.68
Dian Forrester,Mohammed Shami,459,741,35,73,48,38,15.9,161.44,21.17
Mayank Agarwal,Nimesh Vimukthi,810,1322,47,190,90,80,23.46,163.21,28.13
Mayank Agarwal,Sai Kishore,927,1936,37,101,155,111,10.9,208.85,52.32
James Rew,Sai Kishore,885,1764,42,97,124,106,10.96,199.32,42.0
James Rew,Gurinder Singh,281,562,25,20,40,28,7.12,200.0,22.48
Ishan Kishan,Arshdeep Singh,899,1822,58,73,120,110,8.12,202.67,31.41
Ishan Kishan,Tripuresh Singh,936,1141,89,256,74,49,27.35,121.9,12.82
Heinrich Klaasen,Tripuresh Singh,693,754,91,228,40,41,32.9,108.8,8.29
Marcus Stoinis,Lance Morris,434,666,32,105,35,40,24.19,153.46,20.81
Marcus Stoinis,Arshdeep Singh,510,884,51,88,70,50,17.25,173.33,17.33
Gurinder Singh,Hardik Pandya,177,117,77,41,12,2,23.16,66.1,1.52
Donovan Ferreira,Adam Zampa,219,332,26,17,19,12,7.76,151.6,12.77
Donovan Ferreira,Mitchell Starc,262,504,38,23,41,27,8.78,192.37,13.26
Prashant Veer,Mitchell Starc,711,1138,57,71,53,54,9.99,160.06,19.96
Ankit Kumar,Saransh Jain,1408,2707,171,162,208,167,11.51,192.26,15.83
Prashant Veer,Saransh Jain,1125,1625,70,247,76,91,21.96,144.44,23.21
Krunal Pandya,Saransh Jain,1435,2290,106,294,150,131,20.49,159.58,21.6
Prashant Veer,Shiran Fernando,299,505,37,30,30,29,10.03,168.9,13.65
Ravi Bishnoi,Shiran Fernando,125,130,19,23,1,3,18.4,104.0,6.84
Harsh Dubey,Gangam Anikethreddy,373,250,127,107,16,9,28.69,67.02,1.97
Virat Singh,Ravi Bishnoi,1105,2105,40,143,149,113,12.94,190.5,52.62
Shiran Fernando,Nishan Peiris,87,87,13,6,1,0,6.9,100.0,6.69
Venkatesh Iyer,Sahan Arachchige,1766,2967,115,375,198,182,21.23,168.01,25.8
Venkatesh Iyer,Charith Asalanka,2166,5190,62,79,383,336,3.65,239.61,83.71
Venkatesh Iyer,Dasun Shanaka,1789,4020,75,126,303,251,7.04,224.71,53.6
Dhruv Jurel,Mohammed Shami,2672,4486,148,420,257,247,15.72,167.89,30.31
Dhruv Jurel,Akeal Hosein,2103,2983,87,537,161,157,25.53,141.84,34.29
Charith Asalanka,Dushan Hemantha,541,663,69,123,35,30,22.74,122.55,9.61
Dasun Shanaka,Akeal Hosein,650,1004,67,97,72,44,14.92,154.46,14.99
Kartik Sharma,Yash Thakur,3602,6872,122,428,452,380,11.88,190.78,56.33
Matthew Forde,Mohammed Shami,197,216,53,50,21,9,25.38,109.64,4.08
Josh Tongue,Mitchell Marsh,491,282,163,176,17,11,35.85,57.43,1.73
Kuldeep Yadav,Binura Fernando,71,36,22,34,3,1,47.89,50.7,1.64
Varun Chakravarthy,Binura Fernando,145,145,17,16,2,0,11.03,100.0,8.53
Yashasvi Jaiswal,Manav Suthar,3282,5392,62,205,258,189,6.25,164.29,86.97
Yashasvi Jaiswal,Duvindu Tillakaratne,3077,5460,46,242,282,250,7.86,177.45,118.7
Dhruv Jurel,Duvindu Tillakaratne,963,1775,17,157,119,101,16.3,184.32,104.41
Virat Kohli,Vasuki Koushik,2315,3158,89,256,101,78,11.06,136.41,35.48
Prabhsimran Singh,Vasuki Koushik,2381,3208,93,276,99,84,11.59,134.73,34.49
Devdutt Padikkal,Duan Jansen,1652,2466,113,236,119,105,14.29,149.27,21.82
Will Jacks,Vasuki Koushik,573,802,48,155,56,41,27.05,139.97,16.71
Bhuvneshwar Kumar,Dasun Shanaka,492,512,44,61,5,2,12.4,104.07,11.64
Bhuvneshwar Kumar,Josh Tongue,172,168,19,35,4,1,20.35,97.67,8.84
Bhuvneshwar Kumar,Vasuki Koushik,201,185,28,31,1,1,15.42,92.04,6.61
Isitha Wijesundara,Krunal Pandya,1021,943,101,350,35,19,34.28,92.36,9.34
Raj Limbani,Krunal Pandya,318,361,41,29,5,5,9.12,113.52,8.8
Avinov Choudhary,Krunal Pandya,239,268,15,21,1,1,8.79,112.13,17.87
Avinov Choudhary,Harsh Dubey,108,131,7,9,2,0,8.33,121.3,18.71
Anshul Kamboj,Ashwin Das,246,250,43,40,9,3,16.26,101.63,5.81
Luhan dre pretorious,Liam Livingstone,1626,3055,117,225,230,178,13.84,187.88,26.11
Luhan dre pretorious,Sunil Narine,1225,2018,75,262,127,124,21.39,164.73,26.91
Luhan dre pretorious,Mitchell Santner,1221,2169,78,206,151,127,16.87,177.64,27.81
Axar Patel,Liam Livingstone,771,1213,69,140,78,66,18.16,157.33,17.58
Lasith Embuldeniya,Mohammed Siraj,182,156,27,37,1,1,20.33,85.71,5.78
Binura Fernando,Mohammed Siraj,125,150,14,12,1,3,9.6,120.0,10.71
Binura Fernando,Prasidh Krishna,152,150,14,17,1,0,11.18,98.68,10.71
Axar Patel,Prasidh Krishna,333,503,56,49,28,30,14.71,151.05,8.98
Shivam Mavi,Isitha Wijesundara,242,140,92,76,9,5,31.4,57.85,1.52
Dunith Wellalage,Isitha Wijesundara,728,1027,26,187,60,50,25.69,141.07,39.5
Dunith Wellalage,Raj Limbani,567,822,43,109,43,43,19.22,144.97,19.12
Maheesh Theekshana,Avinov Choudhary,161,106,59,38,5,3,23.6,65.84,1.8
Washington Sundar,Ottneil Baartman,392,600,54,70,38,35,17.86,153.06,11.11
Abhimanyu Easwaran,Mohammed Siraj,1005,1744,79,158,107,106,15.72,173.53,22.08
Abhimanyu Easwaran,Prasidh Krishna,967,1858,53,113,121,114,11.69,192.14,35.06
Prabhsimran Singh,Shardul Thakur,1173,2631,92,29,186,164,2.47,224.3,28.6
Marcus Stoinis,Arzan Nagwaswalla,876,1080,121,239,70,58,27.28,123.29,8.93
Ishan Kishan,Jasprit Bumrah,3376,6049,197,417,369,332,12.35,179.18,30.71
Raj Angad Bawa,Mohsin Khan,705,775,103,229,50,40,32.48,109.93,7.52
Atit Sheth,Mohsin Khan,394,520,48,73,31,22,18.53,131.98,10.83
Ishan Kishan,Ashish Singh,709,1199,33,95,77,59,13.4,169.11,36.33
Heinrich Klaasen,Mohammed Shami,1032,1711,106,198,114,105,19.19,165.79,16.14
Mitchell Marsh,Gurinder Singh,631,964,28,26,42,21,4.12,152.77,34.43
Shubham Dubey,Nimesh Vimukthi,847,1166,46,257,84,56,30.34,137.66,25.35
Matt Short,Nimesh Vimukthi,548,976,32,117,71,58,21.35,178.1,30.5
Matt Short,Sai Kishore,458,948,15,49,72,55,10.7,206.99,63.2
Shubham Dubey,Maheesh Theekshana,282,514,10,34,36,23,12.06,182.27,51.4
Auqib Nabi,Maheesh Theekshana,175,243,17,27,14,10,15.43,138.86,14.29
Auqib Nabi,Gurinder Singh,161,205,27,30,11,10,18.63,127.33,7.59
Sahan Arachchige,Arzan Nagwaswalla,1168,1149,229,264,61,39,22.6,98.37,5.02
Suryakumar Yadav,Athisayaraj Davidson,993,1617,43,190,94,84,19.13,162.84,37.6
Dasun Shanaka,Athisayaraj Davidson,419,644,39,87,49,32,20.76,153.7,16.51
Dasun Shanaka,Noor Ahmad,436,687,22,85,40,37,19.5,157.57,31.23
Dasun Shanaka,Raj Angad Bawa,973,1903,66,114,147,108,11.72,195.58,28.83
Kuldeep Yadav,Raj Angad Bawa,407,139,121,224,8,4,55.04,34.15,1.15
Varun Chakravarthy,Raj Angad Bawa,608,621,64,98,9,6,16.12,102.14,9.7
Varun Chakravarthy,Arzan Nagwaswalla,550,538,69,97,4,5,17.64,97.82,7.8
Riyan Parag,Yash Thakur,1581,2888,138,245,231,164,15.5,182.67,20.93
Yuvraj Chaudhary,Yash Thakur,639,1012,82,118,86,45,18.47,158.37,12.34
Yuvraj Chaudhary,Vidwath Kaverappa,598,1101,19,98,63,71,16.39,184.11,57.95
Karan Shinde,Ravi Bishnoi,511,942,39,65,70,52,12.72,184.34,24.15
Akash Vasisht,Harsh Dubey,522,931,43,70,62,54,13.41,178.35,21.65
Mitchell Starc,Harsh Dubey,55,11,25,24,0,1,43.64,20.0,0.44
Sonal Dinusha,Nishan Peiris,149,134,12,41,0,2,27.52,89.93,11.17
Adam Zampa,Nishan Peiris,32,45,3,4,1,1,12.5,140.62,15.0
Ankit Kumar,Mitchell Starc,388,514,26,21,16,5,5.41,132.47,19.77
Rohit Sharma,Mitchell Starc,298,477,33,16,22,21,5.37,160.07,14.45
Rohit Sharma,Adam Zampa,301,477,28,22,22,18,7.31,158.47,17.04
Prashant Veer,Mridul Surroch,964,1324,81,206,77,59,21.37,137.34,16.35
Ravi Bishnoi,Akash Vasisht,480,446,74,106,9,4,22.08,92.92,6.03
Ravi Bishnoi,Sonal Dinusha,627,505,86,190,6,8,30.3,80.54,5.87
Nishan Peiris,Mridul Surroch,342,372,31,46,2,2,13.45,108.77,12.0
Harsh Dubey,Riyan Parag,436,295,126,145,21,7,33.26,67.66,2.34
Nishan Peiris,Sonal Dinusha,434,471,34,64,5,4,14.75,108.53,13.85
Nishan Peiris,Akash Vasisht,386,415,42,57,6,3,14.77,107.51,9.88
Heinrich Klaasen,Tanay Thyagarajan,530,663,52,151,46,29,28.49,125.09,12.75
Maheesh Theekshana,Seekkuge Prasanna,423,170,139,176,10,5,41.61,40.19,1.22
Maheesh Theekshana,Yuzvendra Chahal,124,90,34,39,6,2,31.45,72.58,2.65
Ottneil Baartman,Yuzvendra Chahal,249,284,21,29,5,2,11.65,114.06,13.52
David Warner,Ismat Alam,1779,3429,72,311,266,203,17.48,192.75,47.62
Venkatesh Iyer,Ismat Alam,1347,2636,70,188,181,171,13.96,195.69,37.66
Shubham Dubey,Dian Forrester,1413,2017,91,406,131,113,28.73,142.75,22.16
Shubham Dubey,Ismat Alam,1369,1700,112,453,101,96,33.09,124.18,15.18
Shubham Dubey,Jasprit Bumrah,558,593,44,189,45,17,33.87,106.27,13.48
Deepak Hooda,Auqib Nabi,340,592,36,84,42,40,24.71,174.12,16.44
Deepak Hooda,Mitchell Marsh,376,558,28,121,35,36,32.18,148.4,19.93
Glenn Phillips,Auqib Nabi,1223,2315,78,207,166,143,16.93,189.29,29.68
Harry Brook,Adam Zampa,2127,2773,44,104,50,18,4.89,130.37,63.02
Kusal Mendis,Sonal Dinusha,2090,4042,148,206,269,251,9.86,193.4,27.31
Harry Brook,Sonal Dinusha,2197,4443,168,214,320,274,9.74,202.23,26.45
Kusal Mendis,Mridul Surroch,2149,4125,102,252,252,254,11.73,191.95,40.44
Virat Singh,Akash Vasisht,4627,9426,331,388,653,580,8.39,203.72,28.48
Tilak Varma,Akash Vasisht,3203,5534,247,455,373,292,14.21,172.78,22.4
Rashid Khan,Mridul Surroch,807,745,250,197,71,21,24.41,92.32,2.98
Tilak Varma,Riyan Parag,1772,2706,168,321,179,143,18.12,152.71,16.11
Gangam Anikethreddy,Riyan Parag,423,225,132,194,11,14,45.86,53.19,1.7
Rashid Khan,Riyan Parag,465,370,160,127,28,16,27.31,79.57,2.31
Shiran Fernando,Mridul Surroch,591,593,73,91,7,5,15.4,100.34,8.12
Shiran Fernando,Mitchell Starc,430,492,25,48,9,2,11.16,114.42,19.68
Shiran Fernando,Adam Zampa,409,462,33,34,4,2,8.31,112.96,14.0
Mukul Choudhary,Saransh Jain,1785,3263,115,294,212,206,16.47,182.8,28.37
Mridul Surroch,Saransh Jain,2358,4317,145,421,329,254,17.85,183.08,29.77
Mukul Choudhary,Shahbaz Ahmed,1628,3407,105,145,274,201,8.91,209.28,32.45
Riyan Parag,Shahbaz Ahmed,1796,3460,119,259,259,210,14.42,192.65,29.08
Karan Shinde,Shahbaz Ahmed,1714,3136,109,243,231,171,14.18,182.96,28.77
Riyan Parag,Saransh Jain,1922,2973,166,410,222,151,21.33,154.68,17.91
Karan Shinde,Saransh Jain,1877,3257,114,354,214,200,18.86,173.52,28.57
James Rew,Rahul Chahar,2785,4444,89,381,248,189,13.68,159.57,49.93
Jitesh Sharma,Mukesh Kumar,763,1119,82,134,56,61,17.56,146.66,13.65
Hardik Pandya,Mukesh Kumar,521,1015,28,49,76,57,9.4,194.82,36.25
Hardik Pandya,Beau Webster,1921,3829,189,201,298,233,10.46,199.32,20.26
Bipin Saurabh,Beau Webster,1546,3056,153,138,231,181,8.93,197.67,19.97
Mayank Agarwal,Beau Webster,1013,1700,86,145,114,88,14.31,167.82,19.77
Mayank Agarwal,Akash Vasisht,1359,2538,128,168,169,157,12.36,186.75,19.83
Harpreet Brar,Mridul Surroch,648,915,101,104,47,50,16.05,141.2,9.06
Harpreet Brar,Akash Vasisht,646,965,121,75,69,44,11.61,149.38,7.98
Tanay Thyagarajan,Mridul Surroch,292,360,32,34,12,7,11.64,123.29,11.25
Tanay Thyagarajan,Beau Webster,283,299,24,50,2,7,17.67,105.65,12.46
Tanay Thyagarajan,Mukesh Kumar,170,203,20,12,4,2,7.06,119.41,10.15
Sanju Samson,Hardik Pandya,2518,5505,88,205,400,340,8.14,218.63,62.56
Dega Nischal,Raj Angad Bawa,804,1786,46,53,126,118,6.59,222.14,38.83
Abhishek Sharma,Kuldeep Yadav,2221,4337,230,184,294,268,8.28,195.27,18.86
Raj Angad Bawa,Josh Tongue,788,799,126,255,46,38,32.36,101.4,6.34
Atit Sheth,Dasun Shanaka,1133,2150,86,130,147,123,11.47,189.76,25.0
Noor Ahmad,Dasun Shanaka,379,240,128,115,16,6,30.34,63.32,1.88
Atit Sheth,Sahan Arachchige,1052,1647,119,151,112,77,14.35,156.56,13.84
Athisayaraj Davidson,Sahan Arachchige,364,169,126,122,6,4,33.52,46.43,1.34
Athisayaraj Davidson,Dasun Shanaka,382,318,97,111,11,14,29.06,83.25,3.28
Arzan Nagwaswalla,Dasun Shanaka,867,964,72,107,14,6,12.34,111.19,13.39
Arzan Nagwaswalla,Sahan Arachchige,602,643,67,69,7,2,11.46,106.81,9.6
Arzan Nagwaswalla,Josh Tongue,223,242,20,31,5,1,13.9,108.52,12.1
Atit Sheth,Chamika Gunasekara,476,640,53,84,36,27,17.65,134.45,12.08
Arzan Nagwaswalla,Chamika Gunasekara,260,292,15,31,3,1,11.92,112.31,19.47
Virat Singh,Mayank Yadav,638,1131,29,79,77,56,12.38,177.27,39.0
Virat Singh,Mohamed Shiraz,554,799,35,110,41,41,19.86,144.22,22.83
Virat Singh,Umesh Yadav,625,1153,25,74,66,68,11.84,184.48,46.12
Harry Brook,Umesh Yadav,291,615,18,31,45,38,10.65,211.34,34.17
Shivam Dube,Craig Overton,654,1271,49,94,90,87,14.37,194.34,25.94
Sam Curran,Craig Overton,496,784,29,98,55,37,19.76,158.06,27.03
Jason Holder,Craig Overton,289,394,20,85,27,20,29.41,136.33,19.7
Khaleel Ahmed,Craig Overton,159,135,24,36,3,0,22.64,84.91,5.62
Shivam Dube,Mohamed Shiraz,189,330,18,29,28,16,15.34,174.6,18.33
Khaleel Ahmed,Umesh Yadav,77,83,9,9,1,1,11.69,107.79,9.22
Shivam Dube,Umesh Yadav,167,300,13,19,23,14,11.38,179.64,23.08
Prince Yadav,Umesh Yadav,71,78,2,7,0,0,9.86,109.86,39.0
Mukul Choudhary,Khaleel Ahmed,1551,2602,49,170,125,121,10.96,167.76,53.1
Ashton Turner,Sam Curran,717,971,96,142,72,45,19.8,135.43,10.11
Mukul Choudhary,Jason Holder,1174,2277,87,141,165,141,12.01,193.95,26.17
Ashton Turner,Jason Holder,751,942,111,151,50,46,20.11,125.43,8.49
Prabhsimran Singh,Shahbaz Ahmed,1446,3297,86,29,226,211,2.01,228.01,38.34
Prabhsimran Singh,Saransh Jain,1443,3113,79,119,222,201,8.25,215.73,39.41
KL Rahul,Riyan Parag,2361,5053,157,116,336,320,4.91,214.02,32.18
Virat Singh,Sonal Dinusha,2140,4054,168,288,262,260,13.46,189.44,24.13
Gangam Anikethreddy,Mridul Surroch,592,258,194,267,22,6,45.1,43.58,1.33
Rashid Khan,Sonal Dinusha,440,375,141,117,21,19,26.59,85.23,2.66
Gangam Anikethreddy,Adam Zampa,245,172,66,87,8,8,35.51,70.2,2.61
Gangam Anikethreddy,Mitchell Starc,211,205,42,71,12,8,33.65,97.16,4.88
Ayush Mhatre,Saransh Jain,2063,4288,81,268,321,267,12.99,207.85,52.94
Ayush Mhatre,Shahbaz Ahmed,2008,4757,83,69,359,299,3.44,236.9,57.31
Mridul Surroch,Shahbaz Ahmed,2132,4644,117,183,359,287,8.58,217.82,39.69
Glenn Phillips,Corbin Bosch,920,1483,80,215,96,99,23.37,161.2,18.54
Lalit Yadav,Ashok Sharma,1083,2262,55,116,157,143,10.71,208.86,41.13
Lahiru Udara,Vasuki Koushik,751,923,79,162,52,36,21.57,122.9,11.68
Jos Buttler,Vasuki Koushik,703,693,48,316,44,37,44.95,98.58,14.44
Kunal Chandela,Duan Jansen,357,485,22,86,21,25,24.09,135.85,22.05
Prasidh Krishna,Charith Asalanka,167,153,23,72,6,9,43.11,91.62,6.65
Mohammed Siraj,Duan Jansen,130,98,22,32,0,1,24.62,75.38,4.45
James Rew,Prasidh Krishna,3626,5878,171,545,333,283,15.03,162.11,34.37
Hardik Pandya,Sunil Narine,2434,4370,116,397,310,248,16.31,179.54,37.67
Hardik Pandya,Mitchell Santner,2493,5034,176,287,385,303,11.51,201.93,28.6
Seekkuge Prasanna,Prasidh Krishna,309,632,45,35,44,46,11.33,204.53,14.04
Vaibhav Suryavanshi,Hardik Pandya,2958,6964,94,125,511,439,4.23,235.43,74.09
Kunal Chandela,Tanay Thyagarajan,394,740,35,46,60,39,11.68,187.82,21.14
Heinrich Klaasen,Calvin Harrison,1141,2252,114,161,173,144,14.11,197.37,19.75
Marcus Stoinis,Prince Yadav,915,1314,76,206,83,66,22.51,143.61,17.29
Shivam Mavi,Prince Yadav,224,142,70,75,10,3,33.48,63.39,2.03
Maheesh Theekshana,Prince Yadav,222,150,56,67,4,3,30.18,67.57,2.68
Beau Webster,Mitchell Marsh,1564,2418,127,618,217,160,39.51,154.6,19.04
Akash Vasisht,Axar Patel,278,473,23,39,26,27,14.03,170.14,20.57
Yuvraj Chaudhary,Mitchell Marsh,1300,2002,99,261,152,90,20.08,154.0,20.22
Akash Vasisht,Mitchell Marsh,343,612,17,56,50,26,16.33,178.43,36.0
Lungi Ngidi,Lasith Embuldeniya,38,25,12,14,1,1,36.84,65.79,2.08
Gurinder Singh,Chamika Gunasekara,165,106,61,56,9,5,33.94,64.24,1.74
Sai Kishore,Vasuki Koushik,214,196,45,60,12,7,28.04,91.59,4.36
Gurinder Singh,Vasuki Koushik,171,90,59,68,6,4,39.77,52.63,1.53
Dunith Wellalage,Vasuki Koushik,416,489,35,109,20,22,26.2,117.55,13.97
Nimesh Vimukthi,Vasuki Koushik,314,336,18,64,7,4,20.38,107.01,18.67
Yashasvi Jaiswal,Sai Kishore,1426,3387,44,27,270,198,1.89,237.52,76.98
Suryakumar Yadav,Sai Kishore,692,1591,29,54,126,101,7.8,229.91,54.86
Varun Chakravarthy,Jasprit Bumrah,456,455,50,72,7,3,15.79,99.78,9.1
Raj Angad Bawa,Varun Chakravarthy,932,1184,113,276,94,56,29.61,127.04,10.48
Lalit Yadav,Chamika Gunasekara,1800,3377,103,235,232,200,13.06,187.61,32.79
Atit Sheth,Varun Chakravarthy,522,772,47,99,46,36,18.97,147.89,16.43
Noor Ahmad,Varun Chakravarthy,181,98,63,60,1,4,33.15,54.14,1.56
Jasprit Bumrah,Sahan Arachchige,770,705,138,124,9,4,16.1,91.56,5.11
Liam Livingstone,Ashok Sharma,785,1604,53,78,110,103,9.94,204.33,30.26
Liam Livingstone,Nitish Kumar Reddy,768,1585,34,74,103,98,9.64,206.38,46.62
Liam Livingstone,Cameron Green,842,1832,42,63,129,113,7.48,217.58,43.62
Liam Livingstone,Kranthi Kumar,926,1093,91,311,69,62,33.59,118.03,12.01
Sai Sudharsan,Kranthi Kumar,1136,1603,79,284,103,83,25.0,141.11,20.29
Liam Livingstone,Corbin Bosch,736,1360,48,122,87,86,16.58,184.78,28.33
Prasidh Krishna,Ashok Sharma,201,139,64,60,4,7,29.85,69.15,2.17
Kunal Chandela,Sonny Baker,404,670,32,40,48,23,9.9,165.84,20.94
Mohammed Siraj,Anshul Kamboj,405,386,53,81,10,4,20.0,95.31,7.28
Kunal Chandela,Anshul Kamboj,707,1238,55,66,68,65,9.34,175.11,22.51
Rohit Sharma,Maheesh Theekshana,5667,9537,106,384,433,373,6.78,168.29,89.97
Rohit Sharma,Ottneil Baartman,5937,9064,259,408,355,300,6.87,152.67,35.0
Karan Lal,Anshul Kamboj,2490,4073,165,155,188,166,6.22,163.57,24.68
Karan Lal,Harsh Dubey,2477,4273,144,180,221,196,7.27,172.51,29.67
Heinrich Klaasen,Kagiso Rabada,657,1138,45,131,66,76,19.94,173.21,25.29
Ishan Kishan,Kagiso Rabada,1339,2503,78,150,158,141,11.2,186.93,32.09
Heinrich Klaasen,Anshul Kamboj,743,1117,79,119,71,53,16.02,150.34,14.14
Marcus Stoinis,Harsh Dubey,469,759,34,77,49,41,16.42,161.83,22.32
Marcus Stoinis,Kagiso Rabada,395,736,35,65,64,42,16.46,186.33,21.03
Ishan Kishan,Shardul Thakur,1211,2609,157,58,217,158,4.79,215.44,16.62
Marcus Stoinis,Shardul Thakur,1000,1683,156,134,112,104,13.4,168.3,10.79
Shivam Mavi,Shardul Thakur,370,258,138,98,14,12,26.49,69.73,1.87
Shivam Mavi,Donovan Ferreira,225,186,72,68,12,10,30.22,82.67,2.58
Dunith Wellalage,Donovan Ferreira,600,760,29,150,37,32,25.0,126.67,26.21
Dunith Wellalage,Krunal Pandya,1278,1582,38,372,81,66,29.11,123.79,41.63
Ishan Kishan,Suryansh Shedge,1127,2555,67,33,181,161,2.93,226.71,38.13
Dunith Wellalage,Suryansh Shedge,737,1055,36,157,47,53,21.3,143.15,29.31
Dunith Wellalage,Shardul Thakur,929,1250,89,189,62,59,20.34,134.55,14.04
Maheesh Theekshana,Shardul Thakur,298,165,108,88,5,6,29.53,55.37,1.53
Maheesh Theekshana,Krunal Pandya,299,172,79,114,6,4,38.13,57.53,2.18
Dunith Wellalage,Kagiso Rabada,390,571,29,65,33,21,16.67,146.41,19.69
Maheesh Theekshana,Kagiso Rabada,110,70,30,42,1,4,38.18,63.64,2.33
Dunith Wellalage,Harsh Dubey,442,606,19,96,33,24,21.72,137.1,31.89
Ottneil Baartman,Harsh Dubey,215,236,15,27,1,1,12.56,109.77,15.73
Maheesh Theekshana,Harsh Dubey,112,66,23,41,2,0,36.61,58.93,2.87
Lalit Yadav,Maheesh Theekshana,1346,2766,44,128,217,153,9.51,205.5,62.86
CV Stephen,Lasith Embuldeniya,57,43,12,17,0,1,29.82,75.44,3.58
CV Stephen,Akeal Hosein,45,50,7,6,2,0,13.33,111.11,7.14
Sai Sudharsan,Umesh Yadav,1450,2444,29,142,138,97,9.79,168.55,84.28
Lahiru Udara,Umesh Yadav,396,714,13,52,45,41,13.13,180.3,54.92
Lahiru Udara,Mayank Yadav,410,705,32,56,38,40,13.66,171.95,22.03
Jos Buttler,Mayank Yadav,207,386,15,40,24,27,19.32,186.47,25.73
Jos Buttler,Umesh Yadav,170,242,11,48,19,12,28.24,142.35,22.0
Jos Buttler,Mohamed Shiraz,224,336,22,58,22,22,25.89,150.0,15.27
Sai Sudharsan,Craig Overton,1406,2784,62,178,202,168,12.66,198.01,44.9
Jos Buttler,Craig Overton,894,1579,69,177,141,79,19.8,176.62,22.88
Sai Sudharsan,Mridul Surroch,6874,14420,287,598,1024,887,8.7,209.78,50.24
Kunal Chandela,Craig Overton,515,1000,41,74,87,56,14.37,194.17,24.39
Kunal Chandela,Mohamed Shiraz,189,309,17,22,17,16,11.64,163.49,18.18
Yash Dhull,Liam Livingstone,265,584,7,24,45,35,9.06,220.38,83.43
Ashton Turner,Prasidh Krishna,711,916,63,146,46,39,20.53,128.83,14.54
Tilak Varma,Beau Webster,1431,2789,74,180,224,145,12.58,194.9,37.69
Rashid Khan,Beau Webster,329,328,117,67,25,16,20.36,99.7,2.8
Gangam Anikethreddy,Beau Webster,358,202,115,157,15,11,43.85,56.42,1.76
Calvin Harrison,Akash Vasisht,553,671,60,162,38,33,29.29,121.34,11.18
Calvin Harrison,Lungi Ngidi,244,271,30,78,11,16,31.97,111.07,9.03
Shiran Fernando,Lungi Ngidi,173,152,31,35,1,1,20.23,87.86,4.9
Prince Yadav,Rahul Chahar,148,154,10,15,1,0,10.14,104.05,15.4
Ayush Mhatre,Calvin Harrison,1002,2472,59,76,224,159,7.58,246.71,41.9
Scott Curie,Ravindra Jadeja,507,518,50,62,5,2,12.23,102.17,10.36
Scott Curie,Yuzvendra Chahal,588,658,34,47,2,2,7.99,111.9,19.35
James Rew,Scott Curie,1302,1879,26,91,67,37,6.99,144.32,72.27
Sanju Samson,Suryansh Shedge,1161,2760,48,44,178,193,3.79,237.73,57.5
Sanju Samson,Shardul Thakur,1304,3089,75,44,220,206,3.37,236.89,41.19
Vaibhav Suryavanshi,Shardul Thakur,1509,3535,103,56,273,231,3.71,234.26,34.32
Liam Livingstone,Suryansh Shedge,1074,2464,45,41,176,159,3.82,229.42,54.76
Vaibhav Suryavanshi,Suryansh Shedge,1453,3375,51,34,260,199,2.34,232.28,66.18
Sai Sudharsan,Shardul Thakur,1753,3624,160,127,272,219,7.24,206.73,22.65
Finn Allen,Liam Livingstone,1541,3676,73,17,271,225,1.1,238.55,50.36
Finn Allen,Mitchell Santner,1551,3684,95,42,294,231,2.71,237.52,38.78
Finn Allen,Sunil Narine,1663,3763,74,149,275,251,8.96,226.28,50.85
Naman Dhir,Mohammed Siraj,803,1270,56,174,69,79,21.67,158.16,22.68
Sarfaraz Khan,Lasith Embuldeniya,682,1151,56,119,81,65,17.45,168.77,20.55
Vidwath Kaverappa,Mohammed Shami,191,203,15,25,2,0,13.09,106.28,13.53
Mitchell Marsh,Sonny Baker,950,1253,18,66,31,14,6.95,131.89,69.61
Shubham Dubey,Anshul Kamboj,293,398,10,25,10,9,8.53,135.84,39.8
Shubham Dubey,Sonny Baker,331,441,16,29,19,7,8.76,133.23,27.56
Shubham Dubey,Nitish Kumar Reddy,717,852,50,243,45,49,33.89,118.83,17.04
Mitchell Marsh,Cameron Green,818,1561,46,89,101,86,10.88,190.83,33.93
Shubham Dubey,Kranthi Kumar,778,723,69,312,45,28,40.1,92.93,10.48
Mitchell Marsh,Kranthi Kumar,835,1091,90,247,66,65,29.58,130.66,12.12
Matt Short,Kranthi Kumar,684,924,70,188,67,47,27.49,135.09,13.2
Matt Short,Ashok Sharma,798,1143,71,207,90,53,25.94,143.23,16.1
Shubham Dubey,Ashok Sharma,776,972,86,224,57,54,28.87,125.26,11.3
Mohammed Shami,Kranthi Kumar,157,121,52,43,4,7,27.39,77.07,2.33
Ashish Singh,Kranthi Kumar,225,193,34,56,3,1,24.89,85.78,5.68
Binura Fernando,Kranthi Kumar,125,122,18,16,1,0,12.8,97.6,6.78
Ankit Kumar,Ashish Singh,459,614,34,106,34,26,23.09,133.77,18.06
Ankit Kumar,Binura Fernando,443,724,40,63,52,33,14.22,163.43,18.1
Cameron Green,Mohammed Shami,267,433,26,48,31,21,17.98,162.17,16.65
Nitish Kumar Reddy,Mohammed Shami,141,240,13,23,19,12,16.31,170.21,18.46
Kranthi Kumar,Mohammed Shami,125,235,18,9,17,13,7.2,188.0,13.06
Kranthi Kumar,Auqib Nabi,527,977,62,68,59,67,12.9,185.39,15.76
Ankit Kumar,Mitchell Marsh,706,1378,66,86,94,86,12.18,195.18,20.88
Ashok Sharma,Mitchell Marsh,254,311,19,30,10,3,11.81,122.44,16.37
Corbin Bosch,Auqib Nabi,470,532,29,139,23,23,29.57,113.19,18.34
Ashok Sharma,Auqib Nabi,212,269,11,20,5,6,9.43,126.89,24.45
Corbin Bosch,Mitchell Marsh,396,450,35,117,28,15,29.55,113.64,12.86
Seekkuge Prasanna,Sonal Dinusha,674,1183,104,115,87,78,17.06,175.52,11.38
Dan Lawrence,Sonal Dinusha,442,716,26,70,31,42,15.84,161.99,27.54
Harpreet Brar,Sonal Dinusha,198,263,13,23,6,8,11.62,132.83,20.23
Harpreet Brar,Mitchell Starc,254,301,30,29,19,2,11.42,118.5,10.03
Harpreet Brar,Adam Zampa,268,321,27,29,11,5,10.82,119.78,11.89
Maheesh Theekshana,Washington Sundar,140,103,47,38,4,4,27.14,73.57,2.19
Ottneil Baartman,Washington Sundar,183,170,27,40,4,2,21.86,92.9,6.3
Dunith Wellalage,Avinov Choudhary,633,788,52,153,23,43,24.17,124.49,15.15
Sanvir Singh,Noor Ahmad,503,1041,42,43,87,62,8.55,206.96,24.79
Axar Patel,Noor Ahmad,397,506,30,94,28,20,23.68,127.46,16.87
Rahul Tripathi,Dasun Shanaka,2046,4133,112,183,301,232,8.94,202.0,36.9
Rahul Tripathi,Charith Asalanka,2254,4761,51,221,318,298,9.8,211.22,93.35
Ankit Kumar,Vaisakh Chandran,814,1169,87,174,64,67,21.38,143.61,13.44
Dhruv Jurel,Prashant Veer,2519,4368,188,491,312,263,19.49,173.4,23.23
Dhruv Jurel,Donovan Ferreira,2023,3714,102,313,245,225,15.47,183.59,36.41
Ramandeep Singh,Mohsin Khan,536,922,73,75,57,59,13.99,172.01,12.63
Ramandeep Singh,Maheesh Theekshana,627,1102,46,97,73,64,15.47,175.76,23.96
Maheesh Theekshana,Raj Limbani,125,76,53,34,4,4,27.2,60.8,1.43
Mayank Agarwal,Liam Livingstone,1254,2343,75,167,155,139,13.32,186.84,31.24
Bipin Saurabh,Sunil Narine,1740,3230,94,267,241,188,15.34,185.63,34.36
Harpreet Brar,Sunil Narine,636,880,99,170,68,45,26.73,138.36,8.89
Dan Lawrence,Mohammed Siraj,331,547,28,30,40,20,9.06,165.26,19.54
Virat Singh,Theesan Vithushan,1388,2843,54,95,182,167,6.84,204.83,52.65
Priyansh Arya,Will Jacks,497,1160,27,32,91,74,6.44,233.4,42.96
Priyansh Arya,Washington Sundar,536,1338,33,14,118,83,2.61,249.63,40.55
Harry Brook,Bhuvneshwar Kumar,350,579,46,59,42,37,16.86,165.43,12.59
Sam Curran,Bhuvneshwar Kumar,124,204,15,29,18,11,23.39,164.52,13.6
Sam Curran,Theesan Vithushan,126,220,10,14,16,11,11.11,174.6,22.0
Jason Holder,Theesan Vithushan,63,98,4,13,3,6,20.63,155.56,24.5
Shreyas Iyer,Sam Curran,1501,3164,61,144,230,192,9.59,210.79,51.87
Scott Curie,Saransh Jain,393,428,28,57,4,2,14.5,108.91,15.29
Scott Curie,Rashid Khan,195,233,12,21,2,1,10.77,119.49,19.42
Washington Sundar,Rashid Khan,1011,1596,93,158,103,78,15.63,157.86,17.16
Akash Deep,Washington Sundar,222,193,76,56,13,9,25.23,86.94,2.54
Vidwath Kaverappa,Scott Curie,239,241,18,38,0,0,15.9,100.84,13.39
Vidwath Kaverappa,Theesan Vithushan,301,336,26,28,5,3,9.3,111.63,12.92
Prabhsimran Singh,Dasun Shanaka,2073,4811,97,84,373,297,4.05,232.08,49.6
Virat Kohli,Dasun Shanaka,1430,3250,106,43,234,208,3.01,227.27,30.66
Prabhsimran Singh,Charith Asalanka,1787,4309,48,30,288,285,1.68,241.13,89.77
Mayank Agarwal,Khaleel Ahmed,3704,4675,106,471,116,87,12.72,126.21,44.1
Brian Bennett,Khaleel Ahmed,4265,6044,53,444,187,161,10.41,141.71,114.04
Kangabam Priyojit Singh,Prince Yadav,1463,2586,66,124,151,119,8.48,176.76,39.18
James Rew,Khaleel Ahmed,440,558,21,117,23,28,26.59,126.82,26.57
Kangabam Priyojit Singh,Sam Curran,1292,3050,78,43,213,208,3.33,236.07,39.1
Hardik Pandya,Sam Curran,826,1497,70,96,111,84,11.62,181.23,21.39
Hardik Pandya,Jason Holder,959,1809,80,102,121,110,10.64,188.63,22.61
Kangabam Priyojit Singh,Jason Holder,1353,3063,75,94,215,202,6.95,226.39,40.84
Jitesh Sharma,Sam Curran,516,809,71,89,56,45,17.25,156.78,11.39
Jitesh Sharma,Jason Holder,593,959,88,104,62,60,17.54,161.72,10.9
Sonu Yadav,Sam Curran,553,950,60,76,49,63,13.74,171.79,15.83
Sonu Yadav,Khaleel Ahmed,131,186,11,12,14,3,9.16,141.98,16.91
Kangabam Priyojit Singh,Khaleel Ahmed,1438,2551,52,108,146,110,7.51,177.4,49.06
KL Rahul,Tripuresh Singh,3488,4567,104,496,152,108,14.22,130.93,43.91
Priyansh Arya,Tripuresh Singh,2688,3562,126,280,112,75,10.42,132.51,28.27
Priyansh Arya,Lance Morris,2651,4030,106,188,167,120,7.09,152.02,38.02
KL Rahul,Lance Morris,3328,5300,74,237,227,171,7.12,159.25,71.62
Priyansh Arya,Nathan Ellis,2591,3847,117,210,145,115,8.1,148.48,32.88
KL Rahul,Nathan Ellis,3422,5659,86,271,238,240,7.92,165.37,65.8
KL Rahul,Arshdeep Singh,3481,5796,74,153,232,207,4.4,166.5,78.32
Priyansh Arya,Arshdeep Singh,2729,4372,87,112,161,144,4.1,160.21,50.25
Kishan Lyngdoh,Tripuresh Singh,2181,2521,94,640,102,112,29.34,115.59,26.82
Virat Singh,Tripuresh Singh,995,1232,72,287,69,60,28.84,123.82,17.11
Virat Singh,Lance Morris,958,1381,58,212,87,66,22.13,144.15,23.81
Harry Brook,Lance Morris,539,971,36,96,71,56,17.81,180.15,26.97
Kishan Lyngdoh,Arshdeep Singh,2175,3603,56,312,206,159,14.34,165.66,64.34
Harry Brook,Arshdeep Singh,553,1063,44,51,75,57,9.22,192.22,24.16
Harry Brook,Tripuresh Singh,514,715,57,121,47,41,23.54,139.11,12.54
Harry Brook,Nathan Ellis,617,1032,62,101,78,56,16.37,167.26,16.65
Shivam Dube,Nathan Ellis,363,574,31,62,35,33,17.08,158.13,18.52
Kishan Lyngdoh,Nathan Ellis,2201,3207,57,468,154,158,21.26,145.71,56.26
Shivam Dube,Arshdeep Singh,317,535,37,40,42,27,12.62,168.77,14.46
Kishan Lyngdoh,Hardik Pandya,1180,2304,45,198,171,137,16.78,195.25,51.2
Jason Holder,Hardik Pandya,332,487,24,71,31,23,21.39,146.69,20.29
Khaleel Ahmed,Tripuresh Singh,102,90,17,22,2,0,21.57,88.24,5.29
Shivam Dube,Tripuresh Singh,320,474,33,61,36,21,19.06,148.12,14.36
Khaleel Ahmed,Lance Morris,140,151,16,19,3,1,13.57,107.86,9.44
Shivam Dube,Lance Morris,396,644,37,72,42,38,18.18,162.63,17.41
Ishan Kishan,Mitchell Starc,662,927,23,42,38,18,6.34,140.03,40.3
Sarfaraz Khan,Mitchell Starc,458,754,44,20,40,26,4.37,164.63,17.14
Sarfaraz Khan,Adam Zampa,429,648,35,28,31,20,6.53,151.05,18.51
Ishan Kishan,Adam Zampa,660,904,20,36,24,16,5.45,136.97,45.2
Matthew Forde,Adam Zampa,136,156,35,23,10,6,16.91,114.71,4.46
Tim Seifert,Duvindu Tillakaratne,2734,4748,42,236,259,198,8.63,173.66,113.05
Ankit Kumar,Duvindu Tillakaratne,743,1505,29,89,112,87,11.98,202.56,51.9
Cameron Green,Will Jacks,567,1225,37,52,108,69,9.17,216.05,33.11
Corbin Bosch,Washington Sundar,230,350,5,46,21,15,20.0,152.17,70.0
Corbin Bosch,Bhuvneshwar Kumar,102,134,13,25,5,8,24.51,131.37,10.31
Anshul Kamboj,Bhuvneshwar Kumar,30,22,11,9,0,2,30.0,73.33,2.0
Anshul Kamboj,Duvindu Tillakaratne,31,22,9,10,1,1,32.26,70.97,2.44
Virat Kohli,Ashok Sharma,757,1561,53,42,104,94,5.55,206.21,29.45
Prabhsimran Singh,Ashok Sharma,698,1424,59,41,100,86,5.87,204.01,24.14
Shreyas Iyer,Cameron Green,1118,2290,43,102,161,139,9.12,204.83,53.26
David Miller,Ashok Sharma,759,1198,88,134,87,61,17.65,157.84,13.61
Will Jacks,Ashok Sharma,655,1166,59,81,72,68,12.37,178.02,19.76
Will Jacks,Cameron Green,583,1101,39,74,80,65,12.69,188.85,28.23
Washington Sundar,Cameron Green,332,595,24,40,53,28,12.05,179.22,24.79
Washington Sundar,Nitish Kumar Reddy,381,662,19,80,42,41,21.0,173.75,34.84
Will Jacks,Nitish Kumar Reddy,586,1172,36,66,71,77,11.26,200.0,32.56
Manav Suthar,Corbin Bosch,187,183,65,38,12,10,20.32,97.86,2.82
Theesan Vithushan,Corbin Bosch,174,83,59,75,6,3,43.1,47.7,1.41
Bhuvneshwar Kumar,Kranthi Kumar,324,338,47,53,10,7,16.36,104.32,7.19
Bhuvneshwar Kumar,Ashok Sharma,274,262,39,51,3,2,18.61,95.62,6.72
Washington Sundar,Ashok Sharma,523,735,67,102,49,35,19.5,140.54,10.97
Washington Sundar,Corbin Bosch,496,787,61,67,53,38,13.51,158.67,12.9
Bhuvneshwar Kumar,Corbin Bosch,245,228,45,42,4,1,17.14,93.06,5.07
Bhuvneshwar Kumar,Sonny Baker,310,316,30,36,1,0,11.61,101.94,10.53
Bhuvneshwar Kumar,Anshul Kamboj,324,342,22,46,2,2,14.2,105.56,15.55
Yashasvi Jaiswal,Ismat Alam,1460,2927,70,180,207,178,12.33,200.48,41.81
Ryan Rickelton,Ismat Alam,1889,3613,117,261,253,216,13.82,191.27,30.88
Suryakumar Yadav,Dian Forrester,1767,3528,81,244,285,202,13.81,199.66,43.56
Lalit Yadav,Vasuki Koushik,905,1421,46,187,98,73,20.66,157.02,30.89
Sdnv Prasad,Vasuki Koushik,653,962,36,193,69,54,29.56,147.32,26.72
Sdnv Prasad,Chamika Gunasekara,595,1120,31,110,70,77,18.49,188.24,36.13
Ismat Alam,Vasuki Koushik,168,150,39,57,13,6,33.93,89.29,3.85
Ismat Alam,Duan Jansen,212,230,49,67,22,12,31.6,108.49,4.69
Ismat Alam,Charith Asalanka,365,717,25,57,58,41,15.62,196.44,28.68
Jasprit Bumrah,Josh Tongue,292,268,41,60,5,3,20.55,91.78,6.54
Jasprit Bumrah,Chamika Gunasekara,307,287,46,60,3,4,19.54,93.49,6.24
Dian Forrester,Chamika Gunasekara,277,391,16,64,21,18,23.1,141.16,24.44
Lalit Yadav,Yuzvendra Chahal,1391,2759,66,108,187,152,7.76,198.35,41.8
Seekkuge Prasanna,Praveen Jayawickrama,227,365,35,38,30,20,16.74,160.79,10.43
Harpreet Brar,Rachin Ravindra,179,182,33,34,5,7,18.99,101.68,5.52
Harpreet Brar,Dian Forrester,165,218,11,8,3,4,4.85,132.12,19.82
Harpreet Brar,Jasprit Bumrah,336,364,53,93,15,19,27.68,108.33,6.87
Yuzvendra Chahal,Arzan Nagwaswalla,151,168,9,21,0,2,13.91,111.26,18.67
Suryakumar Yadav,Ismat Alam,1680,2987,104,308,226,168,18.33,177.8,28.72
Dega Nischal,Ismat Alam,1175,2243,93,153,151,146,13.02,190.89,24.12
Duan Jansen,Jasprit Bumrah,69,70,22,20,4,5,28.99,101.45,3.18
Prabhsimran Singh,Nitish Kumar Reddy,749,1569,41,53,112,91,7.08,209.48,38.27
Virat Kohli,Nitish Kumar Reddy,728,1427,48,49,98,81,6.73,196.02,29.73
David Miller,Nitish Kumar Reddy,743,1272,48,127,85,67,17.09,171.2,26.5
Manav Suthar,Ashok Sharma,188,170,62,43,10,9,22.87,90.43,2.74
Theesan Vithushan,Ashok Sharma,183,128,63,64,6,7,34.97,69.95,2.03
David Miller,Sonny Baker,220,359,11,22,15,14,10.0,163.18,32.64
Theesan Vithushan,Sonny Baker,141,93,40,45,3,3,31.91,65.96,2.33
Cameron Green,Duvindu Tillakaratne,566,998,15,118,73,56,20.85,176.33,66.53
Corbin Bosch,Manav Suthar,83,98,6,19,4,4,22.89,118.07,16.33
Kranthi Kumar,Manav Suthar,157,269,6,24,23,12,15.29,171.34,44.83
Corbin Bosch,Will Jacks,203,348,1,43,20,19,21.18,171.43,348.0
Charith Asalanka,CV Stephen,592,1019,68,81,60,61,13.68,172.13,14.99
Charith Asalanka,Malinda Pushpakumara,532,694,77,79,54,16,14.85,130.45,9.01
Finn Allen,Seekkuge Prasanna,1834,3573,179,194,260,221,10.58,194.82,19.96
Naman Dhir,Hardik Pandya,2854,4636,229,663,342,264,23.23,162.44,20.24
Harsh Dubey,Yuzvendra Chahal,396,370,98,83,16,12,20.96,93.43,3.78
Harsh Dubey,Tanay Thyagarajan,149,133,48,44,7,10,29.53,89.26,2.77
Shardul Thakur,Tanay Thyagarajan,300,281,45,70,9,6,23.33,93.67,6.24
Hardik Pandya,Harsh Dubey,888,1831,38,108,139,107,12.16,206.19,48.18
Bipin Saurabh,Anshul Kamboj,395,696,55,32,48,38,8.1,176.2,12.65
Seekkuge Prasanna,Kagiso Rabada,258,499,35,35,35,33,13.57,193.41,14.26
Dan Lawrence,Harsh Dubey,476,787,39,43,44,36,9.03,165.34,20.18
Dan Lawrence,Anshul Kamboj,341,590,34,17,28,31,4.99,173.02,17.35
Tanay Thyagarajan,Krunal Pandya,375,484,24,36,16,6,9.6,129.07,20.17
Tanay Thyagarajan,Suryansh Shedge,162,193,17,14,7,2,8.64,119.14,11.35
Yuzvendra Chahal,Suryansh Shedge,85,102,4,4,0,0,4.71,120.0,25.5
Yuzvendra Chahal,Shardul Thakur,123,136,8,14,0,1,11.38,110.57,17.0
Yuzvendra Chahal,Donovan Ferreira,51,45,5,8,0,0,15.69,88.24,9.0
Yuzvendra Chahal,Krunal Pandya,203,231,14,20,6,0,9.85,113.79,16.5
Will Jacks,Akash Vasisht,1268,2013,133,220,144,110,17.35,158.75,15.14
Shubham Agarwal,Mridul Surroch,466,332,91,184,13,14,39.48,71.24,3.65
Shubham Agarwal,Riyan Parag,713,550,166,256,30,21,35.9,77.14,3.31
Shubham Agarwal,Mitchell Starc,292,316,50,70,17,13,23.97,108.22,6.32
Chris Lynn,Akeal Hosein,1270,1913,78,361,118,119,28.43,150.63,24.53
Shubham Agarwal,Akeal Hosein,256,161,46,112,3,5,43.75,62.89,3.5
Theesan Vithushan,Akeal Hosein,143,83,45,55,0,5,38.46,58.04,1.84
Isitha Wijesundara,Mohammed Shami,242,234,17,59,4,3,24.38,96.69,13.76
David Warner,Washington Sundar,4786,9858,152,603,670,622,12.6,205.98,64.86
David Warner,Will Jacks,4503,8989,126,597,691,511,13.26,199.62,71.34
David Warner,Shubham Agarwal,3829,6167,251,846,382,373,22.09,161.06,24.57
Noor Ahmad,Gangam Anikethreddy,175,98,64,57,5,4,32.57,56.0,1.53
Athisayaraj Davidson,Gangam Anikethreddy,162,73,55,66,3,2,40.74,45.06,1.33
Shivam Dube,Athisayaraj Davidson,890,1431,57,174,88,81,19.55,160.79,25.11
Tilak Varma,Atit Sheth,1437,2644,135,191,213,140,13.29,183.99,19.59
Virat Singh,Mitchell Starc,609,853,17,33,30,14,5.42,140.07,50.18
Virat Singh,Adam Zampa,654,845,18,34,14,9,5.2,129.2,46.94
Shiran Fernando,Akash Vasisht,547,595,67,56,12,3,10.24,108.78,8.88
Shiran Fernando,Riyan Parag,316,318,33,41,1,1,12.97,100.63,9.64
Shiran Fernando,Sonal Dinusha,354,389,32,33,1,2,9.32,109.89,12.16
Sanju Samson,Shahbaz Ahmed,1654,4020,83,56,312,266,3.39,243.05,48.43
Praveen Jayawickrama,Shiran Fernando,72,42,15,28,2,1,38.89,58.33,2.8
Arpit Vasavada,Nishan Peiris,283,425,34,52,22,24,18.37,150.18,12.5
Arpit Vasavada,Ravi Bishnoi,259,409,36,43,33,20,16.6,157.92,11.36
Akeal Hosein,Ravi Bishnoi,106,114,42,16,11,4,15.09,107.55,2.71
Dushan Hemantha,Ravi Bishnoi,99,85,30,23,6,2,23.23,85.86,2.83
Chris Lynn,Yash Thakur,1389,2648,121,196,169,176,14.11,190.64,21.88
Shubham Agarwal,Vidwath Kaverappa,291,256,55,106,15,11,36.43,87.97,4.65
Donovan Ferreira,Mukesh Kumar,261,466,32,28,32,29,10.73,178.54,14.56
Mridul Surroch,Athisayaraj Davidson,1667,2651,90,331,169,136,19.86,159.03,29.46
Beau Webster,Athisayaraj Davidson,1093,1035,83,600,101,52,54.89,94.69,12.47
Mridul Surroch,Noor Ahmad,1868,3626,76,277,241,231,14.83,194.11,47.71
Karan Shinde,Noor Ahmad,731,1329,31,114,89,77,15.6,181.81,42.87
Beau Webster,Arzan Nagwaswalla,974,835,104,541,60,53,55.54,85.73,8.03
Yuvraj Chaudhary,Arzan Nagwaswalla,796,1055,94,193,66,54,24.25,132.54,11.22
Yuvraj Chaudhary,Raj Angad Bawa,822,1403,69,154,99,77,18.73,170.68,20.33
Akash Vasisht,Raj Angad Bawa,721,1376,19,107,98,79,14.84,190.85,72.42
Karan Shinde,Raj Angad Bawa,1474,3111,65,163,231,191,11.06,211.06,47.86
Akash Vasisht,Atit Sheth,785,1523,69,73,100,91,9.3,194.01,22.07
Akash Vasisht,Noor Ahmad,305,524,14,49,32,26,16.07,171.8,37.43
Akash Vasisht,Athisayaraj Davidson,223,283,22,41,14,11,18.39,126.91,12.86
Lungi Ngidi,Athisayaraj Davidson,68,46,23,19,3,1,27.94,67.65,2.0
Karan Shinde,Athisayaraj Davidson,605,1027,20,112,57,63,18.51,169.75,51.35
Raj Angad Bawa,Akash Vasisht,1235,2213,155,211,191,130,17.09,179.19,14.28
Noor Ahmad,Akash Vasisht,229,189,75,63,17,6,27.51,82.53,2.52
Noor Ahmad,Mridul Surroch,185,117,65,57,4,6,30.81,63.24,1.8
Athisayaraj Davidson,Mridul Surroch,150,68,60,51,5,2,34.0,45.33,1.13
Arzan Nagwaswalla,Akash Vasisht,279,314,29,39,7,3,13.98,112.54,10.83
Noor Ahmad,Rahul Chahar,138,143,33,36,10,6,26.09,103.62,4.33
Arzan Nagwaswalla,Mridul Surroch,351,394,35,33,5,1,9.4,112.25,11.26
Sahan Arachchige,Rachin Ravindra,1326,1452,340,232,94,64,17.5,109.5,4.27
Varun Chakravarthy,Dian Forrester,920,857,108,175,4,5,19.02,93.15,7.94
Vaisakh Chandran,Arzan Nagwaswalla,194,213,7,34,3,0,17.53,109.79,30.43
Vaisakh Chandran,Jasprit Bumrah,201,208,15,35,1,1,17.41,103.48,13.87
Rachin Ravindra,Charith Asalanka,685,1509,15,61,119,89,8.91,220.29,100.6
Charith Asalanka,Joel Davies,242,317,19,70,24,15,28.93,130.99,16.68
Duan Jansen,Gurinder Singh,113,120,27,28,6,6,24.78,106.19,4.44
Josh Tongue,Gurinder Singh,76,36,25,27,3,0,35.53,47.37,1.44
Vasuki Koushik,Gurinder Singh,131,136,12,23,0,3,17.56,103.82,11.33
Heinrich Klaasen,Vasuki Koushik,671,845,69,216,51,51,32.19,125.93,12.25
Marcus Stoinis,Duan Jansen,533,689,69,133,42,35,24.95,129.27,9.99
Gurinder Singh,Duan Jansen,226,173,77,73,10,11,32.3,76.55,2.25
Sai Kishore,Duan Jansen,271,258,59,90,20,11,33.21,95.2,4.37
Dunith Wellalage,Charith Asalanka,760,1152,11,126,61,47,16.58,151.58,104.73
Nimesh Vimukthi,Josh Tongue,308,299,16,71,5,2,23.05,97.08,18.69
Ankit Kumar,Malinda Pushpakumara,511,800,38,26,50,19,5.09,156.56,21.05
Varun Chakravarthy,Theesan Vithushan,378,408,28,54,4,1,14.29,107.94,14.57
Shivam Mavi,Mridul Surroch,349,247,136,92,16,12,26.36,70.77,1.82
Ottneil Baartman,Rahul Chahar,178,179,23,22,1,1,12.36,100.56,7.78
Mohsin Khan,Rahul Chahar,137,143,13,19,2,2,13.87,104.38,11.0
Lungi Ngidi,Ottneil Baartman,84,57,24,34,3,3,40.48,67.86,2.38
Lungi Ngidi,Maheesh Theekshana,52,58,11,17,4,4,32.69,111.54,5.27
Mukesh Kumar,Maheesh Theekshana,91,99,10,9,0,1,9.89,108.79,9.9
Rahul Chahar,Ottneil Baartman,65,73,4,8,1,0,12.31,112.31,18.25
Mukesh Kumar,Ottneil Baartman,83,89,14,14,1,2,16.87,107.23,6.36
Rahul Chahar,Maheesh Theekshana,61,79,3,6,1,2,9.84,129.51,26.33
Akash Vasisht,Nishan Peiris,253,444,29,40,25,32,15.81,175.49,15.31
Mitchell Marsh,Tripuresh Singh,1473,1768,81,379,94,64,25.73,120.03,21.83
Shubham Dubey,Tripuresh Singh,923,772,86,364,36,23,39.44,83.64,8.98
Matt Short,Tripuresh Singh,641,712,48,248,43,38,38.69,111.08,14.83
Luhan dre pretorious,Arshdeep Singh,306,343,35,83,17,15,27.12,112.09,9.8
Rishabh Pant,Arshdeep Singh,212,279,22,53,14,16,25.0,131.6,12.68
Rishabh Pant,Lance Morris,227,215,29,75,10,10,33.04,94.71,7.41
Mohammed Shami,Lance Morris,82,74,22,14,5,1,17.07,90.24,3.36
Ashish Singh,Lance Morris,140,165,16,15,1,4,10.71,117.86,10.31
Rishabh Pant,Nathan Ellis,200,273,37,42,19,16,21.0,136.5,7.38
Ashish Singh,Nathan Ellis,120,106,19,16,1,0,13.33,88.33,5.58
Kangabam Priyojit Singh,Mitchell Marsh,1101,2310,50,88,167,132,7.99,209.81,46.2
Shahbaz Ahmed,Vaisakh Chandran,366,521,33,58,28,20,15.85,142.35,15.79
Shiran Fernando,Dasun Shanaka,980,1043,103,102,10,4,10.41,106.43,10.13
Shiran Fernando,Sahan Arachchige,1094,1089,125,166,11,4,15.17,99.54,8.71
Dhruv Jurel,Gangam Anikethreddy,1704,2303,109,420,141,107,24.65,135.15,21.13
Dhruv Jurel,Shiran Fernando,1306,2226,101,158,128,121,12.1,170.44,22.04
Shivam Mavi,Prasidh Krishna,108,102,40,25,9,5,23.15,94.44,2.55
Jos Buttler,Shivam Mavi,894,1691,36,152,127,98,17.0,189.15,46.97
Kunal Chandela,Shivam Mavi,598,1195,28,83,100,66,13.88,199.83,42.68
Kunal Chandela,Ottneil Baartman,535,925,52,85,63,55,15.89,172.9,17.79
Ravi Teja,Ottneil Baartman,93,71,26,26,3,3,27.96,76.34,2.73
Prasidh Krishna,Shivam Mavi,140,133,18,30,2,2,21.43,95.0,7.39
Theesan Vithushan,Shiran Fernando,103,76,30,34,2,3,33.01,73.79,2.53
Binura Fernando,Dasun Shanaka,765,853,60,62,5,3,8.1,111.5,14.22
Binura Fernando,Kuldeep Yadav,258,280,24,26,1,0,10.08,108.53,11.67
Lasith Embuldeniya,Kuldeep Yadav,537,521,54,99,8,5,18.44,97.02,9.65
Axar Patel,Donovan Ferreira,554,834,33,116,57,40,20.94,150.54,25.27
Arpit Vasavada,Suryansh Shedge,600,849,23,156,50,38,26.0,141.5,36.91
Akeal Hosein,Harsh Dubey,192,153,66,43,8,6,22.4,79.69,2.32
Lasith Embuldeniya,Harsh Dubey,414,449,29,65,6,4,15.7,108.45,15.48
Binura Fernando,Harsh Dubey,143,156,15,17,3,1,11.89,109.09,10.4
Ravi Teja,Yuzvendra Chahal,96,55,38,23,5,0,23.96,57.29,1.45
Mohammed Siraj,Yuzvendra Chahal,129,96,35,30,4,1,23.26,74.42,2.74
Mohammed Siraj,Harpreet Brar,85,75,24,22,3,4,25.88,88.24,3.12
Karan Shinde,Prince Yadav,682,1162,31,98,83,56,14.37,170.38,37.48
Yuvraj Chaudhary,Prince Yadav,607,942,55,111,57,51,18.29,155.19,17.13
Nishant Sindhu,Mridul Surroch,1502,3461,108,62,253,231,4.13,230.43,32.05
Nishant Sindhu,Akash Vasisht,1551,3477,109,52,264,211,3.35,224.18,31.9
Gangam Anikethreddy,Lungi Ngidi,75,51,36,19,3,4,25.33,68.0,1.42
Calvin Harrison,Rahul Chahar,291,397,18,67,23,17,23.02,136.43,22.06
Jitesh Sharma,Mitchell Marsh,1814,2765,262,387,217,157,21.33,152.43,10.55
Hardik Pandya,Mohammed Shami,316,564,25,39,38,31,12.34,178.48,22.56
Jitesh Sharma,Mohammed Shami,122,189,21,21,15,11,17.21,154.92,9.0
Sonu Yadav,Mohammed Shami,144,234,14,16,15,10,11.11,162.5,16.71
Lance Morris,Mohammed Shami,63,56,17,18,2,3,28.57,88.89,3.29
Arshdeep Singh,Mohammed Shami,66,48,17,19,2,2,28.79,72.73,2.82
Arshdeep Singh,Auqib Nabi,238,161,60,86,2,9,36.13,67.65,2.68
Luhan dre pretorious,Nathan Ellis,334,395,33,99,22,19,29.64,118.26,11.97
Auqib Nabi,Lance Morris,167,178,25,39,8,5,23.35,106.59,7.12
Mohammed Shami,Nathan Ellis,99,62,31,34,4,2,34.34,62.63,2.0
Binura Fernando,Nathan Ellis,63,54,15,8,0,1,12.7,85.71,3.6
Binura Fernando,Arshdeep Singh,66,73,5,7,1,0,10.61,110.61,14.6
Auqib Nabi,Arshdeep Singh,156,166,27,47,9,9,30.13,106.41,6.15
Dega Nischal,Arshdeep Singh,2739,4028,83,212,143,107,7.74,147.06,48.53
Dega Nischal,Tripuresh Singh,2664,3372,107,306,81,75,11.49,126.58,31.51
Yashasvi Jaiswal,Tripuresh Singh,2613,3252,113,322,83,55,12.32,124.45,28.78
Dega Nischal,Nathan Ellis,2596,3563,84,275,108,91,10.59,137.25,42.42
Yashasvi Jaiswal,Nathan Ellis,2557,3602,72,239,129,88,9.35,140.87,50.03
Ryan Rickelton,Tripuresh Singh,1779,2245,99,389,109,75,21.87,126.19,22.68
Charith Asalanka,Tripuresh Singh,461,448,68,179,25,26,38.83,97.18,6.59
Charith Asalanka,Arshdeep Singh,395,574,40,99,32,34,25.06,145.32,14.35
Charith Asalanka,Hardik Pandya,683,1158,53,118,77,66,17.28,169.55,21.85
Duan Jansen,Hardik Pandya,260,259,65,61,14,10,23.46,99.62,3.98
Dasun Shanaka,Lance Morris,254,287,29,66,16,11,25.98,112.99,9.9
Chamika Gunasekara,Lance Morris,89,94,11,9,0,0,10.11,105.62,8.55
Dasun Shanaka,Nathan Ellis,247,367,28,50,22,21,20.24,148.58,13.11
Chamika Gunasekara,Nathan Ellis,97,100,8,15,1,0,15.46,103.09,12.5
Jitesh Sharma,Chamika Gunasekara,1571,2134,172,316,123,98,20.11,135.84,12.41
Sonu Yadav,Chamika Gunasekara,335,513,23,56,26,28,16.72,153.13,22.3
Sonu Yadav,Josh Tongue,364,552,23,52,33,23,14.29,151.65,24.0
Lance Morris,Josh Tongue,91,46,34,30,4,1,32.97,50.55,1.35
Arshdeep Singh,Josh Tongue,95,44,29,42,2,2,44.21,46.32,1.52
Arshdeep Singh,Chamika Gunasekara,81,40,33,21,1,0,25.93,49.38,1.21
Tripuresh Singh,Vasuki Koushik,182,227,22,4,2,4,2.2,124.73,10.32
Sonu Yadav,Duan Jansen,356,472,47,45,29,17,12.64,132.58,10.04
Sonu Yadav,Dasun Shanaka,752,1198,52,80,83,42,10.64,159.31,23.04
Tripuresh Singh,Dasun Shanaka,512,708,40,15,23,9,2.93,138.28,17.7
Tripuresh Singh,Charith Asalanka,366,466,33,9,12,6,2.46,127.32,14.12
Sonu Yadav,Charith Asalanka,665,1325,20,42,98,62,6.32,199.25,66.25
Tripuresh Singh,Chamika Gunasekara,157,204,21,5,9,2,3.18,129.94,9.71
Nathan Ellis,Vasuki Koushik,128,115,13,22,0,1,17.19,89.84,8.85
Gurinder Singh,Lance Morris,110,77,53,29,4,7,26.36,70.0,1.45
Sai Kishore,Hardik Pandya,367,485,69,89,38,23,24.25,132.15,7.03
Dunith Wellalage,Lance Morris,323,340,14,98,14,10,30.34,105.26,24.29
Maheesh Theekshana,Lance Morris,51,58,4,3,1,0,5.88,113.73,14.5
Maheesh Theekshana,Arshdeep Singh,57,65,7,5,1,1,8.77,114.04,9.29
Kangabam Priyojit Singh,Gurinder Singh,786,1151,23,41,35,24,5.22,146.44,50.04
Tripuresh Singh,Joel Davies,105,145,7,5,5,1,4.76,138.1,20.71
Tripuresh Singh,Sai Kishore,118,177,13,2,6,7,1.69,150.0,13.62
Sonu Yadav,Sai Kishore,249,483,14,23,34,23,9.24,193.98,34.5
Rajat Patidar,Lasith Embuldeniya,1506,2002,92,367,96,105,24.37,132.93,21.76
Seekkuge Prasanna,Dushan Hemantha,269,420,33,67,37,23,24.91,156.13,12.73
Dan Lawrence,Akeal Hosein,479,728,21,50,31,30,10.44,151.98,34.67
Dan Lawrence,Lasith Embuldeniya,441,561,17,86,24,18,19.5,127.21,33.0
Ramandeep Singh,Jasprit Bumrah,475,787,57,78,53,45,16.42,165.68,13.81
Ramandeep Singh,Noor Ahmad,608,1049,40,102,63,66,16.78,172.53,26.23
Ashwin Das,Noor Ahmad,396,498,35,134,35,26,33.84,125.76,14.23
Washington Sundar,Athisayaraj Davidson,282,475,17,46,31,26,16.31,168.44,27.94
Washington Sundar,Jasprit Bumrah,856,1434,63,133,100,70,15.54,167.52,22.76
Ashwin Das,Jasprit Bumrah,358,428,46,129,32,25,36.03,119.55,9.3
Ashwin Das,Atit Sheth,860,1206,148,179,93,56,20.81,140.23,8.15
Raj Limbani,Atit Sheth,391,447,63,40,10,9,10.23,114.32,7.1
Raj Limbani,Raj Angad Bawa,352,392,43,32,11,1,9.09,111.36,9.12
Avinov Choudhary,Atit Sheth,260,293,26,23,5,1,8.85,112.69,11.27
Avinov Choudhary,Raj Angad Bawa,220,245,25,23,2,5,10.45,111.36,9.8
Washington Sundar,Noor Ahmad,409,528,27,94,25,25,22.98,129.1,19.56
Avinov Choudhary,Noor Ahmad,101,101,11,11,0,0,10.89,100.0,9.18
Glenn Phillips,Avinov Choudhary,2039,3034,49,143,124,70,7.01,148.8,61.92
Glenn Phillips,Raj Limbani,2026,2827,78,156,101,52,7.7,139.54,36.24
Lalit Yadav,Tanay Thyagarajan,637,1218,44,68,83,69,10.68,191.21,27.68
Atit Sheth,Yuzvendra Chahal,339,578,38,30,28,32,8.85,170.5,15.21
Bipin Saurabh,Raj Angad Bawa,1290,2476,108,131,197,130,10.16,191.94,22.93
Virat Kohli,Calvin Harrison,458,1070,31,26,88,67,5.68,233.62,34.52
Raj Limbani,Calvin Harrison,505,592,45,57,9,8,11.29,117.23,13.16
Raj Limbani,Rashid Khan,231,249,27,25,6,1,10.82,107.79,9.22
Raj Limbani,Gangam Anikethreddy,281,309,39,29,4,5,10.32,109.96,7.92
KL Rahul,Ashwin Das,4622,10352,166,276,746,645,5.97,223.97,62.36
Shivam Dube,Ashwin Das,1945,3654,158,264,285,210,13.57,187.87,23.13
Shivam Dube,Avinov Choudhary,472,922,54,33,59,55,6.99,195.34,17.07
Shivam Dube,Bhuvneshwar Kumar,191,324,35,32,23,24,16.75,169.63,9.26
Sam Curran,Washington Sundar,214,440,7,16,35,23,7.48,205.61,62.86
Sam Curran,Will Jacks,226,472,9,24,28,30,10.62,208.85,52.44
Jason Holder,Will Jacks,84,111,4,21,3,7,25.0,132.14,27.75
Khaleel Ahmed,Theesan Vithushan,20,16,2,4,0,0,20.0,80.0,8.0
Jason Holder,Duvindu Tillakaratne,65,85,5,18,7,4,27.69,130.77,17.0
Khaleel Ahmed,Duvindu Tillakaratne,38,38,5,4,0,0,10.53,100.0,7.6
Shreyas Iyer,Khaleel Ahmed,787,1380,27,91,83,67,11.56,175.35,51.11
Virat Kohli,Jason Holder,699,1472,62,30,90,92,4.29,210.59,23.74
Virat Kohli,Sam Curran,645,1549,52,8,106,111,1.24,240.16,29.79
Washington Sundar,Jason Holder,680,1104,74,84,72,54,12.35,162.35,14.92
Ankit Kumar,Arzan Nagwaswalla,1471,2062,134,310,101,114,21.07,140.18,15.39
Corbin Bosch,Jasprit Bumrah,202,253,17,48,11,13,23.76,125.25,14.88
Corbin Bosch,Jai Moondra,143,115,15,39,3,1,27.27,80.42,7.67
Anshul Kamboj,Jai Moondra,55,48,18,11,1,2,20.0,87.27,2.67
Ashok Sharma,Jai Moondra,136,174,10,7,6,1,5.15,127.94,17.4
Ashok Sharma,Jasprit Bumrah,159,205,11,12,6,3,7.55,128.93,18.64
Sonny Baker,Dian Forrester,140,134,8,33,0,0,23.57,95.71,16.75
Ashok Sharma,Dian Forrester,264,334,22,26,12,7,9.85,126.52,15.18
Abhishek Sharma,Ashok Sharma,741,1508,66,51,104,95,6.88,203.51,22.85
Prashant Veer,Sunil Narine,734,934,54,243,63,49,33.11,127.25,17.3
Ravi Bishnoi,Mitchell Santner,233,176,42,69,2,3,29.61,75.54,4.19
Nishan Peiris,Mitchell Santner,160,166,16,23,0,1,14.37,103.75,10.38
Shivam Mavi,Liam Livingstone,280,181,100,79,8,9,28.21,64.64,1.81
Dunith Wellalage,Sunil Narine,1150,1405,40,362,88,55,31.48,122.17,35.12
Dunith Wellalage,Mitchell Santner,1322,1883,49,322,108,89,24.36,142.44,38.43
Donovan Ferreira,Ravi Teja,439,740,46,62,56,38,14.12,168.56,16.09
Donovan Ferreira,Prasidh Krishna,508,911,63,60,57,55,11.81,179.33,14.46
Naman Dhir,Prasidh Krishna,760,1172,78,139,80,60,18.29,154.21,15.03
Shardul Thakur,Sunil Narine,693,642,52,281,31,25,40.55,92.64,12.35
Anshul Kamboj,Sunil Narine,336,340,39,55,5,6,16.37,101.19,8.72
Shardul Thakur,Ravi Teja,298,241,40,109,15,4,36.58,80.87,6.03
Kagiso Rabada,Ravi Teja,103,108,11,12,1,1,11.65,104.85,9.82
Anshul Kamboj,Ravi Teja,203,203,25,33,4,1,16.26,100.0,8.12
Kagiso Rabada,Mohammed Siraj,175,210,11,19,4,1,10.86,120.0,19.09
Anshul Kamboj,Mohammed Siraj,269,216,43,55,2,0,20.45,80.3,5.02
Sai Sudharsan,Suryansh Shedge,1693,3846,49,93,286,229,5.49,227.17,78.49
Lalit Yadav,Mohamed Shiraz,362,753,16,42,60,43,11.6,208.01,47.06
Lalit Yadav,Umesh Yadav,415,941,16,42,65,66,10.12,226.75,58.81
Christopher Britz,Craig Overton,1977,2115,51,955,162,104,48.31,106.98,41.47
Ashton Turner,Arzan Nagwaswalla,499,480,60,124,15,15,24.85,96.19,8.0
Craig Overton,Arzan Nagwaswalla,117,128,29,37,6,9,31.62,109.4,4.41
Sairaj Patil,Jai Moondra,238,475,22,26,32,31,10.92,199.58,21.59
Craig Overton,Jai Moondra,107,160,15,33,12,11,30.84,149.53,10.67
Mayank Yadav,Arzan Nagwaswalla,73,52,23,23,3,2,31.51,71.23,2.26
Umesh Yadav,Jai Moondra,89,100,7,17,1,2,19.1,112.36,14.29
Tim Seifert,Sam Curran,939,2029,52,63,142,129,6.71,216.08,39.02
Tim Seifert,Jason Holder,912,1848,52,89,135,112,9.76,202.63,35.54
Nitish Kumar Reddy,Prince Yadav,142,256,16,18,15,17,12.68,180.28,16.0
Kranthi Kumar,Prince Yadav,132,227,14,16,15,13,12.12,171.97,16.21
Corbin Bosch,Jason Holder,434,556,35,143,33,30,32.95,128.11,15.89
Virat Singh,Cameron Green,833,1744,47,76,117,114,9.12,209.36,37.11
Harry Brook,Kranthi Kumar,674,925,86,152,48,54,22.55,137.24,10.76
Shivam Dube,Corbin Bosch,473,744,70,79,57,42,16.7,157.29,10.63
Sam Curran,Corbin Bosch,396,524,47,97,31,27,24.49,132.32,11.15
Sam Curran,Sonny Baker,306,530,24,43,47,21,14.05,173.2,22.08
Kishan Lyngdoh,Sonny Baker,1213,1651,27,86,51,21,7.09,136.11,61.15
Sam Curran,Anshul Kamboj,278,388,27,47,31,11,16.91,139.57,14.37
Kishan Lyngdoh,Anshul Kamboj,1193,1577,14,65,27,14,5.45,132.19,112.64
Lasith Embuldeniya,Suryansh Shedge,224,215,14,57,1,2,25.45,95.98,15.36
Anshul Kamboj,Axar Patel,248,234,38,39,4,2,15.73,94.35,6.16
Kagiso Rabada,Akeal Hosein,175,205,13,20,4,0,11.43,117.14,15.77
Smaran Ravichandra,Auqib Nabi,962,1964,51,133,150,118,13.83,204.16,38.51
Smaran Ravichandra,Mitchell Marsh,921,1827,40,143,131,115,15.53,198.37,45.67
David Warner,Cameron Green,999,1945,39,111,119,119,11.11,194.69,49.87
Venkatesh Iyer,Cameron Green,936,1987,21,77,132,122,8.23,212.29,94.62
David Warner,Corbin Bosch,1003,1618,53,200,127,74,19.94,161.32,30.53
Venkatesh Iyer,Corbin Bosch,899,1520,72,172,105,89,19.13,169.08,21.11
Mitchell Marsh,Ashok Sharma,866,1513,68,122,101,87,14.09,174.71,22.25
Matt Short,Sonny Baker,184,279,17,14,14,10,7.61,151.63,16.41
Matt Short,Anshul Kamboj,149,211,14,12,14,5,8.05,141.61,15.07
Marcus Stoinis,Akeal Hosein,357,567,31,79,47,30,22.13,158.82,18.29
Shivam Mavi,Mitchell Marsh,314,273,107,83,18,13,26.43,86.94,2.55
Marcus Stoinis,Lasith Embuldeniya,371,626,18,72,47,29,19.41,168.73,34.78
Rinku Singh,Ottneil Baartman,1404,2117,121,285,143,111,20.3,150.78,17.5
Axar Patel,Mohsin Khan,425,508,70,102,42,20,24.0,119.53,7.26
Axar Patel,Maheesh Theekshana,429,541,38,122,34,26,28.44,126.11,14.24
Sanvir Singh,Maheesh Theekshana,667,1370,50,53,83,94,7.95,205.4,27.4
Axar Patel,Ottneil Baartman,379,414,79,87,25,19,22.96,109.23,5.24
Sanvir Singh,Ottneil Baartman,615,1092,105,45,80,63,7.32,177.56,10.4
Arpit Vasavada,Mohsin Khan,945,1256,104,210,73,59,22.22,132.91,12.08
Akeal Hosein,Mohsin Khan,343,277,113,99,17,16,28.86,80.76,2.45
Lasith Embuldeniya,Mohsin Khan,456,421,55,85,1,3,18.64,92.32,7.65
Lasith Embuldeniya,Ottneil Baartman,203,154,38,45,1,0,22.17,75.86,4.05
Arpit Vasavada,Ottneil Baartman,429,440,62,135,26,19,31.47,102.56,7.1
Naman Dhir,Yuzvendra Chahal,812,1480,47,154,103,90,18.97,182.27,31.49
Kumar Kushagra,Seekkuge Prasanna,3212,4523,256,965,316,254,30.04,140.82,17.67
Kumar Kushagra,Hardik Pandya,3068,5538,175,553,434,305,18.02,180.51,31.65
Shardul Thakur,Yuzvendra Chahal,359,495,36,68,28,21,18.94,137.88,13.75
Suryansh Shedge,Yuzvendra Chahal,386,632,26,61,40,30,15.8,163.73,24.31
Anshul Kamboj,Tanay Thyagarajan,341,337,47,47,3,1,13.78,98.83,7.17
Suryansh Shedge,Tanay Thyagarajan,319,441,48,55,24,23,17.24,138.24,9.19
Harpreet Brar,Donovan Ferreira,277,421,38,57,28,23,20.58,151.99,11.08
Dan Lawrence,Donovan Ferreira,338,520,7,55,28,21,16.27,153.85,74.29
Dan Lawrence,Suryansh Shedge,369,616,12,29,27,28,7.86,166.94,51.33
Dan Lawrence,Shardul Thakur,683,1185,49,75,77,59,10.98,173.5,24.18
Tanay Thyagarajan,Shardul Thakur,318,409,25,30,12,9,9.43,128.62,16.36
Tanay Thyagarajan,Harsh Dubey,180,201,20,21,2,4,11.67,111.67,10.05
Mukul Choudhary,Calvin Harrison,1030,2298,75,93,192,144,9.03,223.11,30.64
Sanju Samson,Calvin Harrison,856,1917,74,76,155,126,8.88,223.95,25.91
Lungi Ngidi,Rashid Khan,113,66,38,34,4,2,30.09,58.41,1.74
Mukesh Kumar,Rashid Khan,192,198,20,38,2,5,19.79,103.12,9.9
Rahul Chahar,Rashid Khan,89,96,12,9,1,1,10.11,107.87,8.0
Nishant Sindhu,Beau Webster,1212,2741,86,67,194,181,5.53,226.16,31.87
Tilak Varma,Rahul Chahar,518,989,26,59,69,53,11.39,190.93,38.04
Shiran Fernando,Rahul Chahar,180,193,16,17,3,1,9.44,107.22,12.06
Riyan Parag,Arzan Nagwaswalla,509,685,64,117,41,34,22.99,134.58,10.7
Glenn Phillips,Mitchell Starc,623,993,35,57,48,35,9.15,159.39,28.37
Ravi Teja,Dasun Shanaka,283,271,71,87,15,14,30.74,95.76,3.82
Kuldeep Yadav,Liam Livingstone,557,187,187,289,11,10,51.89,33.57,1.0
Sarfaraz Khan,Will Jacks,761,1508,57,70,117,82,9.2,198.16,26.46
Josh Tongue,Liam Livingstone,431,311,125,137,10,15,31.79,72.16,2.49
Chamika Gunasekara,Liam Livingstone,469,501,38,72,5,3,15.35,106.82,13.18
Maheesh Theekshana,Harpreet Brar,83,49,31,25,5,1,30.12,59.04,1.58
Ottneil Baartman,Harpreet Brar,174,167,21,30,3,1,17.24,95.98,7.95
Bipin Saurabh,Shivam Mavi,781,1410,45,115,90,84,14.72,180.54,31.33
Bipin Saurabh,Maheesh Theekshana,864,1551,45,119,113,83,13.77,179.51,34.47
Bipin Saurabh,Mohsin Khan,797,1434,42,132,80,95,16.56,179.92,34.14
Harpreet Brar,Shivam Mavi,148,162,33,40,15,6,27.03,109.46,4.91
Harpreet Brar,Ottneil Baartman,228,376,61,29,38,22,12.72,164.91,6.16
Dan Lawrence,Ottneil Baartman,318,515,20,28,29,21,8.81,161.95,25.75
Lalit Yadav,Kuldeep Yadav,1714,3246,128,176,206,198,10.27,189.38,25.36
Noor Ahmad,Chamika Gunasekara,131,80,50,34,2,4,25.95,61.07,1.6
Athisayaraj Davidson,Chamika Gunasekara,158,78,49,61,1,3,38.61,49.37,1.59
Lalit Yadav,Kagiso Rabada,439,775,27,54,57,36,12.3,176.54,28.7
Atit Sheth,Kagiso Rabada,238,372,33,23,26,17,9.66,156.3,11.27
Noor Ahmad,Kagiso Rabada,118,57,44,40,3,1,33.9,48.31,1.3
Noor Ahmad,Harsh Dubey,109,75,39,40,4,6,36.7,68.81,1.92
Athisayaraj Davidson,Harsh Dubey,128,85,41,41,2,4,32.03,66.41,2.07
Jasprit Bumrah,Harsh Dubey,233,233,32,30,5,0,12.88,100.0,7.28
Calvin Harrison,Mridul Surroch,578,745,55,171,44,43,29.58,128.89,13.55
Tilak Varma,Mukesh Kumar,406,740,22,55,58,34,13.55,182.27,33.64
Calvin Harrison,Mukesh Kumar,244,326,22,65,21,17,26.64,133.61,14.82
Beau Webster,Gangam Anikethreddy,1418,1492,99,723,115,85,50.99,105.22,15.07
Dasun Shanaka,Mohammed Siraj,564,885,104,79,58,51,14.01,156.91,8.51
Axar Patel,Arzan Nagwaswalla,337,387,61,74,25,16,21.96,114.84,6.34
Lasith Embuldeniya,Noor Ahmad,231,230,17,50,3,1,21.65,99.57,13.53
Akeal Hosein,Noor Ahmad,152,96,38,58,5,2,38.16,63.16,2.53
Mridul Surroch,Tanay Thyagarajan,1133,1857,68,215,127,99,18.98,163.9,27.31
James Rew,Beau Webster,2018,3847,133,255,285,218,12.64,190.63,28.92
Abhishek Sharma,Prashant Veer,1675,3275,194,221,273,202,13.19,195.52,16.88
Dian Forrester,Nishan Peiris,395,656,24,82,32,43,20.76,166.08,27.33
Dian Forrester,Harsh Dubey,321,548,20,45,30,29,14.02,170.72,27.4
Harsh Dubey,Dian Forrester,375,311,104,122,17,17,32.53,82.93,2.99
Prabhsimran Singh,Corbin Bosch,606,1114,55,59,83,62,9.74,183.83,20.25
Shreyas Iyer,Sonny Baker,440,691,16,15,25,20,3.41,157.05,43.19
Cameron Green,Manav Suthar,437,817,13,71,66,44,16.25,186.96,62.85
Kranthi Kumar,Bhuvneshwar Kumar,95,111,16,17,7,3,17.89,116.84,6.94
Corbin Bosch,Duvindu Tillakaratne,77,72,4,27,3,2,35.06,93.51,18.0
Corbin Bosch,Theesan Vithushan,103,140,11,25,7,8,24.27,135.92,12.73
Anshul Kamboj,Theesan Vithushan,33,27,9,9,2,1,27.27,81.82,3.0
Cameron Green,Theesan Vithushan,438,813,20,63,60,41,14.38,185.62,40.65
Ashok Sharma,Duvindu Tillakaratne,54,55,2,13,2,0,24.07,101.85,27.5
Ashok Sharma,Bhuvneshwar Kumar,41,44,5,7,1,1,17.07,107.32,8.8
Ashok Sharma,Will Jacks,75,99,1,3,1,1,4.0,132.0,99.0
Cameron Green,Washington Sundar,624,1392,31,59,116,86,9.46,223.08,44.9
Ashok Sharma,Washington Sundar,92,113,2,4,2,0,4.35,122.83,56.5
Ashok Sharma,Theesan Vithushan,39,59,0,5,5,0,12.82,151.28,59.0
Ashwin Das,Mohsin Khan,417,539,57,144,34,37,34.53,129.26,9.46
James Rew,Ashish Singh,670,918,33,177,54,45,26.42,137.01,27.82
Jitesh Sharma,Auqib Nabi,641,1062,71,127,87,60,19.81,165.68,14.96
Sonu Yadav,Auqib Nabi,579,909,48,97,52,49,16.75,156.99,18.94
Lance Morris,Auqib Nabi,182,113,67,56,5,5,30.77,62.09,1.69
Tripuresh Singh,Auqib Nabi,237,318,29,5,7,11,2.11,134.18,10.97
Nathan Ellis,Auqib Nabi,156,178,13,16,0,2,10.26,114.1,13.69
Brian Bennett,Beau Webster,2875,6218,112,275,479,378,9.57,216.28,55.52
Karan Shinde,Hardik Pandya,2499,4726,99,365,322,282,14.61,189.12,47.74
Yuvraj Chaudhary,Tanay Thyagarajan,386,642,38,72,50,34,18.65,166.32,16.89
Akash Vasisht,Tanay Thyagarajan,343,605,29,59,52,32,17.2,176.38,20.86
Karan Shinde,Tanay Thyagarajan,485,860,45,60,65,45,12.37,177.32,19.11
Shubham Dubey,Jaydev Unadkat,835,977,48,285,49,50,34.13,117.01,20.35
Matt Short,Mohammed Siraj,564,862,36,125,64,38,22.16,152.84,23.94
Matt Short,Prasidh Krishna,554,876,39,117,61,49,21.12,158.12,22.46
Rishabh Pant,Avesh Khan,191,321,19,39,22,19,20.42,168.06,16.89
Rishabh Pant,Jaydev Unadkat,164,203,25,46,13,12,28.05,123.78,8.12
Auqib Nabi,Jaydev Unadkat,100,116,20,18,2,7,18.0,116.0,5.8
Auqib Nabi,Liam Livingstone,282,382,32,62,28,15,21.99,135.46,11.94
Ashish Singh,Liam Livingstone,147,141,21,29,2,2,19.73,95.92,6.71
Ashish Singh,Mohammed Siraj,65,57,10,11,0,0,16.92,87.69,5.7
Kamil Mishara,Auqib Nabi,754,1623,59,44,116,105,5.84,215.25,27.51
Kunal Chandela,Auqib Nabi,717,1357,48,109,90,85,15.2,189.26,28.27
Jaydev Unadkat,Mohammed Shami,63,33,24,18,1,1,28.57,52.38,1.38
Prasidh Krishna,Mohammed Shami,52,35,19,16,1,2,30.77,67.31,1.84
Mohammed Siraj,Mohammed Shami,115,117,17,17,2,1,14.78,101.74,6.88
Avesh Khan,Mitchell Marsh,179,180,12,30,0,0,16.76,100.56,15.0
Axar Patel,Hardik Pandya,1777,2428,172,389,151,111,21.89,136.63,14.12
Arpit Vasavada,Hardik Pandya,1719,2028,82,575,110,92,33.45,117.98,24.73
Akeal Hosein,Hardik Pandya,458,406,129,124,20,22,27.07,88.65,3.15
Lasith Embuldeniya,Hardik Pandya,711,670,77,141,5,4,19.83,94.23,8.7
Arpit Vasavada,Yuzvendra Chahal,886,1221,62,172,61,47,19.41,137.81,19.69
Bipin Saurabh,Mitchell Marsh,1200,2248,97,164,176,124,13.67,187.33,23.18
Mitchell Starc,Dushan Hemantha,86,51,17,46,3,2,53.49,59.3,3.0
Mitchell Marsh,Craig Overton,970,1994,60,113,144,128,11.65,205.57,33.23
Shubham Dubey,Mohamed Shiraz,484,472,31,174,29,16,35.95,97.52,15.23
Matt Short,Mohamed Shiraz,209,297,17,46,16,15,22.01,142.11,17.47
Luhan dre pretorious,Umesh Yadav,113,224,9,15,16,14,13.27,198.23,24.89
Ashton Turner,Mohammed Shami,504,643,53,87,31,23,17.26,127.58,12.13
Ashton Turner,Mitchell Marsh,542,678,77,129,36,38,23.8,125.09,8.81
Craig Overton,Auqib Nabi,367,388,71,142,28,25,38.69,105.72,5.46
Mayank Yadav,Auqib Nabi,176,95,58,61,6,2,34.66,53.98,1.64
Umesh Yadav,Auqib Nabi,260,295,33,33,9,2,12.69,113.46,8.94
Mohamed Shiraz,Auqib Nabi,176,203,16,18,1,2,10.23,115.34,12.69
Charith Asalanka,Mohsin Khan,727,1010,114,145,63,52,19.94,138.93,8.86
Prabhsimran Singh,Axar Patel,1578,3510,75,80,280,196,5.07,222.43,46.8
Virat Kohli,Axar Patel,1658,3932,68,47,288,249,2.83,237.15,57.82
Ashwin Das,Binura Fernando,190,278,32,40,19,16,21.05,146.32,8.69
Axar Patel,Avinov Choudhary,482,722,78,66,54,33,13.69,149.79,9.26
Mitchell Marsh,Nimesh Vimukthi,1173,2227,41,175,149,136,14.92,189.86,54.32
Mitchell Marsh,Joel Davies,1267,2110,65,287,143,124,22.65,166.54,32.46
Luhan dre pretorious,Sai Kishore,254,507,20,39,30,39,15.35,199.61,25.35
Mohammed Shami,Sai Kishore,46,33,10,16,4,0,34.78,71.74,3.3
Ashish Singh,Sai Kishore,53,62,3,12,2,2,22.64,116.98,20.67
Luhan dre pretorious,Gurinder Singh,224,394,31,28,25,25,12.5,175.89,12.71
Ashish Singh,Gurinder Singh,161,160,19,23,0,0,14.29,99.38,8.42
Ashish Singh,Maheesh Theekshana,132,130,8,24,1,0,18.18,98.48,16.25
Shubman Gill,Auqib Nabi,907,1978,58,63,143,122,6.95,218.08,34.1
Dunith Wellalage,Auqib Nabi,578,683,35,141,21,28,24.39,118.17,19.51
Nimesh Vimukthi,Auqib Nabi,360,375,19,72,3,7,20.0,104.17,19.74
Nimesh Vimukthi,Binura Fernando,149,145,7,28,0,0,18.79,97.32,20.71
Nimesh Vimukthi,Mohammed Shami,189,208,9,29,3,1,15.34,110.05,23.11
Kunal Chandela,Kagiso Rabada,356,701,25,35,50,40,9.83,196.91,28.04
Mitchell Santner,Kagiso Rabada,217,379,26,39,24,25,17.97,174.65,14.58
Suryansh Shedge,Mohammed Siraj,373,636,45,61,44,39,16.35,170.51,14.13
Harsh Dubey,Mohammed Siraj,107,101,44,25,9,6,23.36,94.39,2.3
Shardul Thakur,Mohammed Siraj,305,269,33,101,10,7,33.11,88.2,8.15
Harry Brook,Raj Limbani,934,1608,69,51,95,59,5.46,172.16,23.3
Harry Brook,Avinov Choudhary,847,1444,47,51,85,51,6.02,170.48,30.72
Harry Brook,Ashwin Das,3239,6539,204,361,472,405,11.15,201.88,32.05
Rashid Khan,Isitha Wijesundara,392,424,127,88,36,22,22.45,108.16,3.34
Calvin Harrison,Washington Sundar,454,621,21,145,42,28,31.94,136.78,29.57
Isitha Wijesundara,Rashid Khan,535,504,58,159,10,13,29.72,94.21,8.69
Washington Sundar,Gangam Anikethreddy,971,1426,103,150,91,62,15.45,146.86,13.84
Seekkuge Prasanna,Raj Angad Bawa,1008,2039,107,128,170,126,12.7,202.28,19.06
Harpreet Brar,Noor Ahmad,281,401,34,86,24,28,30.6,142.7,11.79
Dan Lawrence,Noor Ahmad,412,581,20,62,33,20,15.05,141.02,29.05
Tanay Thyagarajan,Noor Ahmad,295,366,12,31,10,4,10.51,124.07,30.5
Tanay Thyagarajan,Atit Sheth,670,762,66,90,19,12,13.43,113.73,11.55
Noor Ahmad,Seekkuge Prasanna,366,217,140,123,17,7,33.61,59.29,1.55
Athisayaraj Davidson,Harpreet Brar,86,66,31,23,2,4,26.74,76.74,2.13
Sahan Arachchige,Kagiso Rabada,664,809,97,113,27,41,17.02,121.84,8.34
Sahan Arachchige,Anshul Kamboj,818,1021,136,114,51,42,13.94,124.82,7.51
Abhimanyu Easwaran,Anshul Kamboj,780,1324,73,106,91,71,13.59,169.74,18.14
Suryakumar Yadav,Donovan Ferreira,1020,2017,23,124,134,118,12.16,197.75,87.7
Dasun Shanaka,Suryansh Shedge,474,893,40,54,68,47,11.39,188.4,22.32
Dasun Shanaka,Anshul Kamboj,388,624,55,40,48,26,10.31,160.82,11.35
Harsh Dubey,Chamika Gunasekara,215,154,59,75,9,6,34.88,71.63,2.61
Suryansh Shedge,Varun Chakravarthy,617,901,63,135,44,53,21.88,146.03,14.3
Shardul Thakur,Varun Chakravarthy,323,256,41,124,11,5,38.39,79.26,6.24
Prasidh Krishna,Tanay Thyagarajan,206,218,28,22,2,0,10.68,105.83,7.79
Yuvraj Chaudhary,Harpreet Brar,710,1035,111,106,66,50,14.93,145.77,9.32
Yuvraj Chaudhary,Yuzvendra Chahal,726,1151,63,93,60,54,12.81,158.54,18.27
Harpreet Brar,Beau Webster,548,984,110,62,83,61,11.31,179.56,8.95
Dan Lawrence,Beau Webster,721,1293,35,61,89,55,8.46,179.33,36.94
Hardik Pandya,Rahul Chahar,572,1201,29,38,83,70,6.64,209.97,41.41
Jitesh Sharma,Dasun Shanaka,957,1703,144,114,127,101,11.91,177.95,11.83
Dasun Shanaka,Seekkuge Prasanna,2863,3319,450,669,205,134,23.37,115.93,7.38
Kuldeep Yadav,Hardik Pandya,702,281,218,356,10,14,50.71,40.03,1.29
Kuldeep Yadav,Harpreet Brar,349,158,103,163,9,4,46.7,45.27,1.53
Dasun Shanaka,Tanay Thyagarajan,262,413,29,32,31,17,12.21,157.63,14.24
Varun Chakravarthy,Tanay Thyagarajan,345,388,36,37,7,1,10.72,112.46,10.78
Bhuvneshwar Kumar,Arzan Nagwaswalla,158,152,25,19,2,1,12.03,96.2,6.08
Bhuvneshwar Kumar,Jai Moondra,154,186,13,15,1,4,9.74,120.78,14.31
Maheesh Theekshana,Tanay Thyagarajan,133,79,39,39,1,1,29.32,59.4,2.03
Shardul Thakur,Seekkuge Prasanna,1041,869,158,373,43,30,35.83,83.48,5.5
Anshul Kamboj,Seekkuge Prasanna,942,915,141,159,10,12,16.88,97.13,6.49
Kagiso Rabada,Hardik Pandya,594,649,58,62,5,4,10.44,109.26,11.19
James Rew,Shardul Thakur,1333,2434,139,179,161,150,13.43,182.6,17.51
James Rew,Suryansh Shedge,1334,2665,67,160,205,155,11.99,199.78,39.78
Rashid Khan,Malinda Pushpakumara,225,207,76,50,16,8,22.22,92.0,2.72
Gangam Anikethreddy,Malinda Pushpakumara,224,123,94,71,6,5,31.7,54.91,1.31
Saransh Jain,Malinda Pushpakumara,624,636,47,94,9,0,15.06,101.92,13.53
Shahbaz Ahmed,Malinda Pushpakumara,589,862,67,93,49,38,15.79,146.35,12.87
Shahbaz Ahmed,CV Stephen,595,915,66,74,67,31,12.44,153.78,13.86
Jos Buttler,Shahbaz Ahmed,1461,3374,65,55,238,221,3.76,230.94,51.91
Jos Buttler,Saransh Jain,1591,2976,99,235,205,177,14.77,187.05,30.06
Mitchell Santner,Saransh Jain,737,1076,44,200,76,52,27.14,146.0,24.45
CV Stephen,Gangam Anikethreddy,154,144,24,32,4,2,20.78,93.51,6.0
Dian Forrester,Riyan Parag,883,1418,62,148,89,71,16.76,160.59,22.87
Praveen Jayawickrama,Adam Zampa,194,134,57,69,7,7,35.57,69.07,2.35
Rahul Tripathi,Ravindra Jadeja,2277,3064,177,647,174,174,28.41,134.56,17.31
Ravi Bishnoi,Harpreet Brar,651,623,69,129,5,4,19.82,95.7,9.03
Ravi Bishnoi,Yuzvendra Chahal,657,691,49,117,5,3,17.81,105.18,14.1
Rajat Patidar,Donovan Ferreira,1392,2699,87,149,210,153,10.7,193.89,31.02
Vishen Halambage,Krunal Pandya,1125,2189,62,158,170,125,14.04,194.58,35.31
Ravindra Jadeja,Krunal Pandya,640,1082,17,149,74,65,23.28,169.06,63.65
Nishan Peiris,Matthew Forde,185,226,18,13,4,1,7.03,122.16,12.56
Scott Curie,Yash Thakur,180,187,23,13,1,1,7.22,103.89,8.13
Dan Lawrence,Mukesh Kumar,279,494,19,21,34,22,7.53,177.06,26.0
Tanay Thyagarajan,Rahul Chahar,187,273,16,16,5,10,8.56,145.99,17.06
Vishen Halambage,Ravi Bishnoi,285,510,31,32,40,26,11.23,178.95,16.45
Vishen Halambage,Nishan Peiris,285,526,30,43,45,29,15.09,184.56,17.53
Seekkuge Prasanna,Ravi Bishnoi,146,302,12,18,22,21,12.33,206.85,25.17
Seekkuge Prasanna,Prashant Veer,580,976,75,130,79,59,22.41,168.28,13.01
Ravindra Jadeja,Prashant Veer,623,714,26,214,35,34,34.35,114.61,27.46
Ravindra Jadeja,Donovan Ferreira,265,304,11,86,16,13,32.45,114.72,27.64
Harpreet Brar,Krunal Pandya,634,1070,97,99,69,70,15.62,168.77,11.03
Dan Lawrence,Prashant Veer,254,273,21,68,9,13,26.77,107.48,13.0
Yuzvendra Chahal,Prashant Veer,50,65,6,5,1,2,10.0,130.0,10.83
Harsh Dubey,Ravindra Jadeja,555,388,158,163,18,10,29.37,69.91,2.46
Ravi Bishnoi,Ravindra Jadeja,964,862,128,225,4,11,23.34,89.42,6.73
Shubham Agarwal,Liam Livingstone,386,356,68,137,22,14,35.49,92.23,5.24
Shubham Agarwal,Malinda Pushpakumara,404,375,101,114,23,15,28.22,92.82,3.71
Sarfaraz Khan,Yuzvendra Chahal,311,428,20,14,11,7,4.5,137.62,21.4
Mitchell Santner,Varun Chakravarthy,544,810,42,146,54,45,26.84,148.9,19.29
Shubham Dubey,Joel Davies,846,919,40,331,57,42,39.13,108.63,22.98
Gurinder Singh,Auqib Nabi,221,182,86,55,12,12,24.89,82.35,2.12
Dunith Wellalage,Mohammed Shami,218,272,16,47,9,11,21.56,124.77,17.0
Maheesh Theekshana,Mohammed Shami,73,74,6,9,0,0,12.33,101.37,12.33
Maheesh Theekshana,Auqib Nabi,112,115,14,12,2,0,10.71,102.68,8.21
Yuzvendra Chahal,Shivam Mavi,74,81,6,10,1,1,13.51,109.46,13.5
Sunil Narine,Nishan Peiris,89,95,24,15,4,5,16.85,106.74,3.96
CV Stephen,Nishan Peiris,98,81,17,26,3,1,26.53,82.65,4.76
Malinda Pushpakumara,Nishan Peiris,59,58,9,9,1,0,15.25,98.31,6.44
Finn Allen,Hardik Pandya,1828,4254,106,49,319,263,2.68,232.71,40.13
Jitesh Sharma,Shardul Thakur,938,1390,182,137,92,77,14.61,148.19,7.64
Jitesh Sharma,Krunal Pandya,1265,2138,115,233,142,133,18.42,169.01,18.59
Seekkuge Prasanna,Suryansh Shedge,605,1130,59,106,97,66,17.52,186.78,19.15
Seekkuge Prasanna,Harsh Dubey,437,813,71,56,68,53,12.81,186.04,11.45
Rashid Khan,Binura Fernando,128,196,44,16,8,17,12.5,153.12,4.45
Gangam Anikethreddy,Binura Fernando,81,45,27,32,2,3,39.51,55.56,1.67
Calvin Harrison,Akeal Hosein,205,272,17,61,17,12,29.76,132.68,16.0
Prashant Veer,CV Stephen,597,975,60,94,71,45,15.75,163.32,16.25
Harsh Dubey,Malinda Pushpakumara,199,136,68,62,12,3,31.16,68.34,2.0
Ravi Bishnoi,Malinda Pushpakumara,406,394,53,87,8,6,21.43,97.04,7.43
Sanvir Singh,Mukesh Kumar,254,507,34,14,41,30,5.51,199.61,14.91
Sanvir Singh,Rahul Chahar,296,585,29,26,39,37,8.78,197.64,20.17
Rinku Singh,Rahul Chahar,760,1546,25,94,103,96,12.37,203.42,61.84
Axar Patel,Mridul Surroch,900,1390,114,164,96,75,18.22,154.44,12.19
Lasith Embuldeniya,Mukesh Kumar,176,184,20,26,1,4,14.77,104.55,9.2
Axar Patel,Mukesh Kumar,259,403,19,39,29,17,15.06,155.6,21.21
Binura Fernando,Mridul Surroch,213,233,21,28,4,2,13.15,109.39,11.1
Heinrich Klaasen,Arshdeep Singh,540,810,50,120,59,42,22.22,150.0,16.2
Salil Arora,Adam Zampa,297,625,29,23,44,39,7.74,210.44,21.55
Kumar Kushagra,Mukesh Kumar,2639,4357,77,309,244,177,11.71,165.1,56.58
Shardul Thakur,Akash Vasisht,568,561,67,198,29,25,34.86,98.77,8.37
Shardul Thakur,Mridul Surroch,554,477,55,217,19,17,39.17,86.1,8.67
Shardul Thakur,Lungi Ngidi,241,219,34,70,8,6,29.05,90.87,6.44
Shardul Thakur,Mukesh Kumar,222,260,24,59,16,11,26.58,117.12,10.83
Suryansh Shedge,Rahul Chahar,303,568,33,31,42,31,10.23,187.46,17.21
Axar Patel,Rahul Chahar,327,604,33,39,47,31,11.93,184.71,18.3
Krunal Pandya,Raj Limbani,1013,1675,74,93,101,69,9.18,165.35,22.64
Akeal Hosein,Raj Limbani,167,116,56,47,9,3,28.14,69.46,2.07
Prabhsimran Singh,Mitchell Marsh,1865,3927,149,138,302,237,7.4,210.56,26.36
Yashasvi Jaiswal,Auqib Nabi,646,1394,58,50,118,84,7.74,215.79,24.03
Duan Jansen,Mitchell Marsh,214,194,61,46,11,7,21.5,90.65,3.18
Suryakumar Yadav,Binura Fernando,840,1459,74,142,99,86,16.9,173.69,19.72
Shubham Dubey,Josh Tongue,909,1001,67,289,40,50,31.79,110.12,14.94
Luhan dre pretorious,Duan Jansen,326,336,55,87,20,14,26.69,103.07,6.11
Riyan Parag,Harpreet Brar,295,495,38,27,29,25,9.15,167.8,13.03
Riyan Parag,Yuzvendra Chahal,228,352,12,22,13,14,9.65,154.39,29.33
James Rew,Adam Zampa,1809,2335,37,109,40,18,6.03,129.08,63.11
Tilak Varma,Raj Limbani,582,1056,57,59,72,58,10.14,181.44,18.53
Shiran Fernando,Raj Limbani,292,255,50,54,5,0,18.49,87.33,5.1
Shiran Fernando,Avinov Choudhary,330,296,41,63,3,2,19.09,89.7,7.22
Devdutt Padikkal,Calvin Harrison,867,1929,67,57,176,107,6.57,222.49,28.79
David Miller,Calvin Harrison,1203,2407,98,155,206,137,12.88,200.08,24.56
Tilak Varma,Dushan Hemantha,860,1336,45,183,86,69,21.28,155.35,29.69
Shahbaz Ahmed,Dushan Hemantha,462,588,44,127,39,27,27.49,127.27,13.36
Saransh Jain,Lasith Embuldeniya,253,248,27,45,6,1,17.79,98.02,9.19
Rahul Chahar,Calvin Harrison,167,194,13,12,1,1,7.19,116.17,14.92
Calvin Harrison,Beau Webster,602,702,50,208,39,35,34.55,116.61,14.04
Lalit Yadav,Will Jacks,1354,3071,62,132,268,182,9.75,226.81,49.53
Lalit Yadav,Manav Suthar,478,958,15,54,72,53,11.3,200.42,63.87
Sdnv Prasad,Manav Suthar,214,419,5,41,29,28,19.16,195.79,83.8
Devdutt Padikkal,Ismat Alam,1447,2561,120,241,207,142,16.66,176.99,21.34
Prabhsimran Singh,Ismat Alam,1174,2359,95,88,182,133,7.5,200.94,24.83
Akeal Hosein,Liam Livingstone,329,278,115,90,17,17,27.36,84.5,2.42
Arpit Vasavada,CV Stephen,508,740,61,89,52,31,17.52,145.67,12.13
Arpit Vasavada,Malinda Pushpakumara,480,687,72,67,37,33,13.96,143.12,9.54
Ravi Teja,Axar Patel,100,96,31,33,9,5,33.0,96.0,3.1
Mohammed Siraj,Axar Patel,107,65,27,39,4,1,36.45,60.75,2.41
Prasidh Krishna,Axar Patel,120,139,15,18,3,6,15.0,115.83,9.27
Sunil Narine,Mitchell Marsh,103,130,3,12,4,3,11.65,126.21,43.33
Sunil Narine,Lasith Embuldeniya,147,133,21,27,6,1,18.37,90.48,6.33
Mohammed Siraj,Lasith Embuldeniya,71,55,20,20,2,2,28.17,77.46,2.75
Sunil Narine,Akeal Hosein,194,234,16,36,9,7,18.56,120.62,14.62
Mohammed Siraj,Akeal Hosein,82,59,23,19,1,2,23.17,71.95,2.57
Binura Fernando,Sunil Narine,192,217,18,21,3,0,10.94,113.02,12.06
Ishan Kishan,Lungi Ngidi,892,1666,58,107,128,87,12.0,186.77,28.72
Yuvraj Chaudhary,Sunil Narine,1425,2274,82,352,155,136,24.7,159.58,27.73
Karan Shinde,Mohammed Siraj,576,1168,23,81,93,67,14.06,202.78,50.78
Dushan Hemantha,Dian Forrester,356,301,110,87,16,12,24.44,84.55,2.74
Lasith Embuldeniya,Dian Forrester,525,481,63,124,7,4,23.62,91.62,7.63
Lasith Embuldeniya,Rachin Ravindra,427,381,67,71,1,2,16.63,89.23,5.69
Rinku Singh,Praveen Jayawickrama,490,827,39,93,54,50,18.98,168.78,21.21
Mohammed Shami,Jasprit Bumrah,140,132,27,19,2,2,13.57,94.29,4.89
Glenn Phillips,Dushan Hemantha,1654,2525,114,375,161,140,22.67,152.66,22.15
Lalit Yadav,Dushan Hemantha,485,897,23,70,63,50,14.43,184.95,39.0
Rachin Ravindra,Dushan Hemantha,412,730,44,78,45,50,18.93,177.18,16.59
Dian Forrester,Dushan Hemantha,320,482,13,72,24,28,22.5,150.62,37.08
Ashton Turner,Jaydev Unadkat,761,908,89,186,44,46,24.44,119.32,10.2
Ashton Turner,Mohammed Siraj,721,724,88,185,31,25,25.66,100.42,8.23
Sairaj Patil,Mohammed Siraj,419,694,34,80,43,42,19.09,165.63,20.41
Craig Overton,Liam Livingstone,402,742,41,75,55,46,18.66,184.58,18.1
Yuvraj Chaudhary,Avesh Khan,306,504,19,64,42,23,20.92,164.71,26.53
Mayank Yadav,Avesh Khan,79,38,22,34,3,0,43.04,48.1,1.73
Umesh Yadav,Avesh Khan,87,76,15,10,0,0,11.49,87.36,5.07
Yuvraj Chaudhary,Jaydev Unadkat,351,488,31,84,31,25,23.93,139.03,15.74
Mohamed Shiraz,Jaydev Unadkat,92,100,9,16,0,2,17.39,108.7,11.11
Suryakumar Yadav,Mohsin Khan,1160,1808,88,234,122,93,20.17,155.86,20.55
Dasun Shanaka,Maheesh Theekshana,720,1226,41,107,88,59,14.86,170.28,29.9
Shivam Mavi,Josh Tongue,234,152,95,64,12,6,27.35,64.96,1.6
Shivam Mavi,Chamika Gunasekara,225,149,62,79,8,6,35.11,66.22,2.4
Jasprit Bumrah,Ravindra Jadeja,342,299,54,74,4,4,21.64,87.43,5.54
Jasprit Bumrah,Vishen Halambage,325,286,62,64,5,3,19.69,88.0,4.61
Arzan Nagwaswalla,Ravindra Jadeja,288,312,21,47,7,0,16.32,108.33,14.86
Arzan Nagwaswalla,Vishen Halambage,220,225,26,28,3,0,12.73,102.27,8.65
Arzan Nagwaswalla,Seekkuge Prasanna,457,513,50,43,3,6,9.41,112.25,10.26
Arzan Nagwaswalla,Yuzvendra Chahal,646,731,54,59,2,4,9.13,113.16,13.54
Atit Sheth,Krunal Pandya,819,1423,48,108,100,70,13.19,173.75,29.65
Noor Ahmad,Suryansh Shedge,119,48,36,55,3,2,46.22,40.34,1.33
Noor Ahmad,Krunal Pandya,250,152,87,83,13,3,33.2,60.8,1.75
Noor Ahmad,Shardul Thakur,247,149,84,78,7,6,31.58,60.32,1.77
Athisayaraj Davidson,Shardul Thakur,208,158,46,76,5,9,36.54,75.96,3.43
Jasprit Bumrah,Krunal Pandya,498,505,74,83,15,4,16.67,101.41,6.82
Rohit Sharma,Raj Angad Bawa,765,1717,45,49,149,102,6.41,224.44,38.16
Finn Allen,Raj Angad Bawa,584,1431,34,35,126,91,5.99,245.03,42.09
Finn Allen,Atit Sheth,575,1302,69,27,95,89,4.7,226.43,18.87
David Miller,Jai Moondra,286,500,12,44,32,29,15.38,174.83,41.67
Vaibhav Suryavanshi,Calvin Harrison,747,1739,55,47,150,106,6.29,232.8,31.62
Matt Short,Harsh Dubey,930,1329,64,228,71,73,24.52,142.9,20.77
Rinku Singh,Ravi Bishnoi,379,638,38,53,53,27,13.98,168.34,16.79
Akeal Hosein,Nishan Peiris,99,121,28,19,7,8,19.19,122.22,4.32
Rishabh Pant,Beau Webster,1058,1665,113,197,137,76,18.62,157.37,14.73
Mukul Choudhary,Charith Asalanka,2345,5281,53,126,392,314,5.37,225.2,99.64
Donovan Ferreira,Yuzvendra Chahal,560,919,50,58,57,41,10.36,164.11,18.38
Kagiso Rabada,Seekkuge Prasanna,522,570,65,63,4,10,12.07,109.2,8.77
James Rew,Craig Overton,994,1576,59,222,112,86,22.33,158.55,26.71
Luhan dre pretorious,Tripuresh Singh,377,415,60,122,22,26,32.36,110.08,6.92
Rishabh Pant,Tripuresh Singh,245,243,47,74,11,14,30.2,99.18,5.17
Auqib Nabi,Hardik Pandya,392,452,47,112,26,19,28.57,115.31,9.62
Mohammed Shami,Arshdeep Singh,86,50,19,31,2,0,36.05,58.14,2.63
Ashish Singh,Arshdeep Singh,121,116,13,24,1,1,19.83,95.87,8.92
Ashish Singh,Tripuresh Singh,150,115,23,46,3,0,30.67,76.67,5.0
Hardik Pandya,Ashish Singh,308,538,15,54,40,27,17.53,174.68,35.87
Sonu Yadav,Mitchell Marsh,583,819,77,95,46,41,16.3,140.48,10.64
Lance Morris,Mitchell Marsh,223,188,73,55,14,8,24.66,84.3,2.58
Arshdeep Singh,Mitchell Marsh,153,93,48,53,6,3,34.64,60.78,1.94
Tripuresh Singh,Mitchell Marsh,274,337,33,11,14,4,4.01,122.99,10.21
Nathan Ellis,Mitchell Marsh,165,176,12,23,1,2,13.94,106.67,14.67
Sonu Yadav,Binura Fernando,146,290,13,13,12,22,8.9,198.63,22.31
Nathan Ellis,Binura Fernando,83,95,1,14,2,0,16.87,114.46,95.0
Aneurin Donald,Saransh Jain,2197,4174,77,404,309,251,18.39,189.99,54.21
Aneurin Donald,Shahbaz Ahmed,2027,4378,82,211,336,270,10.41,215.98,53.39
Aneurin Donald,Shiran Fernando,592,1165,39,81,78,78,13.68,196.79,29.87
Vishen Halambage,Shiran Fernando,271,490,40,26,37,29,9.59,180.81,12.25
Ravindra Jadeja,Gangam Anikethreddy,392,505,16,117,30,23,29.85,128.83,31.56
Rashid Khan,Vishen Halambage,680,426,218,235,20,20,34.56,62.65,1.95
Gangam Anikethreddy,Vishen Halambage,568,245,183,254,14,7,44.72,43.13,1.34
Shiran Fernando,Ravindra Jadeja,582,602,43,73,3,2,12.54,103.44,14.0
Shiran Fernando,Harpreet Brar,812,869,66,111,5,7,13.67,107.02,13.17
Shiran Fernando,Yuzvendra Chahal,857,953,60,83,4,2,9.68,111.2,15.88
Yuvraj Chaudhary,Kagiso Rabada,249,456,27,39,36,29,15.66,183.13,16.89
Lungi Ngidi,Kagiso Rabada,49,37,15,15,2,2,30.61,75.51,2.47
Mukesh Kumar,Kagiso Rabada,72,82,6,8,1,0,11.11,113.89,13.67
Mukesh Kumar,Harsh Dubey,85,67,18,16,2,0,18.82,78.82,3.72
Rahul Chahar,Harsh Dubey,71,66,7,12,1,0,16.9,92.96,9.43
Kagiso Rabada,Beau Webster,269,287,30,40,4,6,14.87,106.69,9.57
Kagiso Rabada,Mukesh Kumar,153,188,13,11,3,1,7.19,122.88,14.46
Kagiso Rabada,Mridul Surroch,206,210,22,31,2,1,15.05,101.94,9.55
Bipin Saurabh,Shiran Fernando,684,1182,70,83,77,71,12.13,172.81,16.89
Shiran Fernando,Seekkuge Prasanna,1117,1088,152,173,10,6,15.49,97.4,7.16
Rishabh Pant,Umesh Yadav,88,133,12,7,10,4,7.95,151.14,11.08
Ayush Mhatre,Auqib Nabi,962,2160,50,70,151,145,7.28,224.53,43.2
Craig Overton,Ashish Singh,105,125,23,30,10,7,28.57,119.05,5.43
Mayank Yadav,Ashish Singh,61,42,16,24,4,1,39.34,68.85,2.62
Umesh Yadav,Ashish Singh,147,160,9,23,0,3,15.65,108.84,17.78
Umesh Yadav,Mohammed Shami,120,128,12,16,2,1,13.33,106.67,10.67
Mohamed Shiraz,Mohammed Shami,91,104,7,10,0,0,10.99,114.29,14.86
Harpreet Brar,Athisayaraj Davidson,236,292,58,54,20,17,22.88,123.73,5.03
Noor Ahmad,Tanay Thyagarajan,121,93,43,36,5,6,29.75,76.86,2.16
Athisayaraj Davidson,Tanay Thyagarajan,111,73,35,40,5,4,36.04,65.77,2.09
Harsh Dubey,Vidwath Kaverappa,154,138,43,44,6,7,28.57,89.61,3.21
Ravi Bishnoi,Vidwath Kaverappa,226,208,26,60,2,3,26.55,92.04,8.0
Kamil Mishara,Joel Davies,1299,2467,83,150,172,140,11.55,189.92,29.72
Sai Sudharsan,Sai Kishore,1234,2691,34,55,203,146,4.46,218.07,79.15
Riyan Parag,Rashid Khan,589,882,66,109,55,51,18.51,149.75,13.36
Shivam Dube,Adam Zampa,230,342,26,21,21,10,9.13,148.7,13.15
Shivam Dube,Mitchell Starc,248,393,15,15,24,11,6.05,158.47,26.2
Tilak Varma,Adam Zampa,486,703,33,32,37,14,6.58,144.65,21.3
Gangam Anikethreddy,Sonal Dinusha,440,274,126,198,23,14,45.0,62.27,2.17
David Miller,Avesh Khan,684,1152,45,141,73,72,20.61,168.42,25.6
Mohammed Shami,Akash Vasisht,324,338,35,41,2,3,12.65,104.32,9.66
Gangam Anikethreddy,Shardul Thakur,287,178,101,124,8,16,43.21,62.02,1.76
Shiran Fernando,Suryansh Shedge,180,189,19,33,2,2,18.33,105.0,9.95
Prince Yadav,Donovan Ferreira,120,129,10,14,1,1,11.67,107.5,12.9
Prince Yadav,Harsh Dubey,145,165,16,15,2,2,10.34,113.79,10.31
Prince Yadav,Kagiso Rabada,111,112,12,21,2,1,18.92,100.9,9.33
Praveen Jayawickrama,Riyan Parag,219,129,71,82,5,7,37.44,58.9,1.82
Jasprit Bumrah,Adam Zampa,409,446,44,47,5,3,11.49,109.05,10.14
Jasprit Bumrah,Mitchell Starc,408,446,44,48,6,3,11.76,109.31,10.14
Theesan Vithushan,Riyan Parag,398,234,129,153,10,12,38.44,58.79,1.81
Scott Curie,Riyan Parag,395,429,26,61,4,2,15.44,108.61,16.5
Jos Buttler,Athisayaraj Davidson,766,1225,52,206,75,81,26.89,159.92,23.56
Kunal Chandela,Raj Angad Bawa,982,1948,61,117,159,103,11.91,198.37,31.93
Noor Ahmad,Mohammed Siraj,116,76,38,42,6,3,36.21,65.52,2.0
Jasprit Bumrah,Prasidh Krishna,171,194,27,20,4,5,11.7,113.45,7.19
Shubman Gill,Atit Sheth,957,2145,51,81,182,130,8.46,224.14,42.06
Shubman Gill,Raj Angad Bawa,938,2042,62,87,142,133,9.28,217.7,32.94
Abhishek Sharma,Ottneil Baartman,1327,2253,172,161,143,133,12.13,169.78,13.1
Jasprit Bumrah,Maheesh Theekshana,320,348,38,52,8,6,16.25,108.75,9.16
Athisayaraj Davidson,Maheesh Theekshana,105,46,36,35,2,1,33.33,43.81,1.28
Bipin Saurabh,Raj Limbani,506,896,99,33,60,55,6.52,177.08,9.05
Bipin Saurabh,Avinov Choudhary,455,906,49,31,66,53,6.81,199.12,18.49
Ashwin Das,Harpreet Brar,205,282,43,39,24,12,19.02,137.56,6.56
Raj Limbani,Yuzvendra Chahal,295,339,17,34,6,4,11.53,114.92,19.94
Jitesh Sharma,Umesh Yadav,101,166,19,15,9,12,14.85,164.36,8.74
Atit Sheth,Kuldeep Yadav,621,930,57,113,61,45,18.2,149.76,16.32
Vaisakh Chandran,Mitchell Santner,235,231,20,47,0,2,20.0,98.3,11.55
Ravi Teja,Varun Chakravarthy,115,70,41,35,6,2,30.43,60.87,1.71
Mohammed Siraj,Varun Chakravarthy,120,67,45,36,6,1,30.0,55.83,1.49
Prasidh Krishna,Kuldeep Yadav,231,213,35,35,0,1,15.15,92.21,6.09
Josh Tongue,Mohammed Siraj,211,141,78,56,8,5,26.54,66.82,1.81
Mitchell Santner,Vidwath Kaverappa,246,408,19,61,30,25,24.8,165.85,21.47
Mohsin Khan,Mitchell Santner,604,426,118,194,17,4,32.12,70.53,3.61
Yash Thakur,Liam Livingstone,416,397,62,73,7,4,17.55,95.43,6.4
Vidwath Kaverappa,Sunil Narine,269,257,27,51,1,0,18.96,95.54,9.52
Bipin Saurabh,Rahul Chahar,417,887,35,27,71,53,6.47,212.71,25.34
Beau Webster,Yuzvendra Chahal,689,1172,34,236,89,81,34.25,170.1,34.47
Auqib Nabi,Tripuresh Singh,153,163,30,41,14,6,26.8,106.54,5.43
Jitesh Sharma,Ashish Singh,150,218,17,40,12,12,26.67,145.33,12.82
Sonu Yadav,Ashish Singh,178,287,16,14,16,12,7.87,161.24,17.94
Atit Sheth,Avinov Choudhary,370,605,42,39,38,31,10.54,163.51,14.4
Mitchell Santner,Atit Sheth,610,1030,100,120,82,61,19.67,168.85,10.3
Mitchell Santner,Raj Angad Bawa,564,1124,45,84,108,54,14.89,199.29,24.98
Mitchell Santner,Arzan Nagwaswalla,388,550,56,96,46,28,24.74,141.75,9.82
Noor Ahmad,Liam Livingstone,135,75,46,46,5,2,34.07,55.56,1.63
Athisayaraj Davidson,Liam Livingstone,126,70,35,42,3,1,33.33,55.56,2.0
Yuvraj Chaudhary,Suryansh Shedge,430,780,26,76,49,50,17.67,181.4,30.0
Lungi Ngidi,Donovan Ferreira,31,24,10,11,1,2,35.48,77.42,2.4
Mukesh Kumar,Shardul Thakur,87,97,15,8,4,1,9.2,111.49,6.47
Mukesh Kumar,Donovan Ferreira,31,26,6,5,0,0,16.13,83.87,4.33
Mukesh Kumar,Krunal Pandya,137,138,11,27,1,1,19.71,100.73,12.55
Rahul Chahar,Krunal Pandya,73,86,6,9,3,1,12.33,117.81,14.33
Rahul Chahar,Donovan Ferreira,8,4,1,3,0,0,37.5,50.0,4.0
Naman Dhir,Rahul Chahar,529,1023,27,84,78,60,15.88,193.38,37.89
Naman Dhir,Lungi Ngidi,388,613,24,86,46,33,22.16,157.99,25.54
Abhishek Sharma,Avinov Choudhary,570,1134,46,43,76,64,7.54,198.95,24.65
Seekkuge Prasanna,Malinda Pushpakumara,348,720,52,46,72,43,13.22,206.9,13.85
Yashvardhan Dalal,Ravindra Jadeja,3110,5305,127,670,382,304,21.54,170.58,41.77
Salil Arora,Harpreet Brar,297,506,32,29,37,23,9.76,170.37,15.81
Kunal Chandela,Harpreet Brar,848,1623,91,97,123,92,11.44,191.39,17.84
Kunal Chandela,Yuzvendra Chahal,782,1427,45,91,92,74,11.64,182.48,31.71
Shardul Thakur,Mohsin Khan,314,276,53,100,14,9,31.85,87.9,5.21
Anshul Kamboj,Mohsin Khan,312,323,49,51,11,4,16.35,103.53,6.59
Kagiso Rabada,Mohsin Khan,168,163,18,26,1,0,15.48,97.02,9.06
Karan Lal,Kagiso Rabada,2301,3711,155,150,179,143,6.52,161.28,23.94
Heinrich Klaasen,Suryansh Shedge,1005,1812,56,170,133,103,16.92,180.3,32.36
Heinrich Klaasen,Shardul Thakur,1222,2099,179,190,140,138,15.55,171.77,11.73
Marcus Stoinis,Suryansh Shedge,814,1391,67,152,110,75,18.67,170.88,20.76
Marcus Stoinis,Krunal Pandya,1290,2295,81,221,158,136,17.13,177.91,28.33
Shivam Mavi,Krunal Pandya,343,311,120,86,24,16,25.07,90.67,2.59
Hardik Pandya,Nitish Kumar Reddy,612,1062,55,84,72,59,13.73,173.53,19.31
Jitesh Sharma,Nitish Kumar Reddy,397,615,48,68,37,37,17.13,154.91,12.81
Jitesh Sharma,Cameron Green,353,520,45,72,41,25,20.4,147.31,11.56
Arshdeep Singh,Anshul Kamboj,121,83,28,42,2,2,34.71,68.6,2.96
Smaran Ravichandra,Hardik Pandya,647,1301,21,85,106,72,13.14,201.08,61.95
Corbin Bosch,Nathan Ellis,246,247,21,89,15,9,36.18,100.41,11.76
Corbin Bosch,Lance Morris,195,191,19,63,6,9,32.31,97.95,10.05
Harpreet Brar,Kuldeep Yadav,416,550,73,85,28,31,20.43,132.21,7.53
Dan Lawrence,Kuldeep Yadav,822,1233,46,118,70,49,14.36,150.0,26.8
Tanay Thyagarajan,Chamika Gunasekara,228,262,20,28,5,5,12.28,114.91,13.1
Tanay Thyagarajan,Dasun Shanaka,644,806,43,49,20,9,7.61,125.16,18.74
Shardul Thakur,Avinov Choudhary,543,521,71,175,22,19,32.23,95.95,7.34
Mohamed Shiraz,Charith Asalanka,300,335,14,33,2,0,11.0,111.67,23.93
Will Jacks,Mitchell Starc,325,585,29,19,38,24,5.85,180.0,20.17
Will Jacks,Adam Zampa,282,418,22,20,23,9,7.09,148.23,19.0
Rashid Khan,Vaisakh Chandran,87,88,31,15,7,4,17.24,101.15,2.84
Gangam Anikethreddy,Vaisakh Chandran,99,60,36,39,4,4,39.39,60.61,1.67
Saransh Jain,Vaisakh Chandran,229,221,23,33,1,1,14.41,96.51,9.61
Nathan Ellis,Mohammed Shami,100,105,6,19,0,1,19.0,105.0,17.5
Kusal Mendis,Charith Asalanka,1846,4446,39,31,332,280,1.68,240.85,114.0
Kusal Mendis,Dasun Shanaka,1522,3573,75,45,275,223,2.96,234.76,47.64
Kusal Mendis,Sahan Arachchige,1934,3342,157,328,237,198,16.96,172.8,21.29
Charith Asalanka,Gangam Anikethreddy,403,461,41,101,18,20,25.06,114.39,11.24
Ramandeep Singh,Kagiso Rabada,293,496,43,34,32,29,11.6,169.28,11.53
David Miller,Kagiso Rabada,638,1119,56,129,65,78,20.22,175.39,19.98
Shardul Thakur,Washington Sundar,502,534,39,176,24,26,35.06,106.37,13.69
Abhishek Sharma,Calvin Harrison,1007,2442,78,71,228,153,7.05,242.5,31.31
Glenn Phillips,Calvin Harrison,1237,2577,60,156,238,133,12.61,208.33,42.95
Tilak Varma,Athisayaraj Davidson,601,942,29,129,65,45,21.46,156.74,32.48
Rashid Khan,Athisayaraj Davidson,138,108,46,39,7,5,28.26,78.26,2.35
Gangam Anikethreddy,Atit Sheth,349,229,120,143,14,16,40.97,65.62,1.91
Mukul Choudhary,CV Stephen,1790,2572,47,109,77,52,6.09,143.69,54.72
Akash Vasisht,Sunil Narine,787,1227,31,198,83,67,25.16,155.91,39.58
Mitchell Starc,Mitchell Santner,105,41,38,51,3,2,48.57,39.05,1.08
Sonal Dinusha,Mitchell Santner,146,123,13,46,2,2,31.51,84.25,9.46
Adam Zampa,Mitchell Santner,41,29,7,10,0,0,24.39,70.73,4.14
Sai Sudharsan,Riyan Parag,2663,5142,231,309,337,330,11.6,193.09,22.26
Virat Kohli,Hardik Pandya,2168,4996,98,107,348,330,4.94,230.44,50.98
Bhuvneshwar Kumar,Arshdeep Singh,144,159,21,15,4,1,10.42,110.42,7.57
Duvindu Tillakaratne,Arshdeep Singh,108,107,20,8,0,0,7.41,99.07,5.35
Venkatesh Iyer,Craig Overton,862,1577,42,136,114,88,15.78,182.95,37.55
Auqib Nabi,Craig Overton,253,312,30,61,22,11,24.11,123.32,10.4
Mohammed Shami,Craig Overton,99,41,46,31,3,1,31.31,41.41,0.89
Ashish Singh,Craig Overton,171,160,27,33,3,3,19.3,93.57,5.93
Ashish Singh,Mayank Yadav,71,80,8,8,2,0,11.27,112.68,10.0
Auqib Nabi,Mayank Yadav,92,139,10,16,7,7,17.39,151.09,13.9
Chris Lynn,Ravi Bishnoi,596,1147,47,98,98,67,16.44,192.45,24.4
Aneurin Donald,Rashid Khan,695,1237,28,150,82,77,21.58,177.99,44.18
Vishen Halambage,Saransh Jain,1325,2428,112,199,194,137,15.02,183.25,21.68
Seekkuge Prasanna,Shahbaz Ahmed,631,1222,76,94,104,75,14.9,193.66,16.08
Vishen Halambage,Shahbaz Ahmed,1216,2627,74,90,195,165,7.4,216.04,35.5
Seekkuge Prasanna,Saransh Jain,745,1339,83,146,101,86,19.6,179.73,16.13
Ravindra Jadeja,Saransh Jain,1004,1402,24,310,99,71,30.88,139.64,58.42
Ravindra Jadeja,Shahbaz Ahmed,809,1358,23,162,77,82,20.02,167.86,59.04
Ravindra Jadeja,Shiran Fernando,232,377,22,37,25,21,15.95,162.5,17.14
Shiran Fernando,Vishen Halambage,527,583,30,70,6,2,13.28,110.63,19.43
Bipin Saurabh,Mukesh Kumar,347,643,31,36,34,43,10.37,185.3,20.74
Harpreet Brar,Mukesh Kumar,182,313,38,19,22,17,10.44,171.98,8.24
Rashid Khan,Matthew Forde,153,143,44,42,10,7,27.45,93.46,3.25
Gangam Anikethreddy,Matthew Forde,161,78,43,76,3,3,47.2,48.45,1.81
Saransh Jain,Matthew Forde,373,392,24,57,3,2,15.28,105.09,16.33
Saransh Jain,Akash Deep,308,349,20,51,6,6,16.56,113.31,17.45
Shiran Fernando,Akash Deep,156,183,8,16,4,0,10.26,117.31,22.88
Shiran Fernando,Matthew Forde,168,171,17,24,0,2,14.29,101.79,10.06
Mitchell Starc,Praveen Jayawickrama,137,94,41,57,5,6,41.61,68.61,2.29
Sonal Dinusha,Praveen Jayawickrama,357,380,17,85,7,4,23.81,106.44,22.35
James Rew,Jason Holder,1162,2023,94,226,146,116,19.45,174.1,21.52
Brian Bennett,Sam Curran,1434,3025,46,141,211,187,9.83,210.95,65.76
Brian Bennett,Jason Holder,1593,2904,74,243,205,159,15.25,182.3,39.24
Sonu Yadav,Jason Holder,576,976,68,63,62,53,10.94,169.44,14.35
Lance Morris,Jason Holder,268,197,68,87,11,6,32.46,73.51,2.9
Tripuresh Singh,Rashid Khan,155,194,13,7,2,4,4.52,125.16,14.92
Tripuresh Singh,Jason Holder,316,426,31,10,17,8,3.16,134.81,13.74
Virat Singh,Arshdeep Singh,977,1717,55,114,106,89,11.67,175.74,31.22
Virat Singh,Nathan Ellis,1016,1637,56,174,93,92,17.13,161.12,29.23
Sam Curran,Nathan Ellis,288,484,17,49,38,22,17.01,168.06,28.47
Sam Curran,Tripuresh Singh,281,370,22,76,23,20,27.05,131.67,16.82
Rashid Khan,Lance Morris,79,68,33,22,4,6,27.85,86.08,2.06
Rashid Khan,Tripuresh Singh,82,47,29,33,2,4,40.24,57.32,1.62
Khaleel Ahmed,Hardik Pandya,207,218,24,24,1,1,11.59,105.31,9.08
Jason Holder,Nathan Ellis,136,144,13,40,6,6,29.41,105.88,11.08
Khaleel Ahmed,Nathan Ellis,98,99,14,17,1,2,17.35,101.02,7.07
Prince Yadav,Nathan Ellis,75,90,5,9,2,1,12.0,120.0,18.0
Jason Holder,Lance Morris,144,161,17,30,4,6,20.83,111.81,9.47
Prince Yadav,Lance Morris,86,79,11,12,0,1,13.95,91.86,7.18
Sanju Samson,Charith Asalanka,1568,3768,31,25,242,256,1.59,240.31,121.55
Sanju Samson,Dasun Shanaka,2099,4767,107,114,363,299,5.43,227.11,44.55
Noor Ahmad,Kuldeep Yadav,191,102,65,64,7,1,33.51,53.4,1.57
Arzan Nagwaswalla,Kuldeep Yadav,312,348,39,28,3,3,8.97,111.54,8.92
Akash Vasisht,Ravi Bishnoi,217,382,16,31,19,25,14.29,176.04,23.88
Washington Sundar,Lance Morris,312,423,23,78,15,24,25.0,135.58,18.39
Seekkuge Prasanna,Shivam Mavi,365,631,19,76,40,38,20.82,172.88,33.21
Yuzvendra Chahal,Mohsin Khan,89,90,9,10,2,0,11.24,101.12,10.0
Yuzvendra Chahal,Maheesh Theekshana,94,111,3,6,0,0,6.38,118.09,37.0
Sai Kishore,Auqib Nabi,354,361,81,107,25,18,30.23,101.98,4.46
Sai Kishore,Ashish Singh,97,103,21,30,8,5,30.93,106.19,4.9
Dunith Wellalage,Ashish Singh,215,244,9,54,12,5,25.12,113.49,27.11
Nimesh Vimukthi,Ashish Singh,168,182,12,22,2,1,13.1,108.33,15.17
Matt Short,Joel Davies,551,748,46,157,54,40,28.49,135.75,16.26
Rishabh Pant,Atit Sheth,344,632,51,54,40,45,15.7,183.72,12.39
Rishabh Pant,Raj Angad Bawa,363,594,51,60,40,37,16.53,163.64,11.65
Lasith Embuldeniya,Athisayaraj Davidson,193,192,25,26,0,0,13.47,99.48,7.68
Seekkuge Prasanna,Noor Ahmad,554,1077,44,86,83,68,15.52,194.4,24.48
Dan Lawrence,Raj Angad Bawa,993,1540,39,136,67,71,13.7,155.09,39.49
Dan Lawrence,Atit Sheth,1300,2320,80,148,124,135,11.38,178.46,29.0
Maheesh Theekshana,Binura Fernando,133,84,38,32,3,0,24.06,63.16,2.21
Dunith Wellalage,Binura Fernando,454,619,27,88,33,24,19.38,136.34,22.93
Maheesh Theekshana,Lasith Embuldeniya,91,62,24,33,3,3,36.26,68.13,2.58
Ottneil Baartman,Lasith Embuldeniya,190,200,17,31,2,0,16.32,105.26,11.76
Mohsin Khan,Lasith Embuldeniya,323,207,73,96,6,1,29.72,64.09,2.84
Karan Shinde,Ashwin Das,1178,2168,62,201,137,139,17.06,184.04,34.97
Jos Buttler,Ottneil Baartman,841,1421,94,167,103,84,19.86,168.97,15.12
Rohit Sharma,Shivam Mavi,5878,9060,131,393,350,280,6.69,154.13,69.16
Anshul Kamboj,Shivam Mavi,274,301,22,36,6,2,13.14,109.85,13.68
Anshul Kamboj,Maheesh Theekshana,281,284,34,46,4,2,16.37,101.07,8.35
Kagiso Rabada,Maheesh Theekshana,179,191,15,26,2,2,14.53,106.7,12.73
Mitchell Starc,Mohsin Khan,104,43,43,41,1,3,39.42,41.35,1.0
Sonal Dinusha,Mohsin Khan,235,260,7,67,5,8,28.51,110.64,37.14
Sonal Dinusha,Yash Thakur,319,366,24,65,7,8,20.38,114.73,15.25
Adam Zampa,Mohsin Khan,48,44,5,9,0,0,18.75,91.67,8.8
Adam Zampa,Yash Thakur,95,95,9,14,1,1,14.74,100.0,10.56
Sahan Arachchige,Ravindra Jadeja,1162,1476,210,221,81,84,19.02,127.02,7.03
Vaisakh Chandran,Seekkuge Prasanna,812,819,72,160,8,5,19.7,100.86,11.38
Vaisakh Chandran,Vishen Halambage,780,725,54,207,4,4,26.54,92.95,13.43
Vaisakh Chandran,Harpreet Brar,701,655,56,155,3,2,22.11,93.44,11.7
Aneurin Donald,Charith Asalanka,1800,3986,38,137,265,256,7.61,221.44,104.89
Washington Sundar,Tanay Thyagarajan,477,555,38,118,24,21,24.74,116.35,14.61
Harpreet Brar,Liam Livingstone,417,705,58,49,51,36,11.75,169.06,12.16
Dan Lawrence,Mitchell Santner,948,1555,33,154,84,79,16.24,164.03,47.12
Tanay Thyagarajan,Mitchell Santner,360,427,32,36,10,2,10.0,118.61,13.34
Yuzvendra Chahal,Mitchell Santner,180,194,16,24,2,0,13.33,107.78,12.12
Yuzvendra Chahal,Liam Livingstone,95,106,7,15,2,1,15.79,111.58,15.14
Yuzvendra Chahal,Ravi Teja,73,86,11,8,3,1,10.96,117.81,7.82
Yuzvendra Chahal,Mohammed Siraj,77,71,5,15,2,0,19.48,92.21,14.2
Seekkuge Prasanna,Mohammed Siraj,328,579,56,52,44,36,15.85,176.52,10.34
Prashant Veer,Shahbaz Ahmed,975,1907,37,133,124,115,13.64,195.59,51.54
Nishan Peiris,Saransh Jain,361,380,35,50,5,3,13.85,105.26,10.86
Seekkuge Prasanna,Ottneil Baartman,462,803,79,76,69,46,16.45,173.81,10.16
Ravi Bishnoi,Liam Livingstone,257,216,39,79,5,6,30.74,84.05,5.54
Sunil Narine,Yuzvendra Chahal,609,732,54,97,24,20,15.93,120.2,13.56
Akash Vasisht,Shahbaz Ahmed,773,1426,34,77,88,70,9.96,184.48,41.94
Sonal Dinusha,Gangam Anikethreddy,322,311,30,67,1,4,20.81,96.58,10.37
KL Rahul,Sonal Dinusha,2288,5142,122,113,367,327,4.94,224.74,42.15
Ashok Sharma,Arshdeep Singh,124,161,7,1,5,1,0.81,129.84,23.0
Sonny Baker,Arshdeep Singh,71,75,4,14,0,0,19.72,105.63,18.75
Sonny Baker,Hardik Pandya,176,187,9,29,2,0,16.48,106.25,20.78
Kangabam Priyojit Singh,Ashok Sharma,1079,2360,55,53,155,150,4.91,218.72,42.91
Hardik Pandya,Cameron Green,605,1149,43,63,74,70,10.41,189.92,26.72
Lance Morris,Cameron Green,138,56,37,68,4,2,49.28,40.58,1.51
Arshdeep Singh,Nitish Kumar Reddy,132,87,38,47,4,4,35.61,65.91,2.29
Arshdeep Singh,Kranthi Kumar,168,61,62,61,1,2,36.31,36.31,0.98
Tripuresh Singh,Cameron Green,162,232,19,9,5,9,5.56,143.21,12.21
Hardik Pandya,Sonny Baker,111,157,8,6,10,2,5.41,141.44,19.62
Shivam Mavi,Harsh Dubey,127,116,46,35,11,6,27.56,91.34,2.52
Ottneil Baartman,Kagiso Rabada,168,166,17,27,3,0,16.07,98.81,9.76
Mohsin Khan,Kagiso Rabada,163,171,13,20,0,2,12.27,104.91,13.15
Arshdeep Singh,Ashish Singh,53,31,12,21,0,1,39.62,58.49,2.58
Tripuresh Singh,Ashish Singh,122,163,8,3,5,1,2.46,133.61,20.38
Tripuresh Singh,Binura Fernando,119,146,14,4,3,2,3.36,122.69,10.43
Rashid Khan,Raj Limbani,227,283,91,32,24,18,14.1,124.67,3.11
Gangam Anikethreddy,Raj Limbani,194,154,70,57,13,6,29.38,79.38,2.2
Tilak Varma,Avinov Choudhary,583,1033,52,74,61,60,12.69,177.19,19.87
Gangam Anikethreddy,Avinov Choudhary,188,165,67,69,11,14,36.7,87.77,2.46
Calvin Harrison,Avinov Choudhary,437,406,48,148,8,19,33.87,92.91,8.46
Ramandeep Singh,Shiran Fernando,589,1121,81,58,70,77,9.85,190.32,13.84
Ashwin Das,Calvin Harrison,841,1362,101,195,100,82,23.19,161.95,13.49
Lasith Embuldeniya,Shiran Fernando,386,375,42,62,2,1,16.06,97.15,8.93
Mayank Agarwal,Krunal Pandya,938,1763,50,146,146,94,15.57,187.95,35.26
Bipin Saurabh,Harsh Dubey,430,877,39,54,66,57,12.56,203.95,22.49
Charith Asalanka,Prasidh Krishna,367,491,28,108,27,27,29.43,133.79,17.54
Yash Dhull,Bhuvneshwar Kumar,3261,3838,136,624,120,71,19.14,117.69,28.22
Yash Dhull,Theesan Vithushan,3015,4917,54,223,246,153,7.4,163.08,91.06
Yash Dhull,Duvindu Tillakaratne,2664,4574,30,311,245,190,11.67,171.7,152.47
Yash Dhull,Will Jacks,626,1412,31,64,125,84,10.22,225.56,45.55
Yash Dhull,Washington Sundar,649,1543,24,53,132,93,8.17,237.75,64.29
Ashton Turner,Will Jacks,526,1029,30,66,76,60,12.55,195.63,34.3
Devdutt Padikkal,Mohamed Shiraz,1389,2056,48,210,108,76,15.12,148.02,42.83
Devdutt Padikkal,Mayank Yadav,1363,2203,54,133,107,91,9.76,161.63,40.8
Shreyas Iyer,Mayank Yadav,667,1246,29,76,85,65,11.39,186.81,42.97
Shreyas Iyer,Mohamed Shiraz,635,1050,32,103,71,51,16.22,165.35,32.81
David Miller,Umesh Yadav,284,468,30,50,30,28,17.61,164.79,15.6
David Miller,Mohamed Shiraz,302,440,21,79,42,18,26.16,145.7,20.95
Washington Sundar,Craig Overton,492,899,43,81,66,54,16.46,182.72,20.91
Manav Suthar,Craig Overton,152,159,38,42,10,9,27.63,104.61,4.18
Theesan Vithushan,Mridul Surroch,475,263,162,172,15,8,36.21,55.37,1.62
Bhuvneshwar Kumar,Mridul Surroch,169,179,26,23,1,4,13.61,105.92,6.88
Duvindu Tillakaratne,Mridul Surroch,107,115,13,8,2,1,7.48,107.48,8.85
Nitish Kumar Reddy,Avesh Khan,272,424,19,49,31,20,18.01,155.88,22.32
Nitish Kumar Reddy,Liam Livingstone,519,1077,39,50,87,64,9.63,207.51,27.62
Corbin Bosch,Liam Livingstone,569,772,26,143,50,29,25.13,135.68,29.69
Corbin Bosch,Avesh Khan,165,265,5,35,18,13,21.21,160.61,53.0
Sai Sudharsan,Nitish Kumar Reddy,1021,2096,38,101,138,136,9.89,205.29,55.16
Jaydev Unadkat,Cameron Green,86,42,30,32,3,1,37.21,48.84,1.4
Mohammed Siraj,Cameron Green,146,141,20,26,2,0,17.81,96.58,7.05
Avesh Khan,Corbin Bosch,153,161,13,18,1,0,11.76,105.23,12.38
Avesh Khan,Ashok Sharma,208,217,17,26,2,0,12.5,104.33,12.76
Avesh Khan,Cameron Green,113,120,9,14,1,0,12.39,106.19,13.33
Yash Thakur,Will Jacks,257,279,29,48,6,6,18.68,108.56,9.62
Vidwath Kaverappa,Washington Sundar,183,178,15,30,0,0,16.39,97.27,11.87
Vidwath Kaverappa,Shubham Agarwal,198,206,18,28,1,0,14.14,104.04,11.44
Vidwath Kaverappa,Will Jacks,126,123,18,22,1,2,17.46,97.62,6.83
Karan Lal,Calvin Harrison,437,1062,48,19,87,74,4.35,243.02,22.12
Shubham Agarwal,Harpreet Brar,374,325,67,100,19,3,26.74,86.9,4.85
Shubham Agarwal,Yuzvendra Chahal,281,287,33,49,9,2,17.44,102.14,8.7
Harsh Dubey,Prasidh Krishna,155,174,48,40,13,11,25.81,112.26,3.62
Shardul Thakur,Prasidh Krishna,309,375,45,65,16,18,21.04,121.36,8.33
Shardul Thakur,Liam Livingstone,525,577,51,193,25,34,36.76,109.9,11.31
Rahul Tripathi,Gurinder Singh,601,827,19,29,22,9,4.83,137.6,43.53
Rahul Tripathi,Maheesh Theekshana,615,853,12,44,29,14,7.15,138.7,71.08
Tim Seifert,Sai Kishore,1321,3194,38,32,227,206,2.42,241.79,84.05
Ankit Kumar,Nimesh Vimukthi,680,1232,39,99,86,72,14.56,181.18,31.59
Cameron Green,Nimesh Vimukthi,609,1053,26,135,66,67,22.17,172.91,40.5
Cameron Green,Joel Davies,581,966,45,140,81,56,24.1,166.27,21.47
Ankit Kumar,Joel Davies,579,813,69,135,59,42,23.32,140.41,11.78
Joel Davies,Nitish Kumar Reddy,548,1022,39,67,66,63,12.23,186.5,26.21
Ruturaj Gaikwad,Corbin Bosch,972,1439,59,206,76,80,21.19,148.05,24.39
Ruturaj Gaikwad,Kranthi Kumar,1055,1216,105,298,75,55,28.25,115.26,11.58
Gurinder Singh,Corbin Bosch,201,130,75,60,7,5,29.85,64.68,1.73
Sai Kishore,Anshul Kamboj,121,175,19,24,14,7,19.83,144.63,9.21
Marcus Stoinis,Anshul Kamboj,474,710,66,60,48,32,12.66,149.79,10.76
Dhruv Jurel,Bhuvneshwar Kumar,768,1326,42,150,83,81,19.53,172.66,31.57
Suryakumar Yadav,Bhuvneshwar Kumar,383,630,36,89,43,41,23.24,164.49,17.5
Will Jacks,Josh Tongue,546,931,39,90,64,53,16.48,170.51,23.87
Will Jacks,Chamika Gunasekara,566,1036,60,63,71,62,11.13,183.04,17.27
Washington Sundar,Josh Tongue,765,1019,93,148,59,47,19.35,133.2,10.96
Manav Suthar,Duan Jansen,152,94,48,52,5,2,34.21,61.84,1.96
Theesan Vithushan,Duan Jansen,130,74,35,60,3,4,46.15,56.92,2.11
Theesan Vithushan,Vasuki Koushik,137,51,39,68,0,3,49.64,37.23,1.31
Duvindu Tillakaratne,Vasuki Koushik,146,152,13,19,2,0,13.01,104.11,11.69
Bhuvneshwar Kumar,Duan Jansen,188,191,25,25,3,0,13.3,101.6,7.64
Sai Sudharsan,Saransh Jain,2525,4863,124,375,355,292,14.85,192.59,39.22
Salil Arora,Shiran Fernando,478,996,51,52,74,68,10.88,208.37,19.53
Harry Brook,Malinda Pushpakumara,1712,2363,70,88,76,44,5.14,138.03,33.76
Shahbaz Ahmed,Sunil Narine,906,1273,58,274,95,64,30.24,140.51,21.95
Rashid Khan,Liam Livingstone,571,508,200,160,45,24,28.02,88.97,2.54
Gangam Anikethreddy,Liam Livingstone,425,231,150,174,19,10,40.94,54.35,1.54
Saransh Jain,Liam Livingstone,384,415,22,74,9,4,19.27,108.07,18.86
Prabhsimran Singh,Atit Sheth,766,1629,80,53,148,88,6.92,212.66,20.36
Ashwin Das,Raj Angad Bawa,834,1185,88,220,102,53,26.38,142.09,13.47
Prabhsimran Singh,Raj Angad Bawa,744,1660,34,44,141,94,5.91,223.12,48.82
Raj Limbani,Athisayaraj Davidson,189,222,22,23,6,3,12.17,117.46,10.09
Noor Ahmad,Washington Sundar,119,74,34,45,5,3,37.82,62.18,2.18
Arzan Nagwaswalla,Ashwin Das,94,95,14,11,1,1,11.7,101.06,6.79
Jasprit Bumrah,Ashwin Das,150,147,21,32,4,2,21.33,98.0,7.0
Seekkuge Prasanna,Yash Thakur,407,769,54,50,77,36,12.29,188.94,14.24
Seekkuge Prasanna,Matthew Forde,292,569,22,48,43,36,16.44,194.86,25.86
Harpreet Brar,Vidwath Kaverappa,42,50,4,3,3,0,7.14,119.05,12.5
Heinrich Klaasen,Harpreet Brar,618,918,67,92,52,44,14.89,148.54,13.7
Matthew Forde,Yuzvendra Chahal,84,93,20,12,3,3,14.29,110.71,4.65
Akash Deep,Yuzvendra Chahal,139,137,29,25,6,3,17.99,98.56,4.72
Mridul Surroch,Malinda Pushpakumara,703,1219,61,53,73,56,7.54,173.4,19.98
Sonal Dinusha,Liam Livingstone,182,205,8,41,5,1,22.53,112.64,25.62
Sonal Dinusha,Sunil Narine,166,170,8,52,4,4,31.33,102.41,21.25
Sonal Dinusha,Malinda Pushpakumara,344,351,27,89,9,4,25.87,102.03,13.0
Sonal Dinusha,CV Stephen,269,277,21,59,5,3,21.93,102.97,13.19
Avinov Choudhary,Akeal Hosein,114,129,10,7,2,1,6.14,113.16,12.9
Binura Fernando,Ashwin Das,47,46,10,6,1,1,12.77,97.87,4.6
Ishan Kishan,Praveen Jayawickrama,1250,1792,89,281,98,89,22.48,143.36,20.13
Sarfaraz Khan,Dian Forrester,2183,4880,104,69,377,271,3.16,223.55,46.92
Mohsin Khan,Dian Forrester,658,451,169,236,18,17,35.87,68.54,2.67
Mohsin Khan,Praveen Jayawickrama,236,161,66,80,9,5,33.9,68.22,2.44
Yash Thakur,Praveen Jayawickrama,354,337,44,52,2,1,14.69,95.2,7.66
Yash Thakur,Jasprit Bumrah,237,273,17,30,5,0,12.66,115.19,16.06
Harry Brook,Shardul Thakur,1674,3633,172,78,291,223,4.66,217.03,21.12
Shardul Thakur,Rashid Khan,315,303,42,99,17,10,31.43,96.19,7.21
Anshul Kamboj,Gangam Anikethreddy,346,335,32,58,4,0,16.76,96.82,10.47
Vishen Halambage,Will Jacks,593,1110,44,73,79,65,12.31,187.18,25.23
Vishen Halambage,Isitha Wijesundara,512,1083,21,54,79,67,10.55,211.52,51.57
Vishen Halambage,Washington Sundar,637,1263,48,69,95,77,10.83,198.27,26.31
Seekkuge Prasanna,Shubham Agarwal,377,643,56,74,55,41,19.63,170.56,11.48
Ravindra Jadeja,Shubham Agarwal,296,434,17,84,29,26,28.38,146.62,25.53
Dan Lawrence,Shubham Agarwal,96,102,11,19,7,1,19.79,106.25,9.27
Dan Lawrence,Washington Sundar,507,841,13,74,51,40,14.6,165.88,64.69
Ravindra Jadeja,Washington Sundar,319,454,12,95,28,24,29.78,142.32,37.83
Ravindra Jadeja,Scott Curie,399,802,15,54,57,51,13.53,201.0,53.47
Dan Lawrence,Scott Curie,144,237,9,15,13,12,10.42,164.58,26.33
Dan Lawrence,Theesan Vithushan,176,279,7,25,16,14,14.2,158.52,39.86
Ravindra Jadeja,Theesan Vithushan,428,688,11,88,43,35,20.56,160.75,62.55
Harpreet Brar,Theesan Vithushan,102,121,7,11,3,1,10.78,118.63,17.29
Marcus Stoinis,Vasuki Koushik,558,673,51,176,36,38,31.54,120.61,13.2
Sai Kishore,Charith Asalanka,392,725,20,66,51,43,16.84,184.95,36.25
Maheesh Theekshana,Vasuki Koushik,109,115,13,16,2,0,14.68,105.5,8.85
Dasun Shanaka,Joel Davies,173,330,14,27,26,19,15.61,190.75,23.57
Suryakumar Yadav,Gurinder Singh,271,574,26,23,51,32,8.49,211.81,22.08
Dasun Shanaka,Gurinder Singh,194,371,29,21,28,23,10.82,191.24,12.79
Charith Asalanka,Avesh Khan,396,552,44,93,36,28,23.48,139.39,12.55
Duan Jansen,Avesh Khan,108,114,27,35,8,6,32.41,105.56,4.22
Kamil Mishara,Charith Asalanka,450,1047,26,21,97,58,4.67,232.67,40.27
Kamil Mishara,Dasun Shanaka,427,943,30,33,79,57,7.73,220.84,31.43
Kumar Kushagra,Dasun Shanaka,816,1852,38,70,128,122,8.58,226.96,48.74
Sahan Arachchige,Harsh Dubey,937,1157,155,166,66,52,17.72,123.48,7.46
Sahan Arachchige,Suryansh Shedge,523,944,77,50,57,62,9.56,180.5,12.26
Dasun Shanaka,Harsh Dubey,645,1076,70,79,68,57,12.25,166.82,15.37
Suryakumar Yadav,Harsh Dubey,573,1104,38,76,101,52,13.26,192.67,29.05
Dian Forrester,Sam Curran,279,478,17,48,28,28,17.2,171.33,28.12
Akash Vasisht,Akash Deep,440,774,35,51,52,38,11.59,175.91,22.11
Akash Vasisht,Vidwath Kaverappa,442,808,15,38,51,38,8.6,182.81,53.87
Mitchell Starc,Vidwath Kaverappa,93,41,34,44,1,4,47.31,44.09,1.21
Sonal Dinusha,Vidwath Kaverappa,256,302,12,64,6,8,25.0,117.97,25.17
Sonal Dinusha,Akash Deep,216,231,5,50,1,4,23.15,106.94,46.2
Praveen Jayawickrama,Mitchell Starc,189,112,69,59,6,4,31.22,59.26,1.62
Rashid Khan,Vidwath Kaverappa,145,136,49,25,12,3,17.24,93.79,2.78
Shubman Gill,Saransh Jain,1577,3228,70,155,226,193,9.83,204.69,46.11
Shubman Gill,Shahbaz Ahmed,1568,3681,69,53,261,245,3.38,234.76,53.35
Virat Kohli,Mitchell Marsh,1809,4126,88,142,292,289,7.85,228.08,46.89
Ashwin Das,Lasith Embuldeniya,238,372,23,61,31,20,25.63,156.3,16.17
Priyansh Arya,Mitchell Marsh,340,715,40,23,60,46,6.76,210.29,17.88
Priyansh Arya,Auqib Nabi,370,827,45,10,45,64,2.7,223.51,18.38
Mohammed Shami,Sam Curran,126,77,41,46,5,3,36.51,61.11,1.88
Ashish Singh,Sam Curran,169,157,27,25,0,2,14.79,92.9,5.81
Ashish Singh,Prince Yadav,144,141,12,28,3,0,19.44,97.92,11.75
Ashish Singh,Khaleel Ahmed,117,124,15,16,2,1,13.68,105.98,8.27
Mitchell Starc,Arzan Nagwaswalla,109,48,31,53,4,1,48.62,44.04,1.55
Lungi Ngidi,Calvin Harrison,177,118,59,64,7,7,36.16,66.67,2.0
Rahul Chahar,Prince Yadav,97,115,3,10,1,0,10.31,118.56,38.33
Shivam Dube,Mukesh Kumar,405,723,33,39,44,39,9.63,178.52,21.91
Yuzvendra Chahal,Rachin Ravindra,78,71,16,14,0,2,17.95,91.03,4.44
Ravindra Jadeja,Mridul Surroch,758,949,35,246,65,43,32.45,125.2,27.11
Kuldeep Yadav,Mohammed Siraj,128,55,44,56,3,1,43.75,42.97,1.25
Kuldeep Yadav,Prasidh Krishna,123,56,39,62,6,2,50.41,45.53,1.44
Harry Brook,Mukesh Kumar,1026,1934,40,87,132,93,8.48,188.5,48.35
Suryansh Shedge,Ravi Teja,313,482,39,55,33,25,17.57,153.99,12.36
Harsh Dubey,Ravi Teja,87,67,38,15,4,3,17.24,77.01,1.76
Suryansh Shedge,Prasidh Krishna,328,593,48,33,50,30,10.06,180.79,12.35
Kagiso Rabada,Mitchell Santner,290,316,31,41,2,3,14.14,108.97,10.19
Manav Suthar,Kranthi Kumar,272,193,91,86,7,10,31.62,70.96,2.12
Theesan Vithushan,Kranthi Kumar,199,82,72,82,4,2,41.21,41.21,1.14
Manav Suthar,Sonny Baker,113,89,38,18,2,1,15.93,78.76,2.34
Virat Kohli,Ismat Alam,1000,2125,71,106,136,149,10.6,212.5,29.93
Virat Kohli,Dian Forrester,2145,5079,95,34,387,312,1.59,236.78,53.46
Theesan Vithushan,Akash Vasisht,379,232,108,161,11,14,42.48,61.21,2.15
Theesan Vithushan,Mitchell Starc,242,162,69,73,6,4,30.17,66.94,2.35
Beau Webster,Avinov Choudhary,590,1152,55,108,102,64,18.31,195.25,20.95
Nishan Peiris,Dian Forrester,421,449,37,49,3,1,11.64,106.65,12.14
Prashant Veer,Arzan Nagwaswalla,323,409,22,73,21,18,22.6,126.63,18.59
Nishan Peiris,Arzan Nagwaswalla,142,148,10,17,2,0,11.97,104.23,14.8
Jos Buttler,Shardul Thakur,1085,2171,144,122,166,145,11.24,200.09,15.08
Kuldeep Yadav,Will Jacks,170,57,42,105,6,2,61.76,33.53,1.36
Varun Chakravarthy,Will Jacks,171,162,26,21,2,1,12.28,94.74,6.23
Prince Yadav,Kuldeep Yadav,295,318,23,38,3,2,12.88,107.8,13.83
Prince Yadav,Josh Tongue,298,283,42,48,2,1,16.11,94.97,6.74
Chamika Gunasekara,Rashid Khan,336,350,19,50,1,1,14.88,104.17,18.42
Ashton Turner,Hardik Pandya,354,541,47,70,42,28,19.77,152.82,11.51
Mohamed Shiraz,Tripuresh Singh,68,78,5,8,0,1,11.76,114.71,15.6
Mohamed Shiraz,Hardik Pandya,226,236,18,28,2,0,12.39,104.42,13.11
Nishan Peiris,Lasith Embuldeniya,115,113,10,15,0,0,13.04,98.26,11.3
Matt Short,Ismat Alam,1386,2095,112,373,139,128,26.91,151.15,18.71
Luhan dre pretorious,Dian Forrester,660,1048,68,120,80,52,18.18,158.79,15.41
Luhan dre pretorious,Ismat Alam,659,923,114,147,64,55,22.31,140.06,8.1
Mohammed Shami,Dian Forrester,496,455,89,87,8,3,17.54,91.73,5.11
Mohammed Shami,Jai Moondra,48,65,9,8,3,4,16.67,135.42,7.22
Ashish Singh,Jai Moondra,90,97,9,8,1,0,8.89,107.78,10.78
Abhishek Sharma,Auqib Nabi,611,1422,54,16,102,95,2.62,232.73,26.33
Ismat Alam,Binura Fernando,67,78,23,14,7,4,20.9,116.42,3.39
Dian Forrester,Binura Fernando,128,208,8,24,12,10,18.75,162.5,26.0
Jai Moondra,Binura Fernando,28,34,7,5,3,1,17.86,121.43,4.86
Jai Moondra,Mohammed Shami,40,57,13,8,5,4,20.0,142.5,4.38
Liam Livingstone,Will Jacks,1155,2624,58,99,221,157,8.57,227.19,45.24
Isitha Wijesundara,Athisayaraj Davidson,170,118,30,87,4,8,51.18,69.41,3.93
Isitha Wijesundara,Noor Ahmad,177,136,33,87,9,7,49.15,76.84,4.12
Dushan Hemantha,Liam Livingstone,207,133,64,70,6,5,33.82,64.25,2.08
Matt Short,Kuldeep Yadav,1135,1665,96,246,106,84,21.67,146.7,17.34
Sanvir Singh,Charith Asalanka,928,2071,29,51,139,132,5.5,223.17,71.41
Dushan Hemantha,Sahan Arachchige,330,218,109,102,12,8,30.91,66.06,2.0
Arpit Vasavada,Varun Chakravarthy,840,1029,72,223,47,49,26.55,122.5,14.29
Arpit Vasavada,Vaisakh Chandran,233,368,26,41,32,16,17.6,157.94,14.15
Mohammed Shami,Vaisakh Chandran,119,117,7,20,0,0,16.81,98.32,16.71
Lasith Embuldeniya,Vaisakh Chandran,173,165,22,36,2,1,20.81,95.38,7.5
Seekkuge Prasanna,Josh Tongue,406,560,77,81,38,32,19.95,137.93,7.27
Dan Lawrence,Varun Chakravarthy,552,783,29,69,40,28,12.5,141.85,27.0
Dan Lawrence,Chamika Gunasekara,420,659,21,63,34,32,15.0,156.9,31.38
Tanay Thyagarajan,Kuldeep Yadav,283,311,38,24,5,4,8.48,109.89,8.18
Salil Arora,Praveen Jayawickrama,604,1055,54,114,72,66,18.87,174.67,19.54
Akash Vasisht,Prasidh Krishna,249,444,22,29,28,26,11.65,178.31,20.18
Akash Vasisht,Ravi Teja,295,493,23,56,37,27,18.98,167.12,21.43
Liam Livingstone,Vidwath Kaverappa,369,752,20,53,65,42,14.36,203.79,37.6
Matthew Forde,Sunil Narine,359,299,122,96,23,13,26.74,83.29,2.45
Yash Thakur,Sunil Narine,378,339,66,62,7,0,16.4,89.68,5.14
Abhimanyu Easwaran,Adam Zampa,336,516,24,23,26,14,6.85,153.57,21.5
Kuldeep Yadav,Mitchell Starc,192,101,58,87,4,5,45.31,52.6,1.74
Sonal Dinusha,Vaisakh Chandran,240,243,9,67,4,5,27.92,101.25,27.0
Washington Sundar,Arzan Nagwaswalla,774,1011,93,124,57,33,16.02,130.62,10.87
Shubham Agarwal,Arzan Nagwaswalla,172,173,26,59,8,8,34.3,100.58,6.65
Jaydev Unadkat,Duan Jansen,96,52,31,33,1,2,34.38,54.17,1.68
Mohammed Siraj,Josh Tongue,302,246,48,84,8,2,27.81,81.46,5.12
Yash Dhull,Sai Kishore,1048,2399,45,42,161,157,4.01,228.91,53.31
Yash Dhull,Nimesh Vimukthi,959,1706,31,210,145,89,21.9,177.89,55.03
Ashton Turner,Sai Kishore,677,1159,44,85,78,58,12.56,171.2,26.34
Axar Patel,Harsh Dubey,325,490,57,43,33,26,13.23,150.77,8.6
Binura Fernando,Isitha Wijesundara,61,65,8,5,0,0,8.2,106.56,8.12
Chamika Gunasekara,Mitchell Santner,372,381,36,43,2,2,11.56,102.42,10.58
Jasprit Bumrah,Riyan Parag,286,262,39,61,5,3,21.33,91.61,6.72
Ravi Teja,Gangam Anikethreddy,111,81,38,38,2,7,34.23,72.97,2.13
Mitchell Santner,Rashid Khan,552,724,46,166,36,45,30.07,131.16,15.74
Sunil Narine,Rashid Khan,253,310,24,29,11,6,11.46,122.53,12.92
Mitchell Santner,Calvin Harrison,774,1489,40,126,124,77,16.28,192.38,37.23
Sunil Narine,Calvin Harrison,301,344,9,38,4,1,12.62,114.29,38.22
Matthew Forde,CV Stephen,213,287,75,21,24,15,9.86,134.74,3.83
Sarfaraz Khan,Malinda Pushpakumara,504,973,49,25,72,47,4.96,193.06,19.86
Lance Morris,Theesan Vithushan,37,42,8,10,4,1,27.03,113.51,5.25
Shardul Thakur,Chamika Gunasekara,333,269,50,110,11,5,33.03,80.78,5.38
Sahan Arachchige,Krunal Pandya,1579,2490,295,205,168,152,12.98,157.69,8.44
Akeal Hosein,Kuldeep Yadav,362,265,119,96,14,10,26.52,73.2,2.23
Raj Limbani,Shivam Mavi,185,242,27,13,10,5,7.03,130.81,8.96
Calvin Harrison,Seekkuge Prasanna,902,659,129,391,37,22,43.35,73.06,5.11
James Rew,Calvin Harrison,613,1166,48,82,102,61,13.38,190.21,24.29
Tim Seifert,Charith Asalanka,2130,5173,50,42,351,345,1.97,242.86,103.46
Tim Seifert,Sahan Arachchige,1860,3035,165,353,225,165,18.98,163.17,18.39
Tim Seifert,Dasun Shanaka,1782,4185,82,62,309,271,3.48,234.85,51.04
Krunal Pandya,Vaisakh Chandran,372,535,38,64,30,24,17.2,143.82,14.08
Prashant Veer,Vaisakh Chandran,301,449,31,44,31,17,14.62,149.17,14.48
Dhruv Jurel,Harsh Dubey,1253,1820,69,261,103,86,20.83,145.25,26.38
Abhimanyu Easwaran,Nishan Peiris,692,1100,63,115,69,63,16.62,158.96,17.46
Abhimanyu Easwaran,Prashant Veer,2240,3728,188,370,278,192,16.52,166.43,19.83
Abhimanyu Easwaran,Ravi Bishnoi,693,1267,45,101,90,69,14.57,182.83,28.16
Isitha Wijesundara,Kuldeep Yadav,725,689,102,210,24,17,28.97,95.03,6.75
Rashid Khan,Donovan Ferreira,301,284,85,95,14,20,31.56,94.35,3.34
Scott Curie,Kuldeep Yadav,139,135,10,30,2,1,21.58,97.12,13.5
Devdutt Padikkal,Umesh Yadav,1448,2432,52,165,140,104,11.4,167.96,46.77
Manav Suthar,Mridul Surroch,133,124,47,34,13,5,25.56,93.23,2.64
Bhuvneshwar Kumar,Mohamed Shiraz,119,117,9,12,1,0,10.08,98.32,13.0
Washington Sundar,Mohamed Shiraz,174,269,13,25,16,12,14.37,154.6,20.69
Bhuvneshwar Kumar,Umesh Yadav,150,175,10,14,2,2,9.33,116.67,17.5
Washington Sundar,Umesh Yadav,164,308,12,23,22,18,14.02,187.8,25.67
Ashton Turner,Theesan Vithushan,531,883,28,97,59,49,18.27,166.29,31.54
Ashton Turner,Manav Suthar,557,690,53,129,44,26,23.16,123.88,13.02
Mridul Surroch,Manav Suthar,491,1045,15,61,65,71,12.42,212.83,69.67
Craig Overton,Manav Suthar,45,50,4,15,4,2,33.33,111.11,12.5
Christopher Britz,Gurinder Singh,1309,1814,34,145,69,35,11.08,138.58,53.35
Glenn Phillips,Joel Davies,1193,2054,66,258,157,116,21.63,172.17,31.12
Lalit Yadav,Joel Davies,713,1266,35,116,97,67,16.27,177.56,36.17
Sdnv Prasad,Joel Davies,405,710,33,77,46,45,19.01,175.31,21.52
Lalit Yadav,Sai Kishore,798,1919,26,49,157,123,6.14,240.48,73.81
Sdnv Prasad,Sai Kishore,383,771,11,51,57,45,13.32,201.31,70.09
Ismat Alam,Sai Kishore,123,199,11,32,18,10,26.02,161.79,18.09
Ismat Alam,Joel Davies,160,170,25,60,14,7,37.5,106.25,6.8
Dian Forrester,Joel Davies,132,174,11,42,8,12,31.82,131.82,15.82
Jai Moondra,Joel Davies,29,27,11,8,2,2,27.59,93.1,2.45
Jai Moondra,Maheesh Theekshana,41,48,16,6,4,2,14.63,117.07,3.0
Jai Moondra,Gurinder Singh,54,40,20,11,2,2,20.37,74.07,2.0
Jasprit Bumrah,Gurinder Singh,89,73,19,13,0,0,14.61,82.02,3.84
Arzan Nagwaswalla,Gurinder Singh,66,68,8,6,1,0,9.09,103.03,8.5
Ruturaj Gaikwad,Jai Moondra,1689,2521,66,261,118,106,15.45,149.26,38.2
Ruturaj Gaikwad,Ismat Alam,2227,3901,107,363,267,221,16.3,175.17,36.46
Ishan Kishan,Ismat Alam,1714,3319,145,225,253,199,13.13,193.64,22.89
Heinrich Klaasen,Ismat Alam,1390,2307,128,305,166,143,21.94,165.97,18.02
Rishabh Pant,Vasuki Koushik,238,264,36,88,12,19,36.97,110.92,7.33
Auqib Nabi,Charith Asalanka,285,479,6,43,29,24,15.09,168.07,79.83
Binura Fernando,Charith Asalanka,187,208,6,19,2,0,10.16,111.23,34.67
Binura Fernando,Vasuki Koushik,103,123,8,12,2,1,11.65,119.42,15.38
Binura Fernando,Duan Jansen,79,85,3,11,1,0,13.92,107.59,28.33
Auqib Nabi,Duan Jansen,175,198,31,48,18,6,27.43,113.14,6.39
Calvin Harrison,Lasith Embuldeniya,207,216,16,77,7,11,37.2,104.35,13.5
Praveen Jayawickrama,Saransh Jain,185,109,64,63,3,7,34.05,58.92,1.7
Tanay Thyagarajan,Ottneil Baartman,175,208,13,30,9,5,17.14,118.86,16.0
Isitha Wijesundara,Jasprit Bumrah,557,511,63,171,11,7,30.7,91.74,8.11
Scott Curie,Jasprit Bumrah,144,151,18,12,0,0,8.33,104.86,8.39
Prasidh Krishna,Varun Chakravarthy,179,187,16,32,3,1,17.88,104.47,11.69
Prasidh Krishna,Chamika Gunasekara,263,259,46,50,5,6,19.01,98.48,5.63
Glenn Phillips,CV Stephen,933,1781,83,89,139,83,9.54,190.89,21.46
Abhishek Sharma,CV Stephen,585,1311,71,41,110,88,7.01,224.1,18.46
Glenn Phillips,Malinda Pushpakumara,848,1584,64,92,117,82,10.85,186.79,24.75
Tilak Varma,Jasprit Bumrah,1106,1668,79,226,99,91,20.43,150.81,21.11
Heinrich Klaasen,Ashish Singh,288,414,24,61,28,21,21.18,143.75,17.25
Luhan dre pretorious,Nimesh Vimukthi,267,366,22,59,31,14,22.1,137.08,16.64
Hardik Pandya,Shiran Fernando,1068,1885,112,110,104,118,10.3,176.5,16.83
Kranthi Kumar,Joel Davies,295,457,25,77,32,29,26.1,154.92,18.28
Corbin Bosch,Joel Davies,124,189,6,24,10,11,19.35,152.42,31.5
Anshul Kamboj,Joel Davies,40,23,13,17,1,2,42.5,57.5,1.77
Anshul Kamboj,Sai Kishore,28,28,6,6,1,1,21.43,100.0,4.67
Sonny Baker,Sai Kishore,12,9,2,4,0,0,33.33,75.0,4.5
Ashok Sharma,Sai Kishore,32,44,2,5,2,2,15.62,137.5,22.0
Sonny Baker,Gurinder Singh,91,96,6,20,3,0,21.98,105.49,16.0
Ashok Sharma,Gurinder Singh,123,133,11,10,1,2,8.13,108.13,12.09
Ashok Sharma,Maheesh Theekshana,166,196,10,17,2,2,10.24,118.07,19.6
Sonny Baker,Maheesh Theekshana,79,79,2,19,2,0,24.05,100.0,39.5
Joel Davies,Cameron Green,607,1029,35,95,70,55,15.65,169.52,29.4
Ruturaj Gaikwad,Ashok Sharma,1192,1987,72,210,134,113,17.62,166.69,27.6
Joel Davies,Ashok Sharma,582,795,77,111,46,43,19.07,136.6,10.32
Joel Davies,Kranthi Kumar,548,629,72,155,34,34,28.28,114.78,8.74
Joel Davies,Corbin Bosch,456,690,44,85,40,40,18.64,151.32,15.68
Marcus Stoinis,Ashok Sharma,594,877,67,125,57,45,21.04,147.64,13.09
Sai Kishore,Kranthi Kumar,316,288,73,112,19,17,35.44,91.14,3.95
Sai Kishore,Ashok Sharma,321,420,62,75,27,27,23.36,130.84,6.77
Gurinder Singh,Ashok Sharma,215,158,73,63,11,6,29.3,73.49,2.16
Nimesh Vimukthi,Nitish Kumar Reddy,179,182,10,40,1,3,22.35,101.68,18.2
Dunith Wellalage,Nitish Kumar Reddy,298,415,11,67,25,17,22.48,139.26,37.73
Dunith Wellalage,Cameron Green,294,325,22,82,14,13,27.89,110.54,14.77
Nimesh Vimukthi,Sonny Baker,398,464,24,48,8,4,12.06,116.58,19.33
Noor Ahmad,Ashwin Das,139,80,51,50,9,2,35.97,57.55,1.57
Athisayaraj Davidson,Raj Limbani,163,86,51,63,3,4,38.65,52.76,1.69
Jasprit Bumrah,Avinov Choudhary,269,254,39,51,3,4,18.96,94.42,6.51
Manav Suthar,Vasuki Koushik,109,56,36,43,2,2,39.45,51.38,1.56
Duvindu Tillakaratne,Josh Tongue,138,164,11,18,1,1,13.04,118.84,14.91
Duvindu Tillakaratne,Chamika Gunasekara,129,127,13,23,1,0,17.83,98.45,9.77
Duvindu Tillakaratne,Duan Jansen,133,132,11,21,1,1,15.79,99.25,12.0
Virat Kohli,Rachin Ravindra,1200,2464,127,73,189,143,6.08,205.33,19.4
Devdutt Padikkal,Sonny Baker,1142,1455,27,62,20,5,5.43,127.41,53.89
Theesan Vithushan,Cameron Green,108,61,37,49,5,4,45.37,56.48,1.65
Bhuvneshwar Kumar,Cameron Green,176,191,24,27,5,3,15.34,108.52,7.96
Tripuresh Singh,Mridul Surroch,168,236,8,8,9,3,4.76,140.48,29.5
Nathan Ellis,Mayank Yadav,83,94,5,8,1,0,9.64,113.25,18.8
Axar Patel,Yuzvendra Chahal,354,568,26,49,40,21,13.84,160.45,21.85
Mayank Agarwal,Axar Patel,1248,1881,91,299,128,102,23.96,150.72,20.67
Gurinder Singh,Charith Asalanka,153,203,35,43,22,9,28.1,132.68,5.8
Sai Kishore,Josh Tongue,236,238,48,76,15,12,32.2,100.85,4.96
Dasun Shanaka,Nimesh Vimukthi,199,313,13,40,20,16,20.1,157.29,24.08
Dasun Shanaka,Sai Kishore,157,315,12,13,26,17,8.28,200.64,26.25
Yashvardhan Dalal,Mitchell Starc,805,1318,25,56,73,41,6.96,163.73,52.72
Yashvardhan Dalal,Adam Zampa,789,1237,25,63,62,36,7.98,156.78,49.48
Salil Arora,Mitchell Starc,359,776,37,30,61,50,8.36,216.16,20.97
Mitchell Santner,Mitchell Starc,561,871,62,106,53,47,18.89,155.26,14.05
Mitchell Santner,Adam Zampa,550,721,52,143,46,31,26.0,131.09,13.87
Virat Singh,Gurinder Singh,275,557,12,20,45,28,7.27,202.55,46.42
Gurinder Singh,Rashid Khan,52,40,28,8,3,2,15.38,76.92,1.43
Sai Kishore,Rashid Khan,123,219,20,18,20,10,14.63,178.05,10.95
Josh Tongue,Jasprit Bumrah,179,87,67,61,5,2,34.08,48.6,1.3
Varun Chakravarthy,Athisayaraj Davidson,267,277,31,38,4,1,14.23,103.75,8.94
Ravindra Jadeja,Ravi Bishnoi,186,332,8,40,29,17,21.51,178.49,41.5
Nishan Peiris,Yuzvendra Chahal,709,819,37,75,7,1,10.58,115.51,22.14
Devdutt Padikkal,Gurinder Singh,917,1288,22,54,41,23,5.89,140.46,58.55
Washington Sundar,Joel Davies,284,409,26,48,21,20,16.9,144.01,15.73
David Miller,Joel Davies,800,1278,58,192,101,67,24.0,159.75,22.03
Washington Sundar,Sai Kishore,290,581,20,27,38,36,9.31,200.34,29.05
Washington Sundar,Nimesh Vimukthi,280,468,12,57,37,22,20.36,167.14,39.0
Manav Suthar,Nimesh Vimukthi,92,79,25,26,4,3,28.26,85.87,3.16
Theesan Vithushan,Nimesh Vimukthi,89,38,17,53,2,2,59.55,42.7,2.24
Bhuvneshwar Kumar,Nimesh Vimukthi,101,113,9,18,3,2,17.82,111.88,12.56
Bhuvneshwar Kumar,Gurinder Singh,231,246,30,23,6,0,9.96,106.49,8.2
Bhuvneshwar Kumar,Maheesh Theekshana,225,268,17,25,8,2,11.11,119.11,15.76
Theesan Vithushan,Maheesh Theekshana,106,97,29,34,5,6,32.08,91.51,3.34
Shubham Dubey,Prasidh Krishna,801,988,57,247,54,50,30.84,123.35,17.33
Shubham Dubey,Avesh Khan,776,839,50,273,44,38,35.18,108.12,16.78
Shubham Dubey,Liam Livingstone,858,1384,43,189,99,73,22.03,161.31,32.19
Luhan dre pretorious,Avesh Khan,349,595,31,59,38,33,16.91,170.49,19.19
Jaydev Unadkat,Ashish Singh,71,47,24,15,2,0,21.13,66.2,1.96
Jaydev Unadkat,Mitchell Marsh,207,148,65,64,4,8,30.92,71.5,2.28
Scott Curie,Dasun Shanaka,165,181,15,13,2,0,7.88,109.7,12.07
Scott Curie,Vaisakh Chandran,118,135,9,12,1,0,10.17,114.41,15.0
Charith Asalanka,Jason Holder,577,873,62,122,57,48,21.14,151.3,14.08
Vasuki Koushik,Rashid Khan,106,107,11,17,2,0,16.04,100.94,9.73
Vasuki Koushik,Prince Yadav,109,104,14,17,1,0,15.6,95.41,7.43
Matt Short,Ravi Bishnoi,930,1485,68,153,103,68,16.45,159.68,21.84
Lalit Yadav,Matthew Forde,736,1600,18,77,118,99,10.46,217.39,88.89
Sarfaraz Khan,Jasprit Bumrah,343,632,30,34,48,31,9.91,184.26,21.07
Matthew Forde,Dian Forrester,647,770,208,117,54,43,18.08,119.01,3.7
Mohsin Khan,Rachin Ravindra,571,288,173,216,11,7,37.83,50.44,1.66
Yash Thakur,Dian Forrester,880,947,107,108,13,14,12.27,107.61,8.85
Vidwath Kaverappa,Dian Forrester,665,703,48,81,5,2,12.18,105.71,14.65
Jitesh Sharma,Lasith Embuldeniya,1069,1267,60,341,73,59,31.9,118.52,21.12
Harpreet Brar,Mitchell Marsh,435,628,96,98,46,40,22.53,144.37,6.54
Seekkuge Prasanna,Mitchell Marsh,695,1222,100,119,105,72,17.12,175.83,12.22
Harpreet Brar,Akeal Hosein,217,312,42,30,20,14,13.82,143.78,7.43
Tanay Thyagarajan,Akeal Hosein,236,257,14,21,0,2,8.9,108.9,18.36
Harpreet Brar,Lasith Embuldeniya,185,278,30,39,15,19,21.08,150.27,9.27
Tanay Thyagarajan,Lasith Embuldeniya,219,237,17,27,3,1,12.33,108.22,13.94
Ravi Bishnoi,Dian Forrester,591,572,73,142,13,8,24.03,96.79,7.84
Mohsin Khan,Shiran Fernando,335,282,62,65,5,0,19.4,84.18,4.55
Yash Thakur,Shiran Fernando,184,163,23,36,1,1,19.57,88.59,7.09
Vidwath Kaverappa,Shiran Fernando,161,181,22,14,2,0,8.7,112.42,8.23
Athisayaraj Davidson,Mitchell Santner,241,123,77,89,6,4,36.93,51.04,1.6
Vaibhav Suryavanshi,Atit Sheth,1094,2752,73,58,240,185,5.3,251.55,37.7
Ravi Teja,Tanay Thyagarajan,84,59,33,23,6,2,27.38,70.24,1.79
Dan Lawrence,Liam Livingstone,623,1049,20,88,63,49,14.13,168.38,52.45
Tanay Thyagarajan,Prasidh Krishna,202,235,17,20,6,1,9.9,116.34,13.82
Yuzvendra Chahal,Prasidh Krishna,94,96,9,14,0,0,14.89,102.13,10.67
Axar Patel,Tanay Thyagarajan,334,493,50,53,36,21,15.87,147.6,9.86
Sanvir Singh,Tanay Thyagarajan,270,464,38,26,34,25,9.63,171.85,12.21
Jitesh Sharma,Akeal Hosein,1001,1483,47,205,87,70,20.48,148.15,31.55
Hardik Pandya,Lasith Embuldeniya,666,1164,26,112,87,60,16.82,174.77,44.77
Dan Lawrence,Axar Patel,566,922,24,83,54,42,14.66,162.9,38.42
Kagiso Rabada,Prasidh Krishna,167,198,12,23,3,5,13.77,118.56,16.5
Kunal Chandela,Shardul Thakur,981,1893,82,118,152,102,12.03,192.97,23.09
Ravindra Jadeja,Harsh Dubey,246,390,18,56,24,25,22.76,158.54,21.67
Nishan Peiris,Harpreet Brar,622,672,32,80,3,0,12.86,108.04,21.0
Kunal Chandela,Will Jacks,930,1864,43,142,144,115,15.27,200.43,43.35
Kunal Chandela,Shubham Agarwal,838,1556,53,152,130,85,18.14,185.68,29.36
Liam Livingstone,Shubham Agarwal,369,680,40,68,56,43,18.43,184.28,17.0
Mitchell Santner,Shubham Agarwal,161,277,17,42,24,17,26.09,172.05,16.29
Sunil Narine,Shubham Agarwal,76,83,5,23,5,2,30.26,109.21,16.6
Sunil Narine,Washington Sundar,125,153,12,20,6,5,16.0,122.4,12.75
CV Stephen,Washington Sundar,33,29,3,7,0,0,21.21,87.88,9.67
CV Stephen,Scott Curie,59,53,13,10,2,0,16.95,89.83,4.08
Sunil Narine,Scott Curie,134,191,16,30,12,10,22.39,142.54,11.94
CV Stephen,Theesan Vithushan,83,83,13,12,1,1,14.46,100.0,6.38
Vaisakh Chandran,Dian Forrester,580,551,50,139,7,3,23.97,95.0,11.02
Charith Asalanka,Praveen Jayawickrama,280,311,40,72,7,18,25.71,111.07,7.78
Dian Forrester,Sahan Arachchige,793,996,95,211,61,51,26.61,125.6,10.48
Praveen Jayawickrama,Kuldeep Yadav,100,51,32,35,3,0,35.0,51.0,1.59
Ravi Teja,Josh Tongue,130,90,48,40,4,3,30.77,69.23,1.88
Suryansh Shedge,Akash Vasisht,908,1563,118,140,116,87,15.42,172.14,13.25
Anshul Kamboj,Mridul Surroch,377,350,72,61,5,4,16.18,92.84,4.86
Atit Sheth,Liam Livingstone,580,966,46,95,70,53,16.38,166.55,21.0
Liam Livingstone,Mitchell Starc,427,727,57,38,57,32,8.9,170.26,12.75
Liam Livingstone,Adam Zampa,422,751,54,51,41,48,12.09,177.96,13.91
Maheesh Theekshana,Calvin Harrison,339,198,108,120,13,6,35.4,58.41,1.83
Ottneil Baartman,Calvin Harrison,585,577,76,86,7,4,14.7,98.63,7.59
Yash Thakur,Shubham Agarwal,280,288,39,42,4,4,15.0,102.86,7.38
Nishant Sindhu,Washington Sundar,2781,6217,145,143,455,384,5.14,223.55,42.88
Gangam Anikethreddy,Ashwin Das,237,144,81,98,7,10,41.35,60.76,1.78
Calvin Harrison,Raj Limbani,446,548,66,102,38,20,22.87,122.87,8.3
Ramandeep Singh,Calvin Harrison,806,1647,102,70,151,94,8.68,204.34,16.15
Isitha Wijesundara,Prince Yadav,184,108,35,88,7,1,47.83,58.7,3.09
KL Rahul,Craig Overton,1123,2559,44,46,181,159,4.1,227.87,58.16
Virat Singh,Craig Overton,997,1962,66,128,141,127,12.84,196.79,29.73
Ashton Turner,Khaleel Ahmed,430,522,19,112,20,25,26.05,121.4,27.47
Mridul Surroch,Jason Holder,1351,2614,89,225,204,162,16.65,193.49,29.37
Craig Overton,Jason Holder,492,568,87,182,46,33,36.99,115.45,6.53
Mayank Yadav,Jason Holder,253,146,71,91,7,3,35.97,57.71,2.06
Umesh Yadav,Jason Holder,307,303,51,41,4,4,13.36,98.7,5.94
Mohamed Shiraz,Jason Holder,244,258,22,37,7,0,15.16,105.74,11.73
Shreyas Iyer,Auqib Nabi,1257,2425,96,136,172,142,10.82,192.92,25.26
Shreyas Iyer,Ashish Singh,838,1410,34,129,81,77,15.39,168.26,41.47
Luhan dre pretorious,Bhuvneshwar Kumar,177,257,29,43,18,16,24.29,145.2,8.86
Rishabh Pant,Bhuvneshwar Kumar,73,95,23,11,11,3,15.07,130.14,4.13
Auqib Nabi,Bhuvneshwar Kumar,59,96,18,10,11,6,16.95,162.71,5.33
Auqib Nabi,Duvindu Tillakaratne,72,94,5,20,7,3,27.78,130.56,18.8
Mohammed Shami,Duvindu Tillakaratne,18,5,7,7,0,0,38.89,27.78,0.71
Ashish Singh,Theesan Vithushan,35,25,5,12,0,0,34.29,71.43,5.0
Binura Fernando,Will Jacks,55,62,2,7,2,0,12.73,112.73,31.0
Binura Fernando,Washington Sundar,128,127,10,23,2,0,17.97,99.22,12.7
Binura Fernando,Bhuvneshwar Kumar,8,7,2,0,0,0,0.0,87.5,3.5
Binura Fernando,Theesan Vithushan,12,12,1,1,0,0,8.33,100.0,12.0
Mitchell Santner,Shiran Fernando,492,739,63,86,50,37,17.48,150.2,11.73
Ravi Teja,Calvin Harrison,216,151,77,70,9,8,32.41,69.91,1.96
Mohammed Siraj,Calvin Harrison,242,127,70,100,6,4,41.32,52.48,1.81
Anshul Kamboj,Varun Chakravarthy,318,324,34,48,2,2,15.09,101.89,9.53
Kagiso Rabada,Varun Chakravarthy,218,249,21,27,2,3,12.39,114.22,11.86
Kagiso Rabada,Sahan Arachchige,648,687,56,83,6,1,12.81,106.02,12.27
Kagiso Rabada,Dasun Shanaka,618,682,50,61,5,3,9.87,110.36,13.64
Nishant Sindhu,Mitchell Marsh,902,1756,64,126,121,106,13.97,194.68,27.44
Yuvraj Chaudhary,Bhuvneshwar Kumar,123,212,22,22,14,17,17.89,172.36,9.64
Craig Overton,Bhuvneshwar Kumar,63,69,13,23,5,4,36.51,109.52,5.31
Bhuvneshwar Kumar,Craig Overton,251,273,27,35,6,2,13.94,108.76,10.11
Shreyas Iyer,Umesh Yadav,630,1206,30,64,76,68,10.16,191.43,40.2
Suryansh Shedge,Shivam Mavi,547,893,44,114,46,61,20.84,163.25,20.3
Harsh Dubey,Shivam Mavi,194,104,64,68,6,3,35.05,53.61,1.62
Shardul Thakur,Shivam Mavi,370,356,39,132,19,11,35.68,96.22,9.13
Anshul Kamboj,Ottneil Baartman,289,279,41,48,4,4,16.61,96.54,6.8
Ruturaj Gaikwad,Suryansh Shedge,1651,3635,51,102,262,217,6.18,220.17,71.27
Shubman Gill,Suryansh Shedge,1251,2870,42,49,212,173,3.92,229.42,68.33
Shahbaz Ahmed,Akeal Hosein,374,445,21,105,30,14,28.07,118.98,21.19
Shahbaz Ahmed,Lasith Embuldeniya,415,570,23,100,45,20,24.1,137.35,24.78
Rashid Khan,Dushan Hemantha,164,105,41,57,5,2,34.76,64.02,2.56
Gangam Anikethreddy,Dushan Hemantha,99,54,36,36,3,2,36.36,54.55,1.5
Saransh Jain,Mohammed Shami,219,232,8,31,2,1,14.16,105.94,29.0
Saransh Jain,Akeal Hosein,218,243,14,41,6,3,18.81,111.47,17.36
Josh Tongue,Maheesh Theekshana,222,159,72,61,7,6,27.48,71.62,2.21
Varun Chakravarthy,Maheesh Theekshana,305,308,35,45,4,1,14.75,100.98,8.8
Chamika Gunasekara,Maheesh Theekshana,366,405,23,51,2,0,13.93,110.66,17.61
Kuldeep Yadav,Maheesh Theekshana,176,81,49,86,2,3,48.86,46.02,1.65
Binura Fernando,Seekkuge Prasanna,378,384,47,46,4,3,12.17,101.59,8.17
Binura Fernando,Harpreet Brar,134,142,7,18,0,0,13.43,105.97,20.29
Binura Fernando,Yuzvendra Chahal,245,259,16,32,1,0,13.06,105.71,16.19
Kranthi Kumar,Jaydev Unadkat,262,331,34,60,20,16,22.9,126.34,9.74
Jos Buttler,Cameron Green,689,1355,27,108,92,84,15.67,196.66,50.19
Jaydev Unadkat,Nitish Kumar Reddy,113,65,36,36,5,0,31.86,57.52,1.81
Prasidh Krishna,Sonny Baker,127,79,42,34,5,0,26.77,62.2,1.88
Avesh Khan,Anshul Kamboj,327,347,22,31,0,0,9.48,106.12,15.77
Gurinder Singh,Mohammed Siraj,101,77,47,23,5,5,22.77,76.24,1.64
Axar Patel,Kagiso Rabada,248,383,34,38,31,17,15.32,154.44,11.26
Axar Patel,Anshul Kamboj,297,444,57,46,33,23,15.49,149.49,7.79
Akeal Hosein,Anshul Kamboj,126,86,40,35,5,2,27.78,68.25,2.15
Arpit Vasavada,Anshul Kamboj,432,518,48,100,27,19,23.15,119.91,10.79
Kumar Kushagra,Axar Patel,1923,3820,91,293,289,234,15.24,198.65,41.98
Kumar Kushagra,Mitchell Marsh,1718,3290,114,339,249,210,19.73,191.5,28.86
Atit Sheth,Shivam Mavi,355,586,25,67,32,36,18.87,165.07,23.44
Jitesh Sharma,Prasidh Krishna,1255,1784,134,204,105,83,16.25,142.15,13.31
Akeal Hosein,Will Jacks,96,75,35,26,3,5,27.08,78.12,2.14
Dushan Hemantha,Will Jacks,83,49,31,29,5,2,34.94,59.04,1.58
Lasith Embuldeniya,Will Jacks,137,128,9,34,2,1,24.82,93.43,14.22
Lasith Embuldeniya,Scott Curie,302,293,29,62,3,2,20.53,97.02,10.1
Rashid Khan,Jasprit Bumrah,356,330,106,85,15,16,23.88,92.7,3.11
Jason Holder,Jasprit Bumrah,97,83,9,39,5,2,40.21,85.57,9.22
Jason Holder,Jai Moondra,111,166,9,12,9,7,10.81,149.55,18.44
Deepak Hooda,Jason Holder,408,516,48,133,36,29,32.6,126.47,10.75
Josh Tongue,Harpreet Brar,97,74,36,20,6,0,20.62,76.29,2.06
Chamika Gunasekara,Yuzvendra Chahal,307,321,22,38,2,0,12.38,104.56,14.59
Seekkuge Prasanna,Dasun Shanaka,1573,3356,174,131,268,211,8.33,213.35,19.29
Seekkuge Prasanna,Kuldeep Yadav,675,1085,107,111,89,56,16.44,160.74,10.14
Vidwath Kaverappa,Sahan Arachchige,560,561,56,84,3,2,15.0,100.18,10.02
Arzan Nagwaswalla,Riyan Parag,144,154,22,14,4,1,9.72,106.94,7.0
Mitchell Starc,Dian Forrester,352,232,85,173,14,15,49.15,65.91,2.73
Kangabam Priyojit Singh,Mohammed Siraj,1721,3283,48,152,209,168,8.83,190.76,68.4
Kangabam Priyojit Singh,Avesh Khan,1731,3597,47,66,210,204,3.81,207.8,76.53
Hardik Pandya,Avesh Khan,462,847,22,63,57,50,13.64,183.33,38.5
Jitesh Sharma,Jaydev Unadkat,296,398,34,84,23,24,28.38,134.46,11.71
Sonu Yadav,Jaydev Unadkat,217,338,26,33,17,18,15.21,155.76,13.0
Lance Morris,Jaydev Unadkat,74,62,20,20,1,4,27.03,83.78,3.1
Lance Morris,Prasidh Krishna,92,63,29,30,6,1,32.61,68.48,2.17
Arshdeep Singh,Prasidh Krishna,62,27,23,24,0,2,38.71,43.55,1.17
Lahiru Udara,Tripuresh Singh,726,938,73,155,43,48,21.35,129.2,12.85
Kamil Mishara,Hardik Pandya,495,1049,33,42,79,68,8.48,211.92,31.79
Jos Buttler,Lance Morris,553,918,37,138,68,56,24.95,166.0,24.81
Bipin Saurabh,Mohammed Siraj,478,797,55,61,55,45,12.76,166.74,14.49
Prasidh Krishna,Yuzvendra Chahal,202,203,25,27,2,2,13.37,100.5,8.12
Beau Webster,Atit Sheth,1457,2546,163,399,226,157,27.39,174.74,15.62
Yuvraj Chaudhary,Athisayaraj Davidson,324,420,21,86,18,23,26.54,129.63,20.0
Karun Nair,Mridul Surroch,1899,3350,118,339,229,195,17.85,176.41,28.39
Glenn Phillips,Beau Webster,2707,5571,145,336,421,343,12.41,205.8,38.42
Atit Sheth,Mukesh Kumar,260,453,30,35,32,25,13.46,174.23,15.1
Noor Ahmad,Mukesh Kumar,80,71,31,16,4,4,20.0,88.75,2.29
Athisayaraj Davidson,Mukesh Kumar,98,68,33,29,2,4,29.59,69.39,2.06
Jasprit Bumrah,Mukesh Kumar,143,132,27,22,1,1,15.38,92.31,4.89
Dasun Shanaka,Praveen Jayawickrama,309,347,45,64,24,8,20.71,112.3,7.71
Kuldeep Yadav,Praveen Jayawickrama,169,86,44,89,7,4,52.66,50.89,1.95
Jaydev Unadkat,Sai Kishore,60,45,18,16,2,2,26.67,75.0,2.5
Prasidh Krishna,Sai Kishore,54,69,10,14,2,6,25.93,127.78,6.9
Bhuvneshwar Kumar,Chamika Gunasekara,171,159,24,25,1,1,14.62,92.98,6.62
Bhuvneshwar Kumar,Charith Asalanka,378,414,28,49,6,2,12.96,109.52,14.79
Dian Forrester,Vasuki Koushik,278,317,32,74,12,16,26.62,114.03,9.91
Jai Moondra,Charith Asalanka,126,186,23,23,8,13,18.25,147.62,8.09
Jasprit Bumrah,Charith Asalanka,246,276,17,44,5,5,17.89,112.2,16.24
Abhishek Sharma,Mitchell Starc,303,598,53,11,60,26,3.63,197.36,11.28
Sonal Dinusha,Rachin Ravindra,595,619,40,144,11,12,24.2,104.03,15.47
Bhuvneshwar Kumar,Sai Kishore,93,88,13,17,4,0,18.28,94.62,6.77
Duvindu Tillakaratne,Sai Kishore,50,43,9,6,0,0,12.0,86.0,4.78
Duvindu Tillakaratne,Maheesh Theekshana,159,176,7,25,3,1,15.72,110.69,25.14
Duvindu Tillakaratne,Gurinder Singh,172,191,18,15,1,1,8.72,111.05,10.61
Shreyas Iyer,Mohammed Shami,2750,4909,132,316,299,265,11.49,178.51,37.19
Lasith Embuldeniya,Shubham Agarwal,165,136,32,29,1,1,17.58,82.42,4.25
Noor Ahmad,Beau Webster,226,152,82,60,5,7,26.55,67.26,1.85
Sai Kishore,Lance Morris,187,191,41,65,15,10,34.76,102.14,4.66
Scott Curie,Seekkuge Prasanna,524,542,43,66,1,3,12.6,103.44,12.6
Ravi Bishnoi,CV Stephen,374,341,49,95,9,3,25.4,91.18,6.96
Praveen Jayawickrama,CV Stephen,144,94,46,56,6,6,38.89,65.28,2.04
Dega Nischal,Sonny Baker,3236,4116,82,159,50,19,4.91,127.19,50.2
Yashasvi Jaiswal,Sonny Baker,3229,4092,71,165,57,15,5.11,126.73,57.63
Yashasvi Jaiswal,Cameron Green,856,1828,46,55,140,105,6.43,213.55,39.74
Dega Nischal,Cameron Green,743,1645,25,62,133,96,8.34,221.4,65.8
Dega Nischal,Kranthi Kumar,735,933,72,189,48,53,25.71,126.94,12.96
Ryan Rickelton,Kranthi Kumar,907,1209,88,232,61,71,25.58,133.3,13.74
Dhruv Jurel,Kranthi Kumar,920,1133,57,308,82,58,33.48,123.15,19.88
Dhruv Jurel,Corbin Bosch,808,1294,85,147,77,82,18.19,160.15,15.22
Ryan Rickelton,Corbin Bosch,787,1372,66,118,93,81,14.99,174.33,20.79
Dhruv Jurel,Ashok Sharma,876,1471,85,127,105,78,14.5,167.92,17.31
Ryan Rickelton,Ashok Sharma,833,1514,72,97,97,92,11.64,181.75,21.03
Suryakumar Yadav,Corbin Bosch,822,1307,62,161,84,74,19.59,159.0,21.08
Suryakumar Yadav,Ashok Sharma,891,1602,74,126,102,101,14.14,179.8,21.65
Suryakumar Yadav,Nitish Kumar Reddy,806,1476,51,141,100,94,17.49,183.13,28.94
Dhruv Jurel,Nitish Kumar Reddy,810,1343,65,133,94,75,16.42,165.8,20.66
Charith Asalanka,Nitish Kumar Reddy,465,590,32,132,35,27,28.39,126.88,18.44
Charith Asalanka,Ashok Sharma,467,606,79,100,42,31,21.41,129.76,7.67
Suryakumar Yadav,Kranthi Kumar,946,1181,65,281,76,50,29.7,124.84,18.17
Charith Asalanka,Kranthi Kumar,494,519,83,141,28,25,28.54,105.06,6.25
Suryakumar Yadav,Sonny Baker,222,385,18,14,21,17,6.31,173.42,21.39
Charith Asalanka,Sonny Baker,148,243,17,4,15,8,2.7,164.19,14.29
Charith Asalanka,Anshul Kamboj,117,154,14,11,8,3,9.4,131.62,11.0
Tim Seifert,Duan Jansen,2579,3685,93,237,132,101,9.19,142.88,39.62
Smaran Ravichandra,Duan Jansen,3066,4533,95,398,193,157,12.98,147.85,47.72
Tim Seifert,Josh Tongue,2747,4025,101,237,159,112,8.63,146.52,39.85
Smaran Ravichandra,Josh Tongue,3072,4286,90,424,163,128,13.8,139.52,47.62
Smaran Ravichandra,Chamika Gunasekara,3036,4656,67,361,190,169,11.89,153.36,69.49
Tim Seifert,Chamika Gunasekara,2601,3901,88,231,141,132,8.88,149.98,44.33
Smaran Ravichandra,Vasuki Koushik,3091,4052,61,558,147,117,18.05,131.09,66.43
Tim Seifert,Vasuki Koushik,2483,3209,90,310,99,73,12.48,129.24,35.66
Rahul Tripathi,Josh Tongue,1284,1633,93,265,77,60,20.64,127.18,17.56
Rahul Tripathi,Duan Jansen,1327,1798,77,263,76,74,19.82,135.49,23.35
Ankit Kumar,Vasuki Koushik,714,1006,72,162,58,52,22.69,140.9,13.97
Rahul Tripathi,Vasuki Koushik,1171,1326,95,273,54,43,23.31,113.24,13.96
Cameron Green,Charith Asalanka,563,1210,17,58,89,74,10.3,214.92,71.18
Cameron Green,Dasun Shanaka,568,1206,33,71,99,74,12.5,212.32,36.55
Nitish Kumar Reddy,Charith Asalanka,452,1049,15,39,74,75,8.63,232.08,69.93
Nitish Kumar Reddy,Josh Tongue,404,563,45,87,40,28,21.53,139.36,12.51
Cameron Green,Josh Tongue,621,837,65,142,47,43,22.87,134.78,12.88
Dan Lawrence,Sunil Narine,830,1112,34,171,53,44,20.6,133.98,32.71
Tanay Thyagarajan,Ravi Teja,146,165,17,28,6,4,19.18,113.01,9.71
Lasith Embuldeniya,Liam Livingstone,510,506,51,96,8,5,18.82,99.22,9.92
Arpit Vasavada,Prasidh Krishna,442,582,39,97,29,26,21.95,131.67,14.92
Binura Fernando,Ravi Teja,116,126,11,14,1,1,12.07,108.62,11.45
Arpit Vasavada,Ravi Teja,431,632,29,102,26,39,23.67,146.64,21.79
Mitchell Santner,Binura Fernando,161,286,21,28,25,16,17.39,177.64,13.62
Kunal Chandela,Binura Fernando,531,967,35,66,64,50,12.43,182.11,27.63
Harpreet Brar,Mohammed Siraj,200,231,49,43,18,11,21.5,115.5,4.71
Mohammed Siraj,Seekkuge Prasanna,257,159,72,88,4,7,34.24,61.87,2.21
Sunil Narine,Hardik Pandya,216,260,6,26,6,4,12.04,120.37,43.33
Harry Brook,Craig Overton,962,2041,57,102,168,115,10.6,212.16,35.81
Prince Yadav,Mohamed Shiraz,60,75,5,7,2,1,11.67,125.0,15.0
Ashton Turner,Prince Yadav,461,511,46,105,21,16,22.78,110.85,11.11
Sairaj Patil,Jason Holder,794,1292,114,95,86,70,11.96,162.72,11.33
Yuvraj Chaudhary,Jason Holder,754,1123,73,142,83,52,18.83,148.94,15.38
Craig Overton,Sam Curran,366,333,61,155,20,18,42.35,90.98,5.46
Craig Overton,Rashid Khan,131,208,13,27,13,12,20.61,158.78,16.0
Craig Overton,Khaleel Ahmed,97,100,15,31,6,4,31.96,103.09,6.67
Mayank Yadav,Khaleel Ahmed,74,44,15,35,1,1,47.3,59.46,2.93
Binura Fernando,Avinov Choudhary,181,187,17,30,3,2,16.57,103.31,11.0
Donovan Ferreira,Maheesh Theekshana,825,1565,45,114,113,94,13.82,189.7,34.78
Shubman Gill,Shardul Thakur,1398,3161,76,59,237,187,4.22,226.11,41.59
Ruturaj Gaikwad,Shardul Thakur,1578,3362,107,97,248,202,6.15,213.05,31.42
Karan Lal,Shardul Thakur,844,1814,133,23,150,114,2.73,214.93,13.64
Mridul Surroch,Theesan Vithushan,1023,2063,48,99,141,120,9.68,201.66,42.98
Craig Overton,Theesan Vithushan,54,57,9,18,6,1,33.33,105.56,6.33
Mayank Yadav,Theesan Vithushan,33,8,10,15,0,0,45.45,24.24,0.8
Umesh Yadav,Theesan Vithushan,26,28,4,6,3,0,23.08,107.69,7.0
Devdutt Padikkal,Craig Overton,1039,2054,44,113,154,115,10.88,197.69,46.68
Rinku Singh,Saransh Jain,1571,2734,131,259,205,144,16.49,174.03,20.87
Arpit Vasavada,Saransh Jain,956,1388,92,222,91,73,23.22,145.19,15.09
Akeal Hosein,Saransh Jain,434,337,136,140,25,15,32.26,77.65,2.48
Mayank Agarwal,Sam Curran,401,524,52,93,31,27,23.19,130.67,10.08
James Rew,Sam Curran,891,1372,87,173,82,78,19.42,153.98,15.77
Kamil Mishara,Dian Forrester,1332,3004,55,43,243,167,3.23,225.53,54.62
Kamil Mishara,Ismat Alam,1275,2627,67,105,186,161,8.24,206.04,39.21
Jos Buttler,Jai Moondra,321,575,23,64,41,34,19.94,179.13,25.0
Kunal Chandela,Jai Moondra,182,322,10,29,24,16,15.93,176.92,32.2
Jaydev Unadkat,Arzan Nagwaswalla,48,20,21,13,1,0,27.08,41.67,0.95
Prasidh Krishna,Arzan Nagwaswalla,162,125,38,36,1,3,22.22,77.16,3.29
Mohammed Siraj,Arzan Nagwaswalla,173,146,35,45,8,1,26.01,84.39,4.17
Craig Overton,Nathan Ellis,172,187,26,59,15,7,34.3,108.72,7.19
Marcus Stoinis,Donovan Ferreira,848,1507,45,152,116,83,17.92,177.71,33.49
Tim Seifert,Saransh Jain,1665,3282,87,194,217,204,11.65,197.12,37.72
Tim Seifert,Shahbaz Ahmed,1572,3598,72,79,252,232,5.03,228.88,49.97
Shahbaz Ahmed,Nishan Peiris,307,499,36,60,45,22,19.54,162.54,13.86
Akeal Hosein,Malinda Pushpakumara,241,251,81,45,12,15,18.67,104.15,3.1
Shubman Gill,Jason Holder,853,1737,53,72,109,112,8.44,203.63,32.77
Sai Kishore,Jason Holder,383,384,79,128,16,23,33.42,100.26,4.86
Dasun Shanaka,Donovan Ferreira,1023,1636,54,227,111,83,22.19,159.92,30.3
Chamika Gunasekara,Shardul Thakur,260,269,16,40,1,1,15.38,103.46,16.81
Chamika Gunasekara,Suryansh Shedge,174,187,7,29,3,0,16.67,107.47,26.71
Josh Tongue,Anshul Kamboj,210,135,63,66,5,4,31.43,64.29,2.14
Ravi Teja,Anshul Kamboj,109,78,36,34,4,4,31.19,71.56,2.17
Prasidh Krishna,Anshul Kamboj,237,220,42,42,6,1,17.72,92.83,5.24
Kunal Chandela,Mukesh Kumar,311,655,20,35,45,45,11.25,210.61,32.75
Karan Shinde,Ravi Teja,505,961,38,67,80,52,13.27,190.3,25.29
Lungi Ngidi,Prasidh Krishna,59,27,20,22,1,1,37.29,45.76,1.35
Rahul Tripathi,Jason Holder,877,1337,91,187,80,81,21.32,152.45,14.69
Anshul Kamboj,Jason Holder,181,106,57,62,6,2,34.25,58.56,1.86
Ashok Sharma,Jason Holder,260,311,23,29,10,4,11.15,119.62,13.52
Virat Singh,Corbin Bosch,810,1406,73,140,96,87,17.28,173.58,19.26
Virat Singh,Nitish Kumar Reddy,737,1424,38,82,107,77,11.13,193.22,37.47
Rashid Khan,Corbin Bosch,131,94,48,34,8,3,25.95,71.76,1.96
Sam Curran,Ashok Sharma,515,943,47,74,64,55,14.37,183.11,20.06
Harsh Dubey,CV Stephen,205,116,74,72,13,3,35.12,56.59,1.57
Abhishek Sharma,Dushan Hemantha,882,1607,68,129,114,94,14.63,182.2,23.63
Jasprit Bumrah,Lasith Embuldeniya,259,252,32,41,0,0,15.83,97.3,7.88
Kranthi Kumar,Theesan Vithushan,131,263,9,11,24,11,8.4,200.76,29.22
Akash Vasisht,CV Stephen,479,797,45,69,56,42,14.41,166.39,17.71
Mitchell Starc,CV Stephen,137,82,35,64,5,3,46.72,59.85,2.34
Marcus Stoinis,Athisayaraj Davidson,586,871,41,135,56,42,23.04,148.63,21.24
Marcus Stoinis,Noor Ahmad,684,1079,48,159,62,69,23.25,157.75,22.48
Maheesh Theekshana,Atit Sheth,270,140,107,81,4,6,30.0,51.85,1.31
Ottneil Baartman,Atit Sheth,512,467,78,82,3,1,16.02,91.21,5.99
Kamil Mishara,Kranthi Kumar,886,1216,78,196,71,64,22.12,137.25,15.59
Jos Buttler,Sonny Baker,204,341,24,19,27,13,9.31,167.16,14.21
Jaydev Unadkat,Sonny Baker,130,126,33,29,8,3,22.31,96.92,3.82
Jaydev Unadkat,Anshul Kamboj,119,106,26,31,6,2,26.05,89.08,4.08
Vaisakh Chandran,Dushan Hemantha,208,186,26,47,3,0,22.6,89.42,7.15
Matt Short,Varun Chakravarthy,937,1260,44,231,65,57,24.65,134.47,28.64
Matt Short,Vaisakh Chandran,1055,1385,58,280,80,60,26.54,131.28,23.88
Sam Curran,Kranthi Kumar,542,935,42,121,69,57,22.32,172.51,22.26
Jason Holder,Corbin Bosch,224,293,32,59,21,16,26.34,130.8,9.16
Khaleel Ahmed,Corbin Bosch,148,120,28,35,3,1,23.65,81.08,4.29
Prince Yadav,Corbin Bosch,117,111,16,19,2,0,16.24,94.87,6.94
Manav Suthar,Chamika Gunasekara,113,78,42,33,4,5,29.2,69.03,1.86
Sahan Arachchige,Lungi Ngidi,560,631,88,101,30,23,18.04,112.68,7.17
Ryan Rickelton,Beau Webster,1882,4025,148,136,300,246,7.23,213.87,27.2
Josh Tongue,Beau Webster,358,247,112,111,15,8,31.01,68.99,2.21
Kuldeep Yadav,Beau Webster,338,119,88,200,6,6,59.17,35.21,1.35
Chamika Gunasekara,Beau Webster,314,315,23,51,3,0,16.24,100.32,13.7
Chamika Gunasekara,Rahul Chahar,263,297,18,39,3,3,14.83,112.93,16.5
Beau Webster,Chamika Gunasekara,1162,1352,96,555,96,92,47.76,116.35,14.08
Ashton Turner,Liam Livingstone,501,910,33,81,81,44,16.17,181.64,27.58
Craig Overton,Prasidh Krishna,143,174,18,52,16,7,36.36,121.68,9.67
Mayank Yadav,Prasidh Krishna,67,33,19,28,1,1,41.79,49.25,1.74
Sairaj Patil,Prasidh Krishna,480,855,35,57,54,45,11.88,178.12,24.43
Umesh Yadav,Liam Livingstone,237,240,38,27,3,0,11.39,101.27,6.32
Mohamed Shiraz,Liam Livingstone,213,207,18,37,1,0,17.37,97.18,11.5
Kamil Mishara,Craig Overton,991,2265,22,81,175,143,8.17,228.56,102.95
Sonu Yadav,Nitish Kumar Reddy,404,630,32,75,30,39,18.56,155.94,19.69
Lasith Embuldeniya,Sonal Dinusha,503,477,68,98,6,1,19.48,94.83,7.01
Shubham Agarwal,Akash Vasisht,582,380,112,243,10,18,41.75,65.29,3.39
David Miller,Ravi Teja,694,1118,45,138,74,63,19.88,161.1,24.84
Ramandeep Singh,Prasidh Krishna,305,581,55,23,38,40,7.54,190.49,10.56
Ramandeep Singh,Sunil Narine,1162,2096,143,182,169,121,15.66,180.38,14.66
Ashwin Das,Sunil Narine,912,1251,91,291,97,69,31.91,137.17,13.75
Ashwin Das,Mitchell Santner,962,1508,114,246,107,96,25.57,156.76,13.23
Washington Sundar,Sunil Narine,1817,2681,103,422,157,140,23.23,147.55,26.03
Washington Sundar,Ravi Teja,321,494,40,59,25,32,18.38,153.89,12.35
Raj Limbani,Mohammed Siraj,165,193,30,22,7,6,13.33,116.97,6.43
Avinov Choudhary,Mohammed Siraj,127,148,10,16,7,2,12.6,116.54,14.8
Maheesh Theekshana,Beau Webster,284,158,94,96,5,6,33.8,55.63,1.68
Ottneil Baartman,Lungi Ngidi,174,175,18,35,2,2,20.11,100.57,9.72
Gurinder Singh,Nitish Kumar Reddy,155,113,50,53,4,7,34.19,72.9,2.26
Sai Kishore,Nitish Kumar Reddy,219,217,45,79,16,12,36.07,99.09,4.82
Chamika Gunasekara,Akeal Hosein,181,176,15,32,1,0,17.68,97.24,11.73
Nitish Kumar Reddy,Theesan Vithushan,215,483,9,25,32,34,11.63,224.65,53.67
Manav Suthar,Cameron Green,123,96,40,38,2,8,30.89,78.05,2.4
Venkatesh Iyer,Sam Curran,1054,2260,50,92,152,144,8.73,214.42,45.2
Prashant Veer,Riyan Parag,1165,1761,124,188,102,88,16.14,151.16,14.2
Prashant Veer,Adam Zampa,695,988,44,105,39,39,15.11,142.16,22.45
Nishan Peiris,Adam Zampa,555,642,29,53,7,1,9.55,115.68,22.14
Luhan dre pretorious,Mayank Yadav,121,213,14,17,18,10,14.05,176.03,15.21
Ashish Singh,Mridul Surroch,99,98,16,15,1,2,15.15,98.99,6.12
Binura Fernando,Craig Overton,110,119,8,17,2,1,15.45,108.18,14.88
Ashton Turner,Auqib Nabi,514,573,82,106,35,23,20.62,111.48,6.99
Craig Overton,Binura Fernando,101,125,16,35,7,7,34.65,123.76,7.81
Sanju Samson,Atit Sheth,1031,2333,99,83,187,154,8.05,226.29,23.57
Sanju Samson,Raj Angad Bawa,1010,2413,48,96,185,171,9.5,238.91,50.27
Vidwath Kaverappa,Gangam Anikethreddy,285,296,21,42,1,1,14.74,103.86,14.1
Mridul Surroch,Scott Curie,515,1021,33,50,83,49,9.71,198.25,30.94
Mitchell Starc,Shubham Agarwal,74,51,24,30,2,4,40.54,68.92,2.12
Sonal Dinusha,Isitha Wijesundara,55,44,6,22,1,1,40.0,80.0,7.33
Mitchell Starc,Scott Curie,101,66,25,47,5,3,46.53,65.35,2.64
Sonal Dinusha,Scott Curie,171,192,2,34,2,1,19.88,112.28,96.0
Mitchell Starc,Theesan Vithushan,78,39,31,28,2,2,35.9,50.0,1.26
Sonal Dinusha,Theesan Vithushan,248,249,17,55,4,2,22.18,100.4,14.65
Sarfaraz Khan,Vaisakh Chandran,308,473,35,45,25,26,14.61,153.57,13.51
Heinrich Klaasen,Vaisakh Chandran,483,656,43,125,39,36,25.88,135.82,15.26
Matthew Forde,Dasun Shanaka,529,600,148,100,29,37,18.9,113.42,4.05
Yash Thakur,Charith Asalanka,331,351,27,50,2,5,15.11,106.04,13.0
Vidwath Kaverappa,Varun Chakravarthy,206,209,16,38,3,2,18.45,101.46,13.06
Tilak Varma,Mitchell Starc,509,792,27,40,48,22,7.86,155.6,29.33
Rashid Khan,Mitchell Starc,146,158,37,16,7,4,10.96,108.22,4.27
Mitchell Starc,Saransh Jain,228,102,81,99,5,6,43.42,44.74,1.26
Adam Zampa,Gangam Anikethreddy,154,171,11,20,2,1,12.99,111.04,15.55
Liam Livingstone,Ravi Bishnoi,263,513,24,38,44,29,14.45,195.06,21.38
Hardik Pandya,Akeal Hosein,641,1203,41,74,79,72,11.54,187.68,29.34
Seekkuge Prasanna,Axar Patel,725,1461,71,104,119,94,14.34,201.52,20.58
Dan Lawrence,Binura Fernando,244,345,24,33,21,13,13.52,141.39,14.38
Tanay Thyagarajan,Binura Fernando,167,195,18,19,5,1,11.38,116.77,10.83
Kuldeep Yadav,Athisayaraj Davidson,160,68,44,95,5,5,59.38,42.5,1.55
Varun Chakravarthy,Noor Ahmad,238,245,22,36,0,1,15.13,102.94,11.14
Jaydev Unadkat,Craig Overton,166,127,51,53,7,6,31.93,76.51,2.49
Prasidh Krishna,Craig Overton,120,110,25,45,4,8,37.5,91.67,4.4
Prasidh Krishna,Mohamed Shiraz,84,61,18,33,2,3,39.29,72.62,3.39
Mohammed Siraj,Mohamed Shiraz,90,79,10,14,0,0,15.56,87.78,7.9
Avesh Khan,Mohamed Shiraz,52,62,3,5,0,1,9.62,119.23,20.67
Mohammed Siraj,Umesh Yadav,116,111,10,24,2,1,20.69,95.69,11.1
Virat Kohli,Auqib Nabi,603,1319,43,37,93,86,6.14,218.74,30.67
Prabhsimran Singh,Auqib Nabi,653,1288,53,42,90,73,6.43,197.24,24.3
Mitchell Marsh,Duvindu Tillakaratne,1860,3548,35,238,243,186,12.8,190.75,101.37
Mitchell Marsh,Will Jacks,971,2196,45,74,188,126,7.62,226.16,48.8
Nishant Sindhu,Seekkuge Prasanna,1225,1866,128,296,125,111,24.16,152.33,14.58
Nishant Sindhu,Hardik Pandya,1087,2230,68,112,153,140,10.3,205.15,32.79
Yuzvendra Chahal,Prince Yadav,124,130,7,18,1,0,14.52,104.84,18.57
Suryansh Shedge,Harpreet Brar,241,371,39,40,24,21,16.6,153.94,9.51
Seekkuge Prasanna,Donovan Ferreira,863,1673,62,134,131,100,15.53,193.86,26.98
Harpreet Brar,Suryansh Shedge,284,401,49,59,31,20,20.77,141.2,8.18
Tanay Thyagarajan,Donovan Ferreira,119,147,7,12,3,2,10.08,123.53,21.0
Dian Forrester,Akeal Hosein,251,382,6,55,16,22,21.91,152.19,63.67
Matthew Forde,Malinda Pushpakumara,167,181,66,17,9,10,10.18,108.38,2.74
Donovan Ferreira,Shiran Fernando,946,1734,138,78,116,100,8.25,183.3,12.57
Suryansh Shedge,Prince Yadav,505,710,57,102,49,30,20.2,140.59,12.46
Dian Forrester,Duan Jansen,319,427,30,72,19,22,22.57,133.86,14.23
Ismat Alam,Chamika Gunasekara,186,154,46,67,17,4,36.02,82.8,3.35
Arpit Vasavada,Josh Tongue,564,753,66,139,41,40,24.65,133.51,11.41
Varun Chakravarthy,Lasith Embuldeniya,436,456,55,65,2,3,14.91,104.59,8.29
Liam Livingstone,Praveen Jayawickrama,261,420,34,48,33,22,18.39,160.92,12.35
Gangam Anikethreddy,Kuldeep Yadav,464,224,159,198,15,11,42.67,48.28,1.41
Dian Forrester,Liam Livingstone,802,1389,29,140,91,76,17.46,173.19,47.9
Matthew Forde,Mitchell Starc,131,176,40,5,14,5,3.82,134.35,4.4
Akash Deep,Mitchell Starc,175,177,46,30,7,7,17.14,101.14,3.85
Mohsin Khan,Mitchell Starc,278,215,70,62,5,2,22.3,77.34,3.07
Mohsin Khan,Adam Zampa,209,207,30,46,5,4,22.01,99.04,6.9
Yuzvendra Chahal,Mridul Surroch,199,196,16,28,0,1,14.07,98.49,12.25
Mitchell Santner,Shivam Mavi,247,404,30,45,31,22,18.22,163.56,13.47
Binura Fernando,Chamika Gunasekara,285,334,26,26,3,4,9.12,117.19,12.85
Anshul Kamboj,Washington Sundar,251,247,36,53,3,4,21.12,98.41,6.86
Josh Tongue,Mohsin Khan,196,138,62,57,11,3,29.08,70.41,2.23
Shiran Fernando,Chamika Gunasekara,271,255,36,47,1,2,17.34,94.1,7.08
Shiran Fernando,Josh Tongue,315,304,50,53,3,4,16.83,96.51,6.08
Mitchell Starc,Gangam Anikethreddy,142,66,49,61,4,2,42.96,46.48,1.35
Duan Jansen,Craig Overton,154,139,29,50,10,5,32.47,90.26,4.79
Suryakumar Yadav,Mayank Yadav,247,437,14,44,31,24,17.81,176.92,31.21
Duan Jansen,Umesh Yadav,95,84,19,34,5,4,35.79,88.42,4.42
Suryakumar Yadav,Umesh Yadav,222,364,17,38,29,18,17.12,163.96,21.41
Ashton Turner,Duan Jansen,646,692,92,139,28,28,21.52,107.12,7.52
Mayank Yadav,Chamika Gunasekara,102,84,31,30,4,5,29.41,82.35,2.71
Umesh Yadav,Chamika Gunasekara,124,117,22,16,1,0,12.9,94.35,5.32
Mohamed Shiraz,Chamika Gunasekara,136,146,9,18,3,0,13.24,107.35,16.22
Sahan Arachchige,Theesan Vithushan,175,275,50,17,22,16,9.71,157.14,5.5
Rinku Singh,Vidwath Kaverappa,743,1384,49,90,90,85,12.11,186.27,28.24
Rashid Khan,Atit Sheth,409,516,137,58,29,33,14.18,126.16,3.77
Vaisakh Chandran,Adam Zampa,554,581,27,111,2,4,20.04,104.87,21.52
Sahan Arachchige,Adam Zampa,108,150,21,7,6,6,6.48,138.89,7.14
Abhimanyu Easwaran,Mitchell Starc,316,471,27,15,26,13,4.75,149.05,17.44
Sahan Arachchige,Mitchell Starc,116,135,26,8,5,4,6.9,116.38,5.19
Karan Shinde,Chamika Gunasekara,700,1200,54,113,77,73,16.14,171.43,22.22
Akash Vasisht,Josh Tongue,303,436,26,51,22,19,16.83,143.89,16.77
Lungi Ngidi,Sahan Arachchige,277,164,95,92,12,4,33.21,59.21,1.73
Mukesh Kumar,Dasun Shanaka,354,361,40,61,5,6,17.23,101.98,9.03
Mukesh Kumar,Sahan Arachchige,387,330,57,82,3,2,21.19,85.27,5.79
Mukesh Kumar,Chamika Gunasekara,127,149,16,19,2,5,14.96,117.32,9.31
Akash Vasisht,Chamika Gunasekara,330,558,32,39,35,31,11.82,169.09,17.44
Mukesh Kumar,Josh Tongue,141,138,18,24,0,3,17.02,97.87,7.67
Dega Nischal,Beau Webster,1431,3108,100,71,233,188,4.96,217.19,31.08
Kuldeep Yadav,Ravindra Jadeja,508,193,175,247,14,8,48.62,37.99,1.1
Vaisakh Chandran,Ravindra Jadeja,835,825,70,160,7,2,19.16,98.8,11.79
Aneurin Donald,Kuldeep Yadav,928,1956,54,128,144,131,13.79,210.78,36.22
Seekkuge Prasanna,Vaisakh Chandran,175,351,23,19,43,15,10.86,200.57,15.26
Ravindra Jadeja,Varun Chakravarthy,238,387,15,39,24,20,16.39,162.61,25.8
Vishen Halambage,Charith Asalanka,841,1824,20,82,130,117,9.75,216.88,91.2
Vishen Halambage,Dasun Shanaka,1048,2362,47,67,194,137,6.39,225.38,50.26
Matthew Forde,Ravi Bishnoi,105,99,43,17,7,5,16.19,94.29,2.3
Akash Deep,Ravi Bishnoi,135,156,42,24,11,8,17.78,115.56,3.71
Matthew Forde,Mitchell Santner,381,375,143,77,33,18,20.21,98.43,2.62
Vidwath Kaverappa,Liam Livingstone,323,305,34,56,1,0,17.34,94.43,8.97
Marcus Stoinis,Lungi Ngidi,341,565,40,57,43,30,16.72,165.69,14.12
Maheesh Theekshana,Lungi Ngidi,83,50,26,28,2,1,33.73,60.24,1.92
Mohammed Shami,Jason Holder,165,109,50,55,5,5,33.33,66.06,2.18
Ashish Singh,Jason Holder,245,239,31,40,5,2,16.33,97.55,7.71
Ashish Singh,Rashid Khan,155,162,13,23,2,0,14.84,104.52,12.46
Binura Fernando,Jason Holder,135,160,14,6,2,1,4.44,118.52,11.43
Heinrich Klaasen,Nishan Peiris,589,781,85,151,53,41,25.64,132.6,9.19
Shubham Agarwal,Sunil Narine,310,213,60,116,10,4,37.42,68.71,3.55
Theesan Vithushan,Mitchell Santner,221,106,69,100,7,5,45.25,47.96,1.54
Isitha Wijesundara,Mitchell Santner,672,615,90,261,31,24,38.84,91.52,6.83
Scott Curie,Mitchell Santner,153,166,9,29,3,1,18.95,108.5,18.44
Sanvir Singh,Suryansh Shedge,690,1476,57,53,111,93,7.68,213.91,25.89
Sanvir Singh,Kagiso Rabada,312,618,47,27,43,41,8.65,198.08,13.15
Will Jacks,Nimesh Vimukthi,457,822,21,87,58,48,19.04,179.87,39.14
Manav Suthar,Maheesh Theekshana,101,112,28,21,9,4,20.79,110.89,4.0
Yash Thakur,Dushan Hemantha,341,355,45,46,5,5,13.49,104.11,7.89
Prasidh Krishna,Auqib Nabi,183,142,62,53,12,5,28.96,77.6,2.29
Prasidh Krishna,Ashish Singh,54,37,19,10,0,1,18.52,68.52,1.95
Mohammed Siraj,Ashish Singh,149,143,16,23,1,0,15.44,95.97,8.94
Avesh Khan,Ashish Singh,121,140,10,10,2,1,8.26,115.7,14.0
Matthew Forde,Varun Chakravarthy,150,166,57,20,7,11,13.33,110.67,2.91
Calvin Harrison,Atit Sheth,723,831,82,248,54,40,34.3,114.94,10.13
Calvin Harrison,Raj Angad Bawa,659,660,55,241,33,26,36.57,100.15,12.0
Calvin Harrison,Athisayaraj Davidson,241,236,28,85,14,9,35.27,97.93,8.43
Glenn Phillips,Sai Kishore,1120,2589,40,86,189,172,7.68,231.16,64.72
Lalit Yadav,Gurinder Singh,422,940,23,32,84,51,7.58,222.75,40.87
Heinrich Klaasen,Jai Moondra,335,600,11,66,39,38,19.7,179.1,54.55
Marcus Stoinis,Dian Forrester,1072,2021,72,178,142,129,16.6,188.53,28.07
Marcus Stoinis,Ismat Alam,1084,1754,109,208,117,102,19.19,161.81,16.09
Gurinder Singh,Dian Forrester,304,237,108,87,13,13,28.62,77.96,2.19
Gurinder Singh,Ismat Alam,303,234,109,90,13,14,29.7,77.23,2.15
Sai Kishore,Dian Forrester,481,689,82,111,51,41,23.08,143.24,8.4
Sai Kishore,Ismat Alam,430,491,83,122,33,24,28.37,114.19,5.92
Dunith Wellalage,Ismat Alam,688,727,46,206,30,24,29.94,105.67,15.8
Rohit Sharma,Vaisakh Chandran,573,870,54,98,47,46,17.1,151.83,16.11
Donovan Ferreira,Vaisakh Chandran,342,554,44,54,42,28,15.79,161.99,12.59
Prashant Veer,Charith Asalanka,441,804,5,62,46,47,14.06,182.31,160.8
Ravi Bishnoi,Sahan Arachchige,497,444,62,141,9,7,28.37,89.34,7.16
Ravi Bishnoi,Charith Asalanka,152,125,15,43,3,0,28.29,82.24,8.33
Ravi Bishnoi,Varun Chakravarthy,187,183,23,47,4,3,25.13,97.86,7.96
Charith Asalanka,Harsh Dubey,309,480,51,48,37,25,15.53,155.34,9.41
Sahan Arachchige,Nishan Peiris,233,292,52,44,12,20,18.88,125.32,5.62
Charith Asalanka,Nishan Peiris,311,380,53,71,31,14,22.83,122.19,7.17
Kuldeep Yadav,Krunal Pandya,582,188,193,316,8,14,54.3,32.3,0.97
Varun Chakravarthy,Krunal Pandya,982,914,126,172,9,3,17.52,93.08,7.25
Varun Chakravarthy,Donovan Ferreira,403,338,76,82,4,4,20.35,83.87,4.45
Vaisakh Chandran,Krunal Pandya,449,455,30,90,2,3,20.04,101.34,15.17
Vaisakh Chandran,Nishan Peiris,203,185,18,45,2,0,22.17,91.13,10.28
Washington Sundar,Mitchell Santner,1926,3323,115,332,222,189,17.24,172.53,28.9
Shubham Agarwal,Mitchell Santner,369,320,85,128,17,18,34.69,86.72,3.76
Washington Sundar,CV Stephen,635,1182,48,65,85,58,10.24,186.14,24.62
Mridul Surroch,Sam Curran,1147,2152,75,157,157,124,13.69,187.62,28.69
Mohsin Khan,Krunal Pandya,842,743,159,195,23,10,23.16,88.24,4.67
Sunil Narine,Dushan Hemantha,87,89,18,21,5,4,24.14,102.3,4.94
CV Stephen,Dushan Hemantha,46,46,10,6,0,2,13.04,100.0,4.6
Mitchell Santner,Dushan Hemantha,180,273,22,48,21,18,26.67,151.67,12.41
Sonu Yadav,Prasidh Krishna,202,284,24,31,21,11,15.35,140.59,11.83
Lance Morris,Liam Livingstone,161,150,27,42,3,6,26.09,93.17,5.56
Jos Buttler,Tripuresh Singh,589,484,80,246,37,14,41.77,82.17,6.05
Nitish Rana,Tripuresh Singh,382,463,43,121,34,22,31.68,121.2,10.77
Nitish Rana,Lance Morris,384,485,40,103,38,20,26.82,126.3,12.12
Kunal Chandela,Lance Morris,348,507,18,73,27,23,20.98,145.69,28.17
Jaydev Unadkat,Hardik Pandya,190,125,73,57,4,8,30.0,65.79,1.71
Kunal Chandela,Arshdeep Singh,320,577,10,52,37,33,16.25,180.31,57.7
Mohammed Siraj,Arshdeep Singh,113,108,16,15,1,0,13.27,95.58,6.75
Tim Seifert,Umesh Yadav,3480,5121,63,289,183,134,8.3,147.16,81.29
Smaran Ravichandra,Umesh Yadav,3527,5063,53,381,173,137,10.8,143.55,95.53
Smaran Ravichandra,Mayank Yadav,3580,5080,73,356,183,126,9.94,141.9,69.59
Tim Seifert,Mayank Yadav,3517,5202,59,299,184,145,8.5,147.91,88.17
Tim Seifert,Mohamed Shiraz,3380,4387,86,422,135,87,12.49,129.79,51.01
Smaran Ravichandra,Mohamed Shiraz,3547,4699,84,547,173,110,15.42,132.48,55.94
Smaran Ravichandra,Craig Overton,1138,2342,49,169,172,150,14.85,205.8,47.8
Tim Seifert,Craig Overton,907,1910,39,96,137,118,10.58,210.58,48.97
Rahul Tripathi,Craig Overton,778,1276,55,165,80,78,21.21,164.01,23.2
Ankit Kumar,Craig Overton,676,1312,59,80,105,76,11.83,194.08,22.24
Cameron Green,Craig Overton,879,1519,58,186,108,92,21.16,172.81,26.19
Nitish Kumar Reddy,Mohamed Shiraz,162,263,15,25,21,13,15.43,162.35,17.53
Cameron Green,Mohamed Shiraz,279,397,28,84,33,21,30.11,142.29,14.18
Nitish Kumar Reddy,Craig Overton,560,990,47,89,74,57,15.89,176.79,21.06
Yash Dhull,Anshul Kamboj,3160,3860,73,231,36,8,7.31,122.15,52.88
Yash Dhull,Sonny Baker,3193,3903,81,214,44,6,6.7,122.24,48.19
Ayush Mhatre,Sonny Baker,3554,4464,66,229,74,17,6.44,125.6,67.64
Mukul Choudhary,Sonny Baker,1037,1345,37,44,27,13,4.24,129.7,36.35
Ashton Turner,Sonny Baker,283,376,6,16,7,2,5.65,132.86,62.67
Ashton Turner,Anshul Kamboj,244,292,12,13,3,0,5.33,119.67,24.33
Yash Dhull,Ashok Sharma,626,930,78,165,67,58,26.36,148.56,11.92
Ashton Turner,Ashok Sharma,615,644,115,149,27,34,24.23,104.72,5.6
Ashton Turner,Cameron Green,618,898,60,144,41,59,23.3,145.31,14.97
Mridul Surroch,Cameron Green,765,1503,50,78,109,92,10.2,196.47,30.06
Mridul Surroch,Ashok Sharma,844,1627,85,110,112,107,13.03,192.77,19.14
Sairaj Patil,Ashok Sharma,623,1070,80,70,76,58,11.24,171.75,13.38
Sairaj Patil,Corbin Bosch,652,1059,96,92,72,59,14.11,162.42,11.03
Yash Dhull,Corbin Bosch,420,502,60,140,19,38,33.33,119.52,8.37
Yash Dhull,Cameron Green,712,1162,37,185,77,73,25.98,163.2,31.41
Sairaj Patil,Cameron Green,530,997,41,46,66,56,8.68,188.11,24.32
Yuvraj Chaudhary,Cameron Green,393,552,22,90,32,27,22.9,140.46,25.09
Yuvraj Chaudhary,Corbin Bosch,603,683,50,171,24,30,28.36,113.27,13.66
Craig Overton,Corbin Bosch,295,286,55,114,21,14,38.64,96.95,5.2
Mayank Yadav,Corbin Bosch,153,65,54,53,2,1,34.64,42.48,1.2
Sairaj Patil,Kranthi Kumar,581,891,48,110,56,46,18.93,153.36,18.56
Umesh Yadav,Kranthi Kumar,279,248,45,57,5,1,20.43,88.89,5.51
Umesh Yadav,Ashok Sharma,356,360,49,61,5,7,17.13,101.12,7.35
Sairaj Patil,Nitish Kumar Reddy,528,1040,37,62,72,64,11.74,196.97,28.11
Umesh Yadav,Nitish Kumar Reddy,150,167,14,14,2,0,9.33,111.33,11.93
Umesh Yadav,Corbin Bosch,284,301,29,40,5,2,14.08,105.99,10.38
Umesh Yadav,Sonny Baker,291,312,28,29,2,1,9.97,107.22,11.14
Sairaj Patil,Sonny Baker,170,249,23,10,7,13,5.88,146.47,10.83
Sairaj Patil,Anshul Kamboj,109,164,9,5,10,4,4.59,150.46,18.22
Umesh Yadav,Anshul Kamboj,282,321,22,23,0,1,8.16,113.83,14.59
Kishan Lyngdoh,Lance Morris,2290,3349,58,520,174,160,22.71,146.24,57.74
Sam Curran,Hardik Pandya,683,1123,36,135,76,57,19.77,164.42,31.19
Sam Curran,Lance Morris,279,405,24,53,21,20,19.0,145.16,16.88
David Miller,Lungi Ngidi,530,867,34,118,59,48,22.26,163.58,25.5
Ravi Teja,Shivam Mavi,83,41,32,20,2,0,24.1,49.4,1.28
Mohammed Siraj,Shivam Mavi,99,56,29,39,2,2,39.39,56.57,1.93
Shivam Mavi,Sunil Narine,384,272,125,114,23,7,29.69,70.83,2.18
Ottneil Baartman,Mitchell Santner,355,311,51,66,4,1,18.59,87.61,6.1
Maheesh Theekshana,Sunil Narine,217,122,61,94,12,3,43.32,56.22,2.0
Rishabh Pant,Duan Jansen,229,226,36,68,11,11,29.69,98.69,6.28
Mohammed Shami,Chamika Gunasekara,74,42,25,28,0,3,37.84,56.76,1.68
Ashish Singh,Chamika Gunasekara,86,62,24,20,0,2,23.26,72.09,2.58
Akash Deep,Adam Zampa,164,169,34,27,10,2,16.46,103.05,4.97
Mitchell Starc,Yash Thakur,146,68,52,64,3,5,43.84,46.58,1.31
Sonal Dinusha,Matthew Forde,197,207,13,55,5,4,27.92,105.08,15.92
Will Jacks,Donovan Ferreira,881,1660,37,151,122,102,17.14,188.42,44.86
Washington Sundar,Donovan Ferreira,926,1516,59,179,106,78,19.33,163.71,25.69
Shubham Agarwal,Donovan Ferreira,203,165,33,83,8,6,40.89,81.28,5.0
Theesan Vithushan,Donovan Ferreira,106,45,32,55,3,3,51.89,42.45,1.41
Theesan Vithushan,Krunal Pandya,286,126,90,127,8,3,44.41,44.06,1.4
Isitha Wijesundara,Donovan Ferreira,307,299,18,112,14,6,36.48,97.39,16.61
Isitha Wijesundara,Ravi Bishnoi,273,290,20,53,4,1,19.41,106.23,14.5
Isitha Wijesundara,Nishan Peiris,290,296,18,70,1,3,24.14,102.07,16.44
Kishan Lyngdoh,Liam Livingstone,1037,2209,29,96,165,129,9.26,213.02,76.17
Sai Sudharsan,Khaleel Ahmed,1346,2290,30,140,123,105,10.4,170.13,76.33
Jos Buttler,Khaleel Ahmed,190,327,9,42,24,19,22.11,172.11,36.33
Liam Livingstone,Sam Curran,816,1859,40,38,143,110,4.66,227.82,46.48
Jos Buttler,Sam Curran,829,1515,58,159,99,95,19.18,182.75,26.12
Liam Livingstone,Jason Holder,796,1544,48,82,120,81,10.3,193.97,32.17
Kunal Chandela,Jason Holder,687,1249,46,89,85,67,12.95,181.8,27.15
Jaydev Unadkat,Jason Holder,180,115,64,58,8,5,32.22,63.89,1.8
Prasidh Krishna,Jason Holder,161,124,51,45,4,6,27.95,77.02,2.43
Prasidh Krishna,Khaleel Ahmed,39,30,14,6,1,1,15.38,76.92,2.14
Mohammed Siraj,Khaleel Ahmed,118,128,11,16,1,1,13.56,108.47,11.64
Avesh Khan,Khaleel Ahmed,68,75,5,4,1,0,5.88,110.29,15.0
Gangam Anikethreddy,Ravi Bishnoi,82,49,26,28,4,0,34.15,59.76,1.88
Ankit Kumar,Gangam Anikethreddy,1115,1585,121,217,93,79,19.46,142.15,13.1
Ankit Kumar,Shiran Fernando,867,1548,57,75,95,76,8.65,178.55,27.16
Harsh Dubey,Saransh Jain,307,243,96,93,13,14,30.29,79.15,2.53
Ravi Bishnoi,Gangam Anikethreddy,259,217,31,72,1,0,27.8,83.78,7.0
Ravi Bishnoi,Saransh Jain,448,402,73,96,4,5,21.43,89.73,5.51
Donovan Ferreira,Mohammed Siraj,445,855,54,61,61,58,13.71,192.13,15.83
Mitchell Santner,Suryansh Shedge,368,682,20,65,65,32,17.66,185.33,34.1
Ravi Teja,Kagiso Rabada,80,88,22,21,9,4,26.25,110.0,4.0
Rashid Khan,Tanay Thyagarajan,110,152,30,12,11,7,10.91,138.18,5.07
Gangam Anikethreddy,Tanay Thyagarajan,100,75,26,39,4,3,39.0,75.0,2.88
Harpreet Brar,Rashid Khan,225,263,48,53,16,13,23.56,116.89,5.48
Dan Lawrence,Rashid Khan,471,707,23,68,45,27,14.44,150.11,30.74
Yuzvendra Chahal,Rashid Khan,115,119,8,16,0,0,13.91,103.48,14.88
Rinku Singh,Charith Asalanka,938,1816,22,141,127,110,15.03,193.6,82.55
Dushan Hemantha,Dasun Shanaka,329,302,78,91,19,11,27.66,91.79,3.87
Dushan Hemantha,Kuldeep Yadav,142,119,42,36,5,4,25.35,83.8,2.83
Dushan Hemantha,Vaisakh Chandran,111,127,29,23,7,7,20.72,114.41,4.38
Sahan Arachchige,Mohammed Shami,359,482,78,50,27,27,13.93,134.26,6.18
Prince Yadav,Seekkuge Prasanna,406,443,50,51,9,3,12.56,109.11,8.86
Seekkuge Prasanna,Akeal Hosein,551,960,59,96,79,54,17.42,174.23,16.27
Akeal Hosein,Tanay Thyagarajan,131,102,49,26,6,3,19.85,77.86,2.08
Sanvir Singh,Athisayaraj Davidson,415,722,61,46,43,46,11.08,173.98,11.84
Axar Patel,Athisayaraj Davidson,389,479,53,79,26,20,20.31,123.14,9.04
Akeal Hosein,Jasprit Bumrah,214,164,72,58,8,9,27.1,76.64,2.28
Lasith Embuldeniya,Jasprit Bumrah,370,342,54,72,5,1,19.46,92.43,6.33
Adam Zampa,Dasun Shanaka,111,129,7,8,2,0,7.21,116.22,18.43
Marcus Stoinis,Calvin Harrison,1090,1919,108,165,125,114,15.14,176.06,17.77
Lalit Yadav,Mayank Yadav,374,781,26,41,53,53,10.96,208.82,30.04
Dian Forrester,Craig Overton,356,531,15,73,33,24,20.51,149.16,35.4
Jai Moondra,Craig Overton,94,116,22,15,5,7,15.96,123.4,5.27
Sdnv Prasad,Binura Fernando,249,424,16,42,34,21,16.87,170.28,26.5
Sdnv Prasad,Ashish Singh,269,488,9,49,40,23,18.22,181.41,54.22
Dian Forrester,Ashish Singh,149,210,5,41,9,12,27.52,140.94,42.0
Arpit Vasavada,Shahbaz Ahmed,866,1432,67,159,112,70,18.36,165.36,21.37
Dushan Hemantha,Saransh Jain,335,221,104,106,12,7,31.64,65.97,2.12
Lasith Embuldeniya,Saransh Jain,574,593,75,94,10,4,16.38,103.31,7.91
Lasith Embuldeniya,Shahbaz Ahmed,489,471,48,97,6,2,19.84,96.32,9.81
Arpit Vasavada,Rashid Khan,762,903,72,206,48,37,27.03,118.5,12.54
Lasith Embuldeniya,Rashid Khan,387,366,51,69,7,0,17.83,94.57,7.18
Mohammed Shami,Gangam Anikethreddy,250,274,20,20,1,1,8.0,109.6,13.7
Lance Morris,Maheesh Theekshana,104,97,23,34,7,3,32.69,93.27,4.22
Ramandeep Singh,Raj Angad Bawa,834,1601,103,89,141,90,10.67,191.97,15.54
Raj Limbani,Noor Ahmad,169,203,19,22,5,7,13.02,120.12,10.68
Athisayaraj Davidson,Ashwin Das,117,97,33,42,6,6,35.9,82.91,2.94
Rishabh Pant,Jai Moondra,126,196,9,20,15,8,15.87,155.56,21.78
Auqib Nabi,Jai Moondra,111,174,11,22,13,8,19.82,156.76,15.82
Rahul Tripathi,Mohamed Shiraz,1152,1423,61,246,55,49,21.35,123.52,23.33
Rahul Tripathi,Umesh Yadav,1251,1961,50,194,89,92,15.51,156.75,39.22
Rahul Tripathi,Mayank Yadav,1253,1752,47,203,83,59,16.2,139.82,37.28
Kranthi Kumar,Craig Overton,432,708,28,84,47,40,19.44,163.89,25.29
Kranthi Kumar,Umesh Yadav,127,233,13,16,19,11,12.6,183.46,17.92
Corbin Bosch,Umesh Yadav,154,193,11,37,11,8,24.03,125.32,17.55
Anshul Kamboj,Umesh Yadav,47,26,15,12,0,0,25.53,55.32,1.73
Nitish Kumar Reddy,Umesh Yadav,163,298,13,28,19,20,17.18,182.82,22.92
Anshul Kamboj,Mayank Yadav,40,46,9,8,2,2,20.0,115.0,5.11
Nitish Kumar Reddy,Mayank Yadav,138,249,13,22,24,11,15.94,180.43,19.15
Ashok Sharma,Mayank Yadav,81,90,3,9,1,1,11.11,111.11,30.0
Yash Dhull,Kranthi Kumar,622,499,64,302,33,21,48.55,80.23,7.8
Ayush Mhatre,Kranthi Kumar,1062,1501,59,334,82,92,31.45,141.34,25.44
Ayush Mhatre,Cameron Green,1079,2443,47,60,146,172,5.56,226.41,51.98
Ayush Mhatre,Corbin Bosch,795,1515,62,100,107,93,12.58,190.57,24.44
Ayush Mhatre,Ashok Sharma,1006,2176,45,86,159,134,8.55,216.3,48.36
Mukul Choudhary,Kranthi Kumar,1077,1439,71,321,88,78,29.81,133.61,20.27
Mukul Choudhary,Ashok Sharma,1152,2321,60,125,185,131,10.85,201.48,38.68
Mukul Choudhary,Nitish Kumar Reddy,1110,2349,45,102,177,136,9.19,211.62,52.2
Ayush Mhatre,Nitish Kumar Reddy,1013,2200,52,53,138,144,5.23,217.18,42.31
Mukul Choudhary,Cameron Green,1094,2353,48,90,158,154,8.23,215.08,49.02
Dan Lawrence,Isitha Wijesundara,605,1070,21,81,71,56,13.39,176.86,50.95
Tanay Thyagarajan,Isitha Wijesundara,196,232,17,36,10,3,18.37,118.37,13.65
Virat Singh,Sonny Baker,301,485,12,25,26,16,8.31,161.13,40.42
Rashid Khan,Kranthi Kumar,145,92,45,41,6,1,28.28,63.45,2.04
Jason Holder,Cameron Green,148,141,10,40,7,2,27.03,95.27,14.1
Khaleel Ahmed,Cameron Green,95,102,10,10,1,0,10.53,107.37,10.2
Jason Holder,Sonny Baker,200,225,30,38,9,8,19.0,112.5,7.5
Khaleel Ahmed,Sonny Baker,199,198,31,20,3,0,10.05,99.5,6.39
Jason Holder,Anshul Kamboj,178,245,18,25,16,7,14.04,137.64,13.61
Khaleel Ahmed,Anshul Kamboj,224,216,22,37,1,2,16.52,96.43,9.82
Corbin Bosch,Prince Yadav,187,269,14,45,14,14,24.06,143.85,19.21
Nitish Kumar Reddy,Rashid Khan,133,251,10,19,18,15,14.29,188.72,25.1
Suryansh Shedge,Rashid Khan,576,898,60,104,62,44,18.06,155.9,14.97
Nishant Sindhu,Shardul Thakur,764,1538,101,27,103,97,3.53,201.31,15.23
Shubman Gill,Sam Curran,838,1817,53,47,136,111,5.61,216.83,34.28
Priyansh Arya,Sai Kishore,776,1845,49,2,137,119,0.26,237.76,37.65
Charith Asalanka,Mohammed Siraj,398,529,35,104,34,25,26.13,132.91,15.11
Yuzvendra Chahal,Jasprit Bumrah,175,184,19,22,0,1,12.57,105.14,9.68
Raj Angad Bawa,Yuzvendra Chahal,368,651,29,82,55,37,22.28,176.9,22.45
Raj Angad Bawa,Tanay Thyagarajan,405,505,47,106,29,27,26.17,124.69,10.74
Arzan Nagwaswalla,Hardik Pandya,334,368,36,26,2,2,7.78,110.18,10.22
Gurinder Singh,Josh Tongue,204,88,68,86,8,2,42.16,43.14,1.29
Suryakumar Yadav,Harpreet Brar,527,761,44,88,48,30,16.7,144.4,17.3
Dan Lawrence,Josh Tongue,443,641,24,73,37,22,16.48,144.7,26.71
Harpreet Brar,Josh Tongue,281,359,66,64,28,21,22.78,127.76,5.44
Yuzvendra Chahal,Varun Chakravarthy,170,173,8,36,3,0,21.18,101.76,21.62
Harpreet Brar,Chamika Gunasekara,289,435,55,57,32,24,19.72,150.52,7.91
Yuzvendra Chahal,Josh Tongue,144,154,10,16,0,0,11.11,106.94,15.4
Rashid Khan,Lasith Embuldeniya,179,141,58,48,10,5,26.82,78.77,2.43
Maheesh Theekshana,Dasun Shanaka,585,468,131,155,13,10,26.5,80.0,3.57
Ottneil Baartman,Dasun Shanaka,739,763,87,101,11,3,13.67,103.25,8.77
CV Stephen,Varun Chakravarthy,87,81,15,14,0,2,16.09,93.1,5.4
Sunil Narine,Varun Chakravarthy,243,288,18,40,9,4,16.46,118.52,16.0
CV Stephen,Vaisakh Chandran,80,68,12,16,0,1,20.0,85.0,5.67
Sunil Narine,Vaisakh Chandran,68,77,14,18,3,5,26.47,113.24,5.5
Mohammed Shami,Rachin Ravindra,332,371,33,37,3,3,11.14,111.75,11.24
Raj Angad Bawa,Raj Limbani,412,764,78,42,64,44,10.19,185.44,9.79
Abhishek Sharma,Raj Limbani,624,1194,89,37,96,65,5.93,191.35,13.42
Lalit Yadav,Raj Limbani,732,1620,73,38,131,99,5.19,221.31,22.19
Salil Arora,Nishan Peiris,431,764,44,71,72,37,16.47,177.26,17.36
Hardik Pandya,Khaleel Ahmed,240,390,16,45,20,24,18.75,162.5,24.38
Prince Yadav,Tripuresh Singh,43,31,7,10,0,0,23.26,72.09,4.43
Sairaj Patil,Binura Fernando,196,328,16,23,24,14,11.73,167.35,20.5
Will Jacks,Harsh Dubey,421,795,33,55,68,42,13.06,188.84,24.09
Chris Lynn,Harsh Dubey,612,986,53,131,63,56,21.41,161.11,18.6
Rohit Sharma,Scott Curie,550,1160,49,49,95,69,8.91,210.91,23.67
Donovan Ferreira,Theesan Vithushan,330,726,36,25,66,44,7.58,220.0,20.17
Mitchell Starc,Will Jacks,36,10,14,13,0,0,36.11,27.78,0.71
Sonal Dinusha,Will Jacks,90,106,4,25,1,4,27.78,117.78,26.5
Adam Zampa,Will Jacks,32,30,5,3,0,0,9.38,93.75,6.0
Theesan Vithushan,Prashant Veer,308,173,106,133,5,13,43.18,56.17,1.63
Isitha Wijesundara,Prashant Veer,636,616,40,180,10,8,28.3,96.86,15.4
Washington Sundar,Nishan Peiris,301,454,42,38,36,16,12.62,150.83,10.81
Aneurin Donald,Gangam Anikethreddy,966,1499,58,243,89,92,25.16,155.18,25.84
Rashid Khan,Harpreet Brar,283,325,77,47,16,14,16.61,114.84,4.22
Shahbaz Ahmed,Yuzvendra Chahal,573,799,26,57,28,18,9.95,139.44,30.73
Rashid Khan,Yuzvendra Chahal,251,264,68,42,13,11,16.73,105.18,3.88
Gangam Anikethreddy,Yuzvendra Chahal,327,248,74,99,9,4,30.28,75.84,3.35
Mayank Yadav,Mohammed Siraj,60,29,23,16,1,0,26.67,48.33,1.26
Umesh Yadav,Mohammed Siraj,79,83,21,12,1,3,15.19,105.06,3.95
Mohamed Shiraz,Mohammed Siraj,63,62,5,10,0,0,15.87,98.41,12.4
Lahiru Udara,Craig Overton,749,1314,70,111,81,81,14.82,175.43,18.77
Liam Livingstone,Craig Overton,880,1820,58,84,129,116,9.55,206.82,31.38
Jaydev Unadkat,Mohamed Shiraz,57,46,20,12,2,2,21.05,80.7,2.3
Kunal Chandela,Mayank Yadav,131,250,7,12,16,13,9.16,190.84,35.71
Prasidh Krishna,Mayank Yadav,63,57,16,14,4,1,22.22,90.48,3.56
Mayank Agarwal,Calvin Harrison,269,495,15,52,33,33,19.33,184.01,33.0
Jitesh Sharma,Calvin Harrison,359,591,60,54,37,36,15.04,164.62,9.85
Axar Patel,Jasprit Bumrah,371,453,50,83,18,26,22.37,122.1,9.06
Duvindu Tillakaratne,Charith Asalanka,225,250,14,23,1,1,10.22,111.11,17.86
Duvindu Tillakaratne,Dasun Shanaka,309,315,31,42,3,0,13.59,101.94,10.16
Lance Morris,Mayank Yadav,51,39,15,11,2,1,21.57,76.47,2.6
Craig Overton,Lance Morris,192,169,36,84,13,10,43.75,88.02,4.69
Craig Overton,Arshdeep Singh,134,166,17,47,13,9,35.07,123.88,9.76
Mayank Yadav,Nathan Ellis,96,45,30,35,2,0,36.46,46.88,1.5
Mohamed Shiraz,Nathan Ellis,94,89,13,12,1,0,12.77,94.68,6.85
Mohamed Shiraz,Arshdeep Singh,72,80,7,1,0,0,1.39,111.11,11.43
Rishabh Pant,Mohsin Khan,2355,2733,218,495,87,99,21.02,116.05,12.54
Arpit Vasavada,Maheesh Theekshana,439,538,15,128,30,21,29.16,122.55,35.87
Anshul Kamboj,Akash Vasisht,353,347,57,59,6,4,16.71,98.3,6.09
Kagiso Rabada,Akash Vasisht,241,262,28,36,6,3,14.94,108.71,9.36
Sahan Arachchige,CV Stephen,241,371,76,18,30,22,7.47,153.94,4.88
Akash Vasisht,Hardik Pandya,916,1546,49,152,94,84,16.59,168.78,31.55
Lungi Ngidi,Tanay Thyagarajan,114,86,34,34,3,4,29.82,75.44,2.53
Mukesh Kumar,Tanay Thyagarajan,166,143,30,30,3,0,18.07,86.14,4.77
Rahul Chahar,Yuzvendra Chahal,117,130,10,13,0,1,11.11,111.11,13.0
Arzan Nagwaswalla,Shahbaz Ahmed,141,157,9,12,2,0,8.51,111.35,17.44
Arzan Nagwaswalla,Saransh Jain,161,168,16,20,2,1,12.42,104.35,10.5
Ravindra Jadeja,Vaisakh Chandran,309,409,14,90,26,19,29.13,132.36,29.21
Dhruv Jurel,Harpreet Brar,611,802,32,35,26,6,5.73,131.26,25.06
Dunith Wellalage,Ravi Teja,360,538,22,65,31,25,18.06,149.44,24.45
Maheesh Theekshana,Ravi Teja,98,70,33,32,8,1,32.65,71.43,2.12
Ottneil Baartman,Ravi Teja,141,115,27,31,2,1,21.99,81.56,4.26
Mohsin Khan,Mohammed Siraj,138,130,12,19,0,0,13.77,94.2,10.83
Ismat Alam,Theesan Vithushan,68,101,13,16,10,5,23.53,148.53,7.77
Ismat Alam,Washington Sundar,179,360,21,23,36,18,12.85,201.12,17.14
David Miller,Varun Chakravarthy,1196,1893,80,252,121,109,21.07,158.28,23.66
Ramandeep Singh,Sahan Arachchige,941,1610,167,110,128,85,11.69,171.09,9.64
Ramandeep Singh,Dasun Shanaka,906,1803,96,73,150,101,8.06,199.01,18.78
Raj Limbani,Varun Chakravarthy,276,313,30,30,11,2,10.87,113.41,10.43
Raj Limbani,Kuldeep Yadav,322,380,45,36,10,6,11.18,118.01,8.44
Ryan Rickelton,Raj Limbani,2301,3298,69,125,98,56,5.43,143.33,47.8
Suryakumar Yadav,Isitha Wijesundara,1905,3507,75,319,247,203,16.75,184.09,46.76
Josh Tongue,Isitha Wijesundara,225,130,66,82,5,5,36.44,57.78,1.97
Josh Tongue,Ashwin Das,246,136,92,81,7,5,32.93,55.28,1.48
Kuldeep Yadav,Raj Limbani,183,92,71,75,4,6,40.98,50.27,1.3
Dasun Shanaka,Avinov Choudhary,364,579,50,41,39,26,11.26,159.07,11.58
Dasun Shanaka,Jai Moondra,128,173,13,18,12,5,14.06,135.16,13.31
Josh Tongue,Jai Moondra,36,39,12,9,0,4,25.0,108.33,3.25
Ravi Teja,Akash Vasisht,97,52,43,27,3,2,27.84,53.61,1.21
Mohammed Siraj,Akash Vasisht,100,69,33,34,4,4,34.0,69.0,2.09
Mitchell Santner,Mukesh Kumar,223,389,16,39,37,14,17.49,174.44,24.31
Prasidh Krishna,Akash Vasisht,143,149,19,22,2,2,15.38,104.2,7.84
Lalit Yadav,Nishan Peiris,465,990,16,63,76,65,13.55,212.9,61.88
Shiran Fernando,Dian Forrester,389,421,31,42,4,1,10.8,108.23,13.58
Lahiru Udara,Sam Curran,687,1192,81,72,84,63,10.48,173.51,14.72
Nitish Rana,Sam Curran,586,1038,65,76,78,57,12.97,177.13,15.97
Kunal Chandela,Sam Curran,600,1039,32,80,69,52,13.33,173.17,32.47
Sam Curran,Liam Livingstone,475,910,17,55,65,46,11.58,191.58,53.53
Sam Curran,Mohammed Siraj,225,359,7,54,20,21,24.0,159.56,51.29
Rashid Khan,Avesh Khan,72,70,20,24,6,4,33.33,97.22,3.5
Jason Holder,Avesh Khan,90,125,13,25,8,8,27.78,138.89,9.62
Sam Curran,Avesh Khan,283,512,10,45,31,31,15.9,180.92,51.2
Seekkuge Prasanna,Mitchell Starc,238,440,50,14,35,25,5.88,184.87,8.8
Adam Zampa,Vishen Halambage,326,356,22,33,2,0,10.12,109.2,16.18
Lance Morris,Binura Fernando,54,55,18,12,7,1,22.22,101.85,3.06
Arshdeep Singh,Binura Fernando,75,42,23,27,0,2,36.0,56.0,1.83
Nathan Ellis,Ashish Singh,90,95,2,12,1,0,13.33,105.56,47.5
Abhimanyu Easwaran,CV Stephen,676,1305,44,62,91,71,9.17,193.05,29.66
Vaisakh Chandran,Liam Livingstone,265,256,34,54,7,1,20.38,96.6,7.53
Akeal Hosein,Donovan Ferreira,206,111,76,70,7,4,33.98,53.88,1.46
Lasith Embuldeniya,Donovan Ferreira,368,321,45,97,2,3,26.36,87.23,7.13
Binura Fernando,Donovan Ferreira,101,114,7,11,0,2,10.89,112.87,16.29
Binura Fernando,Suryansh Shedge,92,102,9,11,1,0,11.96,110.87,11.33
Hardik Pandya,Bhuvneshwar Kumar,312,564,35,51,46,33,16.35,180.77,16.11
Jitesh Sharma,Theesan Vithushan,143,244,13,24,19,13,16.78,170.63,18.77
Mayank Agarwal,Will Jacks,408,800,33,49,66,45,12.01,196.08,24.24
Theesan Vithushan,Nathan Ellis,120,62,35,52,4,2,43.33,51.67,1.77
Bhuvneshwar Kumar,Lance Morris,146,146,16,19,1,0,13.01,100.0,9.12
Duvindu Tillakaratne,Tripuresh Singh,97,82,20,13,1,0,13.4,84.54,4.1
Deepak Hooda,Donovan Ferreira,1033,1862,44,231,124,121,22.36,180.25,42.32
Deepak Hooda,Prashant Veer,996,1413,110,293,104,83,29.42,141.87,12.85
Kamil Mishara,Mitchell Marsh,827,1610,48,81,114,89,9.79,194.68,33.54
Gurinder Singh,Binura Fernando,60,67,19,14,4,4,23.33,111.67,3.53
Marcus Stoinis,Ashish Singh,204,294,19,39,20,13,19.12,144.12,15.47
Gurinder Singh,Ashish Singh,75,56,28,15,4,1,20.0,74.67,2.0
Auqib Nabi,Sai Kishore,102,183,10,14,9,12,13.73,179.41,18.3
Binura Fernando,Sai Kishore,21,28,2,3,0,2,14.29,133.33,14.0
Binura Fernando,Gurinder Singh,87,84,9,12,0,0,13.79,96.55,9.33
Binura Fernando,Maheesh Theekshana,218,249,12,26,2,1,11.93,114.22,20.75
Sairaj Patil,Rashid Khan,155,264,14,11,12,15,7.1,170.32,18.86
Yuvraj Chaudhary,Sam Curran,554,787,57,136,49,45,24.55,142.06,13.81
Mayank Yadav,Sam Curran,196,127,55,65,2,7,33.16,64.8,2.31
Umesh Yadav,Rashid Khan,165,180,17,17,2,0,10.3,109.09,10.59
Umesh Yadav,Prince Yadav,154,175,19,14,2,2,9.09,113.64,9.21
Mohamed Shiraz,Prince Yadav,112,128,10,8,1,0,7.14,114.29,12.8
Kranthi Kumar,Tripuresh Singh,300,369,43,78,24,17,26.0,123.0,8.58
Kranthi Kumar,Nathan Ellis,329,402,40,86,29,17,26.14,122.19,10.05
Anshul Kamboj,Nathan Ellis,63,33,23,18,0,1,28.57,52.38,1.43
Ashok Sharma,Nathan Ellis,118,115,18,13,1,1,11.02,97.46,6.39
Arshdeep Singh,Cameron Green,120,83,30,42,2,3,35.0,69.17,2.77
Ottneil Baartman,Akeal Hosein,169,167,28,20,1,1,11.83,98.82,5.96
Praveen Jayawickrama,Mohammed Shami,71,51,22,26,4,2,36.62,71.83,2.32
Kuldeep Yadav,Yuzvendra Chahal,281,161,68,124,7,3,44.13,57.3,2.37
Ravindra Jadeja,Kuldeep Yadav,354,558,22,78,26,38,22.03,157.63,25.36
Rashid Khan,Shivam Mavi,176,160,56,50,8,11,28.41,90.91,2.86
Shivam Mavi,Calvin Harrison,370,312,138,84,25,13,22.7,84.32,2.26
Ottneil Baartman,Prince Yadav,259,236,26,54,3,2,20.85,91.12,9.08
Athisayaraj Davidson,Kuldeep Yadav,195,127,54,62,5,5,31.79,65.13,2.35
Abhishek Sharma,Lungi Ngidi,634,1135,37,89,86,58,14.04,179.02,30.68
Atit Sheth,Rahul Chahar,312,508,26,36,26,25,11.54,162.82,19.54
Arzan Nagwaswalla,Mukesh Kumar,132,152,11,12,1,1,9.09,115.15,13.82
Malinda Pushpakumara,Sonal Dinusha,168,169,18,30,3,0,17.86,100.6,9.39
Malinda Pushpakumara,Mridul Surroch,117,113,13,24,3,1,20.51,96.58,8.69
Malinda Pushpakumara,Akash Vasisht,103,85,16,19,1,0,18.45,82.52,5.31
Shivam Dube,CV Stephen,416,870,59,26,70,54,6.25,209.13,14.75
Harry Brook,CV Stephen,1649,2445,49,76,86,49,4.61,148.27,49.9
Shivam Dube,Malinda Pushpakumara,358,660,54,25,51,33,6.98,184.36,12.22
Binura Fernando,Rahul Chahar,133,144,11,12,2,1,9.02,108.27,13.09
Kagiso Rabada,Washington Sundar,168,159,18,26,0,0,15.48,94.64,8.83
Salil Arora,Arzan Nagwaswalla,522,891,31,101,56,56,19.35,170.69,28.74
Mitchell Santner,Dian Forrester,716,1136,28,181,76,63,25.28,158.66,40.57
Mitchell Santner,Jasprit Bumrah,427,512,53,136,40,23,31.85,119.91,9.66
Mitchell Santner,Praveen Jayawickrama,268,298,34,94,19,15,35.07,111.19,8.76
Tilak Varma,Noor Ahmad,737,987,28,191,61,43,25.92,133.92,35.25
Noor Ahmad,Calvin Harrison,257,168,86,86,14,5,33.46,65.37,1.95
Shivam Mavi,Raj Limbani,196,216,78,25,19,10,12.76,110.2,2.77
Isitha Wijesundara,Ottneil Baartman,176,163,39,73,11,10,41.48,92.61,4.18
Lahiru Udara,Sonny Baker,281,387,12,16,14,4,5.69,137.72,32.25
Lahiru Udara,Anshul Kamboj,256,329,12,13,10,2,5.08,128.52,27.42
Nitish Rana,Sonny Baker,164,228,30,17,15,9,10.37,139.02,7.6
Nitish Rana,Anshul Kamboj,129,194,9,12,10,8,9.3,150.39,21.56
Vishen Halambage,Rashid Khan,321,591,34,44,50,31,13.71,184.11,17.38
Axar Patel,Rashid Khan,537,636,71,124,36,27,23.09,118.44,8.96
Tanay Thyagarajan,Josh Tongue,264,301,28,28,4,4,10.61,114.02,10.75
Josh Tongue,Krunal Pandya,293,209,83,90,13,6,30.72,71.33,2.52
Varun Chakravarthy,Kagiso Rabada,172,195,15,14,2,2,8.14,113.37,13.0
Varun Chakravarthy,Harsh Dubey,428,452,58,55,10,3,12.85,105.61,7.79
Tanay Thyagarajan,Raj Angad Bawa,586,662,48,89,12,9,15.19,112.97,13.79
Tanay Thyagarajan,Arzan Nagwaswalla,221,245,18,24,7,1,10.86,110.86,13.61
Tanay Thyagarajan,Jasprit Bumrah,254,288,24,34,7,3,13.39,113.39,12.0
Noor Ahmad,Yuzvendra Chahal,119,97,38,32,3,6,26.89,81.51,2.55
Ravindra Jadeja,Isitha Wijesundara,224,371,5,49,24,20,21.88,165.62,74.2
Shivam Mavi,Suryansh Shedge,206,127,71,70,8,6,33.98,61.65,1.79
Maheesh Theekshana,Donovan Ferreira,137,77,39,52,3,2,37.96,56.2,1.97
Ottneil Baartman,Donovan Ferreira,184,166,25,40,3,3,21.74,90.22,6.64
Mohsin Khan,Donovan Ferreira,434,344,77,117,7,3,26.96,79.26,4.47
Sairaj Patil,Sam Curran,647,1201,75,70,83,76,10.82,185.63,16.01
Umesh Yadav,Sam Curran,210,203,41,30,5,2,14.29,96.67,4.95
Mohamed Shiraz,Sam Curran,184,186,22,23,2,0,12.5,101.09,8.45
Mohamed Shiraz,Rashid Khan,116,123,5,17,1,0,14.66,106.03,24.6
Akeal Hosein,Shahbaz Ahmed,309,293,98,63,22,10,20.39,94.82,2.99
Dushan Hemantha,Shahbaz Ahmed,279,234,84,85,12,13,30.47,83.87,2.79
Auqib Nabi,Will Jacks,107,145,12,27,9,8,25.23,135.51,12.08
Auqib Nabi,Washington Sundar,150,250,14,25,21,11,16.67,166.67,17.86
Mohammed Shami,Will Jacks,96,77,19,16,1,0,16.67,80.21,4.05
Ashish Singh,Washington Sundar,91,87,13,19,0,2,20.88,95.6,6.69
Ashish Singh,Manav Suthar,49,44,5,12,0,0,24.49,89.8,8.8
Duvindu Tillakaratne,Binura Fernando,77,86,11,4,1,0,5.19,111.69,7.82
Bhuvneshwar Kumar,Mohammed Shami,146,155,12,25,3,2,17.12,106.16,12.92
Sonal Dinusha,Shiran Fernando,215,218,14,49,3,2,22.79,101.4,15.57
Lungi Ngidi,Chamika Gunasekara,102,93,31,29,4,7,28.43,91.18,3.0
Josh Tongue,Athisayaraj Davidson,124,78,42,33,3,2,26.61,62.9,1.86
Liam Livingstone,Dushan Hemantha,277,438,23,61,31,26,22.02,158.12,19.04
CV Stephen,Mohammed Shami,60,46,14,18,2,1,30.0,76.67,3.29
Sunil Narine,Mohammed Shami,65,65,14,11,4,2,16.92,100.0,4.64
Kagiso Rabada,Tanay Thyagarajan,260,283,25,29,3,0,11.15,108.85,11.32
Bhuvneshwar Kumar,Joel Davies,103,91,20,22,1,2,21.36,88.35,4.55
Duvindu Tillakaratne,Joel Davies,62,69,7,11,1,1,17.74,111.29,9.86
Kagiso Rabada,Shivam Mavi,160,178,9,19,1,1,11.88,111.25,19.78
Vaisakh Chandran,Sunil Narine,216,188,31,51,0,2,23.61,87.04,6.06
Binura Fernando,Hardik Pandya,549,592,56,68,4,4,12.39,107.83,10.57
Rinku Singh,Yuzvendra Chahal,1339,2391,64,165,159,123,12.32,178.57,37.36
Cameron Green,Gurinder Singh,192,394,14,22,29,24,11.46,205.21,28.14
Ishan Kishan,Sonny Baker,314,455,18,18,15,12,5.73,144.9,25.28
Ishan Kishan,Jai Moondra,670,1389,23,54,93,79,8.06,207.31,60.39
Nimesh Vimukthi,Jasprit Bumrah,157,157,11,25,1,1,15.92,100.0,14.27
Maheesh Theekshana,Jai Moondra,64,73,8,6,2,0,9.38,114.06,9.12
Lalit Yadav,Nimesh Vimukthi,717,1453,30,106,114,91,14.78,202.65,48.43
Sdnv Prasad,Nimesh Vimukthi,427,838,17,82,64,54,19.2,196.25,49.29
Jasprit Bumrah,Nimesh Vimukthi,19,17,4,6,1,0,31.58,89.47,4.25
Arzan Nagwaswalla,Nimesh Vimukthi,16,19,0,4,1,0,25.0,118.75,19.0
Jai Moondra,Nimesh Vimukthi,26,22,6,11,0,2,42.31,84.62,3.67
Arzan Nagwaswalla,Maheesh Theekshana,189,187,18,26,1,1,13.76,98.94,10.39
Rohit Sharma,Atit Sheth,735,1511,91,39,115,90,5.31,205.58,16.6
Sarfaraz Khan,Praveen Jayawickrama,434,583,60,65,36,18,14.98,134.33,9.72
Yash Thakur,Rachin Ravindra,932,950,129,134,20,6,14.38,101.93,7.36
Yash Thakur,Arzan Nagwaswalla,250,250,33,30,3,1,12.0,100.0,7.58
Lalit Yadav,Harsh Dubey,1074,2245,62,106,190,122,9.87,209.03,36.21
Praveen Jayawickrama,Krunal Pandya,119,56,42,42,6,0,35.29,47.06,1.33
Praveen Jayawickrama,Prashant Veer,122,63,47,45,2,4,36.89,51.64,1.34
Jasprit Bumrah,Prashant Veer,161,154,24,24,1,1,14.91,95.65,6.42
Arzan Nagwaswalla,Krunal Pandya,316,324,35,46,2,3,14.56,102.53,9.26
Prashant Veer,Praveen Jayawickrama,428,565,43,92,29,27,21.5,132.01,13.14
Athisayaraj Davidson,Yuzvendra Chahal,100,72,31,27,2,3,27.0,72.0,2.32
Akash Deep,Lasith Embuldeniya,207,135,67,57,4,6,27.54,65.22,2.01
Vidwath Kaverappa,Dushan Hemantha,204,206,25,29,1,3,14.22,100.98,8.24
Dushan Hemantha,Akash Deep,169,136,58,44,9,4,26.04,80.47,2.34
Dushan Hemantha,Mohsin Khan,149,131,47,34,8,5,22.82,87.92,2.79
Lasith Embuldeniya,Akash Deep,280,267,35,59,4,2,21.07,95.36,7.63
Lasith Embuldeniya,Yash Thakur,283,255,29,67,4,1,23.67,90.11,8.79
Lasith Embuldeniya,Matthew Forde,291,302,24,51,1,5,17.53,103.78,12.58
Kagiso Rabada,Avinov Choudhary,271,266,25,40,0,2,14.76,98.15,10.64
Kuldeep Yadav,Shahbaz Ahmed,322,126,104,159,7,6,49.38,39.13,1.21
Varun Chakravarthy,Shahbaz Ahmed,577,616,68,85,6,5,14.73,106.76,9.06
Vaisakh Chandran,Shahbaz Ahmed,486,484,36,105,3,2,21.6,99.59,13.44
Vaisakh Chandran,Rashid Khan,192,190,10,37,1,0,19.27,98.96,19.0
Vaisakh Chandran,Shiran Fernando,174,182,9,33,3,0,18.97,104.6,20.22
Nitish Kumar Reddy,Mridul Surroch,532,1102,45,56,77,73,10.53,207.14,24.49
Kranthi Kumar,Mohamed Shiraz,105,130,14,15,6,4,14.29,123.81,9.29
Corbin Bosch,Mohamed Shiraz,167,201,10,52,10,9,31.14,120.36,20.1
Ashton Turner,Nitish Kumar Reddy,486,618,51,111,33,32,22.84,127.16,12.12
Mridul Surroch,Nitish Kumar Reddy,684,1341,30,78,97,74,11.4,196.05,44.7
Mridul Surroch,Kranthi Kumar,757,1039,77,187,75,49,24.7,137.25,13.49
Mridul Surroch,Corbin Bosch,788,1254,94,147,89,72,18.65,159.14,13.34
Mukul Choudhary,Corbin Bosch,998,1834,88,149,107,125,14.93,183.77,20.84
Yuvraj Chaudhary,Kranthi Kumar,476,566,53,123,29,24,25.84,118.91,10.68
Craig Overton,Kranthi Kumar,352,221,71,164,16,7,46.59,62.78,3.11
Mayank Yadav,Ashok Sharma,200,109,70,62,4,4,31.0,54.5,1.56
Craig Overton,Cameron Green,242,283,27,84,16,16,34.71,116.94,10.48
Mohamed Shiraz,Cameron Green,149,194,11,12,4,3,8.05,130.2,17.64
Craig Overton,Nitish Kumar Reddy,217,305,28,60,25,14,27.65,140.55,10.89
Mohamed Shiraz,Nitish Kumar Reddy,134,147,6,20,1,0,14.93,109.7,24.5
Mohamed Shiraz,Corbin Bosch,192,201,13,20,0,1,10.42,104.69,15.46
Mohamed Shiraz,Ashok Sharma,251,262,24,32,2,3,12.75,104.38,10.92
Craig Overton,Ashok Sharma,330,417,65,85,23,25,25.76,126.36,6.42
Mohamed Shiraz,Kranthi Kumar,186,201,17,27,6,1,14.52,108.06,11.82
Mohamed Shiraz,Sonny Baker,271,294,20,24,2,0,8.86,108.49,14.7
Craig Overton,Sonny Baker,190,252,34,31,9,13,16.32,132.63,7.41
Mohamed Shiraz,Anshul Kamboj,285,341,16,31,5,0,10.88,119.65,21.31
Craig Overton,Anshul Kamboj,156,183,16,43,13,5,27.56,117.31,11.44
Mohammed Shami,Mridul Surroch,363,345,54,65,8,3,17.91,95.04,6.39
Arzan Nagwaswalla,Isitha Wijesundara,115,128,16,13,3,2,11.3,111.3,8.0
Harsh Dubey,Matthew Forde,158,114,46,52,7,5,32.91,72.15,2.48
Matthew Forde,Harsh Dubey,97,73,45,15,9,1,15.46,75.26,1.62
Akash Deep,Harsh Dubey,147,111,36,47,5,4,31.97,75.51,3.08
Josh Tongue,Noor Ahmad,145,77,42,64,3,4,44.14,53.1,1.83
Athisayaraj Davidson,Josh Tongue,176,120,44,55,7,1,31.25,68.18,2.73
Mitchell Starc,Akeal Hosein,95,47,31,45,1,4,47.37,49.47,1.52
Yash Thakur,Varun Chakravarthy,285,294,31,41,3,3,14.39,103.16,9.48
Yash Thakur,Kuldeep Yadav,394,409,54,47,3,2,11.93,103.81,7.57
Sunil Narine,Arzan Nagwaswalla,201,235,19,34,7,7,16.92,116.92,12.37
CV Stephen,Arzan Nagwaswalla,80,79,10,12,1,1,15.0,98.75,7.9
Malinda Pushpakumara,Arzan Nagwaswalla,62,60,8,9,0,0,14.52,96.77,7.5
Abhishek Sharma,Malinda Pushpakumara,511,1020,97,36,91,60,7.05,199.61,10.52
Abhimanyu Easwaran,Kagiso Rabada,742,1245,60,91,87,59,12.26,167.79,20.75
Varun Chakravarthy,Anshul Kamboj,209,202,27,31,2,1,14.83,96.65,7.48
Glenn Phillips,Arshdeep Singh,1141,1953,39,220,114,116,19.28,171.17,50.08
Glenn Phillips,Tripuresh Singh,1255,1703,84,374,108,90,29.8,135.7,20.27
Lalit Yadav,Lance Morris,698,1213,30,120,82,66,17.19,173.78,40.43
Hardik Pandya,Jai Moondra,316,549,16,46,38,31,14.56,173.73,34.31
James Rew,Jai Moondra,663,1101,41,127,60,66,19.16,166.06,26.85
Sonu Yadav,Dian Forrester,755,1365,47,98,104,69,12.98,180.79,29.04
Lance Morris,Ismat Alam,294,188,81,113,9,8,38.44,63.95,2.32
Arshdeep Singh,Ismat Alam,215,128,72,73,9,4,33.95,59.53,1.78
Arshdeep Singh,Dian Forrester,233,175,64,87,7,12,37.34,75.11,2.73
Nathan Ellis,Arzan Nagwaswalla,78,103,7,8,4,1,10.26,132.05,14.71
Mohammed Siraj,Ottneil Baartman,81,62,21,28,2,4,34.57,76.54,2.95
Prasidh Krishna,Ottneil Baartman,131,141,12,24,2,3,18.32,107.63,11.75
Sunil Narine,Ottneil Baartman,114,147,2,11,3,1,9.65,128.95,73.5
Sunil Narine,Maheesh Theekshana,102,122,6,5,0,2,4.9,119.61,20.33
Heinrich Klaasen,Nitish Kumar Reddy,586,988,43,104,66,57,17.75,168.6,22.98
Ravi Teja,Harsh Dubey,111,112,34,25,10,3,22.52,100.9,3.29
Shubham Agarwal,Harsh Dubey,137,133,24,40,7,5,29.2,97.08,5.54
Theesan Vithushan,Harsh Dubey,106,60,30,49,2,4,46.23,56.6,2.0
Theesan Vithushan,Nishan Peiris,105,62,41,35,6,2,33.33,59.05,1.51
Scott Curie,Nishan Peiris,138,168,7,17,3,1,12.32,121.74,24.0
CV Stephen,Mridul Surroch,190,171,29,32,3,1,16.84,90.0,5.9
Jitesh Sharma,Avesh Khan,237,346,18,52,24,16,21.94,145.99,19.22
Sonu Yadav,Avesh Khan,194,345,10,34,17,23,17.53,177.84,34.5
Lance Morris,Avesh Khan,72,47,16,33,4,2,45.83,65.28,2.94
Arshdeep Singh,Liam Livingstone,67,49,24,17,4,2,25.37,73.13,2.04
Tripuresh Singh,Liam Livingstone,201,238,18,9,6,0,4.48,118.41,13.22
Nathan Ellis,Liam Livingstone,137,160,10,11,0,1,8.03,116.79,16.0
Ravi Teja,Shiran Fernando,96,67,28,34,3,4,35.42,69.79,2.39
Akeal Hosein,Kagiso Rabada,104,112,25,26,10,4,25.0,107.69,4.48
Lasith Embuldeniya,Kagiso Rabada,191,191,22,20,2,0,10.47,100.0,8.68
Binura Fernando,Kagiso Rabada,129,139,10,17,3,0,13.18,107.75,13.9
Rashid Khan,Sai Kishore,83,122,15,25,6,11,30.12,146.99,8.13
Rashid Khan,Nimesh Vimukthi,71,89,4,20,3,5,28.17,125.35,22.25
Harpreet Brar,Anshul Kamboj,142,198,40,16,16,11,11.27,139.44,4.95
Shardul Thakur,Harpreet Brar,275,278,35,80,15,9,29.09,101.09,7.94
Akeal Hosein,Matthew Forde,118,127,47,25,6,11,21.19,107.63,2.7
Dushan Hemantha,Matthew Forde,159,182,41,38,9,12,23.9,114.47,4.44
Mohammed Shami,Akash Deep,150,175,12,11,2,0,7.33,116.67,14.58
Mohsin Khan,Dushan Hemantha,187,84,55,72,1,2,38.5,44.92,1.53
Ashton Turner,Charith Asalanka,262,508,9,42,40,29,16.03,193.89,56.44
Ashton Turner,Dasun Shanaka,259,418,28,39,29,23,15.06,161.39,14.93
Suryakumar Yadav,Mohamed Shiraz,222,301,14,66,21,14,29.73,135.59,21.5
Prince Yadav,Sahan Arachchige,662,700,45,91,9,2,13.75,105.74,15.56
Marcus Stoinis,Yuzvendra Chahal,405,693,37,58,51,34,14.32,171.11,18.73
Arshdeep Singh,Avesh Khan,39,17,17,15,1,1,38.46,43.59,1.0
Arshdeep Singh,Jaydev Unadkat,50,11,22,19,0,0,38.0,22.0,0.5
Tripuresh Singh,Jaydev Unadkat,74,93,9,5,2,3,6.76,125.68,10.33
Nathan Ellis,Jaydev Unadkat,57,55,4,10,0,0,17.54,96.49,13.75
Nathan Ellis,Avesh Khan,58,55,5,8,0,0,13.79,94.83,11.0
Hardik Pandya,Gurinder Singh,193,365,22,9,29,17,4.66,189.12,16.59
Jitesh Sharma,Gurinder Singh,121,198,27,11,19,9,9.09,163.64,7.33
Lance Morris,Gurinder Singh,94,92,27,19,1,6,20.21,97.87,3.41
Gurinder Singh,Nathan Ellis,83,54,37,21,1,5,25.3,65.06,1.46
Sai Kishore,Arshdeep Singh,201,239,43,62,19,15,30.85,118.91,5.56
Dunith Wellalage,Nathan Ellis,341,400,17,106,25,13,31.09,117.3,23.53
Sam Curran,Vasuki Koushik,300,334,30,79,18,13,26.33,111.33,11.13
Khaleel Ahmed,Dasun Shanaka,263,265,29,52,2,4,19.77,100.76,9.14
Rashid Khan,Duan Jansen,105,66,37,30,3,3,28.57,62.86,1.78
Prince Yadav,Duan Jansen,62,61,12,7,0,0,11.29,98.39,5.08
Prince Yadav,Vasuki Koushik,71,77,8,6,1,0,8.45,108.45,9.62
Rashid Khan,Vasuki Koushik,93,88,30,18,4,4,19.35,94.62,2.93
Dasun Shanaka,Jason Holder,393,601,55,61,41,30,15.52,152.93,10.93
Duan Jansen,Rashid Khan,70,92,13,10,7,3,14.29,131.43,7.08
Harsh Dubey,Theesan Vithushan,120,99,36,33,5,4,27.5,82.5,2.75
Ravi Bishnoi,Theesan Vithushan,238,224,21,54,1,1,22.69,94.12,10.67
Mitchell Starc,Rachin Ravindra,377,200,114,182,13,13,48.28,53.05,1.75
Sonal Dinusha,Dian Forrester,658,699,24,158,13,10,24.01,106.23,29.12
Adam Zampa,Jasprit Bumrah,89,89,8,9,1,0,10.11,100.0,11.12
Jasprit Bumrah,Sonal Dinusha,282,249,43,53,2,3,18.79,88.3,5.79
Jasprit Bumrah,Akash Vasisht,438,448,65,76,8,8,17.35,102.28,6.89
Arzan Nagwaswalla,Mitchell Starc,268,269,27,36,2,1,13.43,100.37,9.96
Sahan Arachchige,Praveen Jayawickrama,237,281,45,54,16,16,22.78,118.57,6.24
Lalit Yadav,Vaisakh Chandran,345,625,21,42,42,34,12.17,181.16,29.76
Dian Forrester,Vaisakh Chandran,257,409,14,59,27,24,22.96,159.14,29.21
Matthew Forde,Dushan Hemantha,175,107,69,44,6,3,25.14,61.14,1.55
Vidwath Kaverappa,Lasith Embuldeniya,217,226,22,28,0,1,12.9,104.15,10.27
Jaydev Unadkat,Nimesh Vimukthi,58,63,14,14,3,4,24.14,108.62,4.5
Maheesh Theekshana,Mitchell Santner,236,145,84,80,9,7,33.9,61.44,1.73
Ottneil Baartman,Sunil Narine,298,252,46,69,0,2,23.15,84.56,5.48
Mohsin Khan,Ravi Teja,135,146,15,20,0,2,14.81,108.15,9.73
Shivam Mavi,Athisayaraj Davidson,177,129,53,62,9,6,35.03,72.88,2.43
Dunith Wellalage,Arzan Nagwaswalla,693,698,60,198,28,20,28.57,100.72,11.63
Mohsin Khan,Athisayaraj Davidson,162,166,9,24,0,0,14.81,102.47,18.44
Ottneil Baartman,Athisayaraj Davidson,185,192,21,27,4,2,14.59,103.78,9.14
Ottneil Baartman,Arzan Nagwaswalla,209,184,23,42,0,1,20.1,88.04,8.0
Mohsin Khan,Arzan Nagwaswalla,289,231,57,68,9,2,23.53,79.93,4.05
Seekkuge Prasanna,Nishan Peiris,200,374,36,34,31,28,17.0,187.0,10.39
Ravindra Jadeja,Nishan Peiris,244,364,11,68,21,23,27.87,149.18,33.09
Dan Lawrence,Nishan Peiris,123,170,7,33,15,6,26.83,138.21,24.29
Arpit Vasavada,Mohammed Siraj,337,469,28,80,24,24,23.74,139.17,16.75
Akeal Hosein,Mohammed Siraj,125,105,39,34,4,6,27.2,84.0,2.69
Duan Jansen,Arzan Nagwaswalla,57,73,21,4,5,4,7.02,128.07,3.48
Ayush Mhatre,Prashant Veer,2293,4410,123,415,327,273,18.1,192.32,35.85
Ravi Bishnoi,Mridul Surroch,493,417,72,129,7,6,26.17,84.58,5.79
Nishan Peiris,Riyan Parag,352,376,33,39,3,0,11.08,106.82,11.39
Akeal Hosein,Isitha Wijesundara,201,160,71,47,4,9,23.38,79.6,2.25
Shahbaz Ahmed,Harpreet Brar,665,953,64,68,43,29,10.23,143.31,14.89
Gangam Anikethreddy,Harpreet Brar,376,227,100,141,6,7,37.5,60.37,2.27
Vishen Halambage,Gangam Anikethreddy,469,820,26,94,61,47,20.04,174.84,31.54
Sarfaraz Khan,Arzan Nagwaswalla,394,734,31,47,48,43,11.93,186.29,23.68
Akash Deep,Dian Forrester,607,583,201,131,34,30,21.58,96.05,2.9
Arpit Vasavada,Scott Curie,505,827,45,62,63,35,12.28,163.76,18.38
Akeal Hosein,Theesan Vithushan,162,182,52,37,14,11,22.84,112.35,3.5
Arpit Vasavada,Theesan Vithushan,504,846,45,59,59,37,11.71,167.86,18.8
Akash Vasisht,Mohammed Siraj,275,467,28,34,33,22,12.36,169.82,16.68
Rahul Chahar,Mitchell Santner,85,87,10,9,0,1,10.59,102.35,8.7
Jos Buttler,Anshul Kamboj,638,1108,75,82,77,62,12.85,173.67,14.77
Nitish Kumar Reddy,Mohammed Siraj,322,476,32,77,25,31,23.91,147.83,14.88
Corbin Bosch,Mohammed Siraj,200,249,13,59,12,12,29.5,124.5,19.15
Mitchell Santner,Yash Thakur,319,533,35,71,33,36,22.26,167.08,15.23
Sunil Narine,Yash Thakur,126,165,28,22,5,12,17.46,130.95,5.89
Sunil Narine,Akash Deep,110,141,15,25,5,8,22.73,128.18,9.4
CV Stephen,Akash Deep,82,78,13,13,0,1,15.85,95.12,6.0
Malinda Pushpakumara,Matthew Forde,57,57,5,11,1,0,19.3,100.0,11.4
Vishen Halambage,Kuldeep Yadav,386,697,50,47,52,43,12.18,180.57,13.94
Anshul Kamboj,Sahan Arachchige,803,746,123,163,9,12,20.3,92.9,6.07
Raj Angad Bawa,Mukesh Kumar,303,563,45,54,43,39,17.82,185.81,12.51
Raj Angad Bawa,Rahul Chahar,313,630,35,42,44,43,13.42,201.28,18.0
Raj Angad Bawa,Lungi Ngidi,290,456,42,58,35,24,20.0,157.24,10.86
Athisayaraj Davidson,Beau Webster,203,112,62,81,7,5,39.9,55.17,1.81
Jasprit Bumrah,Beau Webster,293,270,45,55,4,1,18.77,92.15,6.0
Arzan Nagwaswalla,Beau Webster,179,207,8,21,0,2,11.73,115.64,25.88
Will Jacks,Gangam Anikethreddy,713,1179,75,121,94,57,16.97,165.36,15.72
Gangam Anikethreddy,Will Jacks,114,62,43,45,9,1,39.47,54.39,1.44
Saransh Jain,Will Jacks,162,171,9,20,3,0,12.35,105.56,19.0
Shiran Fernando,Will Jacks,42,36,4,9,1,0,21.43,85.71,9.0
Shiran Fernando,Shubham Agarwal,82,78,16,15,3,0,18.29,95.12,4.88
Manav Suthar,Lance Morris,84,44,26,29,2,1,34.52,52.38,1.69
Ashton Turner,Kranthi Kumar,487,387,92,145,19,11,29.77,79.47,4.21
Yuvraj Chaudhary,Nitish Kumar Reddy,359,390,30,102,25,10,28.41,108.64,13.0
Ashton Turner,Corbin Bosch,500,528,77,131,39,20,26.2,105.6,6.86
Sahan Arachchige,Raj Limbani,452,563,39,21,14,8,4.65,124.56,14.44
Ryan Rickelton,Ashwin Das,3730,7339,215,469,542,440,12.57,196.76,34.13
Suryakumar Yadav,Raj Limbani,669,1221,68,59,98,56,8.82,182.51,17.96
Abhimanyu Easwaran,Raj Limbani,518,1030,60,41,82,56,7.92,198.84,17.17
Josh Tongue,Avinov Choudhary,207,169,67,46,9,4,22.22,81.64,2.52
Rahul Tripathi,Chamika Gunasekara,1312,1926,86,205,100,77,15.62,146.8,22.4
Cameron Green,Vasuki Koushik,718,714,63,259,42,29,36.07,99.44,11.33
Cameron Green,Duan Jansen,753,962,72,214,49,59,28.42,127.76,13.36
Ryan Rickelton,Sonny Baker,1217,1528,39,65,18,7,5.34,125.55,39.18
Ryan Rickelton,Cameron Green,850,1800,44,65,136,107,7.65,211.76,40.91
Dega Nischal,Corbin Bosch,597,953,42,110,59,50,18.43,159.63,22.69
Dega Nischal,Nitish Kumar Reddy,822,1752,39,83,113,121,10.1,213.14,44.92
Dega Nischal,Ashok Sharma,740,1225,69,88,100,51,11.89,165.54,17.75
Dhruv Jurel,Cameron Green,862,1690,51,115,117,104,13.34,196.06,33.14
Charith Asalanka,Corbin Bosch,479,552,70,123,32,24,25.68,115.24,7.89
Dasun Shanaka,Corbin Bosch,382,537,56,73,29,29,19.11,140.58,9.59
Dasun Shanaka,Sonny Baker,155,282,24,7,10,21,4.52,181.94,11.75
Dhruv Jurel,Sonny Baker,397,514,13,27,9,5,6.8,129.47,39.54
Dhruv Jurel,Anshul Kamboj,378,499,11,29,10,7,7.67,132.01,45.36
Harsh Dubey,Charith Asalanka,101,91,10,42,3,5,41.58,90.1,9.1
Ravi Bishnoi,Vaisakh Chandran,202,168,30,59,3,2,29.21,83.17,5.6
Washington Sundar,Kagiso Rabada,226,389,15,23,26,17,10.18,172.12,25.93
Nitish Rana,Umesh Yadav,161,316,16,20,32,14,12.42,196.27,19.75
Donovan Ferreira,Shivam Mavi,664,1095,63,109,72,59,16.42,164.91,17.38
Shivam Mavi,Kagiso Rabada,106,76,40,34,3,6,32.08,71.7,1.9
Manav Suthar,Josh Tongue,120,110,46,30,5,8,25.0,91.67,2.39
Theesan Vithushan,Josh Tongue,115,56,37,54,7,1,46.96,48.7,1.51
Naman Dhir,Shivam Mavi,1206,1921,82,299,126,117,24.79,159.29,23.43
Karan Lal,Suryansh Shedge,792,1840,55,20,126,122,2.53,232.32,33.45
Lalit Yadav,Mukesh Kumar,424,881,26,32,74,47,7.55,207.78,33.88
Shardul Thakur,Rahul Chahar,300,332,28,60,15,9,20.0,110.67,11.86
Anshul Kamboj,Rahul Chahar,263,291,19,40,2,4,15.21,110.65,15.32
Marcus Stoinis,Rahul Chahar,366,737,22,52,56,46,14.21,201.37,33.5
Ashwin Das,Kuldeep Yadav,630,666,78,232,35,38,36.83,105.71,8.54
Ashwin Das,Josh Tongue,427,451,67,140,29,21,32.79,105.62,6.73
Ashwin Das,Varun Chakravarthy,457,475,54,180,27,26,39.39,103.94,8.8
Isitha Wijesundara,Josh Tongue,254,171,46,123,9,9,48.43,67.32,3.72
Raj Limbani,Josh Tongue,244,286,39,30,11,6,12.3,117.21,7.33
Avinov Choudhary,Josh Tongue,173,182,15,16,0,0,9.25,105.2,12.13
Sahan Arachchige,Avinov Choudhary,442,542,24,24,12,3,5.43,122.62,22.58
Abhimanyu Easwaran,Avinov Choudhary,448,889,27,33,58,48,7.37,198.44,32.93
Rajat Patidar,Theesan Vithushan,387,739,23,24,56,31,6.2,190.96,32.13
Ramandeep Singh,Gangam Anikethreddy,772,1283,67,136,82,79,17.62,166.19,19.15
Ashwin Das,Gangam Anikethreddy,563,595,62,195,43,23,34.64,105.68,9.6
Glenn Phillips,Nimesh Vimukthi,1122,2088,36,216,165,124,19.25,186.1,58.0
Dian Forrester,Gurinder Singh,287,465,21,59,35,23,20.56,162.02,22.14
Dian Forrester,Maheesh Theekshana,237,419,6,34,26,21,14.35,176.79,69.83
Atit Sheth,Lasith Embuldeniya,258,428,23,29,31,18,11.24,165.89,18.61
Noor Ahmad,Lasith Embuldeniya,79,60,22,22,1,3,27.85,75.95,2.73
Athisayaraj Davidson,Lasith Embuldeniya,97,55,31,35,2,2,36.08,56.7,1.77
Duan Jansen,Washington Sundar,106,130,21,22,11,4,20.75,122.64,6.19
Duan Jansen,Will Jacks,76,127,11,14,7,9,18.42,167.11,11.55
Duan Jansen,Theesan Vithushan,39,69,5,8,6,4,20.51,176.92,13.8
Theesan Vithushan,Chamika Gunasekara,97,35,35,41,2,1,42.27,36.08,1.0
Noor Ahmad,Raj Limbani,162,167,65,27,10,8,16.67,103.09,2.57
Arzan Nagwaswalla,Avinov Choudhary,160,170,17,17,3,0,10.62,106.25,10.0
Devdutt Padikkal,Atit Sheth,1023,2177,99,87,203,118,8.5,212.81,21.99
Devdutt Padikkal,Raj Angad Bawa,971,2162,55,96,177,132,9.89,222.66,39.31
Shreyas Iyer,Malinda Pushpakumara,939,1596,50,75,87,65,7.99,169.97,31.92
Josh Tongue,Kagiso Rabada,114,64,40,37,4,2,32.46,56.14,1.6
Lance Morris,Sai Kishore,82,75,16,28,5,3,34.15,91.46,4.69
Arshdeep Singh,Maheesh Theekshana,73,48,15,25,0,2,34.25,65.75,3.2
Sanvir Singh,Yuzvendra Chahal,500,934,62,43,77,50,8.6,186.8,15.06
Sdnv Prasad,Arshdeep Singh,460,863,17,89,63,55,19.35,187.61,50.76
Ismat Alam,Tripuresh Singh,136,132,36,48,10,9,35.29,97.06,3.67
Jai Moondra,Hardik Pandya,79,78,24,17,4,5,21.52,98.73,3.25
Jai Moondra,Tripuresh Singh,47,31,23,13,1,3,27.66,65.96,1.35
Jasprit Bumrah,Tripuresh Singh,62,51,8,15,0,0,24.19,82.26,6.38
Arzan Nagwaswalla,Tripuresh Singh,44,57,3,7,1,1,15.91,129.55,19.0
Arzan Nagwaswalla,Nathan Ellis,72,89,5,8,2,0,11.11,123.61,17.8
Anshul Kamboj,Prasidh Krishna,277,254,52,56,9,3,20.22,91.7,4.88
Shivam Dube,Scott Curie,507,1079,43,45,89,61,8.88,212.82,25.09
Saransh Jain,Theesan Vithushan,455,466,31,74,3,3,16.26,102.42,15.03
Yuzvendra Chahal,Lasith Embuldeniya,138,148,5,23,0,0,16.67,107.25,29.6
Maheesh Theekshana,Prasidh Krishna,135,110,32,36,0,6,26.67,81.48,3.44
Charith Asalanka,Bhuvneshwar Kumar,174,230,32,36,17,11,20.69,132.18,7.19
Dasun Shanaka,Duvindu Tillakaratne,123,197,7,28,15,10,22.76,160.16,28.14
Josh Tongue,Washington Sundar,236,154,67,75,7,4,31.78,65.25,2.3
Akash Deep,Donovan Ferreira,209,186,72,48,12,8,22.97,89.0,2.58
Yash Thakur,Donovan Ferreira,305,299,46,50,2,3,16.39,98.03,6.5
Vidwath Kaverappa,Donovan Ferreira,253,280,14,41,2,1,16.21,110.67,20.0
Vidwath Kaverappa,Ravi Bishnoi,184,184,17,33,2,1,17.93,100.0,10.82
Josh Tongue,Prasidh Krishna,195,138,59,69,6,8,35.38,70.77,2.34
Maheesh Theekshana,Akeal Hosein,124,61,40,46,0,3,37.1,49.19,1.52
Vaisakh Chandran,Will Jacks,145,134,8,38,1,0,26.21,92.41,16.75
Yuvraj Chaudhary,Raj Limbani,467,800,72,73,61,46,15.63,171.31,11.11
Ankit Kumar,Duan Jansen,688,1065,91,112,57,65,16.28,154.8,11.7
Ankit Kumar,Josh Tongue,699,1111,82,100,66,59,14.31,158.94,13.55
Nitish Kumar Reddy,Vasuki Koushik,545,582,73,180,32,31,33.03,106.79,7.97
Nitish Kumar Reddy,Chamika Gunasekara,423,650,46,77,51,32,18.2,153.66,14.13
Nitish Kumar Reddy,Duan Jansen,405,495,42,97,33,20,23.95,122.22,11.79
Nitish Kumar Reddy,Dasun Shanaka,536,1020,64,64,80,60,11.94,190.3,15.94
Kranthi Kumar,Dasun Shanaka,660,1232,61,64,86,69,9.7,186.67,20.2
Kranthi Kumar,Charith Asalanka,567,1214,14,47,84,72,8.29,214.11,86.71
Corbin Bosch,Dasun Shanaka,669,872,46,164,45,42,24.51,130.34,18.96
Corbin Bosch,Josh Tongue,259,262,49,58,19,6,22.39,101.16,5.35
Corbin Bosch,Vasuki Koushik,270,252,30,95,13,9,35.19,93.33,8.4
Ryan Rickelton,Nitish Kumar Reddy,887,1758,52,97,124,109,10.94,198.2,33.81
Yashasvi Jaiswal,Nitish Kumar Reddy,810,1588,40,84,97,99,10.37,196.05,39.7
Yashasvi Jaiswal,Corbin Bosch,670,1317,48,92,90,91,13.73,196.57,27.44
Suryakumar Yadav,Cameron Green,769,1412,32,98,90,79,12.74,183.62,44.12
Charith Asalanka,Cameron Green,435,569,34,136,30,35,31.26,130.8,16.74
Dasun Shanaka,Cameron Green,360,568,35,56,32,29,15.56,157.78,16.23
Dasun Shanaka,Kranthi Kumar,415,527,64,88,27,28,21.2,126.99,8.23
Duan Jansen,Kranthi Kumar,206,223,56,48,18,7,23.3,108.25,3.98
Josh Tongue,Kranthi Kumar,178,101,53,64,4,3,35.96,56.74,1.91
Vasuki Koushik,Cameron Green,181,183,18,28,1,2,15.47,101.1,10.17
Vasuki Koushik,Nitish Kumar Reddy,192,166,24,35,0,0,18.23,86.46,6.92
Vasuki Koushik,Kranthi Kumar,288,275,32,54,1,1,18.75,95.49,8.59
Vasuki Koushik,Ashok Sharma,334,311,36,67,0,4,20.06,93.11,8.64
Vasuki Koushik,Sonny Baker,305,309,28,41,3,1,13.44,101.31,11.04
Vasuki Koushik,Anshul Kamboj,288,305,31,34,3,0,11.81,105.9,9.84
Yuvraj Chaudhary,Ashok Sharma,596,802,69,133,48,37,22.32,134.56,11.62
Mridul Surroch,Sonny Baker,173,349,8,7,18,21,4.05,201.73,43.62
Cameron Green,Mridul Surroch,853,1707,39,108,118,107,12.66,200.12,43.77
Sonu Yadav,Rashid Khan,209,360,11,22,17,19,10.53,172.25,32.73
Arshdeep Singh,Jason Holder,167,101,63,55,5,5,32.93,60.48,1.6
Rashid Khan,Nathan Ellis,50,28,22,9,2,0,18.0,56.0,1.27
Prince Yadav,Arshdeep Singh,67,62,8,12,0,0,17.91,92.54,7.75
Matt Short,Khaleel Ahmed,213,382,8,33,23,22,15.49,179.34,47.75
Matt Short,Prince Yadav,253,415,18,36,28,20,14.23,164.03,23.06
Dunith Wellalage,Rahul Chahar,398,594,14,71,26,28,17.84,149.25,42.43
Lalit Yadav,Shivam Mavi,859,1677,28,94,107,105,10.94,195.23,59.89
Arzan Nagwaswalla,Shivam Mavi,130,145,11,11,0,1,8.46,111.54,13.18
Lungi Ngidi,Hardik Pandya,215,150,66,76,9,6,35.35,69.77,2.27
Mukesh Kumar,Seekkuge Prasanna,263,226,52,57,5,3,21.67,85.93,4.35
Mukesh Kumar,Harpreet Brar,81,72,15,12,2,0,14.81,88.89,4.8
Mukesh Kumar,Yuzvendra Chahal,158,168,17,18,2,3,11.39,106.33,9.88
Tanay Thyagarajan,Akash Vasisht,283,324,22,45,11,3,15.9,114.49,14.73
Yuzvendra Chahal,Akash Vasisht,191,200,18,27,3,0,14.14,104.71,11.11
Ottneil Baartman,Tanay Thyagarajan,324,323,35,51,2,0,15.74,99.69,9.23
Sanvir Singh,Shivam Mavi,593,1194,40,56,78,81,9.44,201.35,29.85
Seekkuge Prasanna,Anshul Kamboj,249,433,44,30,25,29,12.05,173.9,9.84
Arzan Nagwaswalla,Prasidh Krishna,101,99,10,7,0,0,6.93,98.02,9.9
Rajat Patidar,Mitchell Starc,382,520,24,21,22,6,5.5,136.13,21.67
Rajat Patidar,Adam Zampa,379,522,26,12,21,8,3.17,137.73,20.08
Yuzvendra Chahal,Adam Zampa,180,171,20,31,2,0,17.22,95.0,8.55
Yuzvendra Chahal,Mitchell Starc,167,173,11,31,1,1,18.56,103.59,15.73
Adam Zampa,Ravindra Jadeja,363,392,23,42,3,1,11.57,107.99,17.04
Adam Zampa,Yuzvendra Chahal,410,447,28,44,3,1,10.73,109.02,15.96
Kumar Kushagra,Atit Sheth,1069,2210,97,117,193,128,10.94,206.74,22.78
Will Jacks,Akeal Hosein,738,1165,66,155,102,51,21.0,157.86,17.65
Shubham Agarwal,Mohammed Shami,221,180,33,87,5,10,39.37,81.45,5.45
Rinku Singh,Shahbaz Ahmed,1436,2650,91,155,170,149,10.79,184.54,29.12
Heinrich Klaasen,Avinov Choudhary,517,875,58,84,68,43,16.25,169.25,15.09
Shivam Mavi,Rahul Chahar,79,71,27,20,7,2,25.32,89.87,2.63
Manav Suthar,Nitish Kumar Reddy,97,97,25,26,4,6,26.8,100.0,3.88
Theesan Vithushan,Nitish Kumar Reddy,90,44,26,41,3,2,45.56,48.89,1.69
Bhuvneshwar Kumar,Nitish Kumar Reddy,150,130,21,25,1,0,16.67,86.67,6.19
Duvindu Tillakaratne,Nitish Kumar Reddy,132,134,10,21,1,0,15.91,101.52,13.4
Noor Ahmad,Rashid Khan,92,54,32,25,2,1,27.17,58.7,1.69
Jasprit Bumrah,Rashid Khan,387,395,39,59,3,1,15.25,102.07,10.13
Rahul Tripathi,Saransh Jain,1818,3043,121,378,200,180,20.79,167.38,25.15
Sam Curran,Mitchell Marsh,534,891,45,97,66,49,18.16,166.85,19.8
Rashid Khan,Auqib Nabi,147,105,48,49,10,3,33.33,71.43,2.19
Sam Curran,Binura Fernando,152,240,10,32,20,10,21.05,157.89,24.0
Jason Holder,Binura Fernando,105,110,14,34,6,5,32.38,104.76,7.86
Sam Curran,Mohammed Shami,158,235,18,28,15,13,17.72,148.73,13.06
Jason Holder,Mohammed Shami,115,109,16,28,4,3,24.35,94.78,6.81
Khaleel Ahmed,Mohammed Shami,70,60,6,16,1,0,22.86,85.71,10.0
Dunith Wellalage,Shiran Fernando,572,849,55,90,38,46,15.73,148.43,15.44
Yuvraj Chaudhary,Vaisakh Chandran,230,329,22,48,25,14,20.87,143.04,14.95
Mitchell Starc,Varun Chakravarthy,92,60,28,29,3,1,31.52,65.22,2.14
Adam Zampa,Sahan Arachchige,106,113,7,11,3,0,10.38,106.6,16.14
Adam Zampa,Charith Asalanka,23,25,1,5,0,0,21.74,108.7,25.0
Sonal Dinusha,Charith Asalanka,133,162,2,21,1,3,15.79,121.8,81.0
Prasidh Krishna,Nitish Kumar Reddy,105,71,27,30,1,1,28.57,67.62,2.63
Rajat Patidar,CV Stephen,469,886,42,20,46,49,4.26,188.91,21.1
Rajat Patidar,Malinda Pushpakumara,416,693,28,32,34,31,7.69,166.59,24.75
Malinda Pushpakumara,Seekkuge Prasanna,331,334,23,54,3,1,16.31,100.91,14.52
Matt Short,Nitish Kumar Reddy,552,868,37,107,43,54,19.38,157.25,23.46
Mohammed Shami,Nitish Kumar Reddy,89,66,26,20,2,1,22.47,74.16,2.54
Sonal Dinusha,Mohammed Shami,166,170,7,36,2,0,21.69,102.41,24.29
Mohammed Siraj,Jason Holder,242,240,29,46,4,2,19.01,99.17,8.28
Avesh Khan,Jason Holder,165,183,16,19,0,1,11.52,110.91,11.44
Dasun Shanaka,Prashant Veer,1040,1555,89,173,96,72,16.63,149.52,17.47
Nishan Peiris,Varun Chakravarthy,148,143,20,26,1,1,17.57,96.62,7.15
Nishan Peiris,Vaisakh Chandran,166,174,14,21,4,1,12.65,104.82,12.43
Ramandeep Singh,Varun Chakravarthy,612,1017,62,96,67,61,15.69,166.18,16.4
Avinov Choudhary,Varun Chakravarthy,169,180,15,15,0,1,8.88,106.51,12.0
Sanvir Singh,Harsh Dubey,685,1295,91,66,102,77,9.64,189.05,14.23
Akash Deep,Rashid Khan,120,120,41,27,10,7,22.5,100.0,2.93
Ravindra Jadeja,Mohammed Shami,204,298,5,53,14,18,25.98,146.08,59.6
Dan Lawrence,Mohammed Shami,98,216,3,15,18,14,15.31,220.41,72.0
Ravindra Jadeja,Akeal Hosein,282,330,6,95,21,13,33.69,117.02,55.0
Dan Lawrence,Dushan Hemantha,143,251,10,29,11,20,20.28,175.52,25.1
Ravindra Jadeja,Dushan Hemantha,287,420,12,83,29,24,28.92,146.34,35.0
Dhruv Jurel,Mitchell Starc,536,720,20,28,23,7,5.22,134.33,36.0
Dhruv Jurel,Adam Zampa,599,825,16,43,25,11,7.18,137.73,51.56
Theesan Vithushan,Jasprit Bumrah,175,89,60,62,1,4,35.43,50.86,1.48
Kuldeep Yadav,Mohsin Khan,351,141,132,169,7,11,48.15,40.17,1.07
Maheesh Theekshana,Kuldeep Yadav,210,131,67,69,8,5,32.86,62.38,1.96
Ottneil Baartman,Kuldeep Yadav,400,423,59,57,4,8,14.25,105.75,7.17
Lungi Ngidi,Raj Angad Bawa,151,95,44,50,6,2,33.11,62.91,2.16
Lungi Ngidi,Noor Ahmad,75,48,21,27,3,2,36.0,64.0,2.29
Mukesh Kumar,Noor Ahmad,132,143,12,22,3,2,16.67,108.33,11.92
Rahul Chahar,Noor Ahmad,76,98,3,5,1,1,6.58,128.95,32.67
Rahul Chahar,Athisayaraj Davidson,70,68,6,9,0,0,12.86,97.14,11.33
Karun Nair,Akash Vasisht,1965,3631,151,299,278,208,15.22,184.78,24.05
Karun Nair,Beau Webster,1674,2830,66,351,212,148,20.97,169.06,42.88
Athisayaraj Davidson,Akash Vasisht,162,99,61,51,6,5,31.48,61.11,1.62
Isitha Wijesundara,Shivam Mavi,163,130,40,67,7,6,41.1,79.75,3.25
Kunal Chandela,Mitchell Starc,467,892,51,40,80,41,8.57,191.01,17.49
Yash Dhull,Nitish Kumar Reddy,645,1129,39,150,75,73,23.26,175.04,28.95
Mayank Yadav,Cameron Green,107,50,33,44,0,3,41.12,46.73,1.52
Umesh Yadav,Cameron Green,186,194,22,28,3,1,15.05,104.3,8.82
Kranthi Kumar,Mridul Surroch,321,530,33,45,44,23,14.02,165.11,16.06
Ashok Sharma,Craig Overton,204,229,11,25,6,1,12.25,112.25,20.82
Anshul Kamboj,Craig Overton,97,88,33,29,10,4,29.9,90.72,2.67
Ashok Sharma,Umesh Yadav,119,179,5,6,4,6,5.04,150.42,35.8
Matthew Forde,Rashid Khan,143,148,53,31,14,8,21.68,103.5,2.79
Shubham Agarwal,Ravi Bishnoi,191,194,34,60,8,11,31.41,101.57,5.71
Will Jacks,Ravi Bishnoi,436,799,45,50,65,39,11.47,183.26,17.76
Vidwath Kaverappa,Kuldeep Yadav,298,302,26,47,4,1,15.77,101.34,11.62
Glenn Phillips,Gurinder Singh,418,816,17,34,53,41,8.13,195.22,48.0
Nimesh Vimukthi,Ismat Alam,381,402,18,70,11,3,18.37,105.51,22.33
Arzan Nagwaswalla,Lungi Ngidi,109,119,10,8,1,0,7.34,109.17,11.9
Jasprit Bumrah,Lungi Ngidi,138,167,13,9,1,2,6.52,121.01,12.85
Sahan Arachchige,Calvin Harrison,237,406,41,27,30,23,11.39,171.31,9.9
Ravindra Jadeja,Lasith Embuldeniya,280,372,9,98,32,18,35.0,132.86,41.33
Kuldeep Yadav,Donovan Ferreira,261,60,96,143,5,4,54.79,22.99,0.62
Varun Chakravarthy,Nishan Peiris,238,205,40,46,1,2,19.33,86.13,5.12
Dasun Shanaka,Nishan Peiris,332,465,41,54,17,25,16.27,140.06,11.34
Vaisakh Chandran,Ravi Bishnoi,190,188,20,36,3,1,18.95,98.95,9.4
Dasun Shanaka,Ravi Bishnoi,351,549,38,47,32,25,13.39,156.41,14.45
Dian Forrester,Nathan Ellis,224,386,12,49,21,27,21.88,172.32,32.17
Dian Forrester,Arshdeep Singh,226,419,4,33,23,25,14.6,185.4,104.75
Sonu Yadav,Jasprit Bumrah,149,241,16,10,22,6,6.71,161.74,15.06
Sonu Yadav,Arzan Nagwaswalla,159,187,11,36,7,7,22.64,117.61,17.0
Sonu Yadav,Jai Moondra,159,274,12,13,18,13,8.18,172.33,22.83
Lance Morris,Jai Moondra,62,62,18,21,8,3,33.87,100.0,3.44
Tripuresh Singh,Dian Forrester,332,426,39,19,15,6,5.72,128.31,10.92
Nathan Ellis,Ismat Alam,189,196,20,27,1,2,14.29,103.7,9.8
Nathan Ellis,Dian Forrester,191,205,15,32,5,2,16.75,107.33,13.67
Avesh Khan,Josh Tongue,94,107,6,10,0,2,10.64,113.83,17.83
Avesh Khan,Charith Asalanka,181,199,15,16,0,0,8.84,109.94,13.27
Ravi Teja,Suryansh Shedge,71,56,22,17,1,3,23.94,78.87,2.55
Mohammed Siraj,Shardul Thakur,135,66,62,38,3,3,28.15,48.89,1.06
Prasidh Krishna,Shardul Thakur,190,158,32,42,1,1,22.11,83.16,4.94
Ravi Teja,Shardul Thakur,166,118,71,37,7,6,22.29,71.08,1.66
Sunil Narine,Shardul Thakur,187,223,6,23,3,1,12.3,119.25,37.17
Prasidh Krishna,Suryansh Shedge,93,91,13,14,0,0,15.05,97.85,7.0
Sunil Narine,Suryansh Shedge,99,108,3,9,2,0,9.09,109.09,36.0
Prasidh Krishna,Krunal Pandya,242,223,30,42,3,1,17.36,92.15,7.43
Yash Dhull,Hardik Pandya,296,526,17,64,37,29,21.62,177.7,30.94
Will Jacks,Rashid Khan,775,1363,61,93,90,68,12.0,175.87,22.34
Manav Suthar,Sam Curran,140,85,47,35,4,1,25.0,60.71,1.81
Theesan Vithushan,Sam Curran,135,68,41,55,4,2,40.74,50.37,1.66
Bhuvneshwar Kumar,Sam Curran,263,285,29,46,3,5,17.49,108.37,9.83
Duvindu Tillakaratne,Jason Holder,259,264,27,43,3,2,16.6,101.93,9.78
Duvindu Tillakaratne,Sam Curran,171,179,20,26,3,0,15.2,104.68,8.95
Duvindu Tillakaratne,Rashid Khan,118,125,7,20,2,0,16.95,105.93,17.86
Naman Dhir,Lasith Embuldeniya,611,843,37,196,58,43,32.08,137.97,22.78
Shardul Thakur,Binura Fernando,231,256,32,69,12,12,29.87,110.82,8.0
Anshul Kamboj,Binura Fernando,188,182,28,29,5,1,15.43,96.81,6.5
Rinku Singh,Anshul Kamboj,763,1332,71,113,102,68,14.81,174.57,18.76
Kuldeep Yadav,Mohammed Shami,119,45,41,57,5,0,47.9,37.82,1.1
Varun Chakravarthy,Mohammed Shami,206,187,26,44,1,2,21.36,90.78,7.19
Vidwath Kaverappa,Nishan Peiris,226,233,22,21,0,0,9.29,103.1,10.59
Sam Curran,Mayank Yadav,150,290,8,25,29,13,16.67,193.33,36.25
Kangabam Priyojit Singh,Chamika Gunasekara,1577,2869,65,114,173,133,7.23,181.93,44.14
Jitesh Sharma,Duan Jansen,410,426,63,116,27,18,28.29,103.9,6.76
Charith Asalanka,Nathan Ellis,446,564,29,151,34,33,33.86,126.46,19.45
Duan Jansen,Nathan Ellis,109,96,36,26,3,6,23.85,88.07,2.67
Sanvir Singh,Anshul Kamboj,338,639,60,26,51,40,7.69,189.05,10.65
Lasith Embuldeniya,Anshul Kamboj,224,217,33,34,1,2,15.18,96.88,6.58
Ankit Kumar,Mohamed Shiraz,455,626,46,93,26,36,20.44,137.58,13.61
Ankit Kumar,Umesh Yadav,430,703,31,67,43,36,15.58,163.49,22.68
Ankit Kumar,Mayank Yadav,474,833,31,60,47,46,12.66,175.74,26.87
Vidwath Kaverappa,Rachin Ravindra,639,670,62,76,5,1,11.89,104.85,10.81
Kranthi Kumar,Nimesh Vimukthi,274,498,8,62,42,29,22.63,181.75,62.25
Corbin Bosch,Nimesh Vimukthi,124,147,10,33,9,6,26.61,118.55,14.7
Ashok Sharma,Nimesh Vimukthi,54,72,2,6,0,3,11.11,133.33,36.0
Marcus Stoinis,Cameron Green,454,718,34,85,54,33,18.72,158.15,21.12
Marcus Stoinis,Nitish Kumar Reddy,486,788,40,99,56,43,20.37,162.14,19.7
Vidwath Kaverappa,Harsh Dubey,236,261,17,26,4,1,11.02,110.59,15.35
Auqib Nabi,Mohamed Shiraz,105,118,24,20,7,5,19.05,112.38,4.92
Lungi Ngidi,Axar Patel,60,49,21,20,3,3,33.33,81.67,2.33
Mukesh Kumar,Lasith Embuldeniya,78,77,7,10,0,0,12.82,98.72,11.0
Rahul Chahar,Lasith Embuldeniya,72,81,2,7,0,0,9.72,112.5,40.5
Rahul Chahar,Axar Patel,50,57,8,2,2,0,4.0,114.0,7.12
Varun Chakravarthy,Praveen Jayawickrama,293,290,36,41,1,3,13.99,98.98,8.06
Theesan Vithushan,Vidwath Kaverappa,190,157,55,68,8,8,35.79,82.63,2.85
Binura Fernando,Gangam Anikethreddy,178,201,8,24,0,1,13.48,112.92,25.12
Matthew Forde,Akeal Hosein,151,112,48,41,9,3,27.15,74.17,2.33
Vaibhav Suryavanshi,Raj Angad Bawa,1019,2330,54,64,212,129,6.28,228.66,43.15
Theesan Vithushan,Yuzvendra Chahal,211,171,50,61,13,1,28.91,81.04,3.42
Jitesh Sharma,Jai Moondra,130,203,19,18,12,11,13.85,156.15,10.68
Jasprit Bumrah,Arshdeep Singh,79,90,10,7,2,0,8.86,113.92,9.0
Shiran Fernando,Maheesh Theekshana,195,203,21,20,1,0,10.26,104.1,9.67
Sanvir Singh,CV Stephen,383,787,60,32,71,45,8.36,205.48,13.12
Jitesh Sharma,Manav Suthar,186,301,15,37,27,13,19.89,161.83,20.07
Sonu Yadav,Duvindu Tillakaratne,174,361,5,21,24,22,12.07,207.47,72.2
Harpreet Brar,Isitha Wijesundara,422,781,66,74,56,58,17.54,185.07,11.83
Dan Lawrence,Ashwin Das,508,766,27,79,40,34,15.55,150.79,28.37
Kishan Lyngdoh,Washington Sundar,1268,3045,37,104,252,192,8.2,240.14,82.3
Manav Suthar,Khaleel Ahmed,54,44,23,8,2,2,14.81,81.48,1.91
Duvindu Tillakaratne,Prince Yadav,128,137,12,9,1,0,7.03,107.03,11.42
Isitha Wijesundara,Anshul Kamboj,171,162,32,68,11,8,39.77,94.74,5.06
Raj Limbani,Anshul Kamboj,160,157,26,19,4,1,11.88,98.12,6.04
Ashwin Das,Anshul Kamboj,232,312,48,50,18,20,21.55,134.48,6.5
Binura Fernando,Jai Moondra,43,50,5,2,0,1,4.65,116.28,10.0
Ravi Teja,Seekkuge Prasanna,324,241,114,106,20,12,32.72,74.38,2.11
Prasidh Krishna,Seekkuge Prasanna,361,353,49,63,7,1,17.45,97.78,7.2
Scott Curie,Akeal Hosein,97,98,7,21,0,1,21.65,101.03,14.0
Hardik Pandya,Lungi Ngidi,543,978,39,83,74,54,15.29,180.11,25.08
Deepak Hooda,Craig Overton,287,437,21,92,36,25,32.06,152.26,20.81
Harpreet Brar,Mitchell Santner,653,1006,104,113,71,56,17.3,154.06,9.67
Tanay Thyagarajan,Sunil Narine,315,387,20,38,7,9,12.06,122.86,19.35
Tanay Thyagarajan,Mohammed Siraj,187,207,23,30,4,5,16.04,110.7,9.0
Shubham Dubey,Mohammed Siraj,839,946,65,301,51,51,35.88,112.75,14.55
Matt Short,Avesh Khan,547,864,35,115,55,48,21.02,157.95,24.69
Auqib Nabi,Prasidh Krishna,111,127,21,27,4,8,24.32,114.41,6.05
Mohammed Shami,Prasidh Krishna,66,61,15,19,0,4,28.79,92.42,4.07
Dhruv Jurel,Yuzvendra Chahal,598,813,10,35,25,5,5.85,135.95,81.3
Lungi Ngidi,Liam Livingstone,46,30,16,15,4,0,32.61,65.22,1.88
Rahul Chahar,Sunil Narine,86,80,13,14,1,0,16.28,93.02,6.15
Rahul Chahar,Liam Livingstone,53,64,2,7,1,0,13.21,120.75,32.0
Rahul Chahar,Ravi Teja,42,44,3,4,0,0,9.52,104.76,14.67
Rahul Chahar,Mohammed Siraj,52,50,3,7,0,0,13.46,96.15,16.67
Theesan Vithushan,Lasith Embuldeniya,130,61,34,51,2,0,39.23,46.92,1.79
Scott Curie,Dushan Hemantha,134,138,9,22,1,1,16.42,102.99,15.33
Isitha Wijesundara,Dushan Hemantha,278,296,22,66,6,7,23.74,106.47,13.45
Corbin Bosch,Sai Kishore,143,180,5,41,12,5,28.67,125.87,36.0
Ashok Sharma,Joel Davies,65,75,5,7,2,1,10.77,115.38,15.0
Corbin Bosch,Maheesh Theekshana,207,271,2,55,15,8,26.57,130.92,135.5
Yuvraj Chaudhary,Ravi Teja,265,428,36,49,31,25,18.49,161.51,11.89
Sdnv Prasad,Bhuvneshwar Kumar,254,420,20,56,26,26,22.05,165.35,21.0
Sdnv Prasad,Duvindu Tillakaratne,379,730,11,77,53,45,20.32,192.61,66.36
Lalit Yadav,Duvindu Tillakaratne,595,1201,14,75,91,70,12.61,201.85,85.79
Shardul Thakur,Gangam Anikethreddy,435,383,53,161,17,14,37.01,88.05,7.23
Kagiso Rabada,Rashid Khan,229,241,28,28,3,1,12.23,105.24,8.61
Duan Jansen,Sai Kishore,86,95,13,19,8,2,22.09,110.47,7.31
Duan Jansen,Maheesh Theekshana,78,91,16,16,6,4,20.51,116.67,5.69
Tanay Thyagarajan,Maheesh Theekshana,200,250,12,15,2,5,7.5,125.0,20.83
Ravi Teja,Maheesh Theekshana,77,66,22,26,6,3,33.77,85.71,3.0
Ravindra Jadeja,Rashid Khan,272,358,7,79,23,16,29.04,131.62,51.14
Tanay Thyagarajan,Varun Chakravarthy,270,305,25,40,10,2,14.81,112.96,12.2
Charith Asalanka,Manav Suthar,186,363,14,19,16,28,10.22,195.16,25.93
Dasun Shanaka,Bhuvneshwar Kumar,107,185,16,24,13,13,22.43,172.9,11.56
Duan Jansen,Bhuvneshwar Kumar,39,35,17,6,4,1,15.38,89.74,2.06
Josh Tongue,Bhuvneshwar Kumar,19,7,8,5,0,0,26.32,36.84,0.88
Vasuki Koushik,Bhuvneshwar Kumar,14,16,2,3,2,0,21.43,114.29,8.0
Chamika Gunasekara,Will Jacks,36,40,4,2,0,0,5.56,111.11,10.0
Chamika Gunasekara,Washington Sundar,188,200,14,21,3,0,11.17,106.38,14.29
Glenn Phillips,Adam Zampa,664,1009,49,66,55,29,9.94,151.96,20.59
Arzan Nagwaswalla,Sunil Narine,211,235,23,36,1,6,17.06,111.37,10.22
Arzan Nagwaswalla,Ravi Teja,115,120,12,20,2,1,17.39,104.35,10.0
Arpit Vasavada,Shivam Mavi,425,519,30,110,22,23,25.88,122.12,17.3
Ramandeep Singh,Prince Yadav,550,998,58,66,75,58,12.0,181.45,17.21
Yuvraj Chaudhary,Ashwin Das,557,842,49,126,44,55,22.62,151.17,17.18
Akash Vasisht,Ashwin Das,290,459,23,60,31,25,20.69,158.28,19.96
Akash Vasisht,Avinov Choudhary,430,677,42,74,47,32,17.21,157.44,16.12
Akash Vasisht,Raj Limbani,357,653,48,28,54,33,7.84,182.91,13.6
Harsh Dubey,Vaisakh Chandran,138,122,47,45,7,9,32.61,88.41,2.6
Jasprit Bumrah,Akeal Hosein,265,277,29,29,2,2,10.94,104.53,9.55
Arzan Nagwaswalla,Dushan Hemantha,79,76,9,12,0,1,15.19,96.2,8.44
Arzan Nagwaswalla,Akeal Hosein,175,189,17,19,0,1,10.86,108.0,11.12
Akash Deep,Dushan Hemantha,186,132,58,65,8,5,34.95,70.97,2.28
Sairaj Patil,Duvindu Tillakaratne,309,620,6,47,47,37,15.21,200.65,103.33
Craig Overton,Will Jacks,161,283,10,49,24,18,30.43,175.78,28.3
Yuvraj Chaudhary,Duvindu Tillakaratne,146,233,1,34,16,12,23.29,159.59,233.0
Craig Overton,Duvindu Tillakaratne,82,113,4,33,5,7,40.24,137.8,28.25
Kusal Mendis,Donovan Ferreira,1629,3455,67,123,246,207,7.55,212.09,51.57
KL Rahul,Prashant Veer,2272,4812,115,243,356,304,10.7,211.8,41.84
Theesan Vithushan,Sunil Narine,205,124,58,94,10,6,45.85,60.49,2.14
Isitha Wijesundara,Sunil Narine,653,514,83,264,21,12,40.43,78.71,6.19
Scott Curie,Liam Livingstone,135,145,9,16,3,0,11.85,107.41,16.11
Isitha Wijesundara,Liam Livingstone,560,529,45,197,16,12,35.18,94.46,11.76
Scott Curie,CV Stephen,216,234,23,29,3,2,13.43,108.33,10.17
Isitha Wijesundara,CV Stephen,552,554,44,135,9,6,24.46,100.36,12.59
Lalit Yadav,Anshul Kamboj,750,1423,69,58,107,77,7.73,189.73,20.62
Jai Moondra,Cameron Green,62,55,17,14,4,1,22.58,88.71,3.24
Jasprit Bumrah,Cameron Green,61,51,13,10,2,0,16.39,83.61,3.92
Arzan Nagwaswalla,Cameron Green,72,74,5,11,0,1,15.28,102.78,14.8
Rashid Khan,Adam Zampa,154,162,51,19,8,7,12.34,105.19,3.18
Avinov Choudhary,Harpreet Brar,127,142,12,14,3,1,11.02,111.81,11.83
Avinov Choudhary,Tanay Thyagarajan,225,272,21,18,6,2,8.0,120.89,12.95
Tanay Thyagarajan,Washington Sundar,150,176,12,21,5,1,14.0,117.33,14.67
Shivam Dube,Raj Limbani,490,857,77,50,78,39,10.2,174.9,11.13
Ravi Teja,Harpreet Brar,72,55,26,18,2,3,25.0,76.39,2.12
Prasidh Krishna,Harpreet Brar,156,189,13,14,2,2,8.97,121.15,14.54
Calvin Harrison,Maheesh Theekshana,336,433,24,95,24,19,28.27,128.87,18.04
Luhan dre pretorious,Ashok Sharma,427,663,43,80,47,33,18.74,155.27,15.42
Auqib Nabi,Anshul Kamboj,141,168,26,21,5,8,14.89,119.15,6.46
Mohammed Shami,Anshul Kamboj,129,127,22,33,6,2,25.58,98.45,5.77
Ashish Singh,Anshul Kamboj,283,305,21,37,3,1,13.07,107.77,14.52
Deepak Hooda,Saransh Jain,615,911,60,174,67,52,28.29,148.13,15.18
Matthew Forde,Arzan Nagwaswalla,136,125,40,35,10,5,25.74,91.91,3.12
Jason Holder,Duan Jansen,162,175,25,47,7,9,29.01,108.02,7.0
Harsh Dubey,Dushan Hemantha,115,83,39,34,6,3,29.57,72.17,2.13
Raj Limbani,Prince Yadav,238,272,25,25,4,2,10.5,114.29,10.88
Avinov Choudhary,Prince Yadav,142,163,10,14,2,2,9.86,114.79,16.3
Avinov Choudhary,Gangam Anikethreddy,174,191,20,20,2,2,11.49,109.77,9.55
Auqib Nabi,Arzan Nagwaswalla,108,130,16,23,8,5,21.3,120.37,8.12
Jai Moondra,Mitchell Marsh,77,65,37,12,7,3,15.58,84.42,1.76
Jai Moondra,Auqib Nabi,79,65,32,13,3,3,16.46,82.28,2.03
Arzan Nagwaswalla,Mohammed Shami,95,109,9,11,2,1,11.58,114.74,12.11
Dian Forrester,Matthew Forde,467,742,13,82,45,34,17.56,158.89,57.08
Lalit Yadav,Akash Deep,823,1752,49,88,130,109,10.69,212.88,35.76
Praveen Jayawickrama,Akash Deep,69,42,26,23,2,3,33.33,60.87,1.62
Lalit Yadav,Vidwath Kaverappa,784,1852,25,48,158,110,6.12,236.22,74.08
Praveen Jayawickrama,Vidwath Kaverappa,78,66,18,21,6,0,26.92,84.62,3.67
Jasprit Bumrah,Vidwath Kaverappa,112,115,12,21,2,2,18.75,102.68,9.58
Jasprit Bumrah,Akash Deep,113,127,10,22,6,0,19.47,112.39,12.7
Charith Asalanka,Jaydev Unadkat,370,506,41,96,39,26,25.95,136.76,12.34
Josh Tongue,Avesh Khan,48,17,21,17,2,0,35.42,35.42,0.81
Vasuki Koushik,Avesh Khan,111,100,16,22,1,1,19.82,90.09,6.25
Dasun Shanaka,Jaydev Unadkat,244,360,22,57,15,23,23.36,147.54,16.36
Chamika Gunasekara,Jaydev Unadkat,48,46,4,8,0,1,16.67,95.83,11.5
Chamika Gunasekara,Avesh Khan,83,86,8,10,1,0,12.05,103.61,10.75
Kuldeep Yadav,Adam Zampa,198,77,42,113,2,2,57.07,38.89,1.83
Mitchell Starc,Kuldeep Yadav,140,56,42,65,2,1,46.43,40.0,1.33
Abhishek Sharma,Cameron Green,815,1908,33,15,151,113,1.84,234.11,57.82
Auqib Nabi,Umesh Yadav,104,170,16,24,14,11,23.08,163.46,10.62
Yuvraj Chaudhary,Binura Fernando,404,681,47,67,47,40,16.58,168.56,14.49
Dasun Shanaka,Ashok Sharma,463,777,65,68,48,44,14.69,167.82,11.95
Duan Jansen,Ashok Sharma,262,256,76,71,11,16,27.1,97.71,3.37
Duan Jansen,Sonny Baker,127,129,26,28,5,5,22.05,101.57,4.96
Josh Tongue,Sonny Baker,100,85,31,28,7,2,28.0,85.0,2.74
Arpit Vasavada,Kuldeep Yadav,1028,1490,98,205,108,68,19.94,144.94,15.2
Scott Curie,Mridul Surroch,338,370,31,38,3,2,11.24,109.47,11.94
Dunith Wellalage,Yuzvendra Chahal,523,728,18,120,25,39,22.94,139.2,40.44
Yash Thakur,Lasith Embuldeniya,337,333,41,51,1,3,15.13,98.81,8.12
Salil Arora,Yuzvendra Chahal,287,559,22,11,34,30,3.83,194.77,25.41
Prince Yadav,Harpreet Brar,134,143,8,23,3,0,17.16,106.72,17.88
Shiran Fernando,Tanay Thyagarajan,268,309,16,36,2,1,13.43,115.3,19.31
Prince Yadav,Tanay Thyagarajan,129,146,12,8,0,1,6.2,113.18,12.17
Ravi Bishnoi,Riyan Parag,554,504,76,141,10,5,25.45,90.97,6.63
Ankit Kumar,Adam Zampa,458,580,20,27,6,6,5.9,126.64,29.0
Sam Curran,Mohamed Shiraz,131,208,11,24,11,13,18.32,158.78,18.91
Rashid Khan,Craig Overton,174,130,49,55,8,5,31.61,74.71,2.65
Sahan Arachchige,Ashwin Das,1359,1735,247,245,123,80,18.03,127.67,7.02
Mohamed Shiraz,Khaleel Ahmed,81,96,2,11,2,1,13.58,118.52,48.0
Jason Holder,Mridul Surroch,166,259,5,33,12,14,19.88,156.02,51.8
Khaleel Ahmed,Mridul Surroch,72,80,7,6,1,0,8.33,111.11,11.43
Prince Yadav,Craig Overton,92,115,10,9,2,1,9.78,125.0,11.5
Jason Holder,Mayank Yadav,136,235,15,21,18,12,15.44,172.79,15.67
Prince Yadav,Mayank Yadav,74,83,8,7,0,1,9.46,112.16,10.38
Athisayaraj Davidson,Ravi Teja,98,80,28,28,2,5,28.57,81.63,2.86
Ravi Teja,Raj Angad Bawa,234,157,78,83,11,7,35.47,67.09,2.01
Mohammed Siraj,Raj Angad Bawa,221,117,58,92,8,1,41.63,52.94,2.02
Mohammed Siraj,Atit Sheth,189,109,66,60,6,3,31.75,57.67,1.65
Prasidh Krishna,Atit Sheth,289,317,35,48,6,6,16.61,109.69,9.06
Sunil Narine,Atit Sheth,176,205,8,21,8,0,11.93,116.48,25.62
Prasidh Krishna,Raj Angad Bawa,238,226,28,56,6,3,23.53,94.96,8.07
Kuldeep Yadav,Isitha Wijesundara,345,109,99,201,11,4,58.26,31.59,1.1
Ramandeep Singh,Josh Tongue,546,820,89,86,56,46,15.75,150.18,9.21
Raj Limbani,Dasun Shanaka,592,644,69,59,7,5,9.97,108.78,9.33
Seekkuge Prasanna,Mukesh Kumar,294,608,33,30,44,40,10.2,206.8,18.42
Binura Fernando,Akash Vasisht,183,196,19,24,3,0,13.11,107.1,10.32
Binura Fernando,Beau Webster,176,192,17,22,3,1,12.5,109.09,11.29
Dunith Wellalage,Dian Forrester,644,950,24,124,51,43,19.25,147.52,39.58
Nimesh Vimukthi,Dian Forrester,346,375,10,57,5,3,16.47,108.38,37.5
Maheesh Theekshana,Dian Forrester,74,83,4,7,1,0,9.46,112.16,20.75
Sai Kishore,Jasprit Bumrah,93,83,18,32,5,3,34.41,89.25,4.61
Shreyas Iyer,Gurinder Singh,385,766,14,36,58,38,9.35,198.96,54.71
Heinrich Klaasen,Manav Suthar,475,773,36,108,62,39,22.74,162.74,21.47
Raj Limbani,Donovan Ferreira,84,109,6,7,0,3,8.33,129.76,18.17
Avinov Choudhary,Anshul Kamboj,137,155,15,7,1,0,5.11,113.14,10.33
Gangam Anikethreddy,Harsh Dubey,209,153,63,82,14,6,39.23,73.21,2.43
Prince Yadav,Shardul Thakur,211,204,26,25,0,1,11.85,96.68,7.85
Avinov Choudhary,Mitchell Marsh,120,120,12,16,2,0,13.33,100.0,10.0
Avinov Choudhary,Lasith Embuldeniya,111,124,10,9,1,0,8.11,111.71,12.4
Rashid Khan,Kagiso Rabada,102,111,31,22,8,6,21.57,108.82,3.58
Shiran Fernando,Kagiso Rabada,161,149,29,26,2,0,16.15,92.55,5.14
Rachin Ravindra,Washington Sundar,652,1266,77,79,97,80,12.12,194.17,16.44
Lalit Yadav,Scott Curie,538,1198,32,28,96,69,5.2,222.68,37.44
Cameron Green,Umesh Yadav,256,381,18,52,22,19,20.31,148.83,21.17
Corbin Bosch,Mridul Surroch,311,492,23,58,27,30,18.65,158.2,21.39
Shiran Fernando,Atit Sheth,487,456,70,99,12,3,20.33,93.63,6.51
Shiran Fernando,Raj Angad Bawa,423,387,53,70,1,3,16.55,91.49,7.3
Calvin Harrison,Jasprit Bumrah,293,259,34,93,6,6,31.74,88.4,7.62
Rachin Ravindra,Scott Curie,391,793,61,40,82,43,10.23,202.81,13.0
Ramandeep Singh,Atit Sheth,909,1679,177,84,139,101,9.24,184.71,9.49
Raj Limbani,Jasprit Bumrah,173,187,18,23,1,3,13.29,108.09,10.39
Avinov Choudhary,Jasprit Bumrah,111,111,14,14,2,0,12.61,100.0,7.93
Theesan Vithushan,Ashish Singh,78,46,27,29,2,2,37.18,58.97,1.7
Noor Ahmad,Akeal Hosein,81,58,24,26,5,2,32.1,71.6,2.42
Athisayaraj Davidson,Akeal Hosein,85,64,27,20,1,2,23.53,75.29,2.37
Nimesh Vimukthi,Chamika Gunasekara,305,328,17,57,4,4,18.69,107.54,19.29
Maheesh Theekshana,Charith Asalanka,141,146,7,21,3,1,14.89,103.55,20.86
Craig Overton,Prince Yadav,122,124,24,37,10,4,30.33,101.64,5.17
Maheesh Theekshana,Ashok Sharma,153,174,13,15,4,0,9.8,113.73,13.38
Maheesh Theekshana,Sonny Baker,209,246,18,18,2,1,8.61,117.7,13.67
Harsh Dubey,Mukesh Kumar,90,82,33,20,9,2,22.22,91.11,2.48
Yuvraj Chaudhary,Khaleel Ahmed,144,213,6,24,11,8,16.67,147.92,35.5
Mayank Yadav,Prince Yadav,75,57,22,18,1,2,24.0,76.0,2.59
Rashid Khan,Mukesh Kumar,59,54,24,10,2,4,16.95,91.53,2.25
Gangam Anikethreddy,Mukesh Kumar,100,75,38,30,7,3,30.0,75.0,1.97
Luhan dre pretorious,Jai Moondra,145,239,13,22,15,11,15.17,164.83,18.38
Auqib Nabi,Jasprit Bumrah,99,114,23,20,9,4,20.2,115.15,4.96
Mitchell Starc,Vaisakh Chandran,76,35,30,31,0,3,40.79,46.05,1.17
Adam Zampa,Varun Chakravarthy,64,54,9,11,0,0,17.19,84.38,6.0
Duan Jansen,Jai Moondra,52,49,10,13,2,1,25.0,94.23,4.9
Vasuki Koushik,Jai Moondra,108,122,12,14,3,1,12.96,112.96,10.17
Chamika Gunasekara,Jai Moondra,119,122,4,18,1,0,15.13,102.52,30.5
Sahan Arachchige,Malinda Pushpakumara,219,366,59,12,21,23,5.48,167.12,6.2
CV Stephen,Kuldeep Yadav,81,69,21,12,3,0,14.81,85.19,3.29
Malinda Pushpakumara,Kuldeep Yadav,69,61,11,9,0,0,13.04,88.41,5.55
Prashant Veer,Gangam Anikethreddy,486,702,40,81,42,29,16.67,144.44,17.55
Bipin Saurabh,Lungi Ngidi,288,508,29,33,35,28,11.46,176.39,17.52
Dan Lawrence,Lungi Ngidi,347,518,18,75,19,32,21.61,149.28,28.78
Tanay Thyagarajan,Lungi Ngidi,159,202,16,20,8,4,12.58,127.04,12.62
Gangam Anikethreddy,Ravi Teja,109,45,44,43,2,3,39.45,41.28,1.02
Sunil Narine,Prince Yadav,184,246,7,8,7,2,4.35,133.7,35.14
Deepak Hooda,Shahbaz Ahmed,544,1041,47,53,86,51,9.74,191.36,22.15
Calvin Harrison,Varun Chakravarthy,351,334,22,142,17,14,40.46,95.16,15.18
Rachin Ravindra,Akeal Hosein,448,721,51,98,61,41,21.88,160.94,14.14
Chamika Gunasekara,Athisayaraj Davidson,189,198,14,18,1,0,9.52,104.76,14.14
Kranthi Kumar,Rashid Khan,157,324,16,6,31,14,3.82,206.37,20.25
Akeal Hosein,Prasidh Krishna,110,88,37,34,8,4,30.91,80.0,2.38
Binura Fernando,Mitchell Santner,198,228,15,20,2,1,10.1,115.15,15.2
Rashid Khan,Varun Chakravarthy,312,274,118,64,17,12,20.51,87.82,2.32
Gangam Anikethreddy,Varun Chakravarthy,273,115,102,118,9,4,43.22,42.12,1.13
Seekkuge Prasanna,Athisayaraj Davidson,438,574,53,125,38,32,28.54,131.05,10.83
Nishan Peiris,Praveen Jayawickrama,205,216,16,31,2,1,15.12,105.37,13.5
Ravi Bishnoi,Praveen Jayawickrama,271,266,38,68,6,3,25.09,98.15,7.0
Tanay Thyagarajan,Anshul Kamboj,214,247,30,25,5,6,11.68,115.42,8.23
Shivam Mavi,Lasith Embuldeniya,75,63,26,12,2,2,16.0,84.0,2.42
Axar Patel,Shivam Mavi,392,558,36,79,31,28,20.15,142.35,15.5
Malinda Pushpakumara,Vishen Halambage,263,252,29,40,1,1,15.21,95.82,8.69
Rachin Ravindra,Kuldeep Yadav,304,445,80,61,32,33,20.07,146.38,5.56
Jasprit Bumrah,Auqib Nabi,118,112,24,20,1,2,16.95,94.92,4.67
Ismat Alam,Mohammed Shami,53,61,11,13,2,4,24.53,115.09,5.55
Rashid Khan,CV Stephen,246,238,92,52,19,12,21.14,96.75,2.59
Gangam Anikethreddy,CV Stephen,212,144,73,78,9,9,36.79,67.92,1.97
Jaydev Unadkat,Josh Tongue,86,40,33,23,1,1,26.74,46.51,1.21
Prasidh Krishna,Duan Jansen,81,48,25,31,2,2,38.27,59.26,1.92
Prasidh Krishna,Ismat Alam,155,121,51,57,8,9,36.77,78.06,2.37
Ismat Alam,Prasidh Krishna,114,156,27,25,14,9,21.93,136.84,5.78
Dian Forrester,Jaydev Unadkat,137,179,11,33,11,7,24.09,130.66,16.27
Dian Forrester,Prasidh Krishna,169,314,10,26,31,15,15.38,185.8,31.4
Dian Forrester,Mohammed Siraj,153,239,16,31,12,15,20.26,156.21,14.94
Ankit Kumar,Chamika Gunasekara,666,1106,86,76,78,57,11.41,166.07,12.86
Kranthi Kumar,Duan Jansen,377,382,39,126,17,17,33.42,101.33,9.79
Kranthi Kumar,Chamika Gunasekara,365,499,33,75,32,21,20.55,136.71,15.12
Anshul Kamboj,Charith Asalanka,103,117,21,27,7,6,26.21,113.59,5.57
Ashok Sharma,Dasun Shanaka,487,636,19,36,15,7,7.39,130.6,33.47
Ashok Sharma,Charith Asalanka,390,485,7,26,9,2,6.67,124.36,69.29
Ashok Sharma,Duan Jansen,230,246,22,34,6,3,14.78,106.96,11.18
Yashasvi Jaiswal,Kranthi Kumar,863,1127,74,253,80,60,29.32,130.59,15.23
Vasuki Koushik,Corbin Bosch,217,203,30,34,1,1,15.67,93.55,6.77
Josh Tongue,Corbin Bosch,140,51,47,49,0,0,35.0,36.43,1.09
Chamika Gunasekara,Corbin Bosch,200,201,16,28,2,0,14.0,100.5,12.56
Chamika Gunasekara,Kranthi Kumar,232,225,14,43,1,0,18.53,96.98,16.07
Chamika Gunasekara,Ashok Sharma,215,219,14,31,0,0,14.42,101.86,15.64
Chamika Gunasekara,Sonny Baker,260,288,14,30,0,2,11.54,110.77,20.57
Kranthi Kumar,Mayank Yadav,155,311,14,20,24,20,12.9,200.65,22.21
Mayank Yadav,Kranthi Kumar,177,67,64,61,2,0,34.46,37.85,1.05
Akeal Hosein,Yash Thakur,212,200,70,60,18,10,28.3,94.34,2.86
Akeal Hosein,Akash Deep,180,157,67,36,9,7,20.0,87.22,2.34
Liam Livingstone,Scott Curie,399,912,34,43,81,59,10.78,228.57,26.82
Mitchell Santner,Scott Curie,254,473,17,60,32,34,23.62,186.22,27.82
Mitchell Santner,Theesan Vithushan,317,527,22,90,35,37,28.39,166.25,23.95
Ashwin Das,Mohammed Siraj,329,486,59,68,39,25,20.67,147.72,8.24
Mitchell Santner,Avinov Choudhary,353,574,47,55,52,23,15.58,162.61,12.21
Ravi Teja,Raj Limbani,139,119,50,29,5,6,20.86,85.61,2.38
Mohammed Siraj,Raj Limbani,109,62,52,23,4,3,21.1,56.88,1.19
Mitchell Santner,Raj Limbani,370,731,58,46,55,50,12.43,197.57,12.6
Anshul Kamboj,Lance Morris,102,79,34,31,4,5,30.39,77.45,2.32
Ashok Sharma,Lance Morris,151,171,14,17,3,2,11.26,113.25,12.21
Ashok Sharma,Hardik Pandya,368,452,12,27,7,4,7.34,122.83,37.67
Lance Morris,Sam Curran,262,199,87,75,14,8,28.63,75.95,2.29
Arshdeep Singh,Sam Curran,187,124,72,52,7,6,27.81,66.31,1.72
Tripuresh Singh,Sam Curran,243,319,35,12,13,7,4.94,131.28,9.11
Nathan Ellis,Sam Curran,174,182,22,27,4,2,15.52,104.6,8.27
Nathan Ellis,Jason Holder,163,154,12,29,1,0,17.79,94.48,12.83
Yuvraj Chaudhary,Jai Moondra,226,348,11,36,18,17,15.93,153.98,31.64
Mayank Yadav,Dian Forrester,215,128,65,68,4,4,31.63,59.53,1.97
Mohamed Shiraz,Ismat Alam,207,218,19,31,2,1,14.98,105.31,11.47
Mohamed Shiraz,Dian Forrester,227,246,18,34,3,1,14.98,108.37,13.67
Mukesh Kumar,Calvin Harrison,272,290,33,43,0,7,15.81,106.62,8.79
Prince Yadav,Akash Vasisht,190,209,16,24,4,1,12.63,110.0,13.06
Prince Yadav,Mridul Surroch,288,315,17,42,3,2,14.58,109.38,18.53
Gangam Anikethreddy,Shubham Agarwal,147,65,63,57,3,5,38.78,44.22,1.03
Saransh Jain,Shubham Agarwal,271,267,28,54,4,1,19.93,98.52,9.54
Will Jacks,Shiran Fernando,427,802,34,41,60,41,9.6,187.82,23.59
Jos Buttler,Raj Limbani,578,1148,93,70,103,71,12.11,198.62,12.34
Ramandeep Singh,Ravi Teja,269,403,48,44,31,23,16.36,149.81,8.4
Maheesh Theekshana,Mridul Surroch,256,177,75,69,7,4,26.95,69.14,2.36
Mukesh Kumar,Mohsin Khan,93,90,20,10,2,1,10.75,96.77,4.5
Lance Morris,Rashid Khan,94,90,18,26,6,3,27.66,95.74,5.0
Lance Morris,Prince Yadav,43,42,16,4,3,1,9.3,97.67,2.62
Arshdeep Singh,Prince Yadav,42,32,19,6,2,1,14.29,76.19,1.68
Tripuresh Singh,Prince Yadav,162,191,21,10,2,2,6.17,117.9,9.1
Nishan Peiris,Liam Livingstone,128,143,18,11,3,1,8.59,111.72,7.94
Mitchell Santner,Ravi Bishnoi,215,320,19,70,31,16,32.56,148.84,16.84
Jasprit Bumrah,Hardik Pandya,559,533,73,107,9,5,19.14,95.35,7.3
Sanju Samson,Prashant Veer,1912,3633,119,328,283,225,17.15,190.01,30.53
Adam Zampa,Prashant Veer,67,71,6,6,2,0,8.96,105.97,11.83
Ismat Alam,Liam Livingstone,224,340,35,48,24,21,21.43,151.79,9.71
Sdnv Prasad,Mohammed Siraj,352,546,19,89,37,31,25.28,155.11,28.74
Ismat Alam,Mohammed Siraj,74,103,19,13,8,6,17.57,139.19,5.42
Sairaj Patil,Joel Davies,318,544,51,47,36,36,14.78,171.07,10.67
Yuvraj Chaudhary,Joel Davies,263,367,17,64,23,17,24.33,139.54,21.59
Yuvraj Chaudhary,Sai Kishore,247,404,10,46,33,16,18.62,163.56,40.4
Rachin Ravindra,Akash Deep,699,1340,101,78,111,79,11.16,191.7,13.27
Dian Forrester,Akash Deep,497,838,20,81,43,47,16.3,168.61,41.9
Shubham Agarwal,Gangam Anikethreddy,274,187,66,99,10,5,36.13,68.25,2.83
Theesan Vithushan,Gangam Anikethreddy,190,145,69,64,9,10,33.68,76.32,2.1
Lance Morris,Sonny Baker,113,101,32,25,3,6,22.12,89.38,3.16
Ashok Sharma,Tripuresh Singh,168,206,16,11,4,4,6.55,122.62,12.88
Mitchell Starc,Ravi Bishnoi,59,25,17,30,0,2,50.85,42.37,1.47
Mitchell Starc,Krunal Pandya,131,50,44,65,5,2,49.62,38.17,1.14
Kuldeep Yadav,Anshul Kamboj,134,57,38,73,5,2,54.48,42.54,1.5
Sahan Arachchige,Ravi Bishnoi,207,328,39,32,27,17,15.46,158.45,8.41
Donovan Ferreira,Lungi Ngidi,293,554,32,30,42,29,10.24,189.08,17.31
Duan Jansen,Mohammed Siraj,107,107,30,32,11,4,29.91,100.0,3.57
Ashok Sharma,Sam Curran,208,256,8,22,6,2,10.58,123.08,32.0
Anshul Kamboj,Sam Curran,126,130,29,42,11,8,33.33,103.17,4.48
Ashok Sharma,Rashid Khan,160,202,6,12,8,0,7.5,126.25,33.67
Ashok Sharma,Prince Yadav,130,156,8,10,5,0,7.69,120.0,19.5
Sonny Baker,Prince Yadav,76,68,7,16,0,0,21.05,89.47,9.71
Harry Brook,Sonny Baker,165,307,18,10,28,11,6.06,186.06,17.06
Josh Tongue,Harsh Dubey,136,91,40,39,5,1,28.68,66.91,2.27
Kuldeep Yadav,Harsh Dubey,208,76,75,102,8,2,49.04,36.54,1.01
Dasun Shanaka,Kagiso Rabada,245,368,35,43,23,22,17.55,150.2,10.51
Harsh Dubey,Josh Tongue,213,115,71,72,8,3,33.8,53.99,1.62
Tripuresh Singh,Avesh Khan,107,142,9,4,2,4,3.74,132.71,15.78
Sunil Narine,Axar Patel,117,161,1,7,1,3,5.98,137.61,161.0
Arshdeep Singh,Rashid Khan,53,41,14,13,0,2,24.53,77.36,2.93
Nathan Ellis,Rashid Khan,108,112,8,14,0,1,12.96,103.7,14.0
Sam Curran,Arshdeep Singh,244,386,25,36,26,19,14.75,158.2,15.44
Rashid Khan,Arshdeep Singh,88,78,29,22,2,6,25.0,88.64,2.69
Mitchell Santner,Vaisakh Chandran,213,326,16,56,22,19,26.29,153.05,20.38
Cameron Green,Chamika Gunasekara,662,1058,56,131,75,58,19.79,159.82,18.89
Kranthi Kumar,Vasuki Koushik,398,395,39,132,22,13,33.17,99.25,10.13
Corbin Bosch,Charith Asalanka,572,798,12,151,38,44,26.4,139.51,66.5
Corbin Bosch,Duan Jansen,267,256,22,102,12,11,38.2,95.88,11.64
Ashok Sharma,Josh Tongue,234,318,12,23,9,7,9.83,135.9,26.5
Sonny Baker,Josh Tongue,68,64,4,15,0,0,22.06,94.12,16.0
Duan Jansen,Cameron Green,165,191,34,37,9,10,22.42,115.76,5.62
Josh Tongue,Ashok Sharma,209,126,69,74,5,6,35.41,60.29,1.83
Chamika Gunasekara,Nitish Kumar Reddy,168,196,11,21,2,1,12.5,116.67,17.82
Shiran Fernando,Beau Webster,312,315,43,48,4,4,15.38,100.96,7.33
Nimesh Vimukthi,Prince Yadav,236,267,5,44,2,5,18.64,113.14,53.4
Tanay Thyagarajan,Shivam Mavi,183,210,14,27,6,1,14.75,114.75,15.0
Nimesh Vimukthi,Arzan Nagwaswalla,176,169,17,36,2,0,20.45,96.02,9.94
Jasprit Bumrah,Joel Davies,39,32,5,11,0,0,28.21,82.05,6.4
Harpreet Brar,Prasidh Krishna,206,332,51,13,24,17,6.31,161.17,6.51
Mitchell Starc,Shiran Fernando,83,40,28,34,5,0,40.96,48.19,1.43
Shivam Mavi,Tanay Thyagarajan,94,83,31,21,5,3,22.34,88.3,2.68
Virat Kohli,Atit Sheth,644,1458,70,38,123,91,5.9,226.4,20.83
Virat Kohli,Raj Angad Bawa,627,1524,28,32,127,95,5.1,243.06,54.43
Prince Yadav,Raj Angad Bawa,313,334,23,36,2,0,11.5,106.71,14.52
Vaisakh Chandran,Mohammed Shami,184,193,17,32,1,0,17.39,104.89,11.35
Lance Morris,Bhuvneshwar Kumar,63,54,16,25,4,3,39.68,85.71,3.38
Arshdeep Singh,Washington Sundar,89,59,23,34,2,3,38.2,66.29,2.57
Theesan Vithushan,Lance Morris,75,60,17,28,4,2,37.33,80.0,3.53
Avinov Choudhary,Arzan Nagwaswalla,95,106,7,10,2,0,10.53,111.58,15.14
Shubham Agarwal,Lasith Embuldeniya,212,145,34,86,7,3,40.57,68.4,4.26
Manav Suthar,Prasidh Krishna,96,86,34,24,6,5,25.0,89.58,2.53
Theesan Vithushan,Prasidh Krishna,61,24,22,23,1,0,37.7,39.34,1.09
Bhuvneshwar Kumar,Prasidh Krishna,101,98,15,18,0,2,17.82,97.03,6.53
Bhuvneshwar Kumar,Jaydev Unadkat,115,141,12,11,2,4,9.57,122.61,11.75
Duvindu Tillakaratne,Jaydev Unadkat,71,77,6,7,0,0,9.86,108.45,12.83
Ashton Turner,Washington Sundar,518,977,56,55,70,59,10.62,188.61,17.45
Mayank Yadav,Will Jacks,36,44,9,12,3,4,33.33,122.22,4.89
Umesh Yadav,Will Jacks,30,28,6,1,0,0,3.33,93.33,4.67
Mohamed Shiraz,Will Jacks,11,7,2,2,0,0,18.18,63.64,3.5
Mohamed Shiraz,Washington Sundar,33,40,2,4,0,1,12.12,121.21,20.0
Mohamed Shiraz,Bhuvneshwar Kumar,12,19,2,1,1,1,8.33,158.33,9.5
Mohamed Shiraz,Manav Suthar,19,18,4,3,0,0,15.79,94.74,4.5
Mohammed Shami,Shahbaz Ahmed,302,310,25,34,1,0,11.26,102.65,12.4
Mohammed Shami,Saransh Jain,344,383,30,38,3,3,11.05,111.34,12.77
Shubham Agarwal,Dushan Hemantha,194,135,34,71,6,2,36.6,69.59,3.97
Theesan Vithushan,Dushan Hemantha,107,53,37,46,3,3,42.99,49.53,1.43
Scott Curie,Lasith Embuldeniya,124,122,13,19,0,0,15.32,98.39,9.38
Auqib Nabi,Nathan Ellis,168,210,29,28,15,6,16.67,125.0,7.24
Luhan dre pretorious,Jaydev Unadkat,300,338,39,95,24,16,31.67,112.67,8.67
Auqib Nabi,Mohammed Siraj,110,109,18,33,5,5,30.0,99.09,6.06
Mohammed Shami,Mohammed Siraj,42,13,15,18,1,0,42.86,30.95,0.87
Mohammed Shami,Jaydev Unadkat,54,50,17,19,2,5,35.19,92.59,2.94
Ashish Singh,Jaydev Unadkat,56,44,10,11,1,0,19.64,78.57,4.4
Binura Fernando,Jaydev Unadkat,50,57,4,9,2,1,18.0,114.0,14.25
Gangam Anikethreddy,Chamika Gunasekara,201,127,65,86,10,6,42.79,63.18,1.95
Nitish Rana,Arzan Nagwaswalla,170,274,28,28,19,17,16.47,161.18,9.79
Nitish Rana,Jasprit Bumrah,145,269,17,21,22,15,14.48,185.52,15.82
Jaydev Unadkat,Jasprit Bumrah,56,43,15,22,3,2,39.29,76.79,2.87
Ottneil Baartman,Axar Patel,294,283,42,49,4,2,16.67,96.26,6.74
Ottneil Baartman,Binura Fernando,136,126,18,25,4,0,18.38,92.65,7.0
Shardul Thakur,Jasprit Bumrah,343,324,44,114,15,12,33.24,94.46,7.36
Anshul Kamboj,Jasprit Bumrah,316,295,54,55,10,2,17.41,93.35,5.46
Kagiso Rabada,Arzan Nagwaswalla,201,224,16,28,1,3,13.93,111.44,14.0
Kumar Kushagra,Raj Angad Bawa,1068,2237,64,151,191,131,14.14,209.46,34.95
Harsh Dubey,Athisayaraj Davidson,181,146,51,65,7,9,35.91,80.66,2.86
Shardul Thakur,Athisayaraj Davidson,308,264,47,88,7,7,28.57,85.71,5.62
Praveen Jayawickrama,Dasun Shanaka,121,78,42,36,0,5,29.75,64.46,1.86
Yash Thakur,Vaisakh Chandran,257,264,32,31,3,1,12.06,102.72,8.25
Kuldeep Yadav,Ravi Teja,103,33,42,46,3,1,44.66,32.04,0.79
Chamika Gunasekara,Mohammed Siraj,239,245,17,38,1,1,15.9,102.51,14.41
Shubham Agarwal,Rashid Khan,200,161,39,69,8,5,34.5,80.5,4.13
Theesan Vithushan,Rashid Khan,226,131,74,77,4,5,34.07,57.96,1.77
Sahan Arachchige,Rahul Chahar,652,1043,63,90,44,66,13.8,159.97,16.56
Sahan Arachchige,Mukesh Kumar,542,783,72,63,39,38,11.62,144.46,10.88
Josh Tongue,Akash Vasisht,342,249,100,106,17,8,30.99,72.81,2.49
Varun Chakravarthy,Beau Webster,458,449,67,70,6,6,15.28,98.03,6.7
Suryakumar Yadav,Lungi Ngidi,420,706,19,47,47,25,11.19,168.1,37.16
Mukesh Kumar,Kuldeep Yadav,201,176,35,46,1,3,22.89,87.56,5.03
Rahul Chahar,Kuldeep Yadav,126,134,9,22,2,0,17.46,106.35,14.89
Mohammed Shami,Umesh Yadav,38,25,13,14,1,2,36.84,65.79,1.92
Rishabh Pant,Mayank Yadav,76,121,13,10,6,8,13.16,159.21,9.31
Mohammed Shami,Mayank Yadav,35,37,13,10,5,2,28.57,105.71,2.85
Mohamed Shiraz,Binura Fernando,86,102,8,8,0,1,9.3,118.6,12.75
Mohamed Shiraz,Ashish Singh,108,117,10,12,1,1,11.11,108.33,11.7
Jaydev Unadkat,Manav Suthar,26,11,8,13,2,0,50.0,42.31,1.38
Kuldeep Yadav,Nishan Peiris,127,41,53,55,4,1,43.31,32.28,0.77
Virat Singh,Scott Curie,601,1282,41,36,106,69,5.99,213.31,31.27
Jason Holder,Mohamed Shiraz,165,186,21,42,11,6,25.45,112.73,8.86
Rashid Khan,Mohamed Shiraz,49,41,22,10,3,2,20.41,83.67,1.86
Jason Holder,Umesh Yadav,98,126,5,24,8,4,24.49,128.57,25.2
Sairaj Patil,Prince Yadav,168,334,15,16,23,21,9.52,198.81,22.27
Ramandeep Singh,Anshul Kamboj,372,695,49,40,52,42,10.75,186.83,14.18
Dunith Wellalage,Duan Jansen,371,444,24,71,9,17,19.14,119.68,18.5
Dushan Hemantha,Washington Sundar,122,78,37,37,3,3,30.33,63.93,2.11
Dian Forrester,Mohsin Khan,431,709,37,75,53,36,17.4,164.5,19.16
Dian Forrester,Yash Thakur,566,1127,22,66,69,73,11.66,199.12,51.23
Dian Forrester,Vidwath Kaverappa,437,880,10,46,62,50,10.53,201.37,88.0
Shivam Mavi,Binura Fernando,85,66,39,19,7,2,22.35,77.65,1.69
Akeal Hosein,Maheesh Theekshana,100,111,23,16,7,3,16.0,111.0,4.83
Lasith Embuldeniya,Maheesh Theekshana,202,207,21,23,2,1,11.39,102.48,9.86
Jason Holder,Maheesh Theekshana,138,229,14,27,14,15,19.57,165.94,16.36
Prince Yadav,Gurinder Singh,58,58,5,10,1,1,17.24,100.0,11.6
Kranthi Kumar,Josh Tongue,393,506,43,104,35,24,26.46,128.75,11.77
Anshul Kamboj,Duan Jansen,69,63,29,13,5,4,18.84,91.3,2.17
Duan Jansen,Nitish Kumar Reddy,134,103,30,45,2,4,33.58,76.87,3.43
Duan Jansen,Anshul Kamboj,109,122,18,22,5,4,20.18,111.93,6.78
Gangam Anikethreddy,Lasith Embuldeniya,191,126,64,72,10,6,37.7,65.97,1.97
Duan Jansen,Tripuresh Singh,105,65,34,27,6,0,25.71,61.9,1.91
Josh Tongue,Tripuresh Singh,93,56,26,33,2,1,35.48,60.22,2.15
Vasuki Koushik,Arshdeep Singh,139,109,28,29,1,1,20.86,78.42,3.89
Chamika Gunasekara,Arshdeep Singh,102,97,10,19,0,1,18.63,95.1,9.7
Nathan Ellis,Josh Tongue,122,141,8,9,1,0,7.38,115.57,17.62
James Rew,Mayank Yadav,495,659,34,120,35,30,24.24,133.13,19.38
Arshdeep Singh,Mayank Yadav,57,42,19,10,2,1,17.54,73.68,2.21
Tripuresh Singh,Mohamed Shiraz,127,168,18,8,7,3,6.3,132.28,9.33
Chamika Gunasekara,Sunil Narine,299,274,30,57,2,0,19.06,91.64,9.13
Duvindu Tillakaratne,Lance Morris,94,92,11,16,0,1,17.02,97.87,8.36
Duvindu Tillakaratne,Nathan Ellis,93,92,10,8,0,0,8.6,98.92,9.2
Yash Thakur,Ravi Bishnoi,206,231,25,24,5,3,11.65,112.14,9.24
Kuldeep Yadav,Matthew Forde,157,41,52,86,3,1,54.78,26.11,0.79
Athisayaraj Davidson,Axar Patel,158,79,54,60,4,3,37.97,50.0,1.46
Noor Ahmad,Axar Patel,176,95,62,66,8,2,37.5,53.98,1.53
Jasprit Bumrah,Axar Patel,217,205,35,44,10,2,20.28,94.47,5.86
Ashwin Das,Arzan Nagwaswalla,354,354,52,143,24,20,40.4,100.0,6.81
Arzan Nagwaswalla,Tanay Thyagarajan,149,162,14,16,1,1,10.74,108.72,11.57
Rashid Khan,Josh Tongue,346,281,115,98,20,13,28.32,81.21,2.44
Ismat Alam,Ashok Sharma,260,272,72,69,23,11,26.54,104.62,3.78
Heinrich Klaasen,Duvindu Tillakaratne,627,1145,17,135,80,70,21.53,182.62,67.35
Gurinder Singh,Manav Suthar,81,73,27,23,4,5,28.4,90.12,2.7
Marcus Stoinis,Manav Suthar,329,539,14,74,37,31,22.49,163.83,38.5
Gurinder Singh,Theesan Vithushan,70,76,18,25,7,4,35.71,108.57,4.22
Sai Kishore,Theesan Vithushan,88,174,12,17,16,12,19.32,197.73,14.5
Sairaj Patil,Nimesh Vimukthi,356,686,29,46,53,40,12.92,192.7,23.66
Craig Overton,Sai Kishore,146,268,11,30,13,19,20.55,183.56,24.36
Mayank Yadav,Gurinder Singh,91,64,21,31,1,3,34.07,70.33,3.05
Craig Overton,Maheesh Theekshana,145,197,17,38,15,11,26.21,135.86,11.59
Umesh Yadav,Maheesh Theekshana,130,128,25,18,2,2,13.85,98.46,5.12
Sai Kishore,Mridul Surroch,282,393,43,62,26,23,21.99,139.36,9.14
Nimesh Vimukthi,Mridul Surroch,183,208,12,33,5,2,18.03,113.66,17.33
Dunith Wellalage,Mohamed Shiraz,201,248,17,54,16,10,26.87,123.38,14.59
Nimesh Vimukthi,Mohamed Shiraz,176,174,20,38,2,3,21.59,98.86,8.7
Nimesh Vimukthi,Mayank Yadav,141,158,5,18,2,1,12.77,112.06,31.6
Dunith Wellalage,Mayank Yadav,257,344,6,54,18,10,21.01,133.85,57.33
Maheesh Theekshana,Mayank Yadav,59,75,4,5,2,0,8.47,127.12,18.75
Ashok Sharma,Mohamed Shiraz,151,167,13,9,3,0,5.96,110.6,12.85
Mayank Yadav,Anshul Kamboj,109,97,17,30,6,0,27.52,88.99,5.71
Jai Moondra,Mridul Surroch,39,33,12,7,1,1,17.95,84.62,2.75
Arzan Nagwaswalla,Mohamed Shiraz,51,58,5,4,0,0,7.84,113.73,11.6
Vidwath Kaverappa,Jasprit Bumrah,217,239,14,23,1,0,10.6,110.14,17.07
Mohammed Siraj,Auqib Nabi,271,257,38,43,2,1,15.87,94.83,6.76
Avesh Khan,Auqib Nabi,182,189,13,25,1,0,13.74,103.85,14.54
Avesh Khan,Binura Fernando,128,145,8,18,1,1,14.06,113.28,18.12
Matt Short,Jaydev Unadkat,529,785,26,122,49,40,23.06,148.39,30.19
Kunal Chandela,Adam Zampa,438,770,46,39,47,41,8.9,175.8,16.74
Chamika Gunasekara,Ravi Teja,180,187,13,26,1,0,14.44,103.89,14.38
Shiran Fernando,Charith Asalanka,95,116,4,8,1,0,8.42,122.11,29.0
Charith Asalanka,Lance Morris,387,532,28,115,36,30,29.72,137.47,19.0
Hardik Pandya,Vasuki Koushik,684,940,53,153,52,50,22.37,137.43,17.74
Lance Morris,Charith Asalanka,186,231,27,47,17,10,25.27,124.19,8.56
Arshdeep Singh,Charith Asalanka,168,108,33,73,6,3,43.45,64.29,3.27
Tripuresh Singh,Josh Tongue,134,161,17,2,4,1,1.49,120.15,9.47
Arpit Vasavada,Charith Asalanka,510,844,10,122,57,48,23.92,165.49,84.4
Akeal Hosein,Charith Asalanka,106,100,22,33,5,5,31.13,94.34,4.55
Dushan Hemantha,Charith Asalanka,140,159,17,43,13,6,30.71,113.57,9.35
Mohammed Shami,Sahan Arachchige,304,301,42,47,2,1,15.46,99.01,7.17
Maheesh Theekshana,Sam Curran,116,122,6,18,0,0,15.52,105.17,20.33
Maheesh Theekshana,Khaleel Ahmed,68,74,3,6,0,0,8.82,108.82,24.67
Mohammed Shami,Duan Jansen,102,44,29,40,0,1,39.22,43.14,1.52
Ashish Singh,Duan Jansen,163,153,24,34,1,2,20.86,93.87,6.38
Ashish Singh,Josh Tongue,106,99,15,15,0,0,14.15,93.4,6.6
Isitha Wijesundara,Chamika Gunasekara,212,153,30,107,13,4,50.47,72.17,5.1
Priyansh Arya,Hardik Pandya,200,492,12,13,40,32,6.5,246.0,41.0
Atit Sheth,Harsh Dubey,292,509,32,21,35,23,7.19,174.32,15.91
Beau Webster,Kagiso Rabada,586,784,40,243,63,46,41.47,133.79,19.6
Naman Dhir,Mukesh Kumar,424,779,32,64,55,46,15.09,183.73,24.34
Harsh Dubey,Lungi Ngidi,80,94,26,10,9,3,12.5,117.5,3.62
Donovan Ferreira,Rahul Chahar,293,595,23,15,49,28,5.12,203.07,25.87
Lungi Ngidi,Anshul Kamboj,71,39,22,24,1,1,33.8,54.93,1.77
Duvindu Tillakaratne,Anshul Kamboj,341,384,18,38,3,0,11.14,112.61,21.33
James Rew,Raj Angad Bawa,925,1820,44,121,139,101,13.08,196.76,41.36
Sanvir Singh,Vaisakh Chandran,336,548,49,49,44,27,14.58,163.1,11.18
Rinku Singh,Vaisakh Chandran,355,652,20,57,44,38,16.06,183.66,32.6
Harsh Dubey,Avinov Choudhary,250,218,80,66,16,8,26.4,87.2,2.73
Avinov Choudhary,Donovan Ferreira,47,53,7,3,2,0,6.38,112.77,7.57
Kagiso Rabada,Rahul Chahar,178,214,9,14,2,2,7.87,120.22,23.78
Atit Sheth,Ottneil Baartman,380,515,60,66,31,26,17.37,135.53,8.58
Noor Ahmad,Ottneil Baartman,138,75,52,43,2,3,31.16,54.35,1.44
Athisayaraj Davidson,Ottneil Baartman,106,74,36,26,4,2,24.53,69.81,2.06
Jasprit Bumrah,Ottneil Baartman,186,201,18,32,7,4,17.2,108.06,11.17
Jasprit Bumrah,Mohsin Khan,358,365,41,50,5,2,13.97,101.96,8.9
Shivam Mavi,Yuzvendra Chahal,88,76,36,13,3,3,14.77,86.36,2.11
Tripuresh Singh,Nitish Kumar Reddy,185,216,26,11,6,3,5.95,116.76,8.31
Nathan Ellis,Sonny Baker,282,324,13,24,3,1,8.51,114.89,24.92
Prabhsimran Singh,Calvin Harrison,567,1280,45,38,101,77,6.7,225.75,28.44
Calvin Harrison,Ottneil Baartman,301,290,44,94,15,9,31.23,96.35,6.59
Shiran Fernando,Ottneil Baartman,208,208,33,33,6,3,15.87,100.0,6.3
Varun Chakravarthy,Isitha Wijesundara,412,386,50,91,8,4,22.09,93.69,7.72
Varun Chakravarthy,Raj Limbani,316,338,40,42,8,5,13.29,106.96,8.45
Chamika Gunasekara,Raj Limbani,231,246,14,34,4,0,14.72,106.49,17.57
Ismat Alam,Khaleel Ahmed,62,65,17,11,8,1,17.74,104.84,3.82
Dian Forrester,Khaleel Ahmed,167,268,8,32,21,10,19.16,160.48,33.5
Jitesh Sharma,Khaleel Ahmed,119,149,15,28,12,4,23.53,125.21,9.93
Ramandeep Singh,Mukesh Kumar,243,467,34,22,33,27,9.05,192.18,13.74
Maheesh Theekshana,Suryansh Shedge,212,121,52,89,6,3,41.98,57.08,2.33
Ottneil Baartman,Krunal Pandya,439,433,58,67,6,4,15.26,98.63,7.47
Ottneil Baartman,Anshul Kamboj,152,173,16,12,1,3,7.89,113.82,10.81
Lungi Ngidi,Sunil Narine,91,47,24,37,1,2,40.66,51.65,1.96
Lungi Ngidi,Ravi Teja,73,32,21,32,1,1,43.84,43.84,1.52
Mukesh Kumar,Ravi Teja,72,66,11,20,1,1,27.78,91.67,6.0
Rahul Chahar,Prasidh Krishna,38,42,5,8,2,1,21.05,110.53,8.4
Saransh Jain,Dushan Hemantha,221,216,17,31,0,0,14.03,97.74,12.71
Ismat Alam,Gurinder Singh,148,255,31,17,19,16,11.49,172.3,8.23
Ismat Alam,Maheesh Theekshana,190,372,32,32,31,27,16.84,195.79,11.62
Maheesh Theekshana,Arzan Nagwaswalla,173,95,51,56,4,0,32.37,54.91,1.86
Suryansh Shedge,Maheesh Theekshana,511,881,35,100,57,51,19.57,172.41,25.17
Harsh Dubey,Maheesh Theekshana,171,133,61,52,10,7,30.41,77.78,2.18
CV Stephen,Dian Forrester,170,169,22,23,3,1,13.53,99.41,7.68
CV Stephen,Praveen Jayawickrama,149,134,22,29,2,1,19.46,89.93,6.09
Malinda Pushpakumara,Dian Forrester,145,139,12,28,2,0,19.31,95.86,11.58
Mohsin Khan,Charith Asalanka,243,137,40,124,5,6,51.03,56.38,3.42
Raj Angad Bawa,Harsh Dubey,430,653,58,94,54,34,21.86,151.86,11.26
Atit Sheth,Shardul Thakur,653,1050,79,86,66,55,13.17,160.8,13.29
Atit Sheth,Suryansh Shedge,431,707,26,78,38,42,18.1,164.04,27.19
Jasprit Bumrah,Shardul Thakur,226,211,37,32,1,0,14.16,93.36,5.7
Arzan Nagwaswalla,Shardul Thakur,153,156,17,20,1,1,13.07,101.96,9.18
Jaydev Unadkat,Joel Davies,88,65,23,32,7,0,36.36,73.86,2.83
Prasidh Krishna,Joel Davies,58,40,11,16,1,0,27.59,68.97,3.64
Prasidh Krishna,Gurinder Singh,91,60,30,25,3,2,27.47,65.93,2.0
Mohammed Siraj,Gurinder Singh,124,100,20,31,0,0,25.0,80.65,5.0
Avesh Khan,Gurinder Singh,128,121,15,13,0,0,10.16,94.53,8.07
Dushan Hemantha,Gangam Anikethreddy,137,114,47,31,4,6,22.63,83.21,2.43
Luhan dre pretorious,Manav Suthar,182,301,24,38,21,19,20.88,165.38,12.54
Varun Chakravarthy,Scott Curie,330,348,35,46,2,3,13.94,105.45,9.94
Abhimanyu Easwaran,Mukesh Kumar,619,1153,33,75,97,53,12.12,186.27,34.94
Abhimanyu Easwaran,Lungi Ngidi,578,998,34,101,71,57,17.47,172.66,29.35
Suryakumar Yadav,Mukesh Kumar,389,685,24,50,41,41,12.85,176.09,28.54
Varun Chakravarthy,Mukesh Kumar,221,235,23,37,6,2,16.74,106.33,10.22
Lungi Ngidi,Kuldeep Yadav,137,86,45,40,5,3,29.2,62.77,1.91
Lungi Ngidi,Dasun Shanaka,187,82,61,69,5,1,36.9,43.85,1.34
Rahul Chahar,Sahan Arachchige,269,283,21,41,3,3,15.24,105.2,13.48
Duan Jansen,Liam Livingstone,228,232,33,77,16,10,33.77,101.75,7.03
Vasuki Koushik,Mohammed Siraj,84,65,17,18,1,1,21.43,77.38,3.82
Rashid Khan,Nishan Peiris,102,111,33,18,10,5,17.65,108.82,3.36
Gangam Anikethreddy,Nishan Peiris,96,42,33,35,1,0,36.46,43.75,1.27
Dunith Wellalage,Harpreet Brar,316,379,25,61,10,15,19.3,119.94,15.16
Gangam Anikethreddy,Josh Tongue,252,131,89,111,7,10,44.05,51.98,1.47
Heinrich Klaasen,Umesh Yadav,268,485,20,50,28,33,18.66,180.97,24.25
Ottneil Baartman,Shardul Thakur,380,327,67,70,9,1,18.42,86.05,4.88
Lance Morris,Ashish Singh,54,51,17,12,8,0,22.22,94.44,3.0
Kuldeep Yadav,Ashwin Das,189,68,65,96,5,4,50.79,35.98,1.05
Yuvraj Chaudhary,CV Stephen,531,925,65,80,72,49,15.07,174.2,14.23
Yuvraj Chaudhary,Malinda Pushpakumara,508,832,57,80,54,47,15.75,163.78,14.6
Akash Vasisht,Malinda Pushpakumara,506,832,52,71,49,49,14.03,164.43,16.0
Mukesh Kumar,Anshul Kamboj,77,74,17,11,3,0,14.29,96.1,4.35
Rahul Chahar,Anshul Kamboj,54,65,7,6,1,2,11.11,120.37,9.29
Praveen Jayawickrama,Akash Vasisht,152,109,45,60,5,7,39.47,71.71,2.42
Ottneil Baartman,Suryansh Shedge,276,292,32,43,2,5,15.58,105.8,9.12
Mohsin Khan,Shardul Thakur,312,319,26,55,6,2,17.63,102.24,12.27
Rashid Khan,Suryansh Shedge,173,152,68,39,11,8,22.54,87.86,2.24
Avinov Choudhary,Axar Patel,83,85,8,9,2,0,10.84,102.41,10.62
Shivam Mavi,Lungi Ngidi,103,120,43,12,7,9,11.65,116.5,2.79
Akash Vasisht,Maheesh Theekshana,263,446,6,38,27,21,14.45,169.58,74.33
Duvindu Tillakaratne,Kranthi Kumar,209,207,23,29,1,0,13.88,99.04,9.0
Duvindu Tillakaratne,Ashok Sharma,184,193,18,24,1,2,13.04,104.89,10.72
Duvindu Tillakaratne,Sonny Baker,292,364,16,28,4,3,9.59,124.66,22.75
Tanay Thyagarajan,Kagiso Rabada,193,237,16,20,6,3,10.36,122.8,14.81
Yuzvendra Chahal,Anshul Kamboj,90,79,12,18,0,0,20.0,87.78,6.58
Seekkuge Prasanna,Theesan Vithushan,250,572,32,21,54,36,8.4,228.8,17.88
Scott Curie,Vishen Halambage,524,552,42,63,6,1,12.02,105.34,13.14
Ramandeep Singh,Tanay Thyagarajan,295,455,38,48,32,25,16.27,154.24,11.97
Ramandeep Singh,Yuzvendra Chahal,274,504,28,35,32,34,12.77,183.94,18.0
Arshdeep Singh,Dasun Shanaka,215,155,63,68,1,9,31.63,72.09,2.46
Mayank Yadav,Washington Sundar,33,33,9,11,1,3,33.33,100.0,3.67
Umesh Yadav,Bhuvneshwar Kumar,20,24,4,3,1,1,15.0,120.0,6.0
Manav Suthar,Umesh Yadav,50,54,11,10,4,1,20.0,108.0,4.91
Manav Suthar,Mohamed Shiraz,61,48,20,13,2,2,21.31,78.69,2.4
Yuzvendra Chahal,Mitchell Marsh,107,122,6,18,1,1,16.82,114.02,20.33
Harsh Dubey,Praveen Jayawickrama,169,91,49,64,6,1,37.87,53.85,1.86
Malinda Pushpakumara,Saransh Jain,119,128,13,14,4,1,11.76,107.56,9.85
Malinda Pushpakumara,Shahbaz Ahmed,110,116,7,15,1,1,13.64,105.45,16.57
Malinda Pushpakumara,Gangam Anikethreddy,74,100,7,6,1,3,8.11,135.14,14.29
Josh Tongue,Dian Forrester,224,99,70,89,4,2,39.73,44.2,1.41
Gangam Anikethreddy,Ottneil Baartman,193,110,69,80,8,6,41.45,56.99,1.59
Shiran Fernando,Shivam Mavi,201,188,26,36,2,1,17.91,93.53,7.23
Dasun Shanaka,Lungi Ngidi,236,375,30,30,19,21,12.71,158.9,12.5
Varun Chakravarthy,Lungi Ngidi,208,220,24,28,5,1,13.46,105.77,9.17
Josh Tongue,Craig Overton,133,95,44,30,6,1,22.56,71.43,2.16
Will Jacks,Anshul Kamboj,185,269,13,14,19,5,7.57,145.41,20.69
Binura Fernando,Lance Morris,128,145,9,10,2,0,7.81,113.28,16.11
Nishant Sindhu,Mitchell Santner,1004,2091,74,86,165,118,8.57,208.27,28.26
Cameron Green,Mayank Yadav,265,470,13,47,39,26,17.74,177.36,36.15
Rashid Khan,Akeal Hosein,162,164,64,30,16,8,18.52,101.23,2.56
Mitchell Marsh,Sunil Narine,2454,4766,102,404,358,292,16.46,194.21,46.73
Chamika Gunasekara,Craig Overton,142,140,11,28,2,1,19.72,98.59,12.73
Khaleel Ahmed,Ashish Singh,66,63,12,8,0,0,12.12,95.45,5.25
Sunil Narine,Theesan Vithushan,154,166,26,41,7,9,26.62,107.79,6.38
Malinda Pushpakumara,Scott Curie,44,53,6,8,1,2,18.18,120.45,8.83
Praveen Jayawickrama,Akeal Hosein,35,18,14,9,1,0,25.71,51.43,1.29
Arzan Nagwaswalla,Lasith Embuldeniya,188,208,17,19,2,0,10.11,110.64,12.24
Jason Holder,Nitish Kumar Reddy,123,222,8,23,18,13,18.7,180.49,27.75
Prince Yadav,Ashok Sharma,131,167,8,12,4,3,9.16,127.48,20.88
Harpreet Brar,Lungi Ngidi,179,271,40,26,20,17,14.53,151.4,6.78
Seekkuge Prasanna,Lungi Ngidi,278,517,32,38,49,26,13.67,185.97,16.16
Manav Suthar,Jaydev Unadkat,79,78,25,17,4,4,21.52,98.73,3.12
Theesan Vithushan,Jaydev Unadkat,86,67,25,40,4,6,46.51,77.91,2.68
Athisayaraj Davidson,Rashid Khan,138,113,30,49,4,6,35.51,81.88,3.77
Avinov Choudhary,Dasun Shanaka,513,602,29,38,8,2,7.41,117.35,20.76
Avinov Choudhary,Sahan Arachchige,525,551,40,53,5,0,10.1,104.95,13.78
Dushan Hemantha,Harpreet Brar,315,281,71,72,7,11,22.86,89.21,3.96
Yuvraj Chaudhary,Sonny Baker,281,387,26,32,18,11,11.39,137.72,14.88
Mayank Yadav,Sonny Baker,124,80,32,38,2,2,30.65,64.52,2.5
Suryakumar Yadav,Avinov Choudhary,583,1114,32,60,86,52,10.29,191.08,34.81
Ashish Singh,Corbin Bosch,164,165,23,33,5,2,20.12,100.61,7.17
Mohammed Shami,Sonny Baker,123,104,33,29,3,3,23.58,84.55,3.15
Cameron Green,Mitchell Marsh,769,1192,73,170,91,61,22.11,155.01,16.33
Nitish Kumar Reddy,Auqib Nabi,568,952,75,89,68,53,15.67,167.61,12.69
Avinov Choudhary,Binura Fernando,90,91,11,10,2,0,11.11,101.11,8.27
Vidwath Kaverappa,Vaisakh Chandran,213,216,23,25,0,1,11.74,101.41,9.39
Deepak Hooda,Krunal Pandya,1181,1985,93,300,138,131,25.4,168.08,21.34
Rachin Ravindra,Will Jacks,595,1132,56,76,83,72,12.77,190.25,20.21
Rachin Ravindra,Shubham Agarwal,722,1209,120,103,91,71,14.27,167.45,10.07
Lalit Yadav,Shubham Agarwal,580,1095,60,72,89,62,12.41,188.79,18.25
Dian Forrester,Shubham Agarwal,307,402,39,75,28,19,24.43,130.94,10.31
Praveen Jayawickrama,Shubham Agarwal,67,30,25,28,3,1,41.79,44.78,1.2
Jasprit Bumrah,Shubham Agarwal,73,54,13,29,2,2,39.73,73.97,4.15
Jasprit Bumrah,Will Jacks,60,58,7,10,1,0,16.67,96.67,8.29
Jasprit Bumrah,Scott Curie,136,147,18,20,3,1,14.71,108.09,8.17
Jasprit Bumrah,Theesan Vithushan,175,185,17,28,3,2,16.0,105.71,10.88
Saransh Jain,Washington Sundar,243,231,13,60,1,1,24.69,95.06,17.77
Shiran Fernando,Scott Curie,139,146,8,16,1,1,11.51,105.04,18.25
Dasun Shanaka,Ravi Teja,295,476,47,41,40,22,13.9,161.36,10.13
Khaleel Ahmed,Ashok Sharma,178,171,23,25,1,1,14.04,96.07,7.43
Kranthi Kumar,Khaleel Ahmed,142,272,9,13,21,13,9.15,191.55,30.22
Mohammed Shami,Shiran Fernando,111,127,11,7,1,1,6.31,114.41,11.55
Varun Chakravarthy,Ottneil Baartman,231,196,38,44,4,0,19.05,84.85,5.16
Chamika Gunasekara,Ottneil Baartman,204,224,16,28,1,3,13.73,109.8,14.0
Harpreet Brar,Matthew Forde,51,56,3,3,0,0,5.88,109.8,18.67
Harpreet Brar,Akash Deep,40,46,5,4,2,0,10.0,115.0,9.2
Vishen Halambage,Harsh Dubey,381,733,40,49,70,34,12.86,192.39,18.32
Harpreet Brar,Prashant Veer,81,77,13,14,1,1,17.28,95.06,5.92
Harpreet Brar,Ravi Bishnoi,34,45,2,1,1,0,2.94,132.35,22.5
Lance Morris,Craig Overton,219,183,50,68,12,6,31.05,83.56,3.66
Tripuresh Singh,Craig Overton,192,235,21,7,6,2,3.65,122.4,11.19
Mukesh Kumar,Athisayaraj Davidson,87,75,14,20,0,2,22.99,86.21,5.36
Rahul Chahar,Atit Sheth,180,202,15,14,2,1,7.78,112.22,13.47
Varun Chakravarthy,Ashwin Das,288,310,39,39,6,4,13.54,107.64,7.95
Sonny Baker,Charith Asalanka,210,235,7,31,2,0,14.76,111.9,33.57
Sonny Baker,Dasun Shanaka,230,256,8,38,3,0,16.52,111.3,32.0
Duan Jansen,Nimesh Vimukthi,75,112,12,19,9,6,25.33,149.33,9.33
Josh Tongue,Nimesh Vimukthi,28,21,3,9,1,0,32.14,75.0,7.0
Josh Tongue,Sai Kishore,58,52,12,21,3,2,36.21,89.66,4.33
Vasuki Koushik,Nimesh Vimukthi,64,69,5,12,1,0,18.75,107.81,13.8
Vasuki Koushik,Sai Kishore,54,51,9,7,0,0,12.96,94.44,5.67
Vasuki Koushik,Maheesh Theekshana,151,144,17,28,1,1,18.54,95.36,8.47
Seekkuge Prasanna,Will Jacks,366,691,30,80,64,37,21.86,188.8,23.03
Dan Lawrence,Will Jacks,111,138,2,33,9,4,29.73,124.32,69.0
Harpreet Brar,Will Jacks,11,17,2,2,0,2,18.18,154.55,8.5
Harpreet Brar,Shubham Agarwal,49,83,7,7,4,5,14.29,169.39,11.86
Yuzvendra Chahal,Shubham Agarwal,9,10,2,0,0,0,0.0,111.11,5.0
Yuzvendra Chahal,Washington Sundar,81,92,6,10,1,0,12.35,113.58,15.33
Harry Brook,Jai Moondra,260,541,11,18,43,29,6.92,208.08,49.18
Jai Moondra,Jason Holder,107,76,38,33,2,6,30.84,71.03,2.0
Duan Jansen,Prasidh Krishna,131,122,32,38,13,2,29.01,93.13,3.81
Maheesh Theekshana,Ashish Singh,58,65,4,6,0,0,10.34,112.07,16.25
Gurinder Singh,Washington Sundar,125,144,41,23,14,6,18.4,115.2,3.51
Sai Kishore,Duvindu Tillakaratne,127,180,10,38,19,6,29.92,141.73,18.0
Prince Yadav,Akeal Hosein,111,122,6,13,0,2,11.71,109.91,20.33
Shardul Thakur,Prince Yadav,374,342,42,123,12,14,32.89,91.44,8.14
Bipin Saurabh,Lasith Embuldeniya,406,723,36,53,39,47,13.05,178.08,20.08
Prince Yadav,Noor Ahmad,137,145,7,20,1,0,14.6,105.84,20.71
CV Stephen,Mohsin Khan,87,82,14,15,0,1,17.24,94.25,5.86
Malinda Pushpakumara,Mohsin Khan,54,51,7,8,0,0,14.81,94.44,7.29
Akash Vasisht,Binura Fernando,173,308,11,26,18,19,15.03,178.03,28.0
Chamika Gunasekara,Avinov Choudhary,267,270,23,39,0,0,14.61,101.12,11.74
Charith Asalanka,Jai Moondra,155,243,21,20,18,11,12.9,156.77,11.57
Arzan Nagwaswalla,Charith Asalanka,166,211,6,14,3,2,8.43,127.11,35.17
Arzan Nagwaswalla,Duan Jansen,70,86,8,5,1,2,7.14,122.86,10.75
Arzan Nagwaswalla,Vasuki Koushik,81,95,3,14,0,2,17.28,117.28,31.67
Lasith Embuldeniya,Shardul Thakur,351,331,48,56,1,4,15.95,94.3,6.9
Lasith Embuldeniya,Krunal Pandya,983,928,103,192,11,3,19.53,94.4,9.01
Binura Fernando,Krunal Pandya,247,258,28,25,2,0,10.12,104.45,9.21
Binura Fernando,Shardul Thakur,170,192,16,19,4,2,11.18,112.94,12.0
Tanay Thyagarajan,Liam Livingstone,175,216,8,26,6,5,14.86,123.43,27.0
Akeal Hosein,Shivam Mavi,143,96,40,56,5,5,39.16,67.13,2.4
Lasith Embuldeniya,Shivam Mavi,198,173,23,45,0,2,22.73,87.37,7.52
Binura Fernando,Ottneil Baartman,125,115,21,24,2,1,19.2,92.0,5.48
Sunil Narine,Vidwath Kaverappa,116,162,19,18,14,6,15.52,139.66,8.53
CV Stephen,Yash Thakur,96,109,22,12,6,2,12.5,113.54,4.95
Malinda Pushpakumara,Yash Thakur,100,112,12,15,2,1,15.0,112.0,9.33
Malinda Pushpakumara,Vidwath Kaverappa,69,66,4,12,0,0,17.39,95.65,16.5
Mohsin Khan,Washington Sundar,368,246,86,105,5,2,28.53,66.85,2.86
Vasuki Koushik,Jaydev Unadkat,92,85,8,20,1,0,21.74,92.39,10.62
Jaydev Unadkat,Chamika Gunasekara,87,49,27,34,1,3,39.08,56.32,1.81
Avesh Khan,Duan Jansen,63,60,9,6,0,0,9.52,95.24,6.67
Mohammed Shami,Charith Asalanka,194,185,20,51,8,1,26.29,95.36,9.25
Mohammed Shami,Dasun Shanaka,422,387,76,82,8,3,19.43,91.71,5.09
Mohammed Shami,Kuldeep Yadav,119,133,15,15,2,3,12.61,111.76,8.87
Rashid Khan,Ravi Bishnoi,104,120,31,14,8,4,13.46,115.38,3.87
Avesh Khan,Sonny Baker,300,339,13,31,1,0,10.33,113.0,26.08
Vasuki Koushik,Mohamed Shiraz,104,98,16,17,1,1,16.35,94.23,6.12
Mayank Yadav,Duan Jansen,131,49,51,45,0,2,34.35,37.4,0.96
Nitish Kumar Reddy,Ashish Singh,161,292,19,28,26,16,17.39,181.37,15.37
Anshul Kamboj,Auqib Nabi,121,103,41,39,5,8,32.23,85.12,2.51
Auqib Nabi,Corbin Bosch,223,227,49,65,12,13,29.15,101.79,4.63
Mohammed Shami,Corbin Bosch,140,92,45,48,6,3,34.29,65.71,2.04
Auqib Nabi,Sonny Baker,179,213,38,27,10,8,15.08,118.99,5.61
Ashish Singh,Sonny Baker,263,275,26,36,3,3,13.69,104.56,10.58
Harpreet Brar,Riyan Parag,207,257,29,22,6,6,10.63,124.15,8.86
Nishan Peiris,Sahan Arachchige,292,282,26,50,2,1,17.12,96.58,10.85
Nishan Peiris,Charith Asalanka,80,97,5,5,1,1,6.25,121.25,19.4
Lance Morris,Nimesh Vimukthi,69,64,16,22,3,3,31.88,92.75,4.0
Prince Yadav,Beau Webster,237,258,19,31,5,2,13.08,108.86,13.58
Beau Webster,Lasith Embuldeniya,571,1028,23,192,83,68,33.63,180.04,44.7
Vasuki Koushik,Prasidh Krishna,99,105,15,12,3,1,12.12,106.06,7.0
Vasuki Koushik,Liam Livingstone,259,258,25,50,2,5,19.31,99.61,10.32
Lungi Ngidi,Avinov Choudhary,120,82,37,40,5,3,33.33,68.33,2.22
Athisayaraj Davidson,Shiran Fernando,111,60,33,36,2,1,32.43,54.05,1.82
Isitha Wijesundara,Suryansh Shedge,137,107,25,63,9,4,45.99,78.1,4.28
Ravi Teja,Akeal Hosein,58,57,23,12,5,2,20.69,98.28,2.48
Shardul Thakur,Maheesh Theekshana,358,352,29,129,13,14,36.03,98.32,12.14
Ashwin Das,Mukesh Kumar,246,439,31,52,32,32,21.14,178.46,14.16
Josh Tongue,Donovan Ferreira,142,86,37,56,4,3,39.44,60.56,2.32
Chamika Gunasekara,Krunal Pandya,368,425,19,49,1,2,13.32,115.49,22.37
Seekkuge Prasanna,Adam Zampa,199,359,37,30,33,21,15.08,180.4,9.7
Mitchell Starc,Matthew Forde,84,30,28,38,0,0,45.24,35.71,1.07
Adam Zampa,Matthew Forde,55,57,4,12,2,0,21.82,103.64,14.25
Shivam Mavi,Varun Chakravarthy,262,195,84,85,15,8,32.44,74.43,2.32
Praveen Jayawickrama,Sahan Arachchige,205,110,78,77,12,4,37.56,53.66,1.41
Lungi Ngidi,Atit Sheth,201,123,61,79,5,7,39.3,61.19,2.02
Mukesh Kumar,Atit Sheth,242,232,32,43,3,1,17.77,95.87,7.25
Rahul Chahar,Raj Angad Bawa,132,133,11,20,3,0,15.15,100.76,12.09
Mohammed Siraj,Joel Davies,41,37,8,6,0,0,14.63,90.24,4.62
Avesh Khan,Maheesh Theekshana,126,142,11,6,2,0,4.76,112.7,12.91
Chamika Gunasekara,Ashwin Das,161,160,15,24,0,0,14.91,99.38,10.67
Avinov Choudhary,Kuldeep Yadav,279,298,26,34,5,1,12.19,106.81,11.46
Praveen Jayawickrama,Sunil Narine,80,40,19,37,2,1,46.25,50.0,2.11
Arzan Nagwaswalla,Malinda Pushpakumara,193,226,17,19,2,1,9.84,117.1,13.29
Arzan Nagwaswalla,CV Stephen,133,157,8,13,3,0,9.77,118.05,19.62
Dasun Shanaka,Dushan Hemantha,408,517,40,85,25,18,20.83,126.72,12.93
Vaisakh Chandran,Lasith Embuldeniya,173,170,10,41,2,0,23.7,98.27,17.0
Manav Suthar,Rashid Khan,63,55,22,15,5,2,23.81,87.3,2.5
Bhuvneshwar Kumar,Rashid Khan,200,203,20,28,1,1,14.0,101.5,10.15
Sam Curran,Ashish Singh,142,246,12,28,21,13,19.72,173.24,20.5
Rashid Khan,Ashish Singh,71,95,20,19,7,7,26.76,133.8,4.75
Jason Holder,Ashish Singh,123,148,12,30,7,6,24.39,120.33,12.33
Josh Tongue,Nitish Kumar Reddy,115,69,42,35,2,3,30.43,60.0,1.64
Sonny Baker,Duan Jansen,105,82,8,33,0,0,31.43,78.1,10.25
Corbin Bosch,Chamika Gunasekara,265,296,30,80,14,15,30.19,111.7,9.87
Sonny Baker,Chamika Gunasekara,96,106,4,15,0,0,15.62,110.42,26.5
Akash Deep,Gangam Anikethreddy,177,118,60,49,7,3,27.68,66.67,1.97
Akash Deep,Shiran Fernando,82,73,30,14,6,1,17.07,89.02,2.43
Gurinder Singh,Jaydev Unadkat,95,73,33,33,7,4,34.74,76.84,2.21
Prasidh Krishna,Nimesh Vimukthi,37,31,11,9,2,1,24.32,83.78,2.82
Mohammed Siraj,Nimesh Vimukthi,52,63,5,5,2,2,9.62,121.15,12.6
Mohammed Siraj,Maheesh Theekshana,208,168,42,46,5,1,22.12,80.77,4.0
Prince Yadav,Shivam Mavi,170,190,15,15,1,1,8.82,111.76,12.67
Dan Lawrence,Shahbaz Ahmed,298,507,15,42,22,35,14.09,170.13,33.8
Dan Lawrence,Saransh Jain,360,508,16,70,27,24,19.44,141.11,31.75
Harpreet Brar,Saransh Jain,152,159,13,23,2,2,15.13,104.61,12.23
Harpreet Brar,Shahbaz Ahmed,126,158,16,20,3,7,15.87,125.4,9.88
Yuzvendra Chahal,Shahbaz Ahmed,67,64,6,11,0,0,16.42,95.52,10.67
Shardul Thakur,Josh Tongue,331,323,48,99,16,9,29.91,97.58,6.73
Prabhsimran Singh,Sam Curran,855,2032,56,18,150,131,2.11,237.66,36.29
Theesan Vithushan,Mohammed Shami,206,149,62,63,9,4,30.58,72.33,2.4
Binura Fernando,Mohamed Shiraz,102,110,4,18,2,0,17.65,107.84,27.5
Binura Fernando,Mayank Yadav,70,82,3,7,0,0,10.0,117.14,27.33
Rajat Patidar,Scott Curie,401,746,31,24,58,34,5.99,186.03,24.06
Lahiru Udara,Khaleel Ahmed,385,667,23,52,34,41,13.51,173.25,29.0
Lahiru Udara,Rashid Khan,407,702,21,37,38,35,9.09,172.48,33.43
Avesh Khan,Sam Curran,147,155,16,11,1,0,7.48,105.44,9.69
Avesh Khan,Rashid Khan,98,114,9,8,3,1,8.16,116.33,12.67
Craig Overton,Avesh Khan,191,223,24,70,17,11,36.65,116.75,9.29
Mitchell Santner,Donovan Ferreira,519,742,21,148,50,34,28.52,142.97,35.33
Lungi Ngidi,Josh Tongue,82,54,29,24,2,2,29.27,65.85,1.86
Rahul Chahar,Dasun Shanaka,290,336,20,35,4,2,12.07,115.86,16.8
Prasidh Krishna,Nathan Ellis,82,65,25,28,4,4,34.15,79.27,2.6
Avesh Khan,Hardik Pandya,273,300,24,28,3,1,10.26,109.89,12.5
Avesh Khan,Arshdeep Singh,88,101,6,12,2,0,13.64,114.77,16.83
Joel Davies,Sam Curran,585,1068,43,86,69,68,14.7,182.56,24.84
Varun Chakravarthy,Rahul Chahar,260,279,34,30,6,1,11.54,107.31,8.21
Corbin Bosch,Prasidh Krishna,169,220,9,50,11,11,29.59,130.18,24.44
Karun Nair,Sahan Arachchige,533,851,67,116,69,47,21.76,159.66,12.7
Karun Nair,Dasun Shanaka,434,783,30,77,61,44,17.74,180.41,26.1
Mohsin Khan,Harsh Dubey,305,281,49,56,1,3,18.36,92.13,5.73
Shardul Thakur,Ottneil Baartman,357,284,65,123,12,9,34.45,79.55,4.37
Jaydev Unadkat,Lance Morris,89,54,28,29,3,1,32.58,60.67,1.93
Chamika Gunasekara,Harsh Dubey,193,205,16,22,1,0,11.4,106.22,12.81
Akash Deep,Akeal Hosein,163,123,56,48,5,7,29.45,75.46,2.2
Avinov Choudhary,Prasidh Krishna,124,141,10,11,1,0,8.87,113.71,14.1
Mitchell Santner,Washington Sundar,513,799,33,140,71,38,27.29,155.75,24.21
Prasidh Krishna,Isitha Wijesundara,94,81,10,29,0,1,30.85,86.17,8.1
Prasidh Krishna,Ashwin Das,83,89,7,13,2,0,15.66,107.23,12.71
Sunil Narine,Raj Limbani,114,123,8,14,2,1,12.28,107.89,15.38
Sunil Narine,Avinov Choudhary,139,173,4,12,2,2,8.63,124.46,43.25
Gurinder Singh,Anshul Kamboj,74,89,18,16,4,4,21.62,120.27,4.94
Mohsin Khan,Ravi Bishnoi,119,62,32,41,1,1,34.45,52.1,1.94
Rashid Khan,Avinov Choudhary,180,250,57,21,19,14,11.67,138.89,4.39
Rashid Khan,Shubham Agarwal,252,210,81,70,21,5,27.78,83.33,2.59
Maheesh Theekshana,Axar Patel,197,87,65,74,1,4,37.56,44.16,1.34
Nishan Peiris,Dushan Hemantha,141,152,12,18,2,2,12.77,107.8,12.67
Ravi Bishnoi,Dushan Hemantha,193,169,35,41,1,2,21.24,87.56,4.83
Seekkuge Prasanna,Binura Fernando,216,366,43,22,35,18,10.19,169.44,8.51
Harpreet Brar,Binura Fernando,122,242,26,11,21,16,9.02,198.36,9.31
Manav Suthar,Joel Davies,122,81,36,43,7,2,35.25,66.39,2.25
Theesan Vithushan,Joel Davies,83,38,30,32,2,1,38.55,45.78,1.27
Yash Thakur,Washington Sundar,288,334,26,48,6,9,16.67,115.97,12.85
Ismat Alam,Nimesh Vimukthi,115,184,17,25,14,11,21.74,160.0,10.82
Dian Forrester,Nimesh Vimukthi,123,155,5,38,10,6,30.89,126.02,31.0
Dian Forrester,Sai Kishore,110,224,6,8,17,13,7.27,203.64,37.33
Nitish Kumar Reddy,Khaleel Ahmed,103,170,5,15,13,7,14.56,165.05,34.0
Corbin Bosch,Khaleel Ahmed,111,137,7,25,9,3,22.52,123.42,19.57
Yuzvendra Chahal,Sunil Narine,178,206,8,16,3,0,8.99,115.73,25.75
Scott Curie,Mohammed Shami,79,86,7,8,0,1,10.13,108.86,12.29
Sonny Baker,Jason Holder,103,103,10,17,0,0,16.5,100.0,10.3
Josh Tongue,Ravi Teja,115,74,44,30,7,1,26.09,64.35,1.68
Rashid Khan,Sonny Baker,107,135,38,12,6,9,11.21,126.17,3.55
Cameron Green,Khaleel Ahmed,177,275,6,36,20,10,20.34,155.37,45.83
Cameron Green,Rashid Khan,218,415,9,31,30,22,14.22,190.37,46.11
Ravi Teja,Krunal Pandya,155,98,51,41,4,1,26.45,63.23,1.92
Mohammed Siraj,Krunal Pandya,150,91,52,48,6,3,32.0,60.67,1.75
Mohammed Siraj,Harsh Dubey,87,65,19,32,4,2,36.78,74.71,3.42
Prasidh Krishna,Harsh Dubey,137,146,17,19,1,2,13.87,106.57,8.59
Duan Jansen,Corbin Bosch,198,217,58,38,14,10,19.19,109.6,3.74
Ashok Sharma,Vasuki Koushik,221,265,16,19,7,2,8.6,119.91,16.56
Mitchell Starc,Nishan Peiris,76,30,28,35,2,2,46.05,39.47,1.07
Dasun Shanaka,Tripuresh Singh,266,345,38,58,25,14,21.8,129.7,9.08
Josh Tongue,Nathan Ellis,83,54,22,29,3,2,34.94,65.06,2.45
Vasuki Koushik,Nathan Ellis,129,129,16,22,1,2,17.05,100.0,8.06
Vasuki Koushik,Lance Morris,113,117,13,17,2,2,15.04,103.54,9.0
Lungi Ngidi,Mitchell Marsh,62,32,23,22,2,1,35.48,51.61,1.39
Mukesh Kumar,Mitchell Marsh,78,87,11,11,4,1,14.1,111.54,7.91
Rahul Chahar,Mitchell Marsh,61,66,8,4,2,0,6.56,108.2,8.25
Mitchell Starc,Sunil Narine,62,11,29,25,0,0,40.32,17.74,0.38
Akeal Hosein,Prashant Veer,276,228,106,63,15,11,22.83,82.61,2.15
Dushan Hemantha,Prashant Veer,284,251,73,85,11,12,29.93,88.38,3.44
Arpit Vasavada,Prashant Veer,832,1132,100,220,82,56,26.44,136.06,11.32
Lasith Embuldeniya,Prashant Veer,427,403,34,89,3,2,20.84,94.38,11.85
Mohammed Shami,Krunal Pandya,219,234,28,16,2,3,7.31,106.85,8.36
Dushan Hemantha,Harsh Dubey,88,81,28,23,4,4,26.14,92.05,2.89
Mohammed Shami,Harsh Dubey,136,126,11,27,0,0,19.85,92.65,11.45
Mohammed Shami,Prashant Veer,162,172,18,14,0,1,8.64,106.17,9.56
Chamika Gunasekara,Harpreet Brar,190,201,8,22,0,0,11.58,105.79,25.12
Jasprit Bumrah,Dushan Hemantha,55,51,10,8,0,0,14.55,92.73,5.1
Harsh Dubey,Mitchell Starc,267,235,83,65,14,8,24.34,88.01,2.83
Mohammed Siraj,Ashwin Das,68,51,19,25,3,2,36.76,75.0,2.68
Prasidh Krishna,Washington Sundar,111,102,27,21,6,2,18.92,91.89,3.78
Kunal Chandela,Avinov Choudhary,498,1026,45,52,94,55,10.44,206.02,22.8
Scott Curie,Sonal Dinusha,396,418,27,57,3,0,14.39,105.56,15.48
Akeal Hosein,Mukesh Kumar,78,53,24,25,2,3,32.05,67.95,2.21
Maheesh Theekshana,Mohamed Shiraz,70,79,10,4,0,1,5.71,112.86,7.9
Rashid Khan,Chamika Gunasekara,298,265,94,78,18,14,26.17,88.93,2.82
Shivam Dube,Ashish Singh,154,258,18,16,24,9,10.39,167.53,14.33
Craig Overton,Duan Jansen,263,223,48,109,13,10,41.44,84.79,4.65
Nimesh Vimukthi,Jai Moondra,180,190,14,31,3,3,17.22,105.56,13.57
Arzan Nagwaswalla,Harsh Dubey,181,210,13,19,0,2,10.5,116.02,16.15
Sunil Narine,Anshul Kamboj,89,88,10,11,2,0,12.36,98.88,8.8
Ismat Alam,Manav Suthar,52,48,15,14,5,1,26.92,92.31,3.2
Lungi Ngidi,Mohammed Siraj,73,40,24,29,2,2,39.73,54.79,1.67
Ravi Teja,Mridul Surroch,88,77,32,22,10,2,25.0,87.5,2.41
Prasidh Krishna,Beau Webster,178,185,24,32,6,2,17.98,103.93,7.71
Jos Buttler,Mukesh Kumar,354,654,32,44,50,34,12.43,184.75,20.44
Prasidh Krishna,Mridul Surroch,228,215,35,47,3,2,20.61,94.3,6.14
Scott Curie,Shiran Fernando,121,146,7,13,2,0,10.74,120.66,20.86
Sai Kishore,Arzan Nagwaswalla,118,121,35,29,10,5,24.58,102.54,3.46
Marcus Stoinis,Jai Moondra,161,256,11,23,18,12,14.29,159.01,23.27
Dunith Wellalage,Jai Moondra,205,276,17,35,11,13,17.07,134.63,16.24
Praveen Jayawickrama,Rashid Khan,98,58,33,30,3,2,30.61,59.18,1.76
Prince Yadav,Dasun Shanaka,738,817,59,73,3,2,9.89,110.7,13.85
Umesh Yadav,Khaleel Ahmed,152,170,12,23,4,2,15.13,111.84,14.17
Shubham Agarwal,Varun Chakravarthy,148,96,34,60,4,4,40.54,64.86,2.82
Nishan Peiris,Akeal Hosein,102,100,10,16,0,0,15.69,98.04,10.0
Mayank Yadav,Nitish Kumar Reddy,76,63,21,19,3,2,25.0,82.89,3.0
Corbin Bosch,Craig Overton,435,530,25,129,26,25,29.66,121.84,21.2
Jos Buttler,Avinov Choudhary,523,1109,65,42,95,65,8.03,212.05,17.06
Ashwin Das,Ravi Teja,238,311,48,57,11,24,23.95,130.67,6.48
Yashasvi Jaiswal,Ashok Sharma,828,1662,54,83,99,113,10.02,200.72,30.78
Hardik Pandya,Charith Asalanka,649,1445,26,45,107,85,6.93,222.65,55.58
Josh Tongue,Arshdeep Singh,121,66,32,52,0,4,42.98,54.55,2.06
Josh Tongue,Lance Morris,57,45,21,12,5,1,21.05,78.95,2.14
Ashish Singh,Umesh Yadav,102,115,9,11,0,0,10.78,112.75,12.78
Suryakumar Yadav,Mohammed Shami,318,506,14,64,35,25,20.13,159.12,36.14
Suryakumar Yadav,Ashish Singh,385,673,17,75,51,38,19.48,174.81,39.59
Charith Asalanka,Ashish Singh,153,201,14,41,13,10,26.8,131.37,14.36
Duan Jansen,Mohammed Shami,68,61,26,18,4,4,26.47,89.71,2.35
Josh Tongue,Mohammed Shami,45,31,20,7,1,1,15.56,68.89,1.55
Vasuki Koushik,Mohammed Shami,119,133,13,13,1,2,10.92,111.76,10.23
Charith Asalanka,Umesh Yadav,113,169,12,18,5,10,15.93,149.56,14.08
Vasuki Koushik,Mridul Surroch,111,104,16,26,3,2,23.42,93.69,6.5
Mohammed Siraj,Tanay Thyagarajan,99,61,33,28,5,0,28.28,61.62,1.85
Vidwath Kaverappa,Arzan Nagwaswalla,196,198,22,28,2,1,14.29,101.02,9.0
Vidwath Kaverappa,Praveen Jayawickrama,266,284,34,20,2,0,7.52,106.77,8.35
Sdnv Prasad,Mayank Yadav,209,385,10,36,31,17,17.22,184.21,38.5
Ismat Alam,Mayank Yadav,59,63,22,8,9,0,13.56,106.78,2.86
Mohsin Khan,Mitchell Marsh,147,142,10,23,2,0,15.65,96.6,14.2
Sunil Narine,Kagiso Rabada,90,106,0,11,2,0,12.22,117.78,106.0
Chamika Gunasekara,Noor Ahmad,186,204,6,24,1,0,12.9,109.68,34.0
Dushan Hemantha,Varun Chakravarthy,108,80,29,26,2,2,24.07,74.07,2.76
Lasith Embuldeniya,Charith Asalanka,91,87,13,18,3,1,19.78,95.6,6.69
Sonu Yadav,Anshul Kamboj,196,304,12,7,9,10,3.57,155.1,25.33
Corbin Bosch,Arshdeep Singh,235,314,18,50,10,17,21.28,133.62,17.44
Corbin Bosch,Tripuresh Singh,231,176,32,74,5,3,32.03,76.19,5.5
Gurinder Singh,Mridul Surroch,173,126,67,49,13,5,28.32,72.83,1.88
Yuvraj Chaudhary,Nimesh Vimukthi,284,364,23,79,17,22,27.82,128.17,15.83
Craig Overton,Gurinder Singh,177,206,32,54,15,10,30.51,116.38,6.44
Yuvraj Chaudhary,Gurinder Singh,266,449,26,33,37,18,12.41,168.8,17.27
Mohamed Shiraz,Maheesh Theekshana,143,149,9,19,2,0,13.29,104.2,16.56
Ravi Teja,Rahul Chahar,60,44,27,12,2,2,20.0,73.33,1.63
Mohammed Siraj,Rahul Chahar,64,57,24,19,6,3,29.69,89.06,2.38
Mitchell Santner,Mohammed Shami,155,245,11,40,23,11,25.81,158.06,22.27
Malinda Pushpakumara,Dushan Hemantha,48,52,5,10,1,2,20.83,108.33,10.4
Ravi Bishnoi,Arzan Nagwaswalla,152,128,18,42,1,1,27.63,84.21,7.11
Mohammed Siraj,Shiran Fernando,62,39,23,16,3,0,25.81,62.9,1.7
Prasidh Krishna,Shiran Fernando,123,109,18,24,1,0,19.51,88.62,6.06
Auqib Nabi,Rashid Khan,108,174,9,17,12,7,15.74,161.11,19.33
Mohammed Shami,Varun Chakravarthy,97,102,7,12,1,0,12.37,105.15,14.57
Atit Sheth,Anshul Kamboj,261,387,37,19,24,16,7.28,148.28,10.46
Kagiso Rabada,Jasprit Bumrah,216,237,17,25,1,1,11.57,109.72,13.94
Duvindu Tillakaratne,Ashish Singh,108,115,4,19,0,0,17.59,106.48,28.75
Akash Vasisht,Dushan Hemantha,256,357,22,38,17,14,14.84,139.45,16.23
Rishabh Pant,Will Jacks,230,467,14,33,38,30,14.35,203.04,33.36
Auqib Nabi,Theesan Vithushan,48,90,7,5,9,5,10.42,187.5,12.86
Rishabh Pant,Theesan Vithushan,94,152,12,14,11,7,14.89,161.7,12.67
Rishabh Pant,Duvindu Tillakaratne,141,232,7,28,15,13,19.86,164.54,33.14
Yuzvendra Chahal,Beau Webster,119,125,7,13,0,0,10.92,105.04,17.86
Seekkuge Prasanna,Scott Curie,281,599,42,21,53,36,7.47,213.17,14.26
Nimesh Vimukthi,Dasun Shanaka,694,803,19,85,9,6,12.25,115.71,42.26
Nimesh Vimukthi,Charith Asalanka,560,696,6,55,11,3,9.82,124.29,116.0
Nimesh Vimukthi,Duan Jansen,306,318,18,55,4,2,17.97,103.92,17.67
Dushan Hemantha,Yash Thakur,179,154,61,32,7,5,17.88,86.03,2.52
Kunal Chandela,Umesh Yadav,172,307,10,16,15,16,9.3,178.49,30.7
Luhan dre pretorious,Joel Davies,306,439,30,76,40,18,24.84,143.46,14.63
Rishabh Pant,Joel Davies,172,214,23,41,14,10,23.84,124.42,9.3
Rishabh Pant,Sai Kishore,160,294,9,22,23,14,13.75,183.75,32.67
Lance Morris,Dian Forrester,240,154,74,91,5,11,37.92,64.17,2.08
Tripuresh Singh,Ismat Alam,285,354,36,16,11,6,5.61,124.21,9.83
Tripuresh Singh,Jasprit Bumrah,106,134,8,5,3,1,4.72,126.42,16.75
Ismat Alam,Arshdeep Singh,95,108,11,31,10,3,32.63,113.68,9.82
Dian Forrester,Lance Morris,226,295,14,54,12,16,23.89,130.53,21.07
Arzan Nagwaswalla,Lance Morris,52,59,2,11,1,0,21.15,113.46,29.5
Beau Webster,Binura Fernando,481,762,55,158,61,51,32.85,158.42,13.85
Dasun Shanaka,Arshdeep Singh,248,299,25,54,20,10,21.77,120.56,11.96
Duan Jansen,Arshdeep Singh,116,82,35,41,2,6,35.34,70.69,2.34
Arshdeep Singh,Mohammed Siraj,25,17,10,7,3,0,28.0,68.0,1.7
Tripuresh Singh,Mohammed Siraj,54,67,9,1,0,2,1.85,124.07,7.44
Lance Morris,Mohammed Siraj,36,20,15,7,1,0,19.44,55.56,1.33
Prince Yadav,Lasith Embuldeniya,118,126,8,20,2,0,16.95,106.78,15.75
Gangam Anikethreddy,Mohammed Shami,94,63,25,46,3,5,48.94,67.02,2.52
Raj Limbani,Harsh Dubey,173,187,19,10,1,0,5.78,108.09,9.84
Kagiso Rabada,Chamika Gunasekara,261,289,22,33,4,2,12.64,110.73,13.14
Washington Sundar,Praveen Jayawickrama,411,591,53,66,40,24,16.06,143.8,11.15
Shubham Agarwal,Jasprit Bumrah,150,137,34,41,6,5,27.33,91.33,4.03
Shubham Agarwal,Praveen Jayawickrama,228,207,47,72,10,9,31.58,90.79,4.4
Scott Curie,Arzan Nagwaswalla,131,140,9,16,1,0,12.21,106.87,15.56
Shiran Fernando,Washington Sundar,327,355,22,60,4,6,18.35,108.56,16.14
Binura Fernando,Mohsin Khan,148,175,10,18,2,2,12.16,118.24,17.5
Kranthi Kumar,Maheesh Theekshana,191,359,12,15,25,18,7.85,187.96,29.92
Raj Limbani,Sunil Narine,266,281,33,32,5,5,12.03,105.64,8.52
Avinov Choudhary,Sunil Narine,136,131,14,20,2,0,14.71,96.32,9.36
Avinov Choudhary,Liam Livingstone,103,121,4,13,2,1,12.62,117.48,30.25
Avinov Choudhary,Mitchell Santner,187,185,15,26,3,0,13.9,98.93,12.33
Chamika Gunasekara,Khaleel Ahmed,80,84,4,12,1,0,15.0,105.0,21.0
Vasuki Koushik,Khaleel Ahmed,111,120,12,15,1,2,13.51,108.11,10.0
Lungi Ngidi,Binura Fernando,49,28,18,13,1,1,26.53,57.14,1.56
Mukesh Kumar,Binura Fernando,61,51,9,13,0,1,21.31,83.61,5.67
Arzan Nagwaswalla,Donovan Ferreira,61,65,6,8,0,1,13.11,106.56,10.83
Theesan Vithushan,Jason Holder,279,148,85,111,7,6,39.78,53.05,1.74
Bhuvneshwar Kumar,Jason Holder,362,371,61,61,7,9,16.85,102.49,6.08
Manav Suthar,Jason Holder,300,296,103,72,22,16,24.0,98.67,2.87
Dushan Hemantha,Jasprit Bumrah,94,63,36,30,4,4,31.91,67.02,1.75
Yuzvendra Chahal,CV Stephen,51,62,1,4,1,0,7.84,121.57,62.0
Yuzvendra Chahal,Malinda Pushpakumara,63,68,6,7,0,2,11.11,107.94,11.33
Dunith Wellalage,Umesh Yadav,193,232,14,38,11,6,19.69,120.21,16.57
Sai Kishore,Umesh Yadav,82,117,17,15,12,4,18.29,142.68,6.88
Duan Jansen,Jaydev Unadkat,103,100,32,28,3,8,27.18,97.09,3.12
Adam Zampa,Kuldeep Yadav,76,80,9,12,3,0,15.79,105.26,8.89
Yash Thakur,Rashid Khan,266,296,20,34,4,2,12.78,111.28,14.8
Maheesh Theekshana,Rahul Chahar,88,53,24,29,2,1,32.95,60.23,2.21
Gurinder Singh,Jai Moondra,48,50,19,9,2,4,18.75,104.17,2.63
Sai Kishore,Jai Moondra,122,176,17,27,12,9,22.13,144.26,10.35
Jai Moondra,Sai Kishore,16,15,8,1,1,1,6.25,93.75,1.88
Calvin Harrison,Binura Fernando,142,125,35,40,9,3,28.17,88.03,3.57
Yuzvendra Chahal,Harsh Dubey,138,139,16,25,0,1,18.12,100.72,8.69
Yuzvendra Chahal,Kagiso Rabada,82,93,4,6,1,0,7.32,113.41,23.25
Joel Davies,Craig Overton,548,922,36,93,59,55,16.97,168.25,25.61
Joel Davies,Mridul Surroch,649,1337,34,38,86,81,5.86,206.01,39.32
Mayank Yadav,Nimesh Vimukthi,43,17,10,21,0,1,48.84,39.53,1.7
Craig Overton,Nimesh Vimukthi,145,232,9,48,16,16,33.1,160.0,25.78
Craig Overton,Joel Davies,124,104,19,54,6,4,43.55,83.87,5.47
Isitha Wijesundara,Charith Asalanka,228,244,3,59,4,2,25.88,107.02,81.33
Tripuresh Singh,Jai Moondra,105,156,11,5,9,4,4.76,148.57,14.18
Nathan Ellis,Jai Moondra,70,77,5,7,0,0,10.0,110.0,15.4
Sanvir Singh,Lungi Ngidi,232,440,43,15,33,29,6.47,189.66,10.23
Manav Suthar,Arzan Nagwaswalla,47,40,20,8,4,1,17.02,85.11,2.0
Manav Suthar,Jai Moondra,59,53,19,16,3,3,27.12,89.83,2.79
Theesan Vithushan,Jai Moondra,53,36,18,18,4,1,33.96,67.92,2.0
Jai Moondra,Lance Morris,48,57,16,14,2,6,29.17,118.75,3.56
Dasun Shanaka,Nitish Kumar Reddy,323,502,29,66,36,25,20.43,155.42,17.31
Mayank Agarwal,Charith Asalanka,166,330,4,22,20,20,13.25,198.8,82.5
Mayank Agarwal,Dasun Shanaka,437,920,22,56,70,59,12.81,210.53,41.82
Duan Jansen,Lance Morris,106,98,26,42,7,7,39.62,92.45,3.77
Arzan Nagwaswalla,Ottneil Baartman,106,113,11,13,1,2,12.26,106.6,10.27
Shivam Mavi,Arzan Nagwaswalla,191,118,69,61,11,3,31.94,61.78,1.71
Sonal Dinusha,Donovan Ferreira,85,82,8,23,3,1,27.06,96.47,10.25
Adam Zampa,Donovan Ferreira,27,34,4,2,1,0,7.41,125.93,8.5
Adam Zampa,Krunal Pandya,83,88,6,9,1,0,10.84,106.02,14.67
Arshdeep Singh,Bhuvneshwar Kumar,32,13,8,13,0,0,40.62,40.62,1.62
Nathan Ellis,Theesan Vithushan,16,14,5,0,0,0,0.0,87.5,2.8
Nathan Ellis,Duvindu Tillakaratne,25,28,1,4,0,0,16.0,112.0,28.0
Nathan Ellis,Bhuvneshwar Kumar,19,11,4,4,0,0,21.05,57.89,2.75
Nathan Ellis,Washington Sundar,53,54,7,7,0,1,13.21,101.89,7.71
Josh Tongue,Will Jacks,62,40,14,34,3,3,54.84,64.52,2.86
Vasuki Koushik,Will Jacks,56,54,6,9,1,0,16.07,96.43,9.0
Chamika Gunasekara,Bhuvneshwar Kumar,11,10,3,1,0,0,9.09,90.91,3.33
Vasuki Koushik,Washington Sundar,79,85,6,15,3,1,18.99,107.59,14.17
Manav Suthar,Charith Asalanka,173,167,37,52,11,7,30.06,96.53,4.51
Praveen Jayawickrama,Mohsin Khan,85,58,34,25,4,3,29.41,68.24,1.71
Jasprit Bumrah,Yash Thakur,162,169,18,26,2,1,16.05,104.32,9.39
Rishabh Pant,Sahan Arachchige,231,379,27,41,27,21,17.75,164.07,14.04
Mohsin Khan,Atit Sheth,398,430,35,53,4,5,13.32,108.04,12.29
Mohsin Khan,Jasprit Bumrah,242,246,26,47,9,2,19.42,101.65,9.46
Atit Sheth,Maheesh Theekshana,348,576,21,56,35,32,16.09,165.52,27.43
Bhuvneshwar Kumar,Avesh Khan,136,138,16,21,2,1,15.44,101.47,8.62
Manav Suthar,Avesh Khan,99,103,29,25,7,6,25.25,104.04,3.55
Luhan dre pretorious,Nitish Kumar Reddy,383,558,35,111,45,30,28.98,145.69,15.94
Mohammed Shami,Cameron Green,72,47,20,25,0,3,34.72,65.28,2.35
Ashish Singh,Cameron Green,108,112,17,18,5,1,16.67,103.7,6.59
Luhan dre pretorious,Sonny Baker,158,230,21,23,17,7,14.56,145.57,10.95
Akash Vasisht,Mohammed Shami,225,402,12,24,25,20,10.67,178.67,33.5
Bhuvneshwar Kumar,Auqib Nabi,305,316,40,47,4,4,15.41,103.61,7.9
Jos Buttler,Tanay Thyagarajan,452,814,34,78,61,48,17.26,180.09,23.94
Kunal Chandela,Noor Ahmad,485,936,11,77,59,59,15.88,192.99,85.09
Mitchell Santner,Noor Ahmad,213,334,21,44,26,17,20.66,156.81,15.9
Ravi Teja,Atit Sheth,256,242,79,59,10,13,23.05,94.53,3.06
Avesh Khan,Nitish Kumar Reddy,106,105,9,18,1,0,16.98,99.06,11.67
Atit Sheth,Donovan Ferreira,348,543,15,79,36,28,22.7,156.03,36.2
Arzan Nagwaswalla,Kagiso Rabada,83,90,11,9,1,1,10.84,108.43,8.18
Maheesh Theekshana,Shiran Fernando,168,84,70,50,4,3,29.76,50.0,1.2
Ottneil Baartman,Shiran Fernando,279,275,40,45,4,3,16.13,98.57,6.88
Dian Forrester,Mayank Yadav,125,239,10,14,12,17,11.2,191.2,23.9
Jaydev Unadkat,Arshdeep Singh,61,35,25,15,0,2,24.59,57.38,1.4
Kunal Chandela,Tripuresh Singh,335,496,20,63,35,18,18.81,148.06,24.8
Prasidh Krishna,Tripuresh Singh,50,17,23,18,1,1,36.0,34.0,0.74
Mohammed Siraj,Tripuresh Singh,103,90,17,12,0,0,11.65,87.38,5.29
Mohammed Siraj,Nathan Ellis,126,137,14,19,1,1,15.08,108.73,9.79
Matthew Forde,Scott Curie,199,245,62,25,21,10,12.56,123.12,3.95
Bhuvneshwar Kumar,Mayank Yadav,105,92,22,22,0,2,20.95,87.62,4.18
Duvindu Tillakaratne,Umesh Yadav,111,117,9,10,0,0,9.01,105.41,13.0
Dushan Hemantha,Donovan Ferreira,125,83,34,41,6,0,32.8,66.4,2.44
Marcus Stoinis,Duvindu Tillakaratne,399,616,18,95,43,31,23.81,154.39,34.22
Ashwin Das,Lungi Ngidi,249,352,35,55,25,18,22.09,141.37,10.06
Sunil Narine,Praveen Jayawickrama,148,126,25,38,2,3,25.68,85.14,5.04
Cameron Green,Prince Yadav,203,333,17,39,14,23,19.21,164.04,19.59
Kuldeep Yadav,Ravi Bishnoi,126,63,40,65,1,7,51.59,50.0,1.57
Varun Chakravarthy,Ravi Bishnoi,199,206,24,35,5,3,17.59,103.52,8.58
Vaisakh Chandran,Donovan Ferreira,188,180,16,40,1,0,21.28,95.74,11.25
Dan Lawrence,Malinda Pushpakumara,252,395,20,46,29,19,18.25,156.75,19.75
Malinda Pushpakumara,Mohammed Shami,54,45,8,12,0,0,22.22,83.33,5.62
Dasun Shanaka,Mukesh Kumar,246,413,30,19,33,16,7.72,167.89,13.77
Rahul Chahar,Chamika Gunasekara,107,107,8,22,2,2,20.56,100.0,13.38
Mitchell Starc,Rashid Khan,103,62,30,49,7,3,47.57,60.19,2.07
Shivam Mavi,Avinov Choudhary,199,210,78,31,7,14,15.58,105.53,2.69
Washington Sundar,Shivam Mavi,434,739,18,79,46,39,18.2,170.28,41.06
Raj Limbani,Maheesh Theekshana,189,215,22,10,1,2,5.29,113.76,9.77
Raj Limbani,Ottneil Baartman,166,193,25,15,9,0,9.04,116.27,7.72
Rashid Khan,Noor Ahmad,147,111,43,41,6,5,27.89,75.51,2.58
Shiran Fernando,Noor Ahmad,195,206,26,23,4,2,11.79,105.64,7.92
Jai Moondra,Mayank Yadav,44,46,12,11,4,2,25.0,104.55,3.83
Jasprit Bumrah,Mayank Yadav,47,42,4,9,0,0,19.15,89.36,10.5
Mayank Yadav,Jai Moondra,43,19,17,12,0,0,27.91,44.19,1.12
Mohamed Shiraz,Jai Moondra,80,96,7,4,0,2,5.0,120.0,13.71
Gurinder Singh,Mohammed Shami,49,45,15,14,2,3,28.57,91.84,3.0
Rishabh Pant,Nimesh Vimukthi,180,231,16,48,14,10,26.67,128.33,14.44
Charith Asalanka,Ravi Bishnoi,270,422,34,50,27,26,18.52,156.3,12.41
Mukesh Kumar,Axar Patel,115,105,14,23,0,1,20.0,91.3,7.5
Akeal Hosein,Rahul Chahar,96,104,35,21,5,8,21.88,108.33,2.97
Lasith Embuldeniya,Rahul Chahar,223,231,14,45,1,2,20.18,103.59,16.5
Bhuvneshwar Kumar,Nathan Ellis,141,141,20,24,5,1,17.02,100.0,7.05
Raj Limbani,Liam Livingstone,170,183,15,17,1,2,10.0,107.65,12.2
Raj Limbani,Mitchell Santner,289,343,39,24,9,4,8.3,118.69,8.79
Shivam Mavi,Mohammed Siraj,151,151,55,38,12,9,25.17,100.0,2.75
Akeal Hosein,Shardul Thakur,231,183,77,59,6,9,25.54,79.22,2.38
Shivam Dube,Mayank Yadav,144,255,15,17,17,14,11.81,177.08,17.0
Khaleel Ahmed,Charith Asalanka,155,154,8,23,1,0,14.84,99.35,19.25
Jason Holder,Chamika Gunasekara,124,135,22,32,4,7,25.81,108.87,6.14
Auqib Nabi,Sam Curran,245,288,37,74,12,19,30.2,117.55,7.78
Mohammed Shami,Prince Yadav,64,44,20,15,1,1,23.44,68.75,2.2
Mohammed Shami,Khaleel Ahmed,69,71,17,16,3,4,23.19,102.9,4.18
Duvindu Tillakaratne,Mayank Yadav,96,104,6,14,1,1,14.58,108.33,17.33
Prasidh Krishna,Sam Curran,131,94,45,46,6,6,35.11,71.76,2.09
Auqib Nabi,Khaleel Ahmed,108,133,10,24,9,5,22.22,123.15,13.3
Jason Holder,Mitchell Marsh,228,348,23,50,27,19,21.93,152.63,15.13
Mukesh Kumar,Sunil Narine,70,53,20,9,0,0,12.86,75.71,2.65
Shivam Mavi,Anshul Kamboj,128,92,47,43,5,6,33.59,71.88,1.96
Nitish Rana,Duvindu Tillakaratne,215,386,10,45,23,26,20.93,179.53,38.6
Manav Suthar,Mohammed Siraj,103,77,33,31,4,3,30.1,74.76,2.33
Bhuvneshwar Kumar,Mohammed Siraj,125,147,13,17,1,4,13.6,117.6,11.31
Sanvir Singh,Malinda Pushpakumara,324,634,70,14,46,43,4.32,195.68,9.06
Dian Forrester,Washington Sundar,569,1037,21,106,76,59,18.63,182.25,49.38
Dian Forrester,Isitha Wijesundara,185,234,3,43,7,11,23.24,126.49,78.0
Dian Forrester,Scott Curie,441,771,21,61,59,36,13.83,174.83,36.71
Dian Forrester,Theesan Vithushan,565,927,25,88,61,42,15.58,164.07,37.08
Praveen Jayawickrama,Theesan Vithushan,75,43,29,26,3,2,34.67,57.33,1.48
Corbin Bosch,Jaydev Unadkat,170,202,12,54,14,8,31.76,118.82,16.83
Anshul Kamboj,Jaydev Unadkat,56,48,16,16,1,3,28.57,85.71,3.0
Ashok Sharma,Mohammed Siraj,104,159,6,10,4,6,9.62,152.88,26.5
Prasidh Krishna,Cameron Green,110,96,27,28,6,2,25.45,87.27,3.56
Mohammed Siraj,Nitish Kumar Reddy,164,149,15,34,1,1,20.73,90.85,9.93
CV Stephen,Harsh Dubey,97,83,12,19,0,1,19.59,85.57,6.92
Tripuresh Singh,Mohammed Shami,129,153,16,1,3,2,0.78,118.6,9.56
Dasun Shanaka,Manav Suthar,118,184,9,22,11,9,18.64,155.93,20.44
Anshul Kamboj,Tripuresh Singh,72,36,26,25,1,2,34.72,50.0,1.38
CV Stephen,Rashid Khan,112,115,11,14,0,1,12.5,102.68,10.45
Malinda Pushpakumara,Rashid Khan,78,91,8,8,2,0,10.26,116.67,11.38
Malinda Pushpakumara,Shiran Fernando,69,78,6,7,0,0,10.14,113.04,13.0
Gurinder Singh,Arshdeep Singh,164,116,48,58,7,6,35.37,70.73,2.42
Mohammed Siraj,Mridul Surroch,216,177,44,51,4,4,23.61,81.94,4.02
Prasidh Krishna,Rahul Chahar,120,114,18,19,0,2,15.83,95.0,6.33
Mukesh Kumar,Varun Chakravarthy,160,165,20,28,3,2,17.5,103.12,8.25
Lungi Ngidi,Varun Chakravarthy,96,63,35,30,4,3,31.25,65.62,1.8
Sai Kishore,Prasidh Krishna,140,151,28,32,10,5,22.86,107.86,5.39
Mitchell Starc,Yuzvendra Chahal,218,182,59,89,8,14,40.83,83.49,3.08
Gurinder Singh,Duvindu Tillakaratne,51,73,14,10,4,5,19.61,143.14,5.21
Dunith Wellalage,Duvindu Tillakaratne,147,202,3,37,10,9,25.17,137.41,67.33
Mayank Agarwal,Jason Holder,455,547,53,138,29,31,30.33,120.22,10.32
Sonny Baker,Vasuki Koushik,84,75,8,21,1,0,25.0,89.29,9.38
Mohsin Khan,Avinov Choudhary,193,194,15,24,1,0,12.44,100.52,12.93
Praveen Jayawickrama,Mitchell Santner,82,81,25,19,6,4,23.17,98.78,3.24
Ashish Singh,Hardik Pandya,317,319,34,43,3,0,13.56,100.63,9.38
Malinda Pushpakumara,Dasun Shanaka,74,75,9,11,1,0,14.86,101.35,8.33
Malinda Pushpakumara,Sahan Arachchige,91,90,17,14,1,2,15.38,98.9,5.29
Gurinder Singh,Prasidh Krishna,127,81,45,48,6,5,37.8,63.78,1.8
Sai Kishore,Jaydev Unadkat,152,149,31,52,14,5,34.21,98.03,4.81
Nimesh Vimukthi,Liam Livingstone,260,302,8,47,9,4,18.08,116.15,37.75
Ashok Sharma,Jaydev Unadkat,104,125,6,8,1,1,7.69,120.19,20.83
Arzan Nagwaswalla,Jaydev Unadkat,18,20,3,1,1,0,5.56,111.11,6.67
Sunil Narine,Prashant Veer,192,163,25,72,5,8,37.5,84.9,6.52
CV Stephen,Prashant Veer,125,126,17,22,3,1,17.6,100.8,7.41
Malinda Pushpakumara,Prashant Veer,81,99,8,10,3,1,12.35,122.22,12.38
Vasuki Koushik,Ashish Singh,163,173,14,24,2,1,14.72,106.13,12.36
Vasuki Koushik,Mitchell Marsh,296,274,39,42,0,1,14.19,92.57,7.03
Shubham Dubey,Dasun Shanaka,596,984,41,126,76,46,21.14,165.1,24.0
Vasuki Koushik,Craig Overton,176,152,36,41,3,5,23.3,86.36,4.22
Yash Dhull,Charith Asalanka,164,367,5,11,24,25,6.71,223.78,73.4
Yash Dhull,Dasun Shanaka,206,365,14,46,32,19,22.33,177.18,26.07
Mohammed Siraj,Sam Curran,163,138,34,22,0,0,13.5,84.66,4.06
Binura Fernando,Tanay Thyagarajan,201,209,26,24,3,0,11.94,103.98,8.04
Ravi Teja,Donovan Ferreira,46,33,20,7,2,1,15.22,71.74,1.65
Dian Forrester,Will Jacks,367,677,4,76,37,48,20.71,184.47,169.25
Praveen Jayawickrama,Will Jacks,31,11,9,12,0,0,38.71,35.48,1.22
Praveen Jayawickrama,Isitha Wijesundara,43,33,8,19,5,0,44.19,76.74,4.12
Praveen Jayawickrama,Washington Sundar,65,30,24,21,0,1,32.31,46.15,1.25
Sai Kishore,Prince Yadav,90,124,18,19,6,8,21.11,137.78,6.89
Khaleel Ahmed,Vasuki Koushik,126,135,12,23,3,3,18.25,107.14,11.25
Khaleel Ahmed,Chamika Gunasekara,80,71,8,18,1,1,22.5,88.75,8.88
Khaleel Ahmed,Duan Jansen,132,111,28,24,3,1,18.18,84.09,3.96
Lungi Ngidi,Seekkuge Prasanna,221,133,79,70,7,6,31.67,60.18,1.68
Lungi Ngidi,Harpreet Brar,80,48,29,26,4,1,32.5,60.0,1.66
Rahul Chahar,Harpreet Brar,88,97,9,12,0,0,13.64,110.23,10.78
Rachin Ravindra,Isitha Wijesundara,507,1088,29,72,78,76,14.2,214.6,37.52
Calvin Harrison,Liam Livingstone,540,579,43,207,21,35,38.33,107.22,13.47
Bhuvneshwar Kumar,Ashish Singh,130,142,17,15,3,0,11.54,109.23,8.35
Duvindu Tillakaratne,Mitchell Marsh,173,162,16,31,2,0,17.92,93.64,10.12
Sanvir Singh,Theesan Vithushan,215,405,40,13,41,20,6.05,188.37,10.12
Shubham Dubey,Charith Asalanka,572,954,26,110,64,49,19.23,166.78,36.69
Tanay Thyagarajan,Gangam Anikethreddy,264,330,21,29,9,9,10.98,125.0,15.71
Duan Jansen,Jason Holder,234,254,69,57,20,14,24.36,108.55,3.68
Josh Tongue,Jason Holder,178,100,59,59,8,1,33.15,56.18,1.69
Ashish Singh,Mohamed Shiraz,79,90,13,7,1,1,8.86,113.92,6.92
Binura Fernando,Cameron Green,88,99,9,12,2,1,13.64,112.5,11.0
Nitish Kumar Reddy,Mitchell Marsh,638,1095,70,111,64,73,17.4,171.63,15.64
Kranthi Kumar,Mitchell Marsh,493,839,46,108,52,56,21.91,170.18,18.24
Athisayaraj Davidson,Shivam Mavi,97,56,31,25,1,0,25.77,57.73,1.81
Ottneil Baartman,Liam Livingstone,249,242,34,48,6,2,19.28,97.19,7.12
Mohsin Khan,Prasidh Krishna,125,127,9,21,0,1,16.8,101.6,14.11
Dushan Hemantha,Nishan Peiris,66,43,32,11,0,3,16.67,65.15,1.34
Sonny Baker,Lance Morris,84,79,5,18,0,0,21.43,94.05,15.8
Nathan Ellis,Nitish Kumar Reddy,134,143,12,16,1,0,11.94,106.72,11.92
Rachin Ravindra,Varun Chakravarthy,249,447,38,29,34,27,11.65,179.52,11.76
Ashok Sharma,Mridul Surroch,173,197,10,24,5,3,13.87,113.87,19.7
Sonny Baker,Craig Overton,65,67,6,17,2,0,26.15,103.08,11.17
Sonny Baker,Mohamed Shiraz,56,49,9,10,0,0,17.86,87.5,5.44
Varun Chakravarthy,Suryansh Shedge,216,221,19,33,3,2,15.28,102.31,11.63
Mohammed Siraj,Lance Morris,145,176,18,21,2,6,14.48,121.38,9.78
Jitesh Sharma,Charith Asalanka,379,739,23,39,56,39,10.29,194.99,32.13
Lance Morris,Vasuki Koushik,103,51,33,44,3,2,42.72,49.51,1.55
Arshdeep Singh,Vasuki Koushik,96,53,41,30,1,4,31.25,55.21,1.29
Praveen Jayawickrama,Donovan Ferreira,32,12,14,10,1,0,31.25,37.5,0.86
Theesan Vithushan,Craig Overton,124,57,37,58,1,4,46.77,45.97,1.54
Auqib Nabi,Nitish Kumar Reddy,157,181,32,32,10,8,20.38,115.29,5.66
Praveen Jayawickrama,Harsh Dubey,47,44,19,10,4,2,21.28,93.62,2.32
Binura Fernando,Tripuresh Singh,85,72,8,18,0,1,21.18,84.71,9.0
Jasprit Bumrah,Lance Morris,84,94,8,7,1,0,8.33,111.9,11.75
Dan Lawrence,Prince Yadav,345,589,27,44,34,34,12.75,170.72,21.81
Ravi Teja,Lasith Embuldeniya,53,40,16,13,4,0,24.53,75.47,2.5
Arzan Nagwaswalla,Vaisakh Chandran,100,109,11,16,3,1,16.0,109.0,9.91
Auqib Nabi,Joel Davies,122,149,19,30,12,5,24.59,122.13,7.84
Rishabh Pant,Gurinder Singh,173,274,39,11,17,16,6.36,158.38,7.03
Mohammed Shami,Gurinder Singh,71,74,20,21,6,4,29.58,104.23,3.7
Dan Lawrence,Vaisakh Chandran,106,152,8,20,9,7,18.87,143.4,19.0
Harpreet Brar,Vaisakh Chandran,41,55,3,1,1,1,2.44,134.15,18.33
Yuzvendra Chahal,Vaisakh Chandran,29,23,1,8,0,0,27.59,79.31,23.0
CV Stephen,Vidwath Kaverappa,89,98,17,13,3,3,14.61,110.11,5.76
Jason Holder,Arzan Nagwaswalla,103,96,20,34,5,5,33.01,93.2,4.8
Prince Yadav,Prasidh Krishna,154,168,13,19,2,0,12.34,109.09,12.92
Arzan Nagwaswalla,Axar Patel,124,133,12,14,1,1,11.29,107.26,11.08
Ravi Bishnoi,Shahbaz Ahmed,363,325,52,83,5,2,22.87,89.53,6.25
Nishan Peiris,Shahbaz Ahmed,263,256,29,35,1,0,13.31,97.34,8.83
Avinov Choudhary,Ottneil Baartman,89,88,14,11,0,1,12.36,98.88,6.29
Jaydev Unadkat,Tripuresh Singh,77,48,24,24,4,0,31.17,62.34,2.0
Avesh Khan,Lance Morris,112,142,7,17,2,3,15.18,126.79,20.29
Yuzvendra Chahal,Dian Forrester,94,114,2,10,2,0,10.64,121.28,57.0
Shiran Fernando,Mukesh Kumar,142,153,18,13,1,3,9.15,107.75,8.5
Craig Overton,Chamika Gunasekara,228,273,40,69,16,16,30.26,119.74,6.83
Dasun Shanaka,Mayank Yadav,108,211,8,11,14,13,10.19,195.37,26.38
Josh Tongue,Mohamed Shiraz,55,37,20,14,1,2,25.45,67.27,1.85
Avinov Choudhary,Rashid Khan,130,143,18,10,1,0,7.69,110.0,7.94
Nathan Ellis,Gurinder Singh,107,113,7,16,0,0,14.95,105.61,16.14
Mitchell Marsh,Charith Asalanka,500,1187,10,30,87,81,6.0,237.4,118.7
Josh Tongue,Auqib Nabi,180,95,52,65,4,2,36.11,52.78,1.83
Vasuki Koushik,Auqib Nabi,261,267,29,35,3,1,13.41,102.3,9.21
Chamika Gunasekara,Auqib Nabi,146,150,16,20,2,0,13.7,102.74,9.38
Chamika Gunasekara,Mohammed Shami,73,86,5,6,1,0,8.22,117.81,17.2
Seekkuge Prasanna,Mohammed Shami,200,345,29,34,22,24,17.0,172.5,11.9
Harpreet Brar,Dushan Hemantha,46,56,7,2,1,2,4.35,121.74,8.0
Kagiso Rabada,Josh Tongue,251,269,26,29,2,2,11.55,107.17,10.35
Kagiso Rabada,Ottneil Baartman,184,201,12,27,3,2,14.67,109.24,16.75
Mitchell Santner,Ashwin Das,356,524,35,93,37,28,26.12,147.19,14.97
Ravi Teja,Ashwin Das,70,46,35,17,4,3,24.29,65.71,1.31
Arzan Nagwaswalla,Auqib Nabi,67,70,12,6,2,0,8.96,104.48,5.83
Arzan Nagwaswalla,Ashish Singh,55,60,6,8,1,1,14.55,109.09,10.0
Isitha Wijesundara,Ravi Teja,171,120,30,90,11,5,52.63,70.18,4.0
Calvin Harrison,Shivam Mavi,346,377,26,99,11,17,28.61,108.96,14.5
Raj Limbani,Chamika Gunasekara,198,203,18,20,2,0,10.1,102.53,11.28
Mukesh Kumar,Hardik Pandya,285,249,44,63,6,2,22.11,87.37,5.66
Rahul Chahar,Seekkuge Prasanna,179,171,18,29,0,1,16.2,95.53,9.5
Rahul Chahar,Hardik Pandya,193,198,24,20,1,1,10.36,102.59,8.25
Rahul Chahar,Tanay Thyagarajan,111,116,12,14,1,1,12.61,104.5,9.67
Jai Moondra,Duan Jansen,92,88,30,20,4,5,21.74,95.65,2.93
Jai Moondra,Vasuki Koushik,94,81,31,21,5,2,22.34,86.17,2.61
Jasprit Bumrah,Vasuki Koushik,110,86,22,24,1,1,21.82,78.18,3.91
Adam Zampa,Akash Deep,31,30,4,1,0,0,3.23,96.77,7.5
Josh Tongue,Lungi Ngidi,112,91,39,25,5,4,22.32,81.25,2.33
Anshul Kamboj,Gurinder Singh,74,64,26,26,7,4,35.14,86.49,2.46
Sunil Narine,Ravi Bishnoi,61,69,9,11,3,2,18.03,113.11,7.67
Duan Jansen,Mridul Surroch,133,119,35,41,11,5,30.83,89.47,3.4
Chamika Gunasekara,Mohamed Shiraz,93,98,7,15,3,0,16.13,105.38,14.0
Akeal Hosein,Ravi Teja,118,129,39,29,9,9,24.58,109.32,3.31
Prince Yadav,Binura Fernando,160,160,17,26,2,0,16.25,100.0,9.41
Rahul Chahar,Jasprit Bumrah,75,86,6,13,2,1,17.33,114.67,14.33
Lungi Ngidi,Jasprit Bumrah,85,37,27,33,2,0,38.82,43.53,1.37
Kranthi Kumar,Sai Kishore,259,553,9,27,39,33,10.42,213.51,61.44
Mukesh Kumar,Raj Angad Bawa,230,231,25,39,2,4,16.96,100.43,9.24
Craig Overton,Jasprit Bumrah,88,96,10,38,5,7,43.18,109.09,9.6
Rahul Chahar,Arzan Nagwaswalla,71,90,10,8,0,4,11.27,126.76,9.0
Nitish Rana,Mayank Yadav,166,348,10,27,38,17,16.27,209.64,34.8
Jaydev Unadkat,Umesh Yadav,53,41,12,14,3,0,26.42,77.36,3.42
Prasidh Krishna,Umesh Yadav,65,58,19,12,3,1,18.46,89.23,3.05
Prince Yadav,Yuzvendra Chahal,158,177,14,14,3,1,8.86,112.03,12.64
Anshul Kamboj,Vasuki Koushik,97,47,35,34,2,2,35.05,48.45,1.34
Avinov Choudhary,Chamika Gunasekara,177,203,9,13,3,0,7.34,114.69,22.56
Umesh Yadav,Arshdeep Singh,128,126,13,20,1,1,15.62,98.44,9.69
Umesh Yadav,Tripuresh Singh,124,122,21,20,3,1,16.13,98.39,5.81
Umesh Yadav,Prasidh Krishna,91,89,8,11,1,0,12.09,97.8,11.12
Mohammed Shami,Vidwath Kaverappa,139,151,16,11,1,1,7.91,108.63,9.44
Mukesh Kumar,Avinov Choudhary,167,150,28,31,4,1,18.56,89.82,5.36
Rahul Chahar,Avinov Choudhary,125,127,11,22,0,1,17.6,101.6,11.55
Mohsin Khan,Vaisakh Chandran,134,95,37,39,2,4,29.1,70.9,2.57
Akash Deep,Kuldeep Yadav,172,175,48,33,10,6,19.19,101.74,3.65
Mayank Yadav,Maheesh Theekshana,89,59,19,35,5,1,39.33,66.29,3.11
Sai Kishore,Mayank Yadav,90,135,14,15,11,6,16.67,150.0,9.64
Umesh Yadav,Binura Fernando,95,80,16,20,2,1,21.05,84.21,5.0
Prasidh Krishna,Lance Morris,75,39,31,20,1,1,26.67,52.0,1.26
Dian Forrester,Umesh Yadav,155,289,9,20,15,18,12.9,186.45,32.11
Jai Moondra,Umesh Yadav,33,30,17,4,3,1,12.12,90.91,1.76
Arzan Nagwaswalla,Varun Chakravarthy,243,253,20,36,5,2,14.81,104.12,12.65
Corbin Bosch,Mohammed Shami,154,166,17,43,6,7,27.92,107.79,9.76
Anshul Kamboj,Mohammed Shami,45,50,17,10,2,4,22.22,111.11,2.94
Ashok Sharma,Mohammed Shami,99,122,8,8,3,3,8.08,123.23,15.25
Ashok Sharma,Ashish Singh,133,158,6,21,4,3,15.79,118.8,26.33
Corbin Bosch,Ashish Singh,187,278,14,48,20,12,25.67,148.66,19.86
Sam Curran,Umesh Yadav,140,266,7,15,14,16,10.71,190.0,38.0
Rashid Khan,Umesh Yadav,27,21,8,9,2,1,33.33,77.78,2.62
Mohammed Shami,Tripuresh Singh,107,39,32,49,3,0,45.79,36.45,1.22
CV Stephen,Rachin Ravindra,177,149,34,48,3,5,27.12,84.18,4.38
Malinda Pushpakumara,Rachin Ravindra,126,132,14,22,4,1,17.46,104.76,9.43
Ravi Bishnoi,Scott Curie,245,256,21,55,4,3,22.45,104.49,12.19
Maheesh Theekshana,Nitish Kumar Reddy,60,65,5,9,0,0,15.0,108.33,13.0
Scott Curie,Akash Vasisht,368,406,22,50,2,2,13.59,110.33,18.45
Shiran Fernando,Ravi Teja,186,151,35,34,2,0,18.28,81.18,4.31
Chamika Gunasekara,Joel Davies,45,50,5,7,0,0,15.56,111.11,10.0
Jai Moondra,Anshul Kamboj,103,101,29,19,4,5,18.45,98.06,3.48
Avinov Choudhary,Lungi Ngidi,83,104,5,5,1,2,6.02,125.3,20.8
Yuzvendra Chahal,Lungi Ngidi,83,68,9,22,0,0,26.51,81.93,7.56
Gurinder Singh,Umesh Yadav,34,26,19,6,2,2,17.65,76.47,1.37
Nimesh Vimukthi,Umesh Yadav,168,169,11,34,5,0,20.24,100.6,15.36
Josh Tongue,Rahul Chahar,91,94,31,15,5,6,16.48,103.3,3.03
Josh Tongue,Mukesh Kumar,82,56,31,24,4,3,29.27,68.29,1.81
Mohammed Shami,Rashid Khan,218,203,29,48,3,4,22.02,93.12,7.0
Jasprit Bumrah,Isitha Wijesundara,157,133,34,29,4,1,18.47,84.71,3.91
Saransh Jain,Isitha Wijesundara,164,179,11,22,2,2,13.41,109.15,16.27
Vaisakh Chandran,Harsh Dubey,161,172,17,22,1,1,13.66,106.83,10.12
Nimesh Vimukthi,Duvindu Tillakaratne,64,86,1,9,2,3,14.06,134.38,86.0
Akeal Hosein,Prince Yadav,146,106,47,46,4,7,31.51,72.6,2.26
Khaleel Ahmed,Jai Moondra,70,61,15,8,0,1,11.43,87.14,4.07
Prince Yadav,Jai Moondra,77,76,9,7,0,0,9.09,98.7,8.44
Arzan Nagwaswalla,Kranthi Kumar,100,101,9,14,0,0,14.0,101.0,11.22
Arzan Nagwaswalla,Nitish Kumar Reddy,47,56,5,2,1,0,4.26,119.15,11.2
Raj Limbani,Rahul Chahar,177,214,18,15,2,5,8.47,120.9,11.89
Lungi Ngidi,Raj Limbani,143,97,49,51,12,2,35.66,67.83,1.98
Mukesh Kumar,Raj Limbani,122,141,18,24,1,7,19.67,115.57,7.83
Rahul Chahar,Raj Limbani,94,92,9,13,2,0,13.83,97.87,10.22
Anshul Kamboj,Will Jacks,18,8,7,6,1,0,33.33,44.44,1.14
Prince Yadav,Atit Sheth,380,404,30,58,3,5,15.26,106.32,13.47
Akeal Hosein,Suryansh Shedge,105,72,33,27,3,2,25.71,68.57,2.18
Yuzvendra Chahal,Rahul Chahar,110,125,5,12,2,0,10.91,113.64,25.0
Jai Moondra,Ashish Singh,36,41,12,4,1,2,11.11,113.89,3.42
Jasprit Bumrah,Ashish Singh,78,72,8,14,0,1,17.95,92.31,9.0
Jai Moondra,Sonny Baker,109,140,26,22,11,7,20.18,128.44,5.38
Jai Moondra,Chamika Gunasekara,72,78,25,15,2,7,20.83,108.33,3.12
Manav Suthar,Binura Fernando,82,72,22,27,6,3,32.93,87.8,3.27
Duvindu Tillakaratne,Auqib Nabi,148,158,14,24,2,0,16.22,106.76,11.29
Kuldeep Yadav,Rahul Chahar,110,37,35,52,3,0,47.27,33.64,1.06
Kranthi Kumar,Ashish Singh,143,217,16,23,15,9,16.08,151.75,13.56
Sonny Baker,Auqib Nabi,114,104,14,20,0,0,17.54,91.23,7.43
Sonny Baker,Mitchell Marsh,109,110,7,18,1,0,16.51,100.92,15.71
Arzan Nagwaswalla,Mohsin Khan,205,220,16,26,5,0,12.68,107.32,13.75
Jason Holder,Bhuvneshwar Kumar,44,59,4,15,2,5,34.09,134.09,14.75
Mayank Yadav,Bhuvneshwar Kumar,19,21,5,4,1,1,21.05,110.53,4.2
Mayank Yadav,Duvindu Tillakaratne,31,7,7,18,0,0,58.06,22.58,1.0
Umesh Yadav,Duvindu Tillakaratne,31,33,2,8,2,0,25.81,106.45,16.5
Jos Buttler,Rahul Chahar,418,902,36,45,82,50,10.77,215.79,25.06
Scott Curie,Sunil Narine,124,121,13,22,3,0,17.74,97.58,9.31
Tanay Thyagarajan,Prince Yadav,231,271,17,25,4,4,10.82,117.32,15.94
Mohammed Shami,Hardik Pandya,162,120,45,55,4,7,33.95,74.07,2.67
Mukesh Kumar,Shivam Mavi,71,66,9,11,1,0,15.49,92.96,7.33
Raj Angad Bawa,Avinov Choudhary,345,560,67,43,44,27,12.46,162.32,8.36
Prince Yadav,Chamika Gunasekara,290,323,23,36,4,1,12.41,111.38,14.04
Prince Yadav,Charith Asalanka,110,132,6,6,0,1,5.45,120.0,22.0
Lance Morris,Washington Sundar,133,111,23,57,8,4,42.86,83.46,4.83
Nathan Ellis,Will Jacks,38,45,1,2,1,0,5.26,118.42,45.0
Tripuresh Singh,Bhuvneshwar Kumar,40,43,5,3,1,0,7.5,107.5,8.6
Jason Holder,Tripuresh Singh,145,119,27,50,8,3,34.48,82.07,4.41
Yuzvendra Chahal,Matthew Forde,14,19,2,0,1,0,0.0,135.71,9.5
Yuzvendra Chahal,Vidwath Kaverappa,21,18,3,3,0,0,14.29,85.71,6.0
Corbin Bosch,Mayank Yadav,136,185,7,30,12,5,22.06,136.03,26.43
Anshul Kamboj,Mohamed Shiraz,55,27,17,20,1,1,36.36,49.09,1.59
Will Jacks,Mohamed Shiraz,171,285,22,24,14,18,14.04,166.67,12.95
Jasprit Bumrah,Vaisakh Chandran,116,106,19,21,2,0,18.1,91.38,5.58
Mayank Yadav,Binura Fernando,42,11,19,15,1,0,35.71,26.19,0.58
Avesh Khan,Tripuresh Singh,96,108,9,10,1,1,10.42,112.5,12.0
Adam Zampa,Vaisakh Chandran,60,69,6,4,1,0,6.67,115.0,11.5
Kranthi Kumar,Binura Fernando,157,255,11,28,20,11,17.83,162.42,23.18
Ashok Sharma,Binura Fernando,90,121,4,3,4,1,3.33,134.44,30.25
Sonny Baker,Binura Fernando,55,46,4,17,1,0,30.91,83.64,11.5
Sonny Baker,Mohammed Shami,42,37,5,8,0,0,19.05,88.1,7.4
Prasidh Krishna,Athisayaraj Davidson,116,116,23,15,3,1,12.93,100.0,5.04
Prasidh Krishna,Noor Ahmad,117,115,16,14,1,0,11.97,98.29,7.19
Jaydev Unadkat,Auqib Nabi,197,110,69,63,5,4,31.98,55.84,1.59
Ismat Alam,Bhuvneshwar Kumar,63,76,14,16,7,3,25.4,120.63,5.43
Dian Forrester,Duvindu Tillakaratne,99,143,3,20,10,5,20.2,144.44,47.67
Dian Forrester,Manav Suthar,112,214,4,21,17,11,18.75,191.07,53.5
Harsh Dubey,Scott Curie,138,147,38,31,8,8,22.46,106.52,3.87
Nishan Peiris,Shiran Fernando,115,126,12,13,3,1,11.3,109.57,10.5
Varun Chakravarthy,Dushan Hemantha,252,216,44,47,1,0,18.65,85.71,4.91
Theesan Vithushan,Mohamed Shiraz,47,34,12,14,2,0,29.79,72.34,2.83
Sanvir Singh,Scott Curie,299,614,51,20,55,36,6.69,205.35,12.04
Mayank Agarwal,Suryansh Shedge,688,1243,49,102,78,73,14.83,180.67,25.37
Mayank Agarwal,Donovan Ferreira,798,1556,42,129,95,109,16.17,194.99,37.05
Mayank Agarwal,Shardul Thakur,665,1163,75,95,81,66,14.29,174.89,15.51
Chamika Gunasekara,Donovan Ferreira,149,154,10,26,2,0,17.45,103.36,15.4
Ismat Alam,Lance Morris,132,132,25,46,6,9,34.85,100.0,5.28
Theesan Vithushan,Avesh Khan,90,32,26,44,3,0,48.89,35.56,1.23
Kunal Chandela,Duvindu Tillakaratne,129,208,3,31,13,11,24.03,161.24,69.33
Kunal Chandela,Manav Suthar,102,212,0,12,20,11,11.76,207.84,212.0
Jaydev Unadkat,Washington Sundar,79,109,20,11,4,7,13.92,137.97,5.45
Jaydev Unadkat,Will Jacks,54,49,14,17,4,2,31.48,90.74,3.5
Prasidh Krishna,Will Jacks,43,35,13,16,2,3,37.21,81.4,2.69
Mohammed Siraj,Theesan Vithushan,24,16,5,6,0,0,25.0,66.67,3.2
Avesh Khan,Theesan Vithushan,10,7,1,2,0,0,20.0,70.0,7.0
Prasidh Krishna,Theesan Vithushan,31,34,4,8,3,1,25.81,109.68,8.5
Prasidh Krishna,Duvindu Tillakaratne,51,51,9,20,2,4,39.22,100.0,5.67
Avesh Khan,Duvindu Tillakaratne,29,38,2,3,1,0,10.34,131.03,19.0
Ravi Teja,Mohsin Khan,79,58,32,21,3,3,26.58,73.42,1.81
Mohammed Siraj,Mohsin Khan,70,53,25,23,5,3,32.86,75.71,2.12
Shiran Fernando,Prasidh Krishna,189,202,16,28,2,1,14.81,106.88,12.62
Akeal Hosein,Ottneil Baartman,142,80,55,44,5,3,30.99,56.34,1.45
Khaleel Ahmed,Mitchell Marsh,162,166,14,32,0,2,19.75,102.47,11.86
Mohammed Shami,Mohsin Khan,109,131,9,11,2,1,10.09,120.18,14.56
Dushan Hemantha,Sunil Narine,152,119,42,40,2,5,26.32,78.29,2.83
Josh Tongue,Theesan Vithushan,14,8,4,5,1,0,35.71,57.14,2.0
Josh Tongue,Duvindu Tillakaratne,31,19,6,12,0,1,38.71,61.29,3.17
Vasuki Koushik,Duvindu Tillakaratne,44,41,4,11,1,0,25.0,93.18,10.25
Chamika Gunasekara,Duvindu Tillakaratne,24,21,2,6,0,0,25.0,87.5,10.5
Mohsin Khan,Prince Yadav,178,189,16,20,0,1,11.24,106.18,11.81
Lasith Embuldeniya,Tanay Thyagarajan,268,227,38,53,2,0,19.78,84.7,5.97
Raj Limbani,Shiran Fernando,171,214,22,17,6,6,9.94,125.15,9.73
Harsh Dubey,Rahul Chahar,88,106,33,15,10,5,17.05,120.45,3.21
Adam Zampa,Sunil Narine,31,35,3,4,0,0,12.9,112.9,11.67
Adam Zampa,CV Stephen,86,89,5,14,2,0,16.28,103.49,17.8
Adam Zampa,Malinda Pushpakumara,97,106,9,12,2,1,12.37,109.28,11.78
Ashok Sharma,Prasidh Krishna,81,82,5,11,1,0,13.58,101.23,16.4
Jason Holder,Sai Kishore,57,95,3,13,4,8,22.81,166.67,31.67
Khaleel Ahmed,Sai Kishore,43,44,1,8,0,0,18.6,102.33,44.0
Prince Yadav,Sai Kishore,14,13,2,2,0,0,14.29,92.86,6.5
Sonny Baker,Rashid Khan,61,63,4,8,0,0,13.11,103.28,15.75
Sam Curran,Nitish Kumar Reddy,339,546,19,67,40,27,19.76,161.06,28.74
Craig Overton,Washington Sundar,181,315,9,55,26,20,30.39,174.03,35.0
Duvindu Tillakaratne,Craig Overton,145,156,13,16,3,0,11.03,107.59,12.0
Duvindu Tillakaratne,Mohamed Shiraz,108,114,12,11,1,0,10.19,105.56,9.5
Arzan Nagwaswalla,Shiran Fernando,162,179,8,17,2,0,10.49,110.49,22.38
Ravindra Jadeja,Will Jacks,204,308,6,48,20,17,23.53,150.98,51.33
Yuzvendra Chahal,Isitha Wijesundara,66,80,5,5,2,0,7.58,121.21,16.0
Ismat Alam,Will Jacks,172,338,20,32,32,19,18.6,196.51,16.9
Dian Forrester,Bhuvneshwar Kumar,62,106,1,13,7,5,20.97,170.97,106.0
Bhuvneshwar Kumar,Jasprit Bumrah,88,107,10,10,1,3,11.36,121.59,10.7
Ottneil Baartman,Varun Chakravarthy,306,291,38,53,2,1,17.32,95.1,7.66
Nishan Peiris,Rashid Khan,100,106,7,18,0,1,18.0,106.0,15.14
Arshdeep Singh,Nimesh Vimukthi,70,39,20,23,1,1,32.86,55.71,1.95
Tripuresh Singh,Nimesh Vimukthi,106,129,10,5,6,0,4.72,121.7,12.9
Nathan Ellis,Nimesh Vimukthi,40,39,5,7,1,0,17.5,97.5,7.8
Sai Kishore,Nathan Ellis,179,147,34,68,11,5,37.99,82.12,4.32
Mukesh Kumar,Arzan Nagwaswalla,102,88,19,19,1,1,18.63,86.27,4.63
Washington Sundar,Avesh Khan,244,358,27,43,28,15,17.62,146.72,13.26
Mohamed Shiraz,Jasprit Bumrah,100,105,5,12,1,0,12.0,105.0,21.0
Shahbaz Ahmed,Arzan Nagwaswalla,299,514,16,49,28,31,16.39,171.91,32.12
Tanay Thyagarajan,Ashwin Das,145,157,12,19,5,1,13.1,108.28,13.08
Yuzvendra Chahal,Raj Limbani,112,104,11,21,0,1,18.75,92.86,9.45
Sonny Baker,Mridul Surroch,64,67,6,15,2,0,23.44,104.69,11.17
Sonny Baker,Mayank Yadav,59,66,4,10,0,0,16.95,111.86,16.5
Gangam Anikethreddy,Athisayaraj Davidson,141,91,47,68,9,6,48.23,64.54,1.94
Avinov Choudhary,Suryansh Shedge,102,118,6,8,2,0,7.84,115.69,19.67
Arzan Nagwaswalla,Nishan Peiris,58,63,7,4,0,1,6.9,108.62,9.0
Arzan Nagwaswalla,Prashant Veer,98,93,13,11,2,0,11.22,94.9,7.15
Nathan Ellis,Mridul Surroch,105,127,8,7,1,2,6.67,120.95,15.88
Kagiso Rabada,Lungi Ngidi,136,161,13,7,3,2,5.15,118.38,12.38
Yuzvendra Chahal,Gangam Anikethreddy,183,202,21,22,3,3,12.02,110.38,9.62
Mayank Yadav,Manav Suthar,12,3,6,3,0,0,25.0,25.0,0.5
Mohamed Shiraz,Duvindu Tillakaratne,22,21,3,1,0,0,4.55,95.45,7.0
Jai Moondra,Liam Livingstone,59,63,22,7,6,2,11.86,106.78,2.86
Jai Moondra,Prasidh Krishna,35,28,7,12,2,1,34.29,80.0,4.0
Athisayaraj Davidson,Varun Chakravarthy,154,90,51,44,2,1,28.57,58.44,1.76
Yuzvendra Chahal,Ashwin Das,62,70,6,8,2,0,12.9,112.9,11.67
Tripuresh Singh,Umesh Yadav,144,200,9,6,3,5,4.17,138.89,22.22
Manav Suthar,Sai Kishore,68,66,24,11,2,3,16.18,97.06,2.75
Theesan Vithushan,Sai Kishore,75,57,23,29,5,3,38.67,76.0,2.48
Yuzvendra Chahal,Nishan Peiris,30,28,4,6,1,0,20.0,93.33,7.0
Ottneil Baartman,Jasprit Bumrah,191,183,29,31,1,3,16.23,95.81,6.31
Duvindu Tillakaratne,Mohammed Shami,98,94,12,12,0,0,12.24,95.92,7.83
Kuldeep Yadav,Tanay Thyagarajan,124,64,41,55,2,4,44.35,51.61,1.56
Praveen Jayawickrama,Scott Curie,85,65,35,17,7,1,20.0,76.47,1.86
Akeal Hosein,Praveen Jayawickrama,119,95,40,29,6,3,24.37,79.83,2.38
Chamika Gunasekara,Cameron Green,133,149,11,12,0,0,9.02,112.03,13.55
Josh Tongue,Cameron Green,90,55,23,35,2,2,38.89,61.11,2.39
Noor Ahmad,Binura Fernando,104,78,37,27,4,3,25.96,75.0,2.11
Noor Ahmad,Mohsin Khan,117,79,39,38,3,5,32.48,67.52,2.03
Athisayaraj Davidson,Mohsin Khan,119,90,34,36,3,4,30.25,75.63,2.65
Ravi Teja,Arzan Nagwaswalla,53,45,26,10,4,2,18.87,84.91,1.73
Maheesh Theekshana,Tripuresh Singh,72,70,8,13,1,0,18.06,97.22,8.75
Gurinder Singh,Khaleel Ahmed,43,27,16,13,2,1,30.23,62.79,1.69
Sai Kishore,Khaleel Ahmed,82,91,23,22,8,5,26.83,110.98,3.96
Adam Zampa,Dushan Hemantha,40,41,1,6,1,0,15.0,102.5,41.0
Sunil Narine,Binura Fernando,49,67,3,3,1,2,6.12,136.73,22.33
Maheesh Theekshana,Jason Holder,141,160,10,8,0,1,5.67,113.48,16.0
Mitchell Starc,Malinda Pushpakumara,173,69,58,79,3,3,45.66,39.88,1.19
Tripuresh Singh,Washington Sundar,116,147,6,6,6,1,5.17,126.72,24.5
Jaydev Unadkat,Rashid Khan,55,42,21,14,2,2,25.45,76.36,2.0
Maheesh Theekshana,Duan Jansen,80,86,8,7,2,0,8.75,107.5,10.75
Yuzvendra Chahal,Ottneil Baartman,62,58,8,12,0,0,19.35,93.55,7.25
Gurinder Singh,Bhuvneshwar Kumar,78,76,25,20,3,5,25.64,97.44,3.04
Malinda Pushpakumara,Theesan Vithushan,58,56,8,9,0,0,15.52,96.55,7.0
Shubham Agarwal,Shiran Fernando,193,183,31,64,12,6,33.16,94.82,5.9
Nitish Rana,Rashid Khan,191,295,16,35,23,11,18.32,154.45,18.44
Jason Holder,Liam Livingstone,203,348,19,34,31,15,16.75,171.43,18.32
Saransh Jain,Harsh Dubey,234,232,10,44,2,1,18.8,99.15,23.2
Rashid Khan,Joel Davies,41,30,16,9,3,1,21.95,73.17,1.88
Jason Holder,Joel Davies,86,100,8,33,10,4,38.37,116.28,12.5
Duvindu Tillakaratne,Cameron Green,117,134,12,15,3,2,12.82,114.53,11.17
CV Stephen,Shiran Fernando,77,60,15,16,0,1,20.78,77.92,4.0
Saransh Jain,Ravi Bishnoi,214,223,17,35,3,1,16.36,104.21,13.12
Josh Tongue,Prince Yadav,191,104,61,61,4,2,31.94,54.45,1.7
Mohammed Siraj,Avinov Choudhary,155,73,44,65,4,2,41.94,47.1,1.66
Ismat Alam,Duvindu Tillakaratne,94,147,6,26,11,7,27.66,156.38,24.5
Jasprit Bumrah,CV Stephen,140,119,24,34,5,1,24.29,85.0,4.96
Mohamed Shiraz,Avesh Khan,86,97,8,8,0,1,9.3,112.79,12.12
Nathan Ellis,Prince Yadav,124,144,8,17,0,2,13.71,116.13,18.0
Chamika Gunasekara,Gurinder Singh,90,99,4,11,1,0,12.22,110.0,24.75
Mayank Yadav,Mohammed Shami,54,37,16,17,2,1,31.48,68.52,2.31
Calvin Harrison,Yuzvendra Chahal,248,277,18,79,17,11,31.85,111.69,15.39
Josh Tongue,Akeal Hosein,114,86,29,35,4,3,30.7,75.44,2.97
Anshul Kamboj,Khaleel Ahmed,41,26,16,9,2,0,21.95,63.41,1.62
Prince Yadav,Cameron Green,61,72,7,4,1,2,6.56,118.03,10.29
Prince Yadav,Varun Chakravarthy,188,192,14,25,2,0,13.3,102.13,13.71
Mukesh Kumar,Akeal Hosein,67,61,10,12,2,0,17.91,91.04,6.1
Luhan dre pretorious,Sahan Arachchige,299,436,37,50,20,25,16.72,145.82,11.78
Nathan Ellis,Mohammed Siraj,47,54,5,3,0,0,6.38,114.89,10.8
Praveen Jayawickrama,Yash Thakur,77,37,30,23,1,1,29.87,48.05,1.23
Jason Holder,Nimesh Vimukthi,73,76,2,31,5,3,42.47,104.11,38.0
Khaleel Ahmed,Nimesh Vimukthi,23,23,4,2,0,0,8.7,100.0,5.75
Prince Yadav,Nimesh Vimukthi,18,25,0,2,2,0,11.11,138.89,25.0
Binura Fernando,Liam Livingstone,252,271,18,30,1,1,11.9,107.54,15.06
Yuzvendra Chahal,Sonal Dinusha,108,124,10,8,0,0,7.41,114.81,12.4
Sunil Narine,Noor Ahmad,91,119,2,7,1,2,7.69,130.77,59.5
Arshdeep Singh,Craig Overton,177,97,43,66,2,2,37.29,54.8,2.26
Nathan Ellis,Craig Overton,137,141,7,20,1,0,14.6,102.92,20.14
Ashwin Das,Prasidh Krishna,311,447,60,72,40,25,23.15,143.73,7.45
Craig Overton,Mohammed Shami,111,157,23,32,10,11,28.83,141.44,6.83
Yuzvendra Chahal,Scott Curie,35,37,2,6,0,0,17.14,105.71,18.5
Yuzvendra Chahal,Theesan Vithushan,33,35,2,5,0,0,15.15,106.06,17.5
Jai Moondra,Arshdeep Singh,35,26,13,10,2,1,28.57,74.29,2.0
Athisayaraj Davidson,Suryansh Shedge,124,96,30,42,5,4,33.87,77.42,3.2
Dushan Hemantha,Rashid Khan,85,86,24,21,9,3,24.71,101.18,3.58
Nathan Ellis,Umesh Yadav,91,109,3,9,2,0,9.89,119.78,36.33
Lungi Ngidi,Harsh Dubey,49,19,19,20,1,1,40.82,38.78,1.0
Deepak Hooda,Hardik Pandya,116,208,10,29,13,17,25.0,179.31,20.8
Nathan Ellis,Jasprit Bumrah,71,76,3,8,0,0,11.27,107.04,25.33
Akash Deep,Arzan Nagwaswalla,133,99,39,38,6,2,28.57,74.44,2.54
Auqib Nabi,Nimesh Vimukthi,111,140,7,33,4,9,29.73,126.13,20.0
Mohammed Shami,Joel Davies,46,21,17,15,0,1,32.61,45.65,1.24
Ashish Singh,Joel Davies,69,70,10,17,0,2,24.64,101.45,7.0
Binura Fernando,Joel Davies,32,38,4,2,0,1,6.25,118.75,9.5
Binura Fernando,Nimesh Vimukthi,28,26,2,4,0,0,14.29,92.86,13.0
CV Stephen,Krunal Pandya,134,126,16,26,1,2,19.4,94.03,7.88
Malinda Pushpakumara,Harsh Dubey,50,55,7,8,1,1,16.0,110.0,7.86
Josh Tongue,Ashish Singh,66,48,19,21,5,0,31.82,72.73,2.53
Ashish Singh,Dasun Shanaka,285,265,32,55,2,1,19.3,92.98,8.28
Ashish Singh,Charith Asalanka,188,219,14,16,2,2,8.51,116.49,15.64
Sonal Dinusha,Shubham Agarwal,135,132,12,45,1,4,33.33,97.78,11.0
Auqib Nabi,Prince Yadav,102,116,16,21,4,6,20.59,113.73,7.25
Shubham Agarwal,Nishan Peiris,168,124,43,57,5,6,33.93,73.81,2.88
Ravi Teja,Noor Ahmad,59,58,24,13,4,4,22.03,98.31,2.42
Prasidh Krishna,Jasprit Bumrah,153,121,30,34,2,1,22.22,79.08,4.03
Sunil Narine,Athisayaraj Davidson,100,121,5,14,3,2,14.0,121.0,24.2
Rahul Chahar,Josh Tongue,104,121,10,10,2,1,9.62,116.35,12.1
Mitchell Starc,Washington Sundar,48,24,14,23,4,0,47.92,50.0,1.71
Mitchell Starc,Isitha Wijesundara,55,27,19,24,4,0,43.64,49.09,1.42
Kagiso Rabada,Harpreet Brar,178,185,17,21,4,0,11.8,103.93,10.88
Harsh Dubey,Shahbaz Ahmed,265,209,73,76,8,10,28.68,78.87,2.86
Malinda Pushpakumara,Jasprit Bumrah,50,54,3,7,1,0,14.0,108.0,18.0
Arshdeep Singh,Jai Moondra,58,30,20,18,0,1,31.03,51.72,1.5
Ashok Sharma,Chamika Gunasekara,188,248,9,21,9,4,11.17,131.91,27.56
Jai Moondra,Rashid Khan,35,30,8,11,2,1,31.43,85.71,3.75
Yuzvendra Chahal,Riyan Parag,98,92,9,16,0,0,16.33,93.88,10.22
Scott Curie,Akash Deep,148,144,13,17,1,0,11.49,97.3,11.08
Sunil Narine,Isitha Wijesundara,125,192,1,12,9,4,9.6,153.6,192.0
Sunil Narine,Ashwin Das,49,47,3,4,0,0,8.16,95.92,15.67
Harpreet Brar,Scott Curie,73,104,4,3,3,2,4.11,142.47,26.0
Sunil Narine,Beau Webster,141,165,2,15,2,1,10.64,117.02,82.5
Sunil Narine,Lungi Ngidi,74,76,7,6,0,0,8.11,102.7,10.86
Prasidh Krishna,Lungi Ngidi,99,99,14,19,2,0,19.19,100.0,7.07
Sunil Narine,Rahul Chahar,80,99,4,8,2,2,10.0,123.75,24.75
Nitish Rana,Theesan Vithushan,189,341,8,27,19,20,14.29,180.42,42.62
Duvindu Tillakaratne,Avesh Khan,68,61,6,15,1,0,22.06,89.71,10.17
Umesh Yadav,Gurinder Singh,132,127,16,23,4,1,17.42,96.21,7.94
Maheesh Theekshana,Varun Chakravarthy,159,86,45,64,5,3,40.25,54.09,1.91
Athisayaraj Davidson,Donovan Ferreira,39,19,15,12,2,0,30.77,48.72,1.27
Jasprit Bumrah,Donovan Ferreira,122,124,17,20,3,1,16.39,101.64,7.29
Arzan Nagwaswalla,Suryansh Shedge,64,68,4,8,0,0,12.5,106.25,17.0
Athisayaraj Davidson,Krunal Pandya,235,137,73,93,7,7,39.57,58.3,1.88
Jasprit Bumrah,Shivam Mavi,191,203,22,20,2,2,10.47,106.28,9.23
Avinov Choudhary,Shivam Mavi,109,110,11,19,2,1,17.43,100.92,10.0
Athisayaraj Davidson,Kagiso Rabada,110,75,31,38,3,4,34.55,68.18,2.42
Jasprit Bumrah,Kagiso Rabada,128,105,19,26,1,0,20.31,82.03,5.53
Mayank Yadav,Joel Davies,48,20,18,16,1,0,33.33,41.67,1.11
Umesh Yadav,Nimesh Vimukthi,74,72,11,9,1,0,12.16,97.3,6.55
Umesh Yadav,Sai Kishore,90,109,3,11,2,1,12.22,121.11,36.33
Mohamed Shiraz,Nimesh Vimukthi,28,27,2,5,0,0,17.86,96.43,13.5
Arzan Nagwaswalla,Craig Overton,65,78,4,5,0,1,7.69,120.0,19.5
Arzan Nagwaswalla,Mayank Yadav,41,49,1,5,0,1,12.2,119.51,49.0
Ottneil Baartman,Prasidh Krishna,186,184,23,27,0,1,14.52,98.92,8.0
Ottneil Baartman,Mohammed Siraj,146,148,18,18,1,1,12.33,101.37,8.22
Noor Ahmad,Shivam Mavi,113,61,37,42,1,3,37.17,53.98,1.65
Noor Ahmad,Maheesh Theekshana,82,46,28,30,1,3,36.59,56.1,1.64
Ravi Teja,Avinov Choudhary,159,129,54,52,8,9,32.7,81.13,2.39
Dan Lawrence,Ravi Bishnoi,82,116,5,12,2,7,14.63,141.46,23.2
Josh Tongue,Jaydev Unadkat,75,34,21,29,1,0,38.67,45.33,1.62
Sonny Baker,Nathan Ellis,57,49,6,16,1,0,28.07,85.96,8.17
Duan Jansen,Khaleel Ahmed,48,54,10,13,4,2,27.08,112.5,5.4
Sonny Baker,Jai Moondra,62,65,9,9,0,2,14.52,104.84,7.22
Mohammed Shami,Bhuvneshwar Kumar,30,27,12,7,3,1,23.33,90.0,2.25
Rishabh Pant,Manav Suthar,127,197,12,20,15,9,15.75,155.12,16.42
Mohammed Shami,Manav Suthar,20,17,6,9,2,1,45.0,85.0,2.83
Binura Fernando,Manav Suthar,27,31,1,2,0,0,7.41,114.81,31.0
Yuzvendra Chahal,Akeal Hosein,136,151,11,13,1,0,9.56,111.03,13.73
Kuldeep Yadav,Dushan Hemantha,134,29,50,71,3,1,52.99,21.64,0.58
Shiran Fernando,Athisayaraj Davidson,171,181,22,25,2,2,14.62,105.85,8.23
Manav Suthar,Jasprit Bumrah,55,61,21,9,4,4,16.36,110.91,2.9
Mohsin Khan,Suryansh Shedge,210,234,21,28,5,1,13.33,111.43,11.14
Jai Moondra,Washington Sundar,22,34,6,4,0,4,18.18,154.55,5.67
Jasprit Bumrah,Manav Suthar,10,7,2,2,0,0,20.0,70.0,3.5
Jasprit Bumrah,Duvindu Tillakaratne,12,10,2,1,0,0,8.33,83.33,5.0
Josh Tongue,Tanay Thyagarajan,108,96,33,17,5,1,15.74,88.89,2.91
Anshul Kamboj,Arshdeep Singh,61,45,17,18,2,2,29.51,73.77,2.65
Mohammed Shami,Ravi Bishnoi,93,109,7,7,1,0,7.53,117.2,15.57
Jaydev Unadkat,Theesan Vithushan,57,61,16,19,7,3,33.33,107.02,3.81
Jaydev Unadkat,Duvindu Tillakaratne,44,37,7,15,3,0,34.09,84.09,5.29
Isitha Wijesundara,Mohammed Siraj,168,143,37,70,11,6,41.67,85.12,3.86
Sonu Yadav,Prince Yadav,143,256,9,11,15,11,7.69,179.02,28.44
Jason Holder,Arshdeep Singh,128,167,23,26,11,7,20.31,130.47,7.26
Mukesh Kumar,Jasprit Bumrah,102,79,23,25,2,1,24.51,77.45,3.43
Khaleel Ahmed,Nitish Kumar Reddy,78,64,11,15,0,0,19.23,82.05,5.82
Prince Yadav,Nitish Kumar Reddy,61,62,4,6,0,0,9.84,101.64,15.5
Scott Curie,Ravi Bishnoi,76,72,6,13,0,0,17.11,94.74,12.0
Harsh Dubey,Will Jacks,106,92,25,27,4,3,25.47,86.79,3.68
Rahul Chahar,Varun Chakravarthy,138,154,15,15,1,3,10.87,111.59,10.27
Arshdeep Singh,Gurinder Singh,98,66,30,23,2,1,23.47,67.35,2.2
Rahul Chahar,Shiran Fernando,97,108,10,11,1,1,11.34,111.34,10.8
Gurinder Singh,Jasprit Bumrah,55,64,18,11,5,4,20.0,116.36,3.56
Yuzvendra Chahal,Binura Fernando,103,106,5,15,0,0,14.56,102.91,21.2
Theesan Vithushan,Ravi Bishnoi,125,114,40,42,4,9,33.6,91.2,2.85
Kranthi Kumar,Mohammed Siraj,269,430,25,48,31,20,17.84,159.85,17.2
Gangam Anikethreddy,Shivam Mavi,167,82,51,77,6,3,46.11,49.1,1.61
Avesh Khan,Chamika Gunasekara,96,94,11,19,1,2,19.79,97.92,8.55
Ismat Alam,Sam Curran,171,192,48,40,18,7,23.39,112.28,4.0
Jai Moondra,Sam Curran,61,55,22,16,3,4,26.23,90.16,2.5
Jasprit Bumrah,Jason Holder,122,111,23,22,0,3,18.03,90.98,4.83
Lungi Ngidi,Arzan Nagwaswalla,79,54,32,16,2,2,20.25,68.35,1.69
Rahul Chahar,Akeal Hosein,56,69,2,11,0,2,19.64,123.21,34.5
Sonny Baker,Prasidh Krishna,26,12,7,9,0,0,34.62,46.15,1.71
Akeal Hosein,Vaisakh Chandran,103,101,29,27,4,7,26.21,98.06,3.48
Malinda Pushpakumara,Varun Chakravarthy,28,28,5,4,0,1,14.29,100.0,5.6
Dan Lawrence,Shivam Mavi,286,448,17,36,25,20,12.59,156.64,26.35
Arshdeep Singh,Duvindu Tillakaratne,41,22,9,20,1,1,48.78,53.66,2.44
Tripuresh Singh,Duvindu Tillakaratne,52,68,5,4,2,2,7.69,130.77,13.6
Ismat Alam,Avesh Khan,93,112,29,17,6,7,18.28,120.43,3.86
Dian Forrester,Avesh Khan,159,303,7,20,16,21,12.58,190.57,43.29
Jai Moondra,Avesh Khan,28,9,12,10,1,0,35.71,32.14,0.75
Jasprit Bumrah,Jaydev Unadkat,33,28,9,3,0,0,9.09,84.85,3.11
Arzan Nagwaswalla,Avesh Khan,47,49,2,7,0,0,14.89,104.26,24.5
Sonny Baker,Umesh Yadav,64,63,6,13,0,0,20.31,98.44,10.5
Shiran Fernando,Dushan Hemantha,119,138,11,14,1,1,11.76,115.97,12.55
Sam Curran,Prasidh Krishna,193,330,14,35,26,16,18.13,170.98,23.57
Khaleel Ahmed,Liam Livingstone,149,162,18,16,3,1,10.74,108.72,9.0
Prince Yadav,Avesh Khan,38,39,6,5,1,0,13.16,102.63,6.5
Washington Sundar,Jai Moondra,150,252,8,17,16,12,11.33,168.0,31.5
Lungi Ngidi,Yuzvendra Chahal,79,66,25,23,3,5,29.11,83.54,2.64
Jai Moondra,Khaleel Ahmed,36,36,10,9,1,2,25.0,100.0,3.6
Dasun Shanaka,Khaleel Ahmed,83,107,13,10,3,5,12.05,128.92,8.23
Manav Suthar,Mohammed Shami,59,33,28,18,2,2,30.51,55.93,1.18
Mohammed Shami,Maheesh Theekshana,70,47,16,20,2,0,28.57,67.14,2.94
Vasuki Koushik,Jasprit Bumrah,100,84,13,23,0,0,23.0,84.0,6.46
Praveen Jayawickrama,Liam Livingstone,70,45,21,25,3,2,35.71,64.29,2.14
Ashish Singh,Bhuvneshwar Kumar,18,13,5,7,2,0,38.89,72.22,2.6
Ravi Teja,Jasprit Bumrah,82,58,30,23,1,3,28.05,70.73,1.93
Mohammed Siraj,Craig Overton,121,126,16,21,2,1,17.36,104.13,7.88
Mohammed Siraj,Isitha Wijesundara,78,51,30,27,3,3,34.62,65.38,1.7
Duvindu Tillakaratne,Corbin Bosch,179,184,16,29,0,0,16.2,102.79,11.5
Noor Ahmad,Donovan Ferreira,53,60,13,18,5,4,33.96,113.21,4.62
Jasprit Bumrah,Suryansh Shedge,140,135,11,26,2,1,18.57,96.43,12.27
Shiran Fernando,Mohammed Shami,70,70,4,10,1,0,14.29,100.0,17.5
Mohamed Shiraz,Sai Kishore,49,56,1,6,2,0,12.24,114.29,56.0
Mohamed Shiraz,Gurinder Singh,124,126,7,18,0,0,14.52,101.61,18.0
Mohsin Khan,Beau Webster,207,204,21,28,1,0,13.53,98.55,9.71
Ravi Teja,Binura Fernando,64,41,23,20,4,1,31.25,64.06,1.78
Mohammed Siraj,Binura Fernando,164,115,38,36,1,0,21.95,70.12,3.03
Praveen Jayawickrama,Nishan Peiris,60,21,24,25,1,1,41.67,35.0,0.88
Jasprit Bumrah,Nishan Peiris,111,99,14,23,0,0,20.72,89.19,7.07
Mitchell Starc,Lasith Embuldeniya,84,24,20,46,1,0,54.76,28.57,1.2
Prince Yadav,Athisayaraj Davidson,119,131,11,17,2,3,14.29,110.08,11.91
Sunil Narine,Shivam Mavi,110,165,1,10,2,5,9.09,150.0,165.0
Adam Zampa,Lasith Embuldeniya,37,38,3,4,0,0,10.81,102.7,12.67
Maheesh Theekshana,Umesh Yadav,51,58,3,4,0,0,7.84,113.73,19.33
Lance Morris,Anshul Kamboj,70,66,20,17,2,4,24.29,94.29,3.3
Arzan Nagwaswalla,Sonal Dinusha,167,185,12,29,4,2,17.37,110.78,15.42
Avinov Choudhary,Shiran Fernando,120,137,12,8,1,2,6.67,114.17,11.42
Avinov Choudhary,Calvin Harrison,263,297,17,26,6,0,9.89,112.93,17.47
Arzan Nagwaswalla,Yash Thakur,80,89,10,11,0,2,13.75,111.25,8.9
Arzan Nagwaswalla,Matthew Forde,68,79,6,8,2,0,11.76,116.18,13.17
Mohammed Siraj,Noor Ahmad,109,69,25,39,5,0,35.78,63.3,2.76
Athisayaraj Davidson,Sunil Narine,170,94,56,62,5,4,36.47,55.29,1.68
Auqib Nabi,Manav Suthar,58,77,12,11,6,3,18.97,132.76,6.42
Lungi Ngidi,Suryansh Shedge,37,21,17,9,1,1,24.32,56.76,1.24
Mukesh Kumar,Suryansh Shedge,64,49,16,10,1,0,15.62,76.56,3.06
Rahul Chahar,Suryansh Shedge,40,41,3,10,1,0,25.0,102.5,13.67
Kagiso Rabada,Gangam Anikethreddy,261,255,25,36,2,0,13.79,97.7,10.2
Noor Ahmad,Anshul Kamboj,84,71,26,21,4,3,25.0,84.52,2.73
Avinov Choudhary,Akash Vasisht,154,149,19,20,1,0,12.99,96.75,7.84
Athisayaraj Davidson,Anshul Kamboj,104,48,37,30,2,0,28.85,46.15,1.3
Jasprit Bumrah,Sai Kishore,39,47,3,5,2,0,12.82,120.51,15.67
Arzan Nagwaswalla,Sai Kishore,12,8,3,2,0,0,16.67,66.67,2.67
Binura Fernando,Shivam Mavi,131,146,14,7,0,1,5.34,111.45,10.43
Maheesh Theekshana,Jaydev Unadkat,32,32,3,9,1,0,28.12,100.0,10.67
Maheesh Theekshana,Avesh Khan,41,46,3,3,0,0,7.32,112.2,15.33
Nitish Rana,Mohamed Shiraz,165,302,25,17,31,13,10.3,183.03,12.08
Kuldeep Yadav,Kagiso Rabada,93,47,31,43,4,2,46.24,50.54,1.52
Jasprit Bumrah,Kranthi Kumar,136,118,15,36,1,1,26.47,86.76,7.87
Lance Morris,Jasprit Bumrah,52,55,16,10,3,3,19.23,105.77,3.44
Jaydev Unadkat,Sam Curran,142,135,44,29,10,4,20.42,95.07,3.07
Jaydev Unadkat,Khaleel Ahmed,46,32,10,14,1,0,30.43,69.57,3.2
Praveen Jayawickrama,Dushan Hemantha,50,17,16,21,1,0,42.0,34.0,1.06
Duan Jansen,Manav Suthar,41,54,5,15,3,4,36.59,131.71,10.8
Ashish Singh,Duvindu Tillakaratne,35,30,1,9,0,0,25.71,85.71,30.0
Binura Fernando,Duvindu Tillakaratne,36,43,2,4,1,0,11.11,119.44,21.5
Sai Kishore,Bhuvneshwar Kumar,61,56,14,26,2,4,42.62,91.8,4.0
Dunith Wellalage,Bhuvneshwar Kumar,84,105,8,27,9,4,32.14,125.0,13.12
Nimesh Vimukthi,Bhuvneshwar Kumar,30,31,1,12,0,2,40.0,103.33,31.0
Nimesh Vimukthi,Manav Suthar,29,39,2,4,0,1,13.79,134.48,19.5
Sonny Baker,Sam Curran,82,77,6,21,0,1,25.61,93.9,12.83
Sonny Baker,Khaleel Ahmed,69,69,4,12,0,0,17.39,100.0,17.25
Nathan Ellis,Mohamed Shiraz,98,111,6,11,1,1,11.22,113.27,18.5
Nitish Kumar Reddy,Binura Fernando,178,298,25,32,29,15,17.98,167.42,11.92
Ashish Singh,Nitish Kumar Reddy,125,96,17,36,2,1,28.8,76.8,5.65
Scott Curie,Harsh Dubey,143,155,13,19,2,0,13.29,108.39,11.92
Prince Yadav,Mukesh Kumar,117,118,17,11,1,0,9.4,100.85,6.94
Prasidh Krishna,Arshdeep Singh,65,45,21,26,3,3,40.0,69.23,2.14
Avesh Khan,Nathan Ellis,102,94,7,18,0,0,17.65,92.16,13.43
Prince Yadav,Auqib Nabi,81,83,9,13,0,2,16.05,102.47,9.22
Avinov Choudhary,Maheesh Theekshana,114,135,10,7,4,0,6.14,118.42,13.5
Mohammed Shami,Mohamed Shiraz,71,37,20,35,3,2,49.3,52.11,1.85
Chamika Gunasekara,Tripuresh Singh,91,89,13,15,0,1,16.48,97.8,6.85
Khaleel Ahmed,Arshdeep Singh,102,121,8,19,1,4,18.63,118.63,15.12
Noor Ahmad,Harpreet Brar,88,61,31,24,4,1,27.27,69.32,1.97
Auqib Nabi,Avesh Khan,102,147,12,25,10,8,24.51,144.12,12.25
Binura Fernando,Avesh Khan,52,57,6,7,1,0,13.46,109.62,9.5
Mohammed Shami,Avesh Khan,62,38,24,18,2,1,29.03,61.29,1.58
Ashok Sharma,Arzan Nagwaswalla,126,134,11,12,5,0,9.52,106.35,12.18
Harpreet Brar,Mohammed Shami,30,33,3,3,1,0,10.0,110.0,11.0
Priyansh Arya,Liam Livingstone,189,460,10,4,35,30,2.12,243.39,46.0
Avesh Khan,Prince Yadav,86,99,5,8,0,0,9.3,115.12,19.8
Jai Moondra,Manav Suthar,16,8,5,3,0,0,18.75,50.0,1.6
Arzan Nagwaswalla,Manav Suthar,2,0,1,1,0,0,50.0,0.0,0.0
Ashton Turner,Gurinder Singh,195,270,13,27,17,4,13.85,138.46,20.77
Ashton Turner,Maheesh Theekshana,195,361,9,13,31,13,6.67,185.13,40.11
Arzan Nagwaswalla,Scott Curie,78,89,5,6,1,0,7.69,114.1,17.8
Arzan Nagwaswalla,Theesan Vithushan,118,120,8,15,0,0,12.71,101.69,15.0
Avesh Khan,Mohammed Shami,78,83,4,13,2,0,16.67,106.41,20.75
Matthew Forde,Praveen Jayawickrama,167,170,63,28,16,5,16.77,101.8,2.7
Arzan Nagwaswalla,Mohammed Siraj,93,94,10,13,0,1,13.98,101.08,9.4
Corbin Bosch,Binura Fernando,170,225,16,34,13,8,20.0,132.35,14.06
Ashish Singh,Prasidh Krishna,52,44,15,9,1,1,17.31,84.62,2.93
Lungi Ngidi,Krunal Pandya,119,59,30,53,3,2,44.54,49.58,1.97
Ashish Singh,Nimesh Vimukthi,56,62,1,7,0,0,12.5,110.71,62.0
Prince Yadav,Axar Patel,187,184,19,31,1,0,16.58,98.4,9.68
Scott Curie,Prashant Veer,170,191,9,15,1,1,8.82,112.35,21.22
Jasprit Bumrah,Sam Curran,83,74,16,17,1,1,20.48,89.16,4.62
Harsh Dubey,Shubham Agarwal,162,96,55,57,4,4,35.19,59.26,1.75
Nitish Rana,Manav Suthar,158,280,10,34,24,16,21.52,177.22,28.0
Arzan Nagwaswalla,Ravi Bishnoi,59,65,5,6,1,0,10.17,110.17,13.0
Scott Curie,Charith Asalanka,59,74,2,1,0,1,1.69,125.42,37.0
Scott Curie,Varun Chakravarthy,96,98,6,16,0,0,16.67,102.08,16.33
Praveen Jayawickrama,Matthew Forde,94,62,29,34,4,2,36.17,65.96,2.14
Jasprit Bumrah,Matthew Forde,149,144,19,27,2,0,18.12,96.64,7.58
Mohammed Siraj,Mukesh Kumar,37,25,9,11,1,0,29.73,67.57,2.78
Chamika Gunasekara,Ashish Singh,101,117,4,13,2,0,12.87,115.84,29.25
Praveen Jayawickrama,Ravi Bishnoi,56,29,24,18,3,1,32.14,51.79,1.21
Lungi Ngidi,Ashwin Das,78,57,21,28,5,2,35.9,73.08,2.71
Lungi Ngidi,Washington Sundar,54,34,15,19,2,1,35.19,62.96,2.27
Mukesh Kumar,Washington Sundar,59,47,8,13,1,0,22.03,79.66,5.88
Josh Tongue,Joel Davies,63,27,20,24,0,1,38.1,42.86,1.35
Dushan Hemantha,Shiran Fernando,75,66,22,17,5,1,22.67,88.0,3.0
Lance Morris,Khaleel Ahmed,63,80,12,10,5,3,15.87,126.98,6.67
Arshdeep Singh,Khaleel Ahmed,49,41,12,13,1,2,26.53,83.67,3.42
Tripuresh Singh,Khaleel Ahmed,144,172,11,6,4,0,4.17,119.44,15.64
Ravi Teja,Mukesh Kumar,39,40,11,11,4,1,28.21,102.56,3.64
Duan Jansen,Mayank Yadav,51,62,20,7,6,3,13.73,121.57,3.1
Josh Tongue,Mayank Yadav,40,15,20,11,0,1,27.5,37.5,0.75
Sunil Narine,Raj Angad Bawa,136,149,8,12,3,0,8.82,109.56,18.62
Jasprit Bumrah,Ravi Bishnoi,93,94,14,15,1,1,16.13,101.08,6.71
Mayank Yadav,Sai Kishore,59,41,9,29,2,2,49.15,69.49,4.56
Chamika Gunasekara,Sai Kishore,39,41,3,5,0,0,12.82,105.13,13.67
Jai Moondra,Theesan Vithushan,7,7,3,2,0,1,28.57,100.0,2.33
Yuzvendra Chahal,Saransh Jain,51,59,5,5,0,0,9.8,115.69,11.8
Mohsin Khan,Binura Fernando,81,100,3,9,2,1,11.11,123.46,33.33
Ismat Alam,Jaydev Unadkat,91,94,28,24,6,6,26.37,103.3,3.36
Jaydev Unadkat,Jai Moondra,52,34,18,14,1,1,26.92,65.38,1.89
Jasprit Bumrah,Bhuvneshwar Kumar,15,15,2,1,0,0,6.67,100.0,7.5
Adam Zampa,Isitha Wijesundara,14,5,5,4,0,0,28.57,35.71,1.0
Adam Zampa,Shubham Agarwal,21,20,4,3,0,1,14.29,95.24,5.0
Adam Zampa,Washington Sundar,18,17,2,3,0,0,16.67,94.44,8.5
Adam Zampa,Vidwath Kaverappa,79,89,5,11,1,1,13.92,112.66,17.8
Duvindu Tillakaratne,Nimesh Vimukthi,23,25,1,3,0,0,13.04,108.7,25.0
Nitish Rana,Jai Moondra,133,262,11,14,14,19,10.53,196.99,23.82
Mohamed Shiraz,Prasidh Krishna,63,70,2,7,1,0,11.11,111.11,35.0
Rashid Khan,Mayank Yadav,32,32,17,6,0,4,18.75,100.0,1.88
Sonal Dinusha,Washington Sundar,103,110,2,37,1,3,35.92,106.8,55.0
Sunil Narine,Mukesh Kumar,84,106,2,4,0,0,4.76,126.19,53.0
Mitchell Starc,Akash Deep,117,82,27,57,6,5,48.72,70.09,3.04
Anshul Kamboj,Nimesh Vimukthi,32,26,13,7,2,1,21.88,81.25,2.0
Duvindu Tillakaratne,Jasprit Bumrah,86,97,5,6,0,0,6.98,112.79,19.4
Mayank Yadav,Liam Livingstone,152,104,51,51,5,7,33.55,68.42,2.04
Lungi Ngidi,Shardul Thakur,75,44,22,26,1,2,34.67,58.67,2.0
Rahul Chahar,Kagiso Rabada,36,34,5,1,0,0,2.78,94.44,6.8
Rahul Chahar,Shardul Thakur,75,76,11,11,0,1,14.67,101.33,6.91
Nimesh Vimukthi,Washington Sundar,114,149,4,10,2,3,8.77,130.7,37.25
Adam Zampa,Liam Livingstone,56,60,4,5,0,0,8.93,107.14,15.0
Avesh Khan,Arzan Nagwaswalla,63,72,8,6,1,2,9.52,114.29,9.0
CV Stephen,Donovan Ferreira,40,42,4,6,1,0,15.0,105.0,10.5
Jai Moondra,Nathan Ellis,61,62,23,13,4,4,21.31,101.64,2.7
Mukesh Kumar,Isitha Wijesundara,57,51,11,8,0,1,14.04,89.47,4.64
Nathan Ellis,Sai Kishore,44,52,3,4,1,0,9.09,118.18,17.33
Jason Holder,Jaydev Unadkat,71,110,7,18,10,5,25.35,154.93,15.71
Khaleel Ahmed,Jaydev Unadkat,51,47,7,11,2,0,21.57,92.16,6.71
Prince Yadav,Jaydev Unadkat,36,31,3,6,0,0,16.67,86.11,10.33
Mohsin Khan,Anshul Kamboj,115,123,7,10,1,0,8.7,106.96,17.57
Adam Zampa,Scott Curie,36,36,2,5,0,0,13.89,100.0,18.0
Adam Zampa,Theesan Vithushan,51,50,4,9,0,0,17.65,98.04,12.5
Sonny Baker,Tripuresh Singh,56,50,6,11,0,0,19.64,89.29,8.33
Gurinder Singh,Arzan Nagwaswalla,63,54,27,13,4,3,20.63,85.71,2.0
Harpreet Brar,Nishan Peiris,44,65,5,1,1,3,2.27,147.73,13.0
Lungi Ngidi,Isitha Wijesundara,43,32,13,16,1,3,37.21,74.42,2.46
Mukesh Kumar,Ashwin Das,72,68,10,11,1,1,15.28,94.44,6.8
Mohammed Shami,Donovan Ferreira,60,67,6,11,0,2,18.33,111.67,11.17
Malinda Pushpakumara,Lasith Embuldeniya,50,49,4,9,1,0,18.0,98.0,12.25
Mohammed Siraj,Will Jacks,53,58,6,8,1,0,15.09,109.43,9.67
Mohammed Siraj,Duvindu Tillakaratne,38,29,7,6,0,0,15.79,76.32,4.14
Jai Moondra,Will Jacks,21,33,3,5,6,0,23.81,157.14,11.0
Jai Moondra,Bhuvneshwar Kumar,11,14,5,2,0,2,18.18,127.27,2.8
Praveen Jayawickrama,Charith Asalanka,58,29,9,30,1,1,51.72,50.0,3.22
Nathan Ellis,Prasidh Krishna,39,33,5,10,0,0,25.64,84.62,6.6
Gangam Anikethreddy,Rahul Chahar,85,79,31,21,9,3,24.71,92.94,2.55
Arshdeep Singh,Jasprit Bumrah,27,13,11,6,0,0,22.22,48.15,1.18
Arzan Nagwaswalla,Arshdeep Singh,36,42,2,4,1,0,11.11,116.67,21.0
Maheesh Theekshana,Ismat Alam,97,99,10,15,2,1,15.46,102.06,9.9
Lungi Ngidi,Prince Yadav,83,47,24,26,0,1,31.33,56.63,1.96
Josh Tongue,Manav Suthar,21,8,9,7,1,0,33.33,38.1,0.89
Prince Yadav,Ashish Singh,64,82,7,5,3,1,7.81,128.12,11.71
Mukesh Kumar,Shiran Fernando,126,114,17,31,3,0,24.6,90.48,6.71
Umesh Yadav,Joel Davies,64,67,9,6,0,1,9.38,104.69,7.44
Ismat Alam,Ashish Singh,66,80,17,15,5,5,22.73,121.21,4.71
Scott Curie,Krunal Pandya,154,181,20,18,3,3,11.69,117.53,9.05
Praveen Jayawickrama,Vaisakh Chandran,81,47,25,21,1,1,25.93,58.02,1.88
Ismat Alam,Nathan Ellis,138,157,35,43,8,12,31.16,113.77,4.49
Avinov Choudhary,Ravi Teja,97,115,8,9,2,1,9.28,118.56,14.38
Ashish Singh,Avesh Khan,89,82,18,16,0,2,17.98,92.13,4.56
Priyansh Arya,Dasun Shanaka,141,318,11,9,25,19,6.38,225.53,28.91
Priyansh Arya,Charith Asalanka,136,329,4,9,34,16,6.62,241.91,82.25
Prince Yadav,Lungi Ngidi,143,160,11,17,1,1,11.89,111.89,14.55
Arshdeep Singh,Sai Kishore,64,41,20,22,2,1,34.38,64.06,2.05
Prasidh Krishna,Kagiso Rabada,85,87,10,13,0,2,15.29,102.35,8.7
Mohammed Siraj,Athisayaraj Davidson,63,25,20,27,1,1,42.86,39.68,1.25
Chamika Gunasekara,Isitha Wijesundara,196,213,8,28,1,0,14.29,108.67,26.62
Mayank Yadav,Rashid Khan,68,54,20,14,2,2,20.59,79.41,2.7
Yuzvendra Chahal,Mohammed Shami,17,17,1,2,0,0,11.76,100.0,17.0
Mohammed Siraj,Mayank Yadav,65,60,7,15,1,1,23.08,92.31,8.57
Jaydev Unadkat,Mayank Yadav,58,42,17,23,2,3,39.66,72.41,2.47
Avesh Khan,Mayank Yadav,49,48,5,8,0,0,16.33,97.96,9.6
Rashid Khan,Jai Moondra,47,50,11,13,3,3,27.66,106.38,4.55
Mitchell Starc,Liam Livingstone,106,54,21,54,4,1,50.94,50.94,2.57
Arzan Nagwaswalla,Vidwath Kaverappa,89,97,7,7,0,0,7.87,108.99,13.86
Rashid Khan,Duvindu Tillakaratne,36,38,6,13,1,3,36.11,105.56,6.33
Ashish Singh,Will Jacks,60,69,7,6,1,0,10.0,115.0,9.86
Malinda Pushpakumara,Charith Asalanka,13,21,1,0,0,1,0.0,161.54,21.0
Malinda Pushpakumara,Vaisakh Chandran,62,73,5,4,1,1,6.45,117.74,14.6
Scott Curie,Donovan Ferreira,45,44,6,7,0,1,15.56,97.78,7.33
Prince Yadav,Duvindu Tillakaratne,18,18,2,3,0,0,16.67,100.0,9.0
Shivam Mavi,Mukesh Kumar,60,41,28,12,1,2,20.0,68.33,1.46
Jasprit Bumrah,Duan Jansen,138,138,19,26,0,4,18.84,100.0,7.26
Khaleel Ahmed,Manav Suthar,31,26,4,8,0,0,25.81,83.87,6.5
Sunil Narine,Will Jacks,54,61,3,15,3,1,27.78,112.96,20.33
Malinda Pushpakumara,Washington Sundar,28,32,2,3,0,0,10.71,114.29,16.0
Malinda Pushpakumara,Shubham Agarwal,13,16,1,1,0,0,7.69,123.08,16.0
Binura Fernando,Khaleel Ahmed,78,88,6,10,0,1,12.82,112.82,14.67
Lance Morris,Duvindu Tillakaratne,49,57,9,18,3,5,36.73,116.33,6.33
Adam Zampa,Mohammed Shami,30,27,2,8,0,0,26.67,90.0,13.5
Nimesh Vimukthi,Will Jacks,107,128,4,17,3,2,15.89,119.63,32.0
Maheesh Theekshana,Manav Suthar,9,8,1,0,0,0,0.0,88.89,8.0
Maheesh Theekshana,Duvindu Tillakaratne,25,21,3,4,0,0,16.0,84.0,7.0
Arzan Nagwaswalla,Joel Davies,12,11,1,2,0,0,16.67,91.67,11.0
Mohammed Siraj,Donovan Ferreira,61,48,17,27,2,5,44.26,78.69,2.82
Mohammed Siraj,Suryansh Shedge,59,39,18,16,2,1,27.12,66.1,2.17
Prasidh Krishna,Donovan Ferreira,71,74,8,10,0,1,14.08,104.23,9.25
Vasuki Koushik,Joel Davies,61,48,10,15,2,0,24.59,78.69,4.8
Duan Jansen,Joel Davies,68,73,15,15,3,4,22.06,107.35,4.87
Nathan Ellis,Khaleel Ahmed,99,119,6,11,3,0,11.11,120.2,19.83
Dan Lawrence,Charith Asalanka,98,167,2,15,9,8,15.31,170.41,83.5
Harpreet Brar,Charith Asalanka,39,48,2,2,1,1,5.13,123.08,24.0
Mitchell Starc,Mohammed Shami,54,20,19,23,2,0,42.59,37.04,1.05
Yuzvendra Chahal,Noor Ahmad,107,120,8,9,0,0,8.41,112.15,15.0
Ashok Sharma,Avesh Khan,82,104,6,7,2,1,8.54,126.83,17.33
Sonny Baker,Avesh Khan,16,19,1,2,0,0,12.5,118.75,19.0
Avesh Khan,Mridul Surroch,47,47,2,7,0,0,14.89,100.0,23.5
Gurinder Singh,Prince Yadav,36,20,13,9,1,0,25.0,55.56,1.54
Jason Holder,Prasidh Krishna,76,140,7,16,16,6,21.05,184.21,20.0
Theesan Vithushan,Mohammed Siraj,63,31,32,20,1,3,31.75,49.21,0.97
Adam Zampa,Shiran Fernando,53,67,3,5,0,1,9.43,126.42,22.33
Vidwath Kaverappa,Charith Asalanka,199,223,9,19,1,0,9.55,112.06,24.78
Jai Moondra,Jaydev Unadkat,39,60,10,11,4,6,28.21,153.85,6.0
Chamika Gunasekara,Nimesh Vimukthi,26,26,4,2,0,0,7.69,100.0,6.5
Prince Yadav,Theesan Vithushan,13,17,1,2,1,0,15.38,130.77,17.0
Jasprit Bumrah,Nathan Ellis,87,67,17,20,0,1,22.99,77.01,3.94
Vasuki Koushik,Mayank Yadav,120,140,11,16,2,2,13.33,116.67,12.73
Yuzvendra Chahal,Charith Asalanka,12,12,1,3,1,0,25.0,100.0,12.0
Sai Kishore,Binura Fernando,98,106,19,29,6,5,29.59,108.16,5.58
Avesh Khan,Sai Kishore,44,55,5,1,1,0,2.27,125.0,11.0
Mohamed Shiraz,Joel Davies,44,31,5,15,0,0,34.09,70.45,6.2
Arzan Nagwaswalla,Shubham Agarwal,41,44,3,9,0,2,21.95,107.32,14.67
Sunil Narine,Donovan Ferreira,118,110,11,29,3,1,24.58,93.22,10.0
Mohammed Siraj,Kagiso Rabada,48,21,16,15,0,0,31.25,43.75,1.31
Mohammed Siraj,Sai Kishore,54,58,7,9,0,1,16.67,107.41,8.29
Yuzvendra Chahal,Dushan Hemantha,20,25,0,4,0,0,20.0,125.0,25.0
Anshul Kamboj,Ashish Singh,57,55,19,13,1,5,22.81,96.49,2.89
CV Stephen,Shubham Agarwal,30,26,3,6,1,0,20.0,86.67,8.67
Rashid Khan,Nitish Kumar Reddy,96,93,27,31,7,5,32.29,96.88,3.44
Mukesh Kumar,Prince Yadav,134,124,20,18,0,0,13.43,92.54,6.2
Umesh Yadav,Manav Suthar,21,18,5,5,0,1,23.81,85.71,3.6
Yuzvendra Chahal,Mukesh Kumar,95,112,9,8,2,1,8.42,117.89,12.44
Anshul Kamboj,Manav Suthar,23,4,9,10,0,0,43.48,17.39,0.44
Ashok Sharma,Manav Suthar,47,49,4,6,1,0,12.77,104.26,12.25
Jason Holder,Mohammed Siraj,66,64,9,19,6,1,28.79,96.97,7.11
Binura Fernando,Umesh Yadav,66,76,5,3,0,0,4.55,115.15,15.2
Jai Moondra,Mohamed Shiraz,33,32,8,7,1,1,21.21,96.97,4.0
Mitchell Santner,Will Jacks,113,133,8,43,12,4,38.05,117.7,16.62
Khaleel Ahmed,Mohammed Siraj,43,32,9,6,0,0,13.95,74.42,3.56
Umesh Yadav,Washington Sundar,51,44,8,11,2,0,21.57,86.27,5.5
Khaleel Ahmed,Joel Davies,16,18,3,2,0,1,12.5,112.5,6.0
Prince Yadav,Joel Davies,12,9,3,3,0,0,25.0,75.0,3.0
Jasprit Bumrah,Nitish Kumar Reddy,83,91,7,15,3,1,18.07,109.64,13.0
Nishan Peiris,Isitha Wijesundara,66,75,6,9,1,0,13.64,113.64,12.5
Josh Tongue,Khaleel Ahmed,51,34,14,13,1,0,25.49,66.67,2.43
Malinda Pushpakumara,Akash Deep,39,40,4,4,0,0,10.26,102.56,10.0
Sonny Baker,Theesan Vithushan,17,17,0,4,0,0,23.53,100.0,17.0
Sonny Baker,Will Jacks,16,22,1,4,0,1,25.0,137.5,22.0
Jasprit Bumrah,Khaleel Ahmed,68,68,6,11,0,1,16.18,100.0,11.33
Malinda Pushpakumara,Krunal Pandya,76,77,9,8,1,0,10.53,101.32,8.56
CV Stephen,Ravi Bishnoi,79,82,6,12,1,0,15.19,103.8,13.67
Malinda Pushpakumara,Ravi Bishnoi,36,39,4,2,1,0,5.56,108.33,9.75
Vasuki Koushik,Manav Suthar,50,45,11,11,1,1,22.0,90.0,4.09
Sonny Baker,Joel Davies,19,22,0,5,0,0,26.32,115.79,22.0
Rashid Khan,Bhuvneshwar Kumar,28,20,11,5,2,0,17.86,71.43,1.82
Arzan Nagwaswalla,Akash Deep,52,63,3,3,2,0,5.77,121.15,21.0
Maheesh Theekshana,Nathan Ellis,62,76,2,8,0,1,12.9,122.58,38.0
Khaleel Ahmed,Avesh Khan,51,50,8,10,1,1,19.61,98.04,6.25
Khaleel Ahmed,Prasidh Krishna,38,30,7,8,0,0,21.05,78.95,4.29
Avesh Khan,Joel Davies,53,58,3,7,1,0,13.21,109.43,19.33
Malinda Pushpakumara,Akeal Hosein,39,37,3,8,0,0,20.51,94.87,12.33
Yuzvendra Chahal,Ravi Bishnoi,26,37,1,1,1,0,3.85,142.31,37.0
Sonny Baker,Ashish Singh,44,38,6,10,0,0,22.73,86.36,6.33
Mohammed Shami,Nimesh Vimukthi,35,30,10,5,0,1,14.29,85.71,3.0
Prince Yadav,Will Jacks,29,22,1,9,0,0,31.03,75.86,22.0
Jason Holder,Manav Suthar,49,54,6,17,2,3,34.69,110.2,9.0
Prince Yadav,Manav Suthar,10,7,1,3,0,0,30.0,70.0,7.0
Tripuresh Singh,Prasidh Krishna,87,108,10,1,0,2,1.15,124.14,10.8
Vasuki Koushik,Theesan Vithushan,21,15,4,4,0,0,19.05,71.43,3.75
Jai Moondra,Prince Yadav,30,41,10,3,2,3,10.0,136.67,4.1
Avesh Khan,Nimesh Vimukthi,27,39,4,1,1,2,3.7,144.44,9.75
Sonny Baker,Bhuvneshwar Kumar,5,4,2,0,0,0,0.0,80.0,2.0
Maheesh Theekshana,Will Jacks,13,17,2,0,1,0,0.0,130.77,8.5
Jasprit Bumrah,Avesh Khan,32,25,6,5,0,0,15.62,78.12,4.17
Duan Jansen,Duvindu Tillakaratne,32,24,6,10,1,1,31.25,75.0,4.0
CV Stephen,Will Jacks,28,25,5,4,0,0,14.29,89.29,5.0
Malinda Pushpakumara,Will Jacks,11,14,0,1,0,0,9.09,127.27,14.0
Malinda Pushpakumara,Isitha Wijesundara,15,14,3,2,0,0,13.33,93.33,4.67
Rahul Chahar,Binura Fernando,26,21,6,1,0,0,3.85,80.77,3.5
Jaydev Unadkat,Prince Yadav,52,33,19,19,2,2,36.54,63.46,1.74
Chamika Gunasekara,Manav Suthar,28,31,0,7,1,0,25.0,110.71,31.0
Rahul Chahar,Isitha Wijesundara,37,38,6,5,0,0,13.51,102.7,6.33
Rahul Chahar,Ashwin Das,33,42,3,1,0,1,3.03,127.27,14.0
Mohamed Shiraz,Theesan Vithushan,8,8,0,1,0,0,12.5,100.0,8.0
Sonny Baker,Arzan Nagwaswalla,69,73,9,11,2,0,15.94,105.8,8.11
Gurinder Singh,Mayank Yadav,48,25,17,14,1,1,29.17,52.08,1.47
Prince Yadav,Mohammed Shami,61,70,7,4,1,0,6.56,114.75,10.0
Malinda Pushpakumara,Donovan Ferreira,17,16,2,3,0,0,17.65,94.12,8.0
Sonny Baker,Manav Suthar,12,9,1,5,1,0,41.67,75.0,9.0
Sonny Baker,Duvindu Tillakaratne,20,27,0,2,0,0,10.0,135.0,27.0
Jai Moondra,Mohammed Siraj,27,14,10,9,2,0,33.33,51.85,1.4
Mohammed Siraj,Bhuvneshwar Kumar,26,23,5,7,0,1,26.92,88.46,4.6
Prasidh Krishna,Jai Moondra,52,44,11,14,3,1,26.92,84.62,4.0
Avesh Khan,Washington Sundar,57,53,5,8,0,0,14.04,92.98,10.6
CV Stephen,Isitha Wijesundara,19,16,2,3,0,0,15.79,84.21,8.0
Sonny Baker,Jaydev Unadkat,37,35,2,9,0,0,24.32,94.59,17.5
Chamika Gunasekara,Mayank Yadav,84,85,7,11,1,0,13.1,101.19,12.14
Sonny Baker,Nimesh Vimukthi,32,38,2,5,1,0,15.62,118.75,19.0
Avesh Khan,Will Jacks,41,52,3,2,0,0,4.88,126.83,17.33
Sonny Baker,Mohammed Siraj,23,25,1,4,0,0,17.39,108.7,25.0
Rahul Chahar,Washington Sundar,29,32,2,3,0,0,10.34,110.34,16.0
Arzan Nagwaswalla,Will Jacks,27,28,2,4,0,1,14.81,103.7,14.0
Sonny Baker,Washington Sundar,20,20,3,3,0,0,15.0,100.0,6.67
Yuzvendra Chahal,Will Jacks,5,8,0,0,0,0,0.0,160.0,8.0
Anshul Kamboj,Avesh Khan,26,24,7,4,0,1,15.38,92.31,3.43
Avesh Khan,Bhuvneshwar Kumar,14,12,3,1,0,0,7.14,85.71,4.0
Jai Moondra,Duvindu Tillakaratne,9,7,4,0,0,0,0.0,77.78,1.75
Arzan Nagwaswalla,Bhuvneshwar Kumar,4,0,1,3,0,0,75.0,0.0,0.0
Khaleel Ahmed,Bhuvneshwar Kumar,9,9,2,0,0,0,0.0,100.0,4.5
Chamika Gunasekara,Theesan Vithushan,19,23,1,2,0,0,10.53,121.05,23.0
Arzan Nagwaswalla,Duvindu Tillakaratne,6,6,1,1,0,0,16.67,100.0,6.0
Maheesh Theekshana,Bhuvneshwar Kumar,2,2,0,0,0,0,0.0,100.0,2.0
