batter,bowler,balls,runs,wickets,dots,fours,sixes,dot_pct,strike_rate,average
Aaron Hardie,Akash Vasisht,6,9,0,0,0,0,0.0,150.0,9.0
Aaron Hardie,Akeal Hosein,15,25,1,4,1,2,26.67,166.67,25.0
Aaron Hardie,Ashok Sharma,16,20,2,4,2,0,25.0,125.0,10.0
Aaron Hardie,CV Stephen,8,10,0,2,0,0,25.0,125.0,10.0
Aaron Hardie,Harsh Dubey,13,20,0,4,0,2,30.77,153.85,20.0
Aaron Hardie,Josh Hazlewood,6,6,0,0,0,0,0.0,100.0,6.0
Aaron Hardie,Krunal Pandya,5,9,0,1,1,0,20.0,180.0,9.0
Aaron Hardie,Kuldeep Yadav,20,23,0,3,0,0,15.0,115.0,23.0
Aaron Hardie,Liam Livingstone,13,18,1,3,1,0,23.08,138.46,18.0
Aaron Hardie,Mohammed Siraj,8,9,0,0,0,0,0.0,112.5,9.0
Aaron Hardie,Mukhtar Hussain,4,7,0,1,0,0,25.0,175.0,7.0
Aaron Hardie,Rachin Ravindra,3,4,0,0,0,0,0.0,133.33,4.0
Aaron Hardie,Rasikh Dar,10,7,0,3,0,0,30.0,70.0,7.0
Aaron Hardie,Sahan Arachchige,7,11,0,0,1,0,0.0,157.14,11.0
Aaron Hardie,Senitha Halambage,14,18,1,4,1,0,28.57,128.57,18.0
Aaron Hardie,Shardul Thakur,4,3,1,2,0,0,50.0,75.0,3.0
Aaron Hardie,Shivam Dube,1,0,1,1,0,0,100.0,0.0,0.0
Aaron Hardie,Suryansh Shedge,4,11,0,1,2,0,25.0,275.0,11.0
Aaron Hardie,Vaisakh Chandran,18,21,1,2,0,0,11.11,116.67,21.0
Aaron Hardie,Varun Chakravarthy,1,0,1,1,0,0,100.0,0.0,0.0
Aaron Hardie,Washington Sundar,5,11,0,0,0,1,0.0,220.0,11.0
Aaron Hardie,Will Jacks,1,1,0,0,0,0,0.0,100.0,1.0
Abdul Samad,Bhuvneshwar Kumar,7,7,1,5,0,1,71.43,100.0,7.0
Abdul Samad,Corbin Bosch,19,26,5,9,0,3,47.37,136.84,5.2
Abdul Samad,Harsh Dubey,1,1,0,0,0,0,0.0,100.0,1.0
Abdul Samad,Jamie Overton,2,1,0,1,0,0,50.0,50.0,1.0
Abdul Samad,Josh Hazlewood,2,2,0,0,0,0,0.0,100.0,2.0
Abdul Samad,KC Cariappa,2,5,0,0,1,0,0.0,250.0,5.0
Abdul Samad,Kartik Tyagi,21,63,0,3,3,7,14.29,300.0,63.0
Abdul Samad,Liam Livingstone,3,7,0,1,0,1,33.33,233.33,7.0
Abdul Samad,Manisankar Murasingh,10,26,0,3,1,3,30.0,260.0,26.0
Abdul Samad,Mayank Markande,1,0,1,1,0,0,100.0,0.0,0.0
Abdul Samad,Ottneil Baartman,7,17,0,1,2,1,14.29,242.86,17.0
Abdul Samad,Pat Cummins,13,8,2,8,1,0,61.54,61.54,4.0
Abdul Samad,Prashant Solanki,18,33,0,5,1,3,27.78,183.33,33.0
Abdul Samad,Rachin Ravindra,2,1,0,1,0,0,50.0,50.0,1.0
Abdul Samad,Romario Shepherd,8,12,0,3,0,1,37.5,150.0,12.0
Abdul Samad,Shivam Shukla,4,4,0,2,0,0,50.0,100.0,4.0
Abdul Samad,Sunil Narine,3,1,2,2,0,0,66.67,33.33,0.5
Abdul Samad,Sushant Mishra,4,2,0,2,0,0,50.0,50.0,2.0
Abdul Samad,T Natarajan,25,21,1,13,1,1,52.0,84.0,21.0
Abdul Samad,Will Jacks,1,0,1,1,0,0,100.0,0.0,0.0
Abdul Samad,Yash Thakur,4,14,0,0,0,2,0.0,350.0,14.0
Abhimanyu Easwaran,Akeal Hosein,22,50,0,1,5,2,4.55,227.27,50.0
Abhimanyu Easwaran,Ashish Singh,13,32,0,2,2,3,15.38,246.15,32.0
Abhimanyu Easwaran,Axar Patel,49,66,2,9,4,0,18.37,134.69,33.0
Abhimanyu Easwaran,Dushan Hemantha,17,36,1,4,4,2,23.53,211.76,36.0
Abhimanyu Easwaran,Duvindu Tillakaratne,5,10,0,1,2,0,20.0,200.0,10.0
Abhimanyu Easwaran,Isitha Wijesundara,3,6,0,0,1,0,0.0,200.0,6.0
Abhimanyu Easwaran,Lasith Embuldeniya,33,53,0,8,3,3,24.24,160.61,53.0
Abhimanyu Easwaran,Raj Limbani,2,2,0,0,0,0,0.0,100.0,2.0
Abhimanyu Easwaran,Washington Sundar,9,13,0,2,0,1,22.22,144.44,13.0
Abhimanyu Easwaran,Will Jacks,6,14,0,1,1,1,16.67,233.33,14.0
Abhishek Sharma,Aaron Hardie,17,33,0,1,2,1,5.88,194.12,33.0
Abhishek Sharma,Abhishek Sharma,7,16,0,1,3,0,14.29,228.57,16.0
Abhishek Sharma,Adam Zampa,64,101,4,9,4,3,14.06,157.81,25.25
Abhishek Sharma,Adil Rashid,28,41,1,5,3,1,17.86,146.43,41.0
Abhishek Sharma,Aiden Markram,6,11,0,1,0,1,16.67,183.33,11.0
Abhishek Sharma,Ajay Dev Goud,4,13,0,0,1,1,0.0,325.0,13.0
Abhishek Sharma,Akash Vasisht,15,17,0,1,0,0,6.67,113.33,17.0
Abhishek Sharma,Akeal Hosein,74,119,2,10,9,3,13.51,160.81,59.5
Abhishek Sharma,Allah Ghazanfar,31,65,2,4,6,2,12.9,209.68,32.5
Abhishek Sharma,Amila Aponso,21,42,1,4,4,2,19.05,200.0,42.0
Abhishek Sharma,Anrich Nortje,29,43,1,5,2,2,17.24,148.28,43.0
Abhishek Sharma,Anshul Kamboj,31,60,0,1,3,3,3.23,193.55,60.0
Abhishek Sharma,Anukul Roy,22,46,2,4,2,4,18.18,209.09,23.0
Abhishek Sharma,Arpit Vasavada,17,12,3,7,0,0,41.18,70.59,4.0
Abhishek Sharma,Arshdeep Singh,125,202,5,17,5,9,13.6,161.6,40.4
Abhishek Sharma,Ashok Sharma,132,183,8,16,7,2,12.12,138.64,22.88
Abhishek Sharma,Ashwin Das,11,18,0,2,2,0,18.18,163.64,18.0
Abhishek Sharma,Atit Sheth,78,131,2,5,10,3,6.41,167.95,65.5
Abhishek Sharma,Auqib Nabi,58,95,3,14,6,4,24.14,163.79,31.67
Abhishek Sharma,Avesh Khan,27,42,1,3,4,0,11.11,155.56,42.0
Abhishek Sharma,Avinov Choudhary,97,134,2,24,6,5,24.74,138.14,67.0
Abhishek Sharma,Axar Patel,47,55,5,13,0,2,27.66,117.02,11.0
Abhishek Sharma,Ayush Mhatre,2,2,0,0,0,0,0.0,100.0,2.0
Abhishek Sharma,Ben Stokes,29,44,0,3,5,0,10.34,151.72,44.0
Abhishek Sharma,Bhuvneshwar Kumar,52,86,2,9,6,3,17.31,165.38,43.0
Abhishek Sharma,Binura Fernando,19,26,1,2,1,0,10.53,136.84,26.0
Abhishek Sharma,Brad Evans,4,6,0,0,0,0,0.0,150.0,6.0
Abhishek Sharma,CV Stephen,48,106,1,5,5,8,10.42,220.83,106.0
Abhishek Sharma,Calvin Harrison,23,50,0,1,1,4,4.35,217.39,50.0
Abhishek Sharma,Cameron Green,50,119,0,0,10,6,0.0,238.0,119.0
Abhishek Sharma,Carlos Brathwaite,2,4,0,0,0,0,0.0,200.0,4.0
Abhishek Sharma,Chama Milind,12,25,0,1,1,1,8.33,208.33,25.0
Abhishek Sharma,Chetan Sakariya,31,42,1,3,0,2,9.68,135.48,42.0
Abhishek Sharma,Codanda Ajit Karthik,17,23,0,1,0,1,5.88,135.29,23.0
Abhishek Sharma,Cooper Connolly,3,3,0,0,0,0,0.0,100.0,3.0
Abhishek Sharma,Corbin Bosch,13,14,1,3,1,0,23.08,107.69,14.0
Abhishek Sharma,Craig Overton,6,14,0,0,0,1,0.0,233.33,14.0
Abhishek Sharma,Darshan Nalkande,8,3,1,5,0,0,62.5,37.5,3.0
Abhishek Sharma,Deepak Chahar,9,11,0,0,0,0,0.0,122.22,11.0
Abhishek Sharma,Delano Potgieter,14,37,0,0,0,4,0.0,264.29,37.0
Abhishek Sharma,Dian Forrester,83,122,2,15,7,4,18.07,146.99,61.0
Abhishek Sharma,Dinuka Dilshan,16,30,0,3,1,2,18.75,187.5,30.0
Abhishek Sharma,Donovan Ferreira,13,23,0,4,2,1,30.77,176.92,23.0
Abhishek Sharma,Dushan Hemantha,166,295,6,25,6,20,15.06,177.71,49.17
Abhishek Sharma,Duvindu Tillakaratne,11,15,0,0,0,0,0.0,136.36,15.0
Abhishek Sharma,Eshan Malinga,15,33,0,0,2,2,0.0,220.0,33.0
Abhishek Sharma,Gangam Anikethreddy,19,25,1,4,2,0,21.05,131.58,25.0
Abhishek Sharma,Glenn Phillips,10,23,1,1,3,1,10.0,230.0,23.0
Abhishek Sharma,Glenton Stuurman,21,26,1,3,1,0,14.29,123.81,26.0
Abhishek Sharma,Gurinder Singh,60,83,6,20,6,5,33.33,138.33,13.83
Abhishek Sharma,Gurnoor Singh Brar,7,9,0,0,0,0,0.0,128.57,9.0
Abhishek Sharma,Gus Atkinson,24,32,2,3,2,0,12.5,133.33,16.0
Abhishek Sharma,Hardik Pandya,45,84,0,4,8,2,8.89,186.67,84.0
Abhishek Sharma,Harpreet Brar,72,133,7,16,7,9,22.22,184.72,19.0
Abhishek Sharma,Harsh Dubey,66,149,4,12,11,10,18.18,225.76,37.25
Abhishek Sharma,Harshal Patel,27,49,1,2,2,3,7.41,181.48,49.0
Abhishek Sharma,Harshit Rana,20,23,1,3,1,0,15.0,115.0,23.0
Abhishek Sharma,Ishant Sharma,3,7,0,1,0,1,33.33,233.33,7.0
Abhishek Sharma,Isitha Wijesundara,11,15,0,1,1,0,9.09,136.36,15.0
Abhishek Sharma,Jacob Duffy,48,77,4,6,5,2,12.5,160.42,19.25
Abhishek Sharma,Jamie Overton,30,44,0,2,1,1,6.67,146.67,44.0
Abhishek Sharma,Jason Holder,26,36,0,5,2,1,19.23,138.46,36.0
Abhishek Sharma,Jasprit Bumrah,33,49,3,7,2,2,21.21,148.48,16.33
Abhishek Sharma,Jaydev Unadkat,9,8,2,2,0,0,22.22,88.89,4.0
Abhishek Sharma,Joel Davies,25,30,2,4,2,0,16.0,120.0,15.0
Abhishek Sharma,Jofra Archer,20,40,0,1,2,2,5.0,200.0,40.0
Abhishek Sharma,Josh Hazlewood,55,85,2,5,1,3,9.09,154.55,42.5
Abhishek Sharma,KM Asif,51,88,1,9,5,4,17.65,172.55,88.0
Abhishek Sharma,Kagiso Rabada,17,28,0,2,0,2,11.76,164.71,28.0
Abhishek Sharma,Karan Lal,7,14,1,1,1,1,14.29,200.0,14.0
Abhishek Sharma,Khaleel Ahmed,9,14,0,1,0,0,11.11,155.56,14.0
Abhishek Sharma,Kranthi Kumar,64,98,7,16,4,6,25.0,153.12,14.0
Abhishek Sharma,Krishnappa Gowtham,3,4,1,2,1,0,66.67,133.33,4.0
Abhishek Sharma,Krunal Pandya,53,91,3,9,7,3,16.98,171.7,30.33
Abhishek Sharma,Kuldeep Yadav,74,117,3,11,6,5,14.86,158.11,39.0
Abhishek Sharma,Lalit Yadav,20,39,1,1,3,2,5.0,195.0,39.0
Abhishek Sharma,Lance Morris,13,8,1,5,0,0,38.46,61.54,8.0
Abhishek Sharma,Liam Livingstone,14,17,0,1,1,0,7.14,121.43,17.0
Abhishek Sharma,Lungi Ngidi,50,67,2,7,0,2,14.0,134.0,33.5
Abhishek Sharma,Malinda Pushpakumara,57,81,7,15,5,3,26.32,142.11,11.57
Abhishek Sharma,Manav Suthar,10,14,0,1,0,1,10.0,140.0,14.0
Abhishek Sharma,Manisankar Murasingh,83,130,2,8,3,6,9.64,156.63,65.0
Abhishek Sharma,Marcus Stoinis,4,8,0,0,1,0,0.0,200.0,8.0
Abhishek Sharma,Matt Henry,29,35,2,8,3,0,27.59,120.69,17.5
Abhishek Sharma,Matthew Forde,2,2,0,0,0,0,0.0,100.0,2.0
Abhishek Sharma,Mitchell Marsh,20,30,0,2,0,2,10.0,150.0,30.0
Abhishek Sharma,Mitchell Starc,67,101,4,9,6,3,13.43,150.75,25.25
Abhishek Sharma,Mohammed Shami,79,123,2,11,6,4,13.92,155.7,61.5
Abhishek Sharma,Mohammed Siraj,147,245,8,18,10,12,12.24,166.67,30.62
Abhishek Sharma,Mohsin Khan,4,4,0,0,0,0,0.0,100.0,4.0
Abhishek Sharma,Mridul Surroch,37,49,4,10,3,1,27.03,132.43,12.25
Abhishek Sharma,Mukesh Choudhary,11,24,0,0,0,2,0.0,218.18,24.0
Abhishek Sharma,Mukhtar Hussain,3,2,0,1,0,0,33.33,66.67,2.0
Abhishek Sharma,Nandre Burger,12,19,1,4,1,1,33.33,158.33,19.0
Abhishek Sharma,Nathan Ellis,23,42,1,4,1,3,17.39,182.61,42.0
Abhishek Sharma,Nishan Peiris,27,57,0,4,2,4,14.81,211.11,57.0
Abhishek Sharma,Nitish Kumar Reddy,66,121,4,10,9,5,15.15,183.33,30.25
Abhishek Sharma,Nitish Rana,51,92,0,3,4,5,5.88,180.39,92.0
Abhishek Sharma,Noor Ahmad,17,19,3,6,2,0,35.29,111.76,6.33
Abhishek Sharma,Ottneil Baartman,2,2,0,0,0,0,0.0,100.0,2.0
Abhishek Sharma,Pat Cummins,26,42,2,2,2,1,7.69,161.54,21.0
Abhishek Sharma,Prabath Jayasuriya,22,27,2,4,1,0,18.18,122.73,13.5
Abhishek Sharma,Prashant Veer,65,97,4,16,8,4,24.62,149.23,24.25
Abhishek Sharma,Praveen Jayawickrama,81,135,3,22,7,8,27.16,166.67,45.0
Abhishek Sharma,Prince Yadav,56,70,2,5,2,0,8.93,125.0,35.0
Abhishek Sharma,Rachin Ravindra,21,30,0,1,2,0,4.76,142.86,30.0
Abhishek Sharma,Raj Angad Bawa,11,12,1,2,0,0,18.18,109.09,12.0
Abhishek Sharma,Raj Limbani,7,16,0,1,3,0,14.29,228.57,16.0
Abhishek Sharma,Ramakrishna Ghosh,7,20,0,0,1,2,0.0,285.71,20.0
Abhishek Sharma,Ramandeep Singh,9,19,0,1,2,1,11.11,211.11,19.0
Abhishek Sharma,Rashid Khan,49,91,1,4,3,5,8.16,185.71,91.0
Abhishek Sharma,Rasikh Dar,15,19,2,3,2,0,20.0,126.67,9.5
Abhishek Sharma,Ravi Bishnoi,60,109,3,7,8,4,11.67,181.67,36.33
Abhishek Sharma,Ravi Teja,4,6,1,1,1,0,25.0,150.0,6.0
Abhishek Sharma,Ravindra Jadeja,43,85,2,4,5,5,9.3,197.67,42.5
Abhishek Sharma,Riyan Parag,12,36,1,1,3,3,8.33,300.0,36.0
Abhishek Sharma,Sahan Arachchige,166,299,6,28,17,15,16.87,180.12,49.83
Abhishek Sharma,Sai Kishore,9,10,0,2,0,0,22.22,111.11,10.0
Abhishek Sharma,Sairaj Patil,56,93,1,7,6,4,12.5,166.07,93.0
Abhishek Sharma,Sakib Hussain,29,44,0,1,1,2,3.45,151.72,44.0
Abhishek Sharma,Sam Curran,48,100,0,2,5,6,4.17,208.33,100.0
Abhishek Sharma,Samant Jakhar,5,6,0,1,0,0,20.0,120.0,6.0
Abhishek Sharma,Sandeep Warrier,24,60,0,0,3,4,0.0,250.0,60.0
Abhishek Sharma,Sanvir Singh,19,38,0,0,2,1,0.0,200.0,38.0
Abhishek Sharma,Saransh Jain,32,77,0,2,7,4,6.25,240.62,77.0
Abhishek Sharma,Sayan Ghosh,2,3,0,0,0,0,0.0,150.0,3.0
Abhishek Sharma,Scott Curie,6,4,2,3,0,0,50.0,66.67,2.0
Abhishek Sharma,Seekkuge Prasanna,6,5,0,1,0,0,16.67,83.33,5.0
Abhishek Sharma,Shahbaz Ahmed,65,124,1,7,5,7,10.77,190.77,124.0
Abhishek Sharma,Shardul Thakur,5,6,0,0,0,0,0.0,120.0,6.0
Abhishek Sharma,Shiran Fernando,98,144,11,18,12,1,18.37,146.94,13.09
Abhishek Sharma,Shivam Dube,34,67,0,5,2,5,14.71,197.06,67.0
Abhishek Sharma,Shivam Mavi,13,24,1,1,2,1,7.69,184.62,24.0
Abhishek Sharma,Sikandar Raza,3,4,0,0,0,0,0.0,133.33,4.0
Abhishek Sharma,Sonny Baker,18,34,3,4,2,2,22.22,188.89,11.33
Abhishek Sharma,Sunil Narine,16,23,1,4,2,0,25.0,143.75,23.0
Abhishek Sharma,Suryansh Shedge,4,3,1,1,0,0,25.0,75.0,3.0
Abhishek Sharma,Tanay Thyagarajan,5,6,0,0,0,0,0.0,120.0,6.0
Abhishek Sharma,Tharindu Rathnanayake,11,14,0,0,0,0,0.0,127.27,14.0
Abhishek Sharma,Tilak Varma,9,13,0,2,0,1,22.22,144.44,13.0
Abhishek Sharma,Tripuresh Singh,14,20,2,3,0,1,21.43,142.86,10.0
Abhishek Sharma,Umesh Yadav,8,13,0,2,0,1,25.0,162.5,13.0
Abhishek Sharma,Umran Malik,14,28,1,1,3,0,7.14,200.0,28.0
Abhishek Sharma,Vaibhav Arora,9,20,0,0,2,1,0.0,222.22,20.0
Abhishek Sharma,Varun Chakravarthy,71,118,5,11,3,6,15.49,166.2,23.6
Abhishek Sharma,Venkatesh Iyer,8,10,0,2,0,0,25.0,125.0,10.0
Abhishek Sharma,Vicky Ostwal,11,16,0,3,0,1,27.27,145.45,16.0
Abhishek Sharma,Vidwath Kaverappa,3,2,0,1,0,0,33.33,66.67,2.0
Abhishek Sharma,Vignesh Puthur,11,23,0,1,1,2,9.09,209.09,23.0
Abhishek Sharma,Vipraj Nigam,10,21,0,2,1,2,20.0,210.0,21.0
Abhishek Sharma,Virat Kohli,1,0,1,1,0,0,100.0,0.0,0.0
Abhishek Sharma,Vishen Halambage,63,91,2,10,4,3,15.87,144.44,45.5
Abhishek Sharma,Wanindu Hasaranga,76,122,2,13,6,6,17.11,160.53,61.0
Abhishek Sharma,Washington Sundar,78,143,0,10,8,8,12.82,183.33,143.0
Abhishek Sharma,Will Jacks,125,204,4,16,8,10,12.8,163.2,51.0
Abhishek Sharma,Yash Thakur,19,23,4,7,1,1,36.84,121.05,5.75
Abhishek Sharma,Yuvraj Chaudhary,4,7,0,2,0,1,50.0,175.0,7.0
Abhishek Sharma,Zeeshan Ansari,31,44,0,9,5,1,29.03,141.94,44.0
Adam Zampa,Akash Vasisht,1,1,0,0,0,0,0.0,100.0,1.0
Adam Zampa,Allah Ghazanfar,1,0,1,1,0,0,100.0,0.0,0.0
Adam Zampa,Anrich Nortje,1,0,0,1,0,0,100.0,0.0,0.0
Adam Zampa,Anukul Roy,2,2,0,0,0,0,0.0,100.0,2.0
Adam Zampa,Brian Bennett,2,2,1,1,0,0,50.0,100.0,2.0
Adam Zampa,CV Stephen,2,2,0,0,0,0,0.0,100.0,2.0
Adam Zampa,Harpreet Brar,1,2,0,0,0,0,0.0,200.0,2.0
Adam Zampa,Harsh Dubey,1,0,1,1,0,0,100.0,0.0,0.0
Adam Zampa,Jofra Archer,3,6,0,1,1,0,33.33,200.0,6.0
Adam Zampa,Josh Hazlewood,3,4,0,0,0,0,0.0,133.33,4.0
Adam Zampa,Kuldeep Yadav,1,1,0,0,0,0,0.0,100.0,1.0
Adam Zampa,Lalit Yadav,3,2,0,1,0,0,33.33,66.67,2.0
Adam Zampa,Malinda Pushpakumara,3,4,0,0,0,0,0.0,133.33,4.0
Adam Zampa,Matt Henry,4,2,1,2,0,0,50.0,50.0,2.0
Adam Zampa,Mitchell Starc,1,1,0,0,0,0,0.0,100.0,1.0
Adam Zampa,Mohammed Siraj,2,0,1,2,0,0,100.0,0.0,0.0
Adam Zampa,Pat Cummins,2,2,0,0,0,0,0.0,100.0,2.0
Adam Zampa,Prashant Veer,2,0,0,2,0,0,100.0,0.0,0.0
Adam Zampa,Praveen Jayawickrama,3,4,0,0,0,0,0.0,133.33,4.0
Adam Zampa,Rachin Ravindra,1,0,1,1,0,0,100.0,0.0,0.0
Adam Zampa,Ravi Bishnoi,3,4,0,0,0,0,0.0,133.33,4.0
Adam Zampa,Shardul Thakur,1,1,0,0,0,0,0.0,100.0,1.0
Adam Zampa,Varun Chakravarthy,6,5,0,1,0,0,16.67,83.33,5.0
Adam Zampa,Vignesh Puthur,1,1,0,0,0,0,0.0,100.0,1.0
Adam Zampa,Will Jacks,1,0,1,1,0,0,100.0,0.0,0.0
Adil Rashid,Ashok Sharma,2,2,1,1,0,0,50.0,100.0,2.0
Adil Rashid,Atit Sheth,2,0,1,2,0,0,100.0,0.0,0.0
Adil Rashid,CV Stephen,1,0,1,1,0,0,100.0,0.0,0.0
Adil Rashid,Kranthi Kumar,3,4,1,1,0,0,33.33,133.33,4.0
Adil Rashid,Malinda Pushpakumara,2,0,1,2,0,0,100.0,0.0,0.0
Adil Rashid,Nitish Kumar Reddy,1,1,0,0,0,0,0.0,100.0,1.0
Adil Rashid,Prashant Veer,2,0,1,2,0,0,100.0,0.0,0.0
Adil Rashid,Praveen Jayawickrama,2,1,1,1,0,0,50.0,50.0,1.0
Adil Rashid,Sahan Arachchige,1,1,0,0,0,0,0.0,100.0,1.0
Aiden Markram,Adam Zampa,1,1,0,0,0,0,0.0,100.0,1.0
Aiden Markram,Akeal Hosein,10,14,0,2,1,0,20.0,140.0,14.0
Aiden Markram,Anrich Nortje,4,4,0,1,0,0,25.0,100.0,4.0
Aiden Markram,Arjun Tendulkar,5,3,0,2,0,0,40.0,60.0,3.0
Aiden Markram,Ashok Sharma,4,11,1,1,1,1,25.0,275.0,11.0
Aiden Markram,Atit Sheth,19,28,0,0,1,0,0.0,147.37,28.0
Aiden Markram,Avinov Choudhary,3,0,1,3,0,0,100.0,0.0,0.0
Aiden Markram,Bhuvneshwar Kumar,27,29,1,13,3,1,48.15,107.41,29.0
Aiden Markram,Brian Bennett,1,4,0,0,1,0,0.0,400.0,4.0
Aiden Markram,Chama Milind,11,17,1,3,2,0,27.27,154.55,17.0
Aiden Markram,Donovan Ferreira,3,8,0,0,1,0,0.0,266.67,8.0
Aiden Markram,Dushan Hemantha,28,42,1,8,1,2,28.57,150.0,42.0
Aiden Markram,Gurinder Singh,3,6,1,1,1,0,33.33,200.0,6.0
Aiden Markram,Hardik Pandya,8,12,2,2,1,0,25.0,150.0,6.0
Aiden Markram,Harshal Patel,2,2,0,0,0,0,0.0,100.0,2.0
Aiden Markram,Jacob Bethell,6,6,0,1,0,0,16.67,100.0,6.0
Aiden Markram,Jamie Overton,19,31,1,3,3,1,15.79,163.16,31.0
Aiden Markram,Jasprit Bumrah,20,30,2,4,1,1,20.0,150.0,15.0
Aiden Markram,Joel Davies,2,1,0,1,0,0,50.0,50.0,1.0
Aiden Markram,Josh Hazlewood,40,57,1,13,1,4,32.5,142.5,57.0
Aiden Markram,KC Cariappa,36,72,1,8,3,6,22.22,200.0,72.0
Aiden Markram,Kagiso Rabada,5,7,0,1,0,0,20.0,140.0,7.0
Aiden Markram,Karan Lal,2,1,0,1,0,0,50.0,50.0,1.0
Aiden Markram,Khaleel Ahmed,4,9,1,2,0,1,50.0,225.0,9.0
Aiden Markram,Kranthi Kumar,16,9,0,8,0,0,50.0,56.25,9.0
Aiden Markram,Kuldeep Yadav,6,10,1,1,0,1,16.67,166.67,10.0
Aiden Markram,Lungi Ngidi,9,6,1,4,0,0,44.44,66.67,6.0
Aiden Markram,Manav Suthar,19,33,0,0,2,0,0.0,173.68,33.0
Aiden Markram,Marco Jansen,8,15,1,1,0,0,12.5,187.5,15.0
Aiden Markram,Matheesha Pathirana,3,1,1,2,0,0,66.67,33.33,1.0
Aiden Markram,Matt Henry,12,19,2,7,2,1,58.33,158.33,9.5
Aiden Markram,Mitchell Starc,4,3,0,1,0,0,25.0,75.0,3.0
Aiden Markram,Mohammed Shami,7,16,0,1,3,0,14.29,228.57,16.0
Aiden Markram,Mohammed Siraj,27,41,1,3,3,1,11.11,151.85,41.0
Aiden Markram,Nathan Ellis,2,2,0,0,0,0,0.0,100.0,2.0
Aiden Markram,Prashant Veer,4,4,1,1,0,0,25.0,100.0,4.0
Aiden Markram,Ramandeep Singh,4,6,1,1,1,0,25.0,150.0,6.0
Aiden Markram,Rasikh Dar,6,10,0,1,0,1,16.67,166.67,10.0
Aiden Markram,Ravi Bishnoi,6,11,0,1,0,1,16.67,183.33,11.0
Aiden Markram,Sahan Arachchige,13,17,1,3,1,0,23.08,130.77,17.0
Aiden Markram,Sairaj Patil,8,28,0,1,2,3,12.5,350.0,28.0
Aiden Markram,Sam Curran,2,4,1,1,1,0,50.0,200.0,4.0
Aiden Markram,Seekkuge Prasanna,3,7,0,1,0,1,33.33,233.33,7.0
Aiden Markram,Shubham Agarwal,6,8,1,3,1,0,50.0,133.33,8.0
Aiden Markram,Sikandar Raza,8,14,0,1,0,1,12.5,175.0,14.0
Aiden Markram,Sunil Narine,29,20,1,15,2,0,51.72,68.97,20.0
Aiden Markram,Trent Boult,12,23,0,0,2,0,0.0,191.67,23.0
Aiden Markram,Vaisakh Chandran,4,14,0,1,0,2,25.0,350.0,14.0
Aiden Markram,Vicky Ostwal,8,4,0,4,0,0,50.0,50.0,4.0
Aiden Markram,Vignesh Puthur,1,1,0,0,0,0,0.0,100.0,1.0
Aiden Markram,Vishen Halambage,1,0,1,1,0,0,100.0,0.0,0.0
Aiden Markram,Wanindu Hasaranga,7,20,1,1,1,2,14.29,285.71,20.0
Aiden Markram,Washington Sundar,8,16,0,1,1,1,12.5,200.0,16.0
Ajay Dev Goud,Adam Zampa,3,1,0,2,0,0,66.67,33.33,1.0
Ajay Dev Goud,Akeal Hosein,2,5,0,0,1,0,0.0,250.0,5.0
Ajay Dev Goud,Ashok Sharma,2,1,1,1,0,0,50.0,50.0,1.0
Ajay Dev Goud,Bhuvneshwar Kumar,3,2,0,1,0,0,33.33,66.67,2.0
Ajay Dev Goud,Gangam Anikethreddy,1,1,0,0,0,0,0.0,100.0,1.0
Ajay Dev Goud,Gurinder Singh,4,8,0,0,1,0,0.0,200.0,8.0
Ajay Dev Goud,Hardik Pandya,3,4,0,0,0,0,0.0,133.33,4.0
Ajay Dev Goud,Harpreet Brar,5,0,0,5,0,0,100.0,0.0,0.0
Ajay Dev Goud,Joel Davies,1,0,1,1,0,0,100.0,0.0,0.0
Ajay Dev Goud,Kranthi Kumar,1,1,0,0,0,0,0.0,100.0,1.0
Ajay Dev Goud,Krunal Pandya,1,1,0,0,0,0,0.0,100.0,1.0
Ajay Dev Goud,Kuldeep Yadav,3,1,2,2,0,0,66.67,33.33,0.5
Ajay Dev Goud,Lungi Ngidi,4,1,1,3,0,0,75.0,25.0,1.0
Ajay Dev Goud,Malinda Pushpakumara,1,0,1,1,0,0,100.0,0.0,0.0
Ajay Dev Goud,Mitchell Starc,3,1,1,2,0,0,66.67,33.33,1.0
Ajay Dev Goud,Nathan Ellis,5,10,1,3,1,1,60.0,200.0,10.0
Ajay Dev Goud,Nitish Kumar Reddy,2,0,0,2,0,0,100.0,0.0,0.0
Ajay Dev Goud,Prashant Veer,1,4,0,0,1,0,0.0,400.0,4.0
Ajay Dev Goud,Samant Jakhar,3,1,1,2,0,0,66.67,33.33,1.0
Ajay Dev Goud,Scott Curie,2,2,1,1,0,0,50.0,100.0,2.0
Ajay Dev Goud,Shiran Fernando,4,4,0,1,0,0,25.0,100.0,4.0
Ajay Dev Goud,Shubham Agarwal,2,1,0,1,0,0,50.0,50.0,1.0
Ajay Dev Goud,Sonny Baker,7,7,1,5,0,1,71.43,100.0,7.0
Ajay Dev Goud,Vishen Halambage,4,8,0,0,1,0,0.0,200.0,8.0
Ajay Dev Goud,Wanindu Hasaranga,1,1,0,0,0,0,0.0,100.0,1.0
Ajay Mandal,Adam Zampa,2,0,0,2,0,0,100.0,0.0,0.0
Ajay Mandal,Aiden Markram,4,3,0,1,0,0,25.0,75.0,3.0
Ajay Mandal,Matt Henry,4,7,0,2,0,1,50.0,175.0,7.0
Ajay Mandal,Mohammed Shami,3,3,1,1,0,0,33.33,100.0,3.0
Ajay Mandal,Scott Curie,3,4,0,0,0,0,0.0,133.33,4.0
Ajay Mandal,Seekkuge Prasanna,1,0,1,1,0,0,100.0,0.0,0.0
Ajinkya Rahane,Adam Zampa,23,32,3,8,3,1,34.78,139.13,10.67
Ajinkya Rahane,Akeal Hosein,15,16,0,6,2,0,40.0,106.67,16.0
Ajinkya Rahane,Allah Ghazanfar,3,4,0,0,0,0,0.0,133.33,4.0
Ajinkya Rahane,Amila Aponso,17,24,0,4,1,0,23.53,141.18,24.0
Ajinkya Rahane,Anshul Kamboj,10,26,1,1,0,3,10.0,260.0,26.0
Ajinkya Rahane,Anukul Roy,2,1,1,1,0,0,50.0,50.0,1.0
Ajinkya Rahane,Arshdeep Singh,5,2,2,3,0,0,60.0,40.0,1.0
Ajinkya Rahane,Ashok Sharma,6,3,1,3,0,0,50.0,50.0,3.0
Ajinkya Rahane,Atit Sheth,8,11,0,1,0,0,12.5,137.5,11.0
Ajinkya Rahane,Avesh Khan,29,75,2,2,7,5,6.9,258.62,37.5
Ajinkya Rahane,Axar Patel,5,4,1,2,0,0,40.0,80.0,4.0
Ajinkya Rahane,Ben Stokes,11,14,1,3,0,1,27.27,127.27,14.0
Ajinkya Rahane,Bhuvneshwar Kumar,6,2,3,4,0,0,66.67,33.33,0.67
Ajinkya Rahane,Brad Evans,8,8,0,3,0,0,37.5,100.0,8.0
Ajinkya Rahane,Brian Bennett,1,1,0,0,0,0,0.0,100.0,1.0
Ajinkya Rahane,CV Stephen,4,2,3,3,0,0,75.0,50.0,0.67
Ajinkya Rahane,Chama Milind,3,3,0,1,0,0,33.33,100.0,3.0
Ajinkya Rahane,Chetan Sakariya,1,0,1,1,0,0,100.0,0.0,0.0
Ajinkya Rahane,Delano Potgieter,3,8,0,0,0,1,0.0,266.67,8.0
Ajinkya Rahane,Dushan Hemantha,12,19,3,5,0,2,41.67,158.33,6.33
Ajinkya Rahane,Eshan Malinga,4,4,0,0,0,0,0.0,100.0,4.0
Ajinkya Rahane,Gurinder Singh,15,12,1,5,0,0,33.33,80.0,12.0
Ajinkya Rahane,Gus Atkinson,7,7,0,1,0,0,14.29,100.0,7.0
Ajinkya Rahane,Hardik Pandya,13,30,0,0,3,1,0.0,230.77,30.0
Ajinkya Rahane,Harpreet Brar,3,6,0,0,0,0,0.0,200.0,6.0
Ajinkya Rahane,Harsh Dubey,15,20,0,4,2,0,26.67,133.33,20.0
Ajinkya Rahane,Harshal Patel,8,21,0,1,1,2,12.5,262.5,21.0
Ajinkya Rahane,Harshit Rana,2,1,0,1,0,0,50.0,50.0,1.0
Ajinkya Rahane,Ishant Sharma,2,2,0,0,0,0,0.0,100.0,2.0
Ajinkya Rahane,Jasprit Bumrah,27,45,0,8,2,3,29.63,166.67,45.0
Ajinkya Rahane,Jaydev Unadkat,2,1,1,1,0,0,50.0,50.0,1.0
Ajinkya Rahane,Josh Hazlewood,19,40,1,2,3,2,10.53,210.53,40.0
Ajinkya Rahane,KM Asif,21,41,2,3,3,1,14.29,195.24,20.5
Ajinkya Rahane,Kagiso Rabada,1,0,0,1,0,0,100.0,0.0,0.0
Ajinkya Rahane,Khaleel Ahmed,3,6,0,0,1,0,0.0,200.0,6.0
Ajinkya Rahane,Kranthi Kumar,11,17,0,1,1,0,9.09,154.55,17.0
Ajinkya Rahane,Krunal Pandya,1,3,0,0,0,0,0.0,300.0,3.0
Ajinkya Rahane,Kuldeep Yadav,11,14,0,4,0,1,36.36,127.27,14.0
Ajinkya Rahane,Lungi Ngidi,10,15,0,2,2,0,20.0,150.0,15.0
Ajinkya Rahane,Malinda Pushpakumara,4,5,1,2,1,0,50.0,125.0,5.0
Ajinkya Rahane,Manisankar Murasingh,8,8,1,1,0,0,12.5,100.0,8.0
Ajinkya Rahane,Matt Henry,8,16,1,1,1,1,12.5,200.0,16.0
Ajinkya Rahane,Mitchell Marsh,1,1,0,0,0,0,0.0,100.0,1.0
Ajinkya Rahane,Mitchell Starc,5,8,0,0,0,0,0.0,160.0,8.0
Ajinkya Rahane,Mohammed Shami,5,8,1,1,1,0,20.0,160.0,8.0
Ajinkya Rahane,Mohammed Siraj,11,7,0,5,0,0,45.45,63.64,7.0
Ajinkya Rahane,Mridul Surroch,5,5,1,1,0,0,20.0,100.0,5.0
Ajinkya Rahane,Naman Dhir,1,6,0,0,0,1,0.0,600.0,6.0
Ajinkya Rahane,Nathan Ellis,12,17,0,5,0,1,41.67,141.67,17.0
Ajinkya Rahane,Nishan Peiris,8,13,1,3,1,1,37.5,162.5,13.0
Ajinkya Rahane,Nitish Kumar Reddy,2,5,0,0,1,0,0.0,250.0,5.0
Ajinkya Rahane,Noor Ahmad,13,17,0,4,0,1,30.77,130.77,17.0
Ajinkya Rahane,Pat Cummins,4,11,0,1,1,1,25.0,275.0,11.0
Ajinkya Rahane,Prabath Jayasuriya,6,9,0,0,0,0,0.0,150.0,9.0
Ajinkya Rahane,Prashant Veer,20,49,0,3,3,4,15.0,245.0,49.0
Ajinkya Rahane,Praveen Jayawickrama,10,20,0,2,2,1,20.0,200.0,20.0
Ajinkya Rahane,Prince Yadav,14,35,0,2,4,1,14.29,250.0,35.0
Ajinkya Rahane,Rashid Khan,5,4,0,2,0,0,40.0,80.0,4.0
Ajinkya Rahane,Rasikh Dar,1,1,0,0,0,0,0.0,100.0,1.0
Ajinkya Rahane,Ravi Bishnoi,19,38,1,1,1,3,5.26,200.0,38.0
Ajinkya Rahane,Ravindra Jadeja,9,15,0,1,2,0,11.11,166.67,15.0
Ajinkya Rahane,Rohit Sharma,1,1,0,0,0,0,0.0,100.0,1.0
Ajinkya Rahane,Sahan Arachchige,13,16,2,6,1,1,46.15,123.08,8.0
Ajinkya Rahane,Sairaj Patil,6,4,0,2,0,0,33.33,66.67,4.0
Ajinkya Rahane,Sam Curran,8,16,0,1,1,1,12.5,200.0,16.0
Ajinkya Rahane,Sanvir Singh,2,5,0,0,1,0,0.0,250.0,5.0
Ajinkya Rahane,Scott Curie,7,7,1,4,1,0,57.14,100.0,7.0
Ajinkya Rahane,Seekkuge Prasanna,4,6,0,1,1,0,25.0,150.0,6.0
Ajinkya Rahane,Shahbaz Ahmed,13,25,1,2,2,1,15.38,192.31,25.0
Ajinkya Rahane,Shiran Fernando,20,23,1,6,1,0,30.0,115.0,23.0
Ajinkya Rahane,Shivam Shukla,1,0,1,1,0,0,100.0,0.0,0.0
Ajinkya Rahane,Sunil Narine,4,1,0,3,0,0,75.0,25.0,1.0
Ajinkya Rahane,Tilak Varma,2,0,1,2,0,0,100.0,0.0,0.0
Ajinkya Rahane,Varun Chakravarthy,3,4,2,2,1,0,66.67,133.33,2.0
Ajinkya Rahane,Vishen Halambage,3,0,0,3,0,0,100.0,0.0,0.0
Ajinkya Rahane,Washington Sundar,5,12,1,1,1,1,20.0,240.0,12.0
Ajinkya Rahane,Will Jacks,8,17,1,1,1,1,12.5,212.5,17.0
Akash Deep,Hardik Pandya,4,7,0,1,1,0,25.0,175.0,7.0
Akash Deep,Scott Curie,1,1,0,0,0,0,0.0,100.0,1.0
Akash Deep,Vishen Halambage,4,6,2,3,0,1,75.0,150.0,3.0
Akash Vasisht,Adam Zampa,25,31,3,6,1,1,24.0,124.0,10.33
Akash Vasisht,Akeal Hosein,2,1,1,1,0,0,50.0,50.0,1.0
Akash Vasisht,Arpit Vasavada,18,34,1,3,3,1,16.67,188.89,34.0
Akash Vasisht,Ashok Sharma,8,18,0,0,1,1,0.0,225.0,18.0
Akash Vasisht,Axar Patel,12,30,1,2,3,2,16.67,250.0,30.0
Akash Vasisht,Bhuvneshwar Kumar,2,3,0,0,0,0,0.0,150.0,3.0
Akash Vasisht,Glenton Stuurman,9,20,1,1,2,1,11.11,222.22,20.0
Akash Vasisht,Gurinder Singh,9,8,1,2,0,0,22.22,88.89,8.0
Akash Vasisht,Hardik Pandya,4,13,0,1,0,2,25.0,325.0,13.0
Akash Vasisht,Harshal Patel,7,9,1,2,1,0,28.57,128.57,9.0
Akash Vasisht,Joel Davies,10,19,0,1,1,1,10.0,190.0,19.0
Akash Vasisht,Karan Lal,5,8,0,1,1,0,20.0,160.0,8.0
Akash Vasisht,Khaleel Ahmed,4,6,0,0,0,0,0.0,150.0,6.0
Akash Vasisht,Krunal Pandya,8,16,0,1,0,1,12.5,200.0,16.0
Akash Vasisht,Kuldeep Yadav,5,8,2,2,1,0,40.0,160.0,4.0
Akash Vasisht,Lungi Ngidi,5,7,0,0,0,0,0.0,140.0,7.0
Akash Vasisht,Malinda Pushpakumara,3,3,1,1,0,0,33.33,100.0,3.0
Akash Vasisht,Matheesha Pathirana,4,6,1,2,1,0,50.0,150.0,6.0
Akash Vasisht,Matthew Forde,1,0,1,1,0,0,100.0,0.0,0.0
Akash Vasisht,Mitchell Starc,16,23,1,1,2,0,6.25,143.75,23.0
Akash Vasisht,Mohammed Shami,7,17,0,1,2,1,14.29,242.86,17.0
Akash Vasisht,Mohsin Khan,12,20,0,2,1,1,16.67,166.67,20.0
Akash Vasisht,Mukhtar Hussain,6,15,0,0,0,1,0.0,250.0,15.0
Akash Vasisht,Nathan Ellis,35,59,2,5,5,1,14.29,168.57,29.5
Akash Vasisht,Nimesh Vimukthi,1,1,0,0,0,0,0.0,100.0,1.0
Akash Vasisht,Nishan Peiris,1,0,1,1,0,0,100.0,0.0,0.0
Akash Vasisht,Nishant Sindhu,7,5,0,2,0,0,28.57,71.43,5.0
Akash Vasisht,Nitish Rana,3,7,0,1,0,1,33.33,233.33,7.0
Akash Vasisht,Prabath Jayasuriya,7,12,0,3,1,1,42.86,171.43,12.0
Akash Vasisht,Prashant Veer,25,38,0,1,2,1,4.0,152.0,38.0
Akash Vasisht,Praveen Jayawickrama,11,4,2,7,0,0,63.64,36.36,2.0
Akash Vasisht,Rachin Ravindra,1,0,1,1,0,0,100.0,0.0,0.0
Akash Vasisht,Raj Angad Bawa,2,3,0,0,0,0,0.0,150.0,3.0
Akash Vasisht,Rashid Khan,5,10,0,0,0,1,0.0,200.0,10.0
Akash Vasisht,Rasikh Dar,5,7,0,1,1,0,20.0,140.0,7.0
Akash Vasisht,Ravi Bishnoi,2,3,1,1,0,0,50.0,150.0,3.0
Akash Vasisht,Ravindra Jadeja,6,12,1,1,0,1,16.67,200.0,12.0
Akash Vasisht,Sahan Arachchige,1,1,0,0,0,0,0.0,100.0,1.0
Akash Vasisht,Sairaj Patil,5,18,0,0,1,2,0.0,360.0,18.0
Akash Vasisht,Seekkuge Prasanna,6,16,1,1,2,1,16.67,266.67,16.0
Akash Vasisht,Shahbaz Ahmed,4,6,0,0,0,0,0.0,150.0,6.0
Akash Vasisht,Shiran Fernando,31,42,2,12,3,2,38.71,135.48,21.0
Akash Vasisht,Shivam Dube,4,5,0,0,0,0,0.0,125.0,5.0
Akash Vasisht,Shreyas Iyer,4,7,0,0,0,0,0.0,175.0,7.0
Akash Vasisht,Shubham Agarwal,5,5,0,1,0,0,20.0,100.0,5.0
Akash Vasisht,Sonny Baker,2,1,1,1,0,0,50.0,50.0,1.0
Akash Vasisht,Sunil Narine,4,4,0,0,0,0,0.0,100.0,4.0
Akash Vasisht,Tanay Thyagarajan,3,7,1,1,0,1,33.33,233.33,7.0
Akash Vasisht,Tilak Varma,12,17,0,4,1,1,33.33,141.67,17.0
Akash Vasisht,Varun Chakravarthy,7,14,0,1,2,0,14.29,200.0,14.0
Akash Vasisht,Vidwath Kaverappa,3,3,0,0,0,0,0.0,100.0,3.0
Akash Vasisht,Vishen Halambage,8,12,0,2,0,1,25.0,150.0,12.0
Akash Vasisht,Washington Sundar,7,15,1,1,1,1,14.29,214.29,15.0
Akash Vasisht,Yash Thakur,1,2,0,0,0,0,0.0,200.0,2.0
Akeal Hosein,Adam Zampa,18,16,2,6,0,0,33.33,88.89,8.0
Akeal Hosein,Adil Rashid,4,5,0,0,0,0,0.0,125.0,5.0
Akeal Hosein,Ajay Dev Goud,1,0,1,1,0,0,100.0,0.0,0.0
Akeal Hosein,Amila Aponso,2,2,0,0,0,0,0.0,100.0,2.0
Akeal Hosein,Anshul Kamboj,4,5,0,2,1,0,50.0,125.0,5.0
Akeal Hosein,Anukul Roy,1,0,1,1,0,0,100.0,0.0,0.0
Akeal Hosein,Arshdeep Singh,3,1,1,2,0,0,66.67,33.33,1.0
Akeal Hosein,Atit Sheth,2,0,0,2,0,0,100.0,0.0,0.0
Akeal Hosein,Axar Patel,5,6,1,1,0,0,20.0,120.0,6.0
Akeal Hosein,Ben Stokes,6,3,1,3,0,0,50.0,50.0,3.0
Akeal Hosein,Bhuvneshwar Kumar,28,33,1,12,1,2,42.86,117.86,33.0
Akeal Hosein,Brian Bennett,2,1,1,1,0,0,50.0,50.0,1.0
Akeal Hosein,CV Stephen,6,6,0,1,0,0,16.67,100.0,6.0
Akeal Hosein,Chetan Sakariya,2,2,1,1,0,0,50.0,100.0,2.0
Akeal Hosein,Codanda Ajit Karthik,1,0,1,1,0,0,100.0,0.0,0.0
Akeal Hosein,Dian Forrester,24,22,4,9,0,0,37.5,91.67,5.5
Akeal Hosein,Dinuka Dilshan,2,2,0,0,0,0,0.0,100.0,2.0
Akeal Hosein,Dushan Hemantha,12,11,1,3,0,0,25.0,91.67,11.0
Akeal Hosein,Gurinder Singh,2,2,0,0,0,0,0.0,100.0,2.0
Akeal Hosein,Hardik Pandya,9,17,1,1,0,1,11.11,188.89,17.0
Akeal Hosein,Harpreet Brar,12,13,2,3,0,0,25.0,108.33,6.5
Akeal Hosein,Harshal Patel,2,2,0,0,0,0,0.0,100.0,2.0
Akeal Hosein,Harshit Rana,3,3,0,1,0,0,33.33,100.0,3.0
Akeal Hosein,Jacob Duffy,4,1,0,3,0,0,75.0,25.0,1.0
Akeal Hosein,Jamie Overton,19,31,2,8,1,3,42.11,163.16,15.5
Akeal Hosein,Jasprit Bumrah,6,3,0,3,0,0,50.0,50.0,3.0
Akeal Hosein,Jofra Archer,1,1,0,0,0,0,0.0,100.0,1.0
Akeal Hosein,Josh Hazlewood,22,17,5,13,2,0,59.09,77.27,3.4
Akeal Hosein,KC Cariappa,3,3,0,0,0,0,0.0,100.0,3.0
Akeal Hosein,KM Asif,2,5,0,0,1,0,0.0,250.0,5.0
Akeal Hosein,Lungi Ngidi,13,18,2,7,2,1,53.85,138.46,9.0
Akeal Hosein,Malinda Pushpakumara,10,14,2,3,0,1,30.0,140.0,7.0
Akeal Hosein,Manav Suthar,9,21,1,3,1,2,33.33,233.33,21.0
Akeal Hosein,Marco Jansen,1,3,0,0,0,0,0.0,300.0,3.0
Akeal Hosein,Matheesha Pathirana,5,6,2,2,1,0,40.0,120.0,3.0
Akeal Hosein,Mitchell Owen,2,3,0,0,0,0,0.0,150.0,3.0
Akeal Hosein,Mitchell Starc,9,8,2,3,0,0,33.33,88.89,4.0
Akeal Hosein,Mohammed Shami,1,1,0,0,0,0,0.0,100.0,1.0
Akeal Hosein,Mohammed Siraj,12,11,0,3,0,0,25.0,91.67,11.0
Akeal Hosein,Nandre Burger,1,0,1,1,0,0,100.0,0.0,0.0
Akeal Hosein,Nathan Ellis,21,21,3,7,1,0,33.33,100.0,7.0
Akeal Hosein,Nimesh Vimukthi,5,5,1,3,1,0,60.0,100.0,5.0
Akeal Hosein,Noor Ahmad,6,5,0,2,0,0,33.33,83.33,5.0
Akeal Hosein,Pat Cummins,7,11,1,3,2,0,42.86,157.14,11.0
Akeal Hosein,Prabath Jayasuriya,4,8,0,0,1,0,0.0,200.0,8.0
Akeal Hosein,Prashant Veer,6,7,0,1,0,0,16.67,116.67,7.0
Akeal Hosein,Praveen Jayawickrama,10,7,2,4,0,0,40.0,70.0,3.5
Akeal Hosein,Rachin Ravindra,3,1,1,2,0,0,66.67,33.33,1.0
Akeal Hosein,Ramandeep Singh,3,7,0,1,0,1,33.33,233.33,7.0
Akeal Hosein,Ravi Bishnoi,12,12,2,3,0,0,25.0,100.0,6.0
Akeal Hosein,Ravindra Jadeja,8,13,0,1,0,1,12.5,162.5,13.0
Akeal Hosein,Sahan Arachchige,23,22,4,7,0,0,30.43,95.65,5.5
Akeal Hosein,Sai Kishore,2,2,0,0,0,0,0.0,100.0,2.0
Akeal Hosein,Sairaj Patil,5,8,1,1,1,0,20.0,160.0,8.0
Akeal Hosein,Sakib Hussain,3,5,0,0,0,0,0.0,166.67,5.0
Akeal Hosein,Sam Curran,16,16,2,4,0,0,25.0,100.0,8.0
Akeal Hosein,Sanvir Singh,2,2,0,0,0,0,0.0,100.0,2.0
Akeal Hosein,Scott Curie,10,11,1,1,0,0,10.0,110.0,11.0
Akeal Hosein,Seekkuge Prasanna,7,9,0,0,0,0,0.0,128.57,9.0
Akeal Hosein,Shahbaz Ahmed,2,2,0,0,0,0,0.0,100.0,2.0
Akeal Hosein,Shiran Fernando,12,20,2,2,1,1,16.67,166.67,10.0
Akeal Hosein,Shivang Kumar,3,4,1,2,1,0,66.67,133.33,4.0
Akeal Hosein,Sikandar Raza,3,1,0,2,0,0,66.67,33.33,1.0
Akeal Hosein,Sonny Baker,4,2,0,2,0,0,50.0,50.0,2.0
Akeal Hosein,Sunil Narine,4,2,0,2,0,0,50.0,50.0,2.0
Akeal Hosein,Tanay Thyagarajan,1,0,0,1,0,0,100.0,0.0,0.0
Akeal Hosein,Trent Boult,5,5,0,3,1,0,60.0,100.0,5.0
Akeal Hosein,Vaisakh Chandran,2,1,1,1,0,0,50.0,50.0,1.0
Akeal Hosein,Varun Chakravarthy,11,13,0,1,0,0,9.09,118.18,13.0
Akeal Hosein,Vipraj Nigam,1,1,0,0,0,0,0.0,100.0,1.0
Akeal Hosein,Vishen Halambage,9,10,0,0,0,0,0.0,111.11,10.0
Akeal Hosein,Wanindu Hasaranga,16,20,1,3,1,0,18.75,125.0,20.0
Akeal Hosein,Will Jacks,9,9,0,1,0,0,11.11,100.0,9.0
Allah Ghazanfar,Atit Sheth,2,3,0,0,0,0,0.0,150.0,3.0
Allah Ghazanfar,Dian Forrester,6,12,1,1,2,0,16.67,200.0,12.0
Allah Ghazanfar,Kuldeep Yadav,2,0,0,2,0,0,100.0,0.0,0.0
Allah Ghazanfar,Prabath Jayasuriya,2,3,0,0,0,0,0.0,150.0,3.0
Allah Ghazanfar,Praveen Jayawickrama,4,6,0,0,0,0,0.0,150.0,6.0
Allah Ghazanfar,Shiran Fernando,2,2,0,0,0,0,0.0,100.0,2.0
Allah Ghazanfar,Vishen Halambage,1,0,1,1,0,0,100.0,0.0,0.0
Aman Rao,Adam Zampa,1,0,1,1,0,0,100.0,0.0,0.0
Aman Rao,Akeal Hosein,1,0,1,1,0,0,100.0,0.0,0.0
Aman Rao,Ashok Sharma,3,2,1,1,0,0,33.33,66.67,2.0
Aman Rao,Bhuvneshwar Kumar,8,18,0,1,1,1,12.5,225.0,18.0
Aman Rao,Dian Forrester,1,0,1,1,0,0,100.0,0.0,0.0
Aman Rao,Hardik Pandya,9,18,0,1,1,1,11.11,200.0,18.0
Aman Rao,Josh Hazlewood,2,4,1,1,1,0,50.0,200.0,4.0
Aman Rao,Mitchell Marsh,4,3,0,1,0,0,25.0,75.0,3.0
Aman Rao,Mohammed Siraj,1,0,1,1,0,0,100.0,0.0,0.0
Aman Rao,Mukhtar Hussain,3,3,1,2,0,0,66.67,100.0,3.0
Aman Rao,Scott Curie,6,7,0,2,1,0,33.33,116.67,7.0
Aman Rao,Seekkuge Prasanna,4,3,0,1,0,0,25.0,75.0,3.0
Aman Rao,Shivam Dube,10,16,0,3,0,1,30.0,160.0,16.0
Aman Rao,Tanay Thyagarajan,7,5,1,2,0,0,28.57,71.43,5.0
Aman Rao,Vishen Halambage,5,2,0,3,0,0,60.0,40.0,2.0
Amila Aponso,Akeal Hosein,4,5,0,1,0,0,25.0,125.0,5.0
Amila Aponso,Ashok Sharma,3,4,0,0,0,0,0.0,133.33,4.0
Amila Aponso,Harsh Dubey,5,6,0,1,0,0,20.0,120.0,6.0
Amila Aponso,Harshal Patel,1,0,1,1,0,0,100.0,0.0,0.0
Amila Aponso,Jacob Duffy,3,4,0,0,0,0,0.0,133.33,4.0
Amila Aponso,Jasprit Bumrah,1,1,0,0,0,0,0.0,100.0,1.0
Amila Aponso,Kuldeep Yadav,1,1,0,0,0,0,0.0,100.0,1.0
Amila Aponso,Lungi Ngidi,3,2,0,1,0,0,33.33,66.67,2.0
Amila Aponso,Prabath Jayasuriya,1,1,0,0,0,0,0.0,100.0,1.0
Amila Aponso,Sairaj Patil,2,2,1,1,0,0,50.0,100.0,2.0
Amila Aponso,Shivam Shukla,2,9,0,0,0,1,0.0,450.0,9.0
Amila Aponso,Washington Sundar,2,2,0,0,0,0,0.0,100.0,2.0
Aneurin Donald,Adam Zampa,10,32,2,3,5,2,30.0,320.0,16.0
Aneurin Donald,Aiden Markram,7,18,0,1,1,1,14.29,257.14,18.0
Aneurin Donald,Ajay Dev Goud,19,39,5,8,1,4,42.11,205.26,7.8
Aneurin Donald,Ajay Mandal,23,45,0,5,4,3,21.74,195.65,45.0
Aneurin Donald,Akash Deep,27,30,1,9,3,0,33.33,111.11,30.0
Aneurin Donald,Akash Vasisht,9,24,0,1,2,2,11.11,266.67,24.0
Aneurin Donald,Akeal Hosein,10,17,0,0,2,0,0.0,170.0,17.0
Aneurin Donald,Anshul Kamboj,11,22,1,2,1,2,18.18,200.0,22.0
Aneurin Donald,Anukul Roy,9,16,1,2,3,0,22.22,177.78,16.0
Aneurin Donald,Arpit Vasavada,32,64,1,7,4,5,21.88,200.0,64.0
Aneurin Donald,Ashok Sharma,69,90,3,18,4,3,26.09,130.43,30.0
Aneurin Donald,Ashwin Das,11,7,0,4,0,0,36.36,63.64,7.0
Aneurin Donald,Athisayaraj Davidson,5,7,0,1,1,0,20.0,140.0,7.0
Aneurin Donald,Avinov Choudhary,27,60,0,2,4,3,7.41,222.22,60.0
Aneurin Donald,Axar Patel,1,1,0,0,0,0,0.0,100.0,1.0
Aneurin Donald,Beau Webster,8,14,0,1,0,1,12.5,175.0,14.0
Aneurin Donald,Bhuvneshwar Kumar,47,120,1,5,8,9,10.64,255.32,120.0
Aneurin Donald,Binura Fernando,21,41,0,3,4,2,14.29,195.24,41.0
Aneurin Donald,Brad Evans,13,22,0,5,1,2,38.46,169.23,22.0
Aneurin Donald,Brian Bennett,2,4,1,1,1,0,50.0,200.0,4.0
Aneurin Donald,CV Stephen,14,32,0,4,0,4,28.57,228.57,32.0
Aneurin Donald,Calvin Harrison,17,23,1,3,1,1,17.65,135.29,23.0
Aneurin Donald,Cameron Green,4,10,0,0,0,1,0.0,250.0,10.0
Aneurin Donald,Craig Overton,3,7,0,0,1,0,0.0,233.33,7.0
Aneurin Donald,Dushan Hemantha,2,1,1,1,0,0,50.0,50.0,1.0
Aneurin Donald,Duvindu Tillakaratne,3,3,0,0,0,0,0.0,100.0,3.0
Aneurin Donald,Gangam Anikethreddy,1,0,0,1,0,0,100.0,0.0,0.0
Aneurin Donald,Glenton Stuurman,33,66,1,9,6,4,27.27,200.0,66.0
Aneurin Donald,Gurinder Singh,43,77,2,4,5,3,9.3,179.07,38.5
Aneurin Donald,Gus Atkinson,9,17,0,1,1,0,11.11,188.89,17.0
Aneurin Donald,Hardik Pandya,5,10,0,0,1,0,0.0,200.0,10.0
Aneurin Donald,Isitha Wijesundara,3,6,0,0,1,0,0.0,200.0,6.0
Aneurin Donald,Jacob Bethell,14,29,1,3,1,3,21.43,207.14,29.0
Aneurin Donald,Jai Moondra,30,47,1,11,3,2,36.67,156.67,47.0
Aneurin Donald,Jamie Overton,7,17,0,2,0,2,28.57,242.86,17.0
Aneurin Donald,Jasprit Bumrah,53,92,2,12,7,4,22.64,173.58,46.0
Aneurin Donald,Joel Davies,28,61,2,2,4,4,7.14,217.86,30.5
Aneurin Donald,Josh Hazlewood,17,20,0,2,0,0,11.76,117.65,20.0
Aneurin Donald,Kagiso Rabada,23,55,1,2,0,6,8.7,239.13,55.0
Aneurin Donald,Karan Lal,4,12,0,0,1,1,0.0,300.0,12.0
Aneurin Donald,Kranthi Kumar,26,41,2,8,3,2,30.77,157.69,20.5
Aneurin Donald,Krunal Pandya,7,17,0,0,1,1,0.0,242.86,17.0
Aneurin Donald,Kuldeep Yadav,10,17,1,1,1,1,10.0,170.0,17.0
Aneurin Donald,Lalit Yadav,11,23,0,1,3,0,9.09,209.09,23.0
Aneurin Donald,Lungi Ngidi,8,21,0,1,1,2,12.5,262.5,21.0
Aneurin Donald,Maheesh Theekshana,1,1,0,0,0,0,0.0,100.0,1.0
Aneurin Donald,Malinda Pushpakumara,38,65,2,11,7,2,28.95,171.05,32.5
Aneurin Donald,Manav Suthar,16,28,0,1,1,1,6.25,175.0,28.0
Aneurin Donald,Matheesha Pathirana,6,10,0,0,1,0,0.0,166.67,10.0
Aneurin Donald,Matt Short,2,4,0,1,1,0,50.0,200.0,4.0
Aneurin Donald,Mitchell Marsh,9,15,0,1,0,1,11.11,166.67,15.0
Aneurin Donald,Mitchell Starc,11,9,1,3,0,0,27.27,81.82,9.0
Aneurin Donald,Mohamed Shiraz,12,21,0,1,3,0,8.33,175.0,21.0
Aneurin Donald,Mohammed Shami,55,109,7,13,14,4,23.64,198.18,15.57
Aneurin Donald,Mohammed Siraj,29,61,2,3,4,4,10.34,210.34,30.5
Aneurin Donald,Mohsin Khan,23,45,4,5,3,3,21.74,195.65,11.25
Aneurin Donald,Mridul Surroch,19,28,1,2,2,0,10.53,147.37,28.0
Aneurin Donald,Mukhtar Hussain,2,2,0,0,0,0,0.0,100.0,2.0
Aneurin Donald,Murvin Abinash,15,16,0,5,2,0,33.33,106.67,16.0
Aneurin Donald,Nimesh Vimukthi,7,6,0,2,0,0,28.57,85.71,6.0
Aneurin Donald,Nishan Peiris,8,8,0,1,0,0,12.5,100.0,8.0
Aneurin Donald,Nishant Sindhu,3,4,0,0,0,0,0.0,133.33,4.0
Aneurin Donald,Nitish Kumar Reddy,6,8,0,1,0,0,16.67,133.33,8.0
Aneurin Donald,Pat Cummins,17,30,1,2,1,2,11.76,176.47,30.0
Aneurin Donald,Prabath Jayasuriya,4,8,0,0,1,0,0.0,200.0,8.0
Aneurin Donald,Prashant Veer,14,19,0,2,2,0,14.29,135.71,19.0
Aneurin Donald,Praveen Jayawickrama,28,42,2,7,2,2,25.0,150.0,21.0
Aneurin Donald,Prince Yadav,42,72,1,6,3,3,14.29,171.43,72.0
Aneurin Donald,Rachin Ravindra,10,15,0,1,1,0,10.0,150.0,15.0
Aneurin Donald,Rahul Chahar,20,32,0,7,3,1,35.0,160.0,32.0
Aneurin Donald,Raj Angad Bawa,2,2,0,0,0,0,0.0,100.0,2.0
Aneurin Donald,Raj Limbani,2,7,0,0,0,1,0.0,350.0,7.0
Aneurin Donald,Rashid Khan,27,47,0,2,4,1,7.41,174.07,47.0
Aneurin Donald,Rasikh Dar,7,8,0,1,0,0,14.29,114.29,8.0
Aneurin Donald,Ravi Bishnoi,15,32,0,1,0,3,6.67,213.33,32.0
Aneurin Donald,Ravindra Jadeja,13,21,2,4,1,1,30.77,161.54,10.5
Aneurin Donald,Riyan Parag,12,17,0,2,1,0,16.67,141.67,17.0
Aneurin Donald,Sahan Arachchige,21,54,0,1,1,6,4.76,257.14,54.0
Aneurin Donald,Sam Curran,26,47,1,4,5,2,15.38,180.77,47.0
Aneurin Donald,Samant Jakhar,6,17,0,2,1,2,33.33,283.33,17.0
Aneurin Donald,Saransh Jain,12,22,1,2,3,0,16.67,183.33,22.0
Aneurin Donald,Sayan Ghosh,4,4,0,0,0,0,0.0,100.0,4.0
Aneurin Donald,Scott Curie,24,42,2,5,3,1,20.83,175.0,21.0
Aneurin Donald,Seekkuge Prasanna,7,23,0,0,0,3,0.0,328.57,23.0
Aneurin Donald,Shahbaz Ahmed,7,12,0,0,1,0,0.0,171.43,12.0
Aneurin Donald,Shardul Thakur,18,55,0,3,7,3,16.67,305.56,55.0
Aneurin Donald,Shiran Fernando,44,108,3,5,8,7,11.36,245.45,36.0
Aneurin Donald,Shivam Dube,54,97,5,12,7,5,22.22,179.63,19.4
Aneurin Donald,Shubham Agarwal,28,33,3,12,1,2,42.86,117.86,11.0
Aneurin Donald,Sonal Dinusha,6,16,0,2,1,1,33.33,266.67,16.0
Aneurin Donald,Sonny Baker,23,34,2,5,1,2,21.74,147.83,17.0
Aneurin Donald,Sunil Narine,22,42,0,2,2,3,9.09,190.91,42.0
Aneurin Donald,Tanay Thyagarajan,5,10,0,0,1,0,0.0,200.0,10.0
Aneurin Donald,Tilak Varma,5,8,0,1,1,0,20.0,160.0,8.0
Aneurin Donald,Vaisakh Chandran,27,62,0,1,4,4,3.7,229.63,62.0
Aneurin Donald,Varun Chakravarthy,6,18,0,0,2,1,0.0,300.0,18.0
Aneurin Donald,Vidwath Kaverappa,3,4,0,0,0,0,0.0,133.33,4.0
Aneurin Donald,Vishen Halambage,28,56,1,7,4,4,25.0,200.0,56.0
Aneurin Donald,Wanindu Hasaranga,8,9,1,3,1,0,37.5,112.5,9.0
Aneurin Donald,Washington Sundar,27,58,0,1,6,2,3.7,214.81,58.0
Aneurin Donald,Will Jacks,34,66,2,4,2,4,11.76,194.12,33.0
Aneurin Donald,Yash Thakur,24,29,2,5,1,1,20.83,120.83,14.5
Aneurin Donald,Yuvraj Chaudhary,6,16,0,1,1,1,16.67,266.67,16.0
Aneurin Donald,Yuzvendra Chahal,1,1,0,0,0,0,0.0,100.0,1.0
Angkrish Raghuvanshi,Adam Zampa,1,0,1,1,0,0,100.0,0.0,0.0
Angkrish Raghuvanshi,Akeal Hosein,11,17,0,2,0,1,18.18,154.55,17.0
Angkrish Raghuvanshi,Anrich Nortje,1,0,1,1,0,0,100.0,0.0,0.0
Angkrish Raghuvanshi,Anukul Roy,10,6,1,5,0,0,50.0,60.0,6.0
Angkrish Raghuvanshi,Ashok Sharma,4,11,0,0,2,0,0.0,275.0,11.0
Angkrish Raghuvanshi,Auqib Nabi,4,9,0,1,2,0,25.0,225.0,9.0
Angkrish Raghuvanshi,Avesh Khan,14,18,0,7,3,0,50.0,128.57,18.0
Angkrish Raghuvanshi,Cameron Green,1,0,0,1,0,0,100.0,0.0,0.0
Angkrish Raghuvanshi,Corbin Bosch,13,9,2,9,0,1,69.23,69.23,4.5
Angkrish Raghuvanshi,Glenton Stuurman,3,2,1,1,0,0,33.33,66.67,2.0
Angkrish Raghuvanshi,Harsh Dubey,15,19,0,7,3,0,46.67,126.67,19.0
Angkrish Raghuvanshi,Jamie Overton,8,3,0,5,0,0,62.5,37.5,3.0
Angkrish Raghuvanshi,Kartik Tyagi,3,1,0,2,0,0,66.67,33.33,1.0
Angkrish Raghuvanshi,Kuldeep Yadav,8,12,2,4,1,1,50.0,150.0,6.0
Angkrish Raghuvanshi,Mayank Markande,2,0,1,2,0,0,100.0,0.0,0.0
Angkrish Raghuvanshi,Pat Cummins,4,5,0,2,1,0,50.0,125.0,5.0
Angkrish Raghuvanshi,Prashant Solanki,19,14,1,14,1,1,73.68,73.68,14.0
Angkrish Raghuvanshi,Prashant Veer,9,9,0,3,0,0,33.33,100.0,9.0
Angkrish Raghuvanshi,Prince Yadav,8,10,0,5,0,1,62.5,125.0,10.0
Angkrish Raghuvanshi,Ravi Bishnoi,5,4,0,4,1,0,80.0,80.0,4.0
Angkrish Raghuvanshi,Shahbaz Ahmed,3,3,0,0,0,0,0.0,100.0,3.0
Angkrish Raghuvanshi,Shardul Thakur,1,0,0,1,0,0,100.0,0.0,0.0
Angkrish Raghuvanshi,Shiran Fernando,2,2,0,0,0,0,0.0,100.0,2.0
Angkrish Raghuvanshi,Sonny Baker,5,10,0,3,1,1,60.0,200.0,10.0
Angkrish Raghuvanshi,T Natarajan,2,1,1,1,0,0,50.0,50.0,1.0
Angkrish Raghuvanshi,Vaibhav Arora,12,18,0,4,1,1,33.33,150.0,18.0
Angkrish Raghuvanshi,Varun Chakravarthy,20,13,1,12,0,1,60.0,65.0,13.0
Angkrish Raghuvanshi,Washington Sundar,8,23,1,2,2,2,25.0,287.5,23.0
Aniket Verma,Akeal Hosein,2,0,1,2,0,0,100.0,0.0,0.0
Aniket Verma,Mohammed Shami,2,1,0,1,0,0,50.0,50.0,1.0
Aniket Verma,Yuzvendra Chahal,3,6,0,2,0,1,66.67,200.0,6.0
Ankit Kumar,Abhishek Sharma,4,10,0,0,2,0,0.0,250.0,10.0
Ankit Kumar,Adam Zampa,20,33,3,6,2,2,30.0,165.0,11.0
Ankit Kumar,Aiden Markram,2,2,0,0,0,0,0.0,100.0,2.0
Ankit Kumar,Ajay Dev Goud,9,12,0,2,1,0,22.22,133.33,12.0
Ankit Kumar,Akash Deep,10,15,0,0,1,0,0.0,150.0,15.0
Ankit Kumar,Akash Vasisht,6,8,0,1,1,0,16.67,133.33,8.0
Ankit Kumar,Akeal Hosein,12,14,1,6,2,0,50.0,116.67,14.0
Ankit Kumar,Allah Ghazanfar,20,22,0,10,0,2,50.0,110.0,22.0
Ankit Kumar,Anukul Roy,2,1,1,1,0,0,50.0,50.0,1.0
Ankit Kumar,Arpit Vasavada,12,9,1,4,0,0,33.33,75.0,9.0
Ankit Kumar,Arshdeep Singh,23,29,0,3,1,0,13.04,126.09,29.0
Ankit Kumar,Ashok Sharma,30,38,3,10,0,2,33.33,126.67,12.67
Ankit Kumar,Ashwin Das,25,31,1,3,0,0,12.0,124.0,31.0
Ankit Kumar,Atit Sheth,2,2,0,0,0,0,0.0,100.0,2.0
Ankit Kumar,Avinov Choudhary,23,29,0,3,2,0,13.04,126.09,29.0
Ankit Kumar,Axar Patel,9,15,1,1,0,1,11.11,166.67,15.0
Ankit Kumar,Bhuvneshwar Kumar,40,69,1,8,4,2,20.0,172.5,69.0
Ankit Kumar,Binura Fernando,12,28,1,2,1,3,16.67,233.33,28.0
Ankit Kumar,Blessing Muzarbani,11,10,0,5,1,0,45.45,90.91,10.0
Ankit Kumar,Brian Bennett,2,2,0,0,0,0,0.0,100.0,2.0
Ankit Kumar,CV Stephen,16,10,2,8,0,0,50.0,62.5,5.0
Ankit Kumar,Cameron Green,7,10,0,1,1,0,14.29,142.86,10.0
Ankit Kumar,Chetan Sakariya,6,3,1,3,0,0,50.0,50.0,3.0
Ankit Kumar,Corbin Bosch,2,4,0,0,0,0,0.0,200.0,4.0
Ankit Kumar,Darshan Nalkande,9,21,0,0,3,0,0.0,233.33,21.0
Ankit Kumar,Dasun Shanaka,5,10,0,0,1,0,0.0,200.0,10.0
Ankit Kumar,Dian Forrester,17,23,0,1,1,0,5.88,135.29,23.0
Ankit Kumar,Donovan Ferreira,10,26,0,3,1,3,30.0,260.0,26.0
Ankit Kumar,Duan Jansen,6,11,0,0,0,1,0.0,183.33,11.0
Ankit Kumar,Dushan Hemantha,14,18,2,6,1,1,42.86,128.57,9.0
Ankit Kumar,Gangam Anikethreddy,9,19,1,2,2,1,22.22,211.11,19.0
Ankit Kumar,Glenn Phillips,15,38,1,2,1,4,13.33,253.33,38.0
Ankit Kumar,Glenton Stuurman,20,20,0,3,1,0,15.0,100.0,20.0
Ankit Kumar,Gurinder Singh,45,77,0,6,1,5,13.33,171.11,77.0
Ankit Kumar,Gus Atkinson,28,62,1,3,3,5,10.71,221.43,62.0
Ankit Kumar,Hardik Pandya,52,67,1,12,3,2,23.08,128.85,67.0
Ankit Kumar,Harpreet Brar,39,95,2,3,10,5,7.69,243.59,47.5
Ankit Kumar,Harsh Dubey,12,24,1,3,1,2,25.0,200.0,24.0
Ankit Kumar,Harshal Patel,18,41,0,1,1,3,5.56,227.78,41.0
Ankit Kumar,Harshit Rana,3,3,1,1,0,0,33.33,100.0,3.0
Ankit Kumar,Ishant Sharma,4,7,1,2,0,1,50.0,175.0,7.0
Ankit Kumar,Jack Edwards,14,29,0,1,2,2,7.14,207.14,29.0
Ankit Kumar,Jacques Snyman,9,6,1,4,0,0,44.44,66.67,6.0
Ankit Kumar,Jason Holder,5,10,1,1,0,1,20.0,200.0,10.0
Ankit Kumar,Joel Davies,23,26,1,2,0,0,8.7,113.04,26.0
Ankit Kumar,Jofra Archer,7,17,0,1,1,1,14.29,242.86,17.0
Ankit Kumar,Josh Hazlewood,9,13,1,1,1,0,11.11,144.44,13.0
Ankit Kumar,KM Asif,9,10,0,5,1,0,55.56,111.11,10.0
Ankit Kumar,Kagiso Rabada,11,13,1,2,1,0,18.18,118.18,13.0
Ankit Kumar,Khaleel Ahmed,28,46,1,2,2,1,7.14,164.29,46.0
Ankit Kumar,Kranthi Kumar,17,17,0,3,0,0,17.65,100.0,17.0
Ankit Kumar,Krunal Pandya,11,37,0,0,1,4,0.0,336.36,37.0
Ankit Kumar,Kuldeep Yadav,17,19,1,3,0,0,17.65,111.76,19.0
Ankit Kumar,Lalit Yadav,13,26,0,1,1,2,7.69,200.0,26.0
Ankit Kumar,Liam Livingstone,19,25,1,2,2,0,10.53,131.58,25.0
Ankit Kumar,Lone Nasir Muzaffar,14,28,0,1,3,0,7.14,200.0,28.0
Ankit Kumar,Lungi Ngidi,38,43,0,8,1,0,21.05,113.16,43.0
Ankit Kumar,Malinda Pushpakumara,23,52,0,2,5,2,8.7,226.09,52.0
Ankit Kumar,Manav Suthar,10,13,1,4,2,0,40.0,130.0,13.0
Ankit Kumar,Manisankar Murasingh,18,29,0,4,2,1,22.22,161.11,29.0
Ankit Kumar,Matt Henry,7,8,2,2,1,0,28.57,114.29,4.0
Ankit Kumar,Matthew Forde,8,10,1,1,0,0,12.5,125.0,10.0
Ankit Kumar,Mitchell Marsh,4,14,0,0,0,2,0.0,350.0,14.0
Ankit Kumar,Mitchell Santner,7,15,0,0,1,1,0.0,214.29,15.0
Ankit Kumar,Mitchell Starc,6,5,0,1,0,0,16.67,83.33,5.0
Ankit Kumar,Mohammed Shami,12,12,1,3,0,0,25.0,100.0,12.0
Ankit Kumar,Mohammed Siraj,10,18,0,0,2,0,0.0,180.0,18.0
Ankit Kumar,Mohsin Khan,6,10,0,0,1,0,0.0,166.67,10.0
Ankit Kumar,Mridul Surroch,44,113,5,5,9,7,11.36,256.82,22.6
Ankit Kumar,Mukhtar Hussain,10,24,2,3,2,2,30.0,240.0,12.0
Ankit Kumar,Naman Dhir,4,7,1,1,1,0,25.0,175.0,7.0
Ankit Kumar,Nathan Ellis,3,4,0,0,0,0,0.0,133.33,4.0
Ankit Kumar,Nishant Sindhu,15,35,0,1,4,1,6.67,233.33,35.0
Ankit Kumar,Nitish Kumar Reddy,45,103,1,4,8,6,8.89,228.89,103.0
Ankit Kumar,Nitish Rana,7,19,0,0,2,1,0.0,271.43,19.0
Ankit Kumar,Ottneil Baartman,23,41,0,4,1,3,17.39,178.26,41.0
Ankit Kumar,Pat Cummins,32,49,1,6,5,1,18.75,153.12,49.0
Ankit Kumar,Prabath Jayasuriya,18,38,1,3,0,4,16.67,211.11,38.0
Ankit Kumar,Prashant Veer,7,11,0,0,1,0,0.0,157.14,11.0
Ankit Kumar,Prince Yadav,15,24,1,1,0,1,6.67,160.0,24.0
Ankit Kumar,Rachin Ravindra,12,15,0,4,0,1,33.33,125.0,15.0
Ankit Kumar,Raj Angad Bawa,12,18,0,1,1,0,8.33,150.0,18.0
Ankit Kumar,Rashid Khan,31,51,1,6,2,3,19.35,164.52,51.0
Ankit Kumar,Ravi Bishnoi,14,14,1,5,1,0,35.71,100.0,14.0
Ankit Kumar,Ravi Teja,17,28,1,5,2,2,29.41,164.71,28.0
Ankit Kumar,Ravindra Jadeja,29,54,1,4,4,2,13.79,186.21,54.0
Ankit Kumar,Riyan Parag,2,2,0,0,0,0,0.0,100.0,2.0
Ankit Kumar,Romario Shepherd,17,39,1,2,4,2,11.76,229.41,39.0
Ankit Kumar,Sahan Arachchige,23,38,0,5,1,3,21.74,165.22,38.0
Ankit Kumar,Sairaj Patil,5,15,0,0,1,1,0.0,300.0,15.0
Ankit Kumar,Sakib Hussain,4,11,0,1,1,1,25.0,275.0,11.0
Ankit Kumar,Sam Curran,14,15,1,2,1,0,14.29,107.14,15.0
Ankit Kumar,Scott Curie,23,45,0,0,1,2,0.0,195.65,45.0
Ankit Kumar,Seekkuge Prasanna,2,1,1,1,0,0,50.0,50.0,1.0
Ankit Kumar,Shahbaz Ahmed,17,41,0,3,4,2,17.65,241.18,41.0
Ankit Kumar,Shardul Thakur,2,4,1,1,1,0,50.0,200.0,4.0
Ankit Kumar,Shiran Fernando,29,64,0,3,1,5,10.34,220.69,64.0
Ankit Kumar,Shivam Dube,10,11,0,3,1,0,30.0,110.0,11.0
Ankit Kumar,Shivam Mavi,4,4,0,0,0,0,0.0,100.0,4.0
Ankit Kumar,Shivam Shukla,22,38,0,6,5,1,27.27,172.73,38.0
Ankit Kumar,Shubham Agarwal,18,32,2,5,2,2,27.78,177.78,16.0
Ankit Kumar,Sonny Baker,25,48,2,4,6,1,16.0,192.0,24.0
Ankit Kumar,Sunil Narine,21,38,0,3,3,2,14.29,180.95,38.0
Ankit Kumar,Sushant Mishra,8,12,1,4,1,1,50.0,150.0,12.0
Ankit Kumar,Tilak Varma,7,8,0,0,0,0,0.0,114.29,8.0
Ankit Kumar,Umesh Yadav,7,8,0,2,1,0,28.57,114.29,8.0
Ankit Kumar,Vaisakh Chandran,9,14,1,2,0,1,22.22,155.56,14.0
Ankit Kumar,Varun Chakravarthy,13,23,0,2,2,1,15.38,176.92,23.0
Ankit Kumar,Vasuki Koushik,6,13,0,2,1,1,33.33,216.67,13.0
Ankit Kumar,Vishen Halambage,75,138,3,16,5,9,21.33,184.0,46.0
Ankit Kumar,Wanindu Hasaranga,11,9,1,3,0,0,27.27,81.82,9.0
Ankit Kumar,Washington Sundar,33,54,0,4,3,2,12.12,163.64,54.0
Ankit Kumar,Will Jacks,33,54,0,5,4,1,15.15,163.64,54.0
Ankit Kumar,Yash Thakur,22,65,2,6,3,7,27.27,295.45,32.5
Ankit Kumar,Yuvraj Chaudhary,1,1,0,0,0,0,0.0,100.0,1.0
Ankit Kumar,Yuzvendra Chahal,10,23,0,1,2,1,10.0,230.0,23.0
Anrich Nortje,Anrich Nortje,5,4,2,4,1,0,80.0,80.0,2.0
Anrich Nortje,Avinov Choudhary,4,2,1,2,0,0,50.0,50.0,2.0
Anshul Kamboj,Allah Ghazanfar,1,0,1,1,0,0,100.0,0.0,0.0
Anshul Kamboj,Ashok Sharma,1,1,0,0,0,0,0.0,100.0,1.0
Anshul Kamboj,Bhuvneshwar Kumar,8,7,2,3,0,0,37.5,87.5,3.5
Anshul Kamboj,Kagiso Rabada,2,4,0,0,0,0,0.0,200.0,4.0
Anshul Kamboj,Matthew Forde,2,3,0,0,0,0,0.0,150.0,3.0
Anshul Kamboj,Mohammed Shami,1,1,0,0,0,0,0.0,100.0,1.0
Anshul Kamboj,Mohammed Siraj,3,2,1,1,0,0,33.33,66.67,2.0
Anshul Kamboj,Mohsin Khan,2,3,0,0,0,0,0.0,150.0,3.0
Anshul Kamboj,Praveen Jayawickrama,3,3,0,0,0,0,0.0,100.0,3.0
Anshul Kamboj,Ravi Bishnoi,3,3,0,0,0,0,0.0,100.0,3.0
Anshul Kamboj,Ravindra Jadeja,5,6,1,1,0,0,20.0,120.0,6.0
Anshul Kamboj,Shiran Fernando,3,2,1,2,0,0,66.67,66.67,2.0
Anshul Kamboj,Vishen Halambage,1,1,0,0,0,0,0.0,100.0,1.0
Anshul Kamboj,Washington Sundar,1,0,1,1,0,0,100.0,0.0,0.0
Anuj Rawat,Akeal Hosein,1,1,0,0,0,0,0.0,100.0,1.0
Anuj Rawat,Anrich Nortje,1,1,0,0,0,0,0.0,100.0,1.0
Anuj Rawat,Auqib Nabi,3,1,1,2,0,0,66.67,33.33,1.0
Anuj Rawat,Avesh Khan,7,9,1,3,0,1,42.86,128.57,9.0
Anuj Rawat,Bhuvneshwar Kumar,10,8,0,5,1,0,50.0,80.0,8.0
Anuj Rawat,Harsh Dubey,1,1,0,0,0,0,0.0,100.0,1.0
Anuj Rawat,Josh Hazlewood,7,2,1,5,0,0,71.43,28.57,2.0
Anuj Rawat,Khaleel Ahmed,8,13,0,1,2,0,12.5,162.5,13.0
Anuj Rawat,Liam Livingstone,6,9,0,1,1,0,16.67,150.0,9.0
Anuj Rawat,Mohammed Shami,1,0,1,1,0,0,100.0,0.0,0.0
Anuj Rawat,Mukesh Kumar,12,15,0,3,0,0,25.0,125.0,15.0
Anuj Rawat,Ramakrishna Ghosh,8,19,0,2,1,2,25.0,237.5,19.0
Anuj Rawat,Shardul Thakur,2,2,0,0,0,0,0.0,100.0,2.0
Anuj Rawat,Shivam Mavi,8,11,0,5,1,1,62.5,137.5,11.0
Anuj Rawat,Sunil Narine,16,6,1,11,0,0,68.75,37.5,6.0
Anuj Rawat,Vaibhav Arora,6,17,0,0,2,1,0.0,283.33,17.0
Anuj Rawat,Varun Chakravarthy,4,4,0,1,0,0,25.0,100.0,4.0
Anukul Roy,Adam Zampa,11,18,1,2,1,1,18.18,163.64,18.0
Anukul Roy,Ajay Dev Goud,4,7,0,0,0,0,0.0,175.0,7.0
Anukul Roy,Akash Vasisht,2,3,0,0,0,0,0.0,150.0,3.0
Anukul Roy,Akeal Hosein,20,30,1,3,1,1,15.0,150.0,30.0
Anukul Roy,Allah Ghazanfar,3,7,0,0,1,0,0.0,233.33,7.0
Anukul Roy,Arpit Vasavada,8,9,0,1,0,0,12.5,112.5,9.0
Anukul Roy,Arshdeep Singh,9,14,1,3,2,0,33.33,155.56,14.0
Anukul Roy,Ashok Sharma,6,10,0,0,0,0,0.0,166.67,10.0
Anukul Roy,Ashwin Das,4,7,0,0,1,0,0.0,175.0,7.0
Anukul Roy,Avinov Choudhary,7,21,0,0,3,1,0.0,300.0,21.0
Anukul Roy,Axar Patel,3,8,0,0,0,1,0.0,266.67,8.0
Anukul Roy,Bhuvneshwar Kumar,9,10,2,5,2,0,55.56,111.11,5.0
Anukul Roy,Brian Bennett,2,3,0,0,0,0,0.0,150.0,3.0
Anukul Roy,Corbin Bosch,6,11,0,1,0,1,16.67,183.33,11.0
Anukul Roy,Dian Forrester,7,15,0,1,1,1,14.29,214.29,15.0
Anukul Roy,Dinuka Dilshan,2,4,0,0,0,0,0.0,200.0,4.0
Anukul Roy,Eshan Malinga,2,6,0,1,0,1,50.0,300.0,6.0
Anukul Roy,Glenton Stuurman,10,23,0,1,2,1,10.0,230.0,23.0
Anukul Roy,Gurinder Singh,12,15,1,2,1,0,16.67,125.0,15.0
Anukul Roy,Hardik Pandya,5,9,0,1,1,0,20.0,180.0,9.0
Anukul Roy,Harpreet Brar,15,24,1,2,3,0,13.33,160.0,24.0
Anukul Roy,Harsh Dubey,2,2,0,0,0,0,0.0,100.0,2.0
Anukul Roy,Jason Holder,5,10,0,0,0,1,0.0,200.0,10.0
Anukul Roy,Jaydev Unadkat,3,2,0,1,0,0,33.33,66.67,2.0
Anukul Roy,Joel Davies,7,5,1,2,0,0,28.57,71.43,5.0
Anukul Roy,Josh Hazlewood,2,4,1,1,1,0,50.0,200.0,4.0
Anukul Roy,KM Asif,3,5,1,1,1,0,33.33,166.67,5.0
Anukul Roy,Kartik Tyagi,1,2,0,0,0,0,0.0,200.0,2.0
Anukul Roy,Kranthi Kumar,2,4,1,1,1,0,50.0,200.0,4.0
Anukul Roy,Kuldeep Yadav,23,36,3,5,0,2,21.74,156.52,12.0
Anukul Roy,Lalit Yadav,3,4,0,0,0,0,0.0,133.33,4.0
Anukul Roy,Liam Livingstone,4,4,1,3,1,0,75.0,100.0,4.0
Anukul Roy,Malinda Pushpakumara,20,43,1,6,2,4,30.0,215.0,43.0
Anukul Roy,Matheesha Pathirana,4,2,1,3,0,0,75.0,50.0,2.0
Anukul Roy,Matt Henry,1,1,0,0,0,0,0.0,100.0,1.0
Anukul Roy,Mitchell Starc,13,16,1,3,1,0,23.08,123.08,16.0
Anukul Roy,Mohammed Shami,1,1,0,0,0,0,0.0,100.0,1.0
Anukul Roy,Mohammed Siraj,9,7,2,6,1,0,66.67,77.78,3.5
Anukul Roy,Nitish Kumar Reddy,1,0,1,1,0,0,100.0,0.0,0.0
Anukul Roy,Pat Cummins,5,4,2,4,1,0,80.0,80.0,2.0
Anukul Roy,Prabath Jayasuriya,3,13,0,0,0,2,0.0,433.33,13.0
Anukul Roy,Prashant Solanki,8,9,1,2,1,0,25.0,112.5,9.0
Anukul Roy,Prashant Veer,8,4,1,5,0,0,62.5,50.0,4.0
Anukul Roy,Rachin Ravindra,1,1,0,0,0,0,0.0,100.0,1.0
Anukul Roy,Raj Angad Bawa,5,12,1,1,1,1,20.0,240.0,12.0
Anukul Roy,Rasikh Dar,2,7,0,0,0,1,0.0,350.0,7.0
Anukul Roy,Ravi Bishnoi,6,3,0,3,0,0,50.0,50.0,3.0
Anukul Roy,Ravindra Jadeja,4,12,0,0,1,1,0.0,300.0,12.0
Anukul Roy,Riyan Parag,3,11,0,0,1,1,0.0,366.67,11.0
Anukul Roy,Sahan Arachchige,9,12,1,2,1,0,22.22,133.33,12.0
Anukul Roy,Sam Curran,8,9,0,0,0,0,0.0,112.5,9.0
Anukul Roy,Scott Curie,1,0,1,1,0,0,100.0,0.0,0.0
Anukul Roy,Shahbaz Ahmed,5,9,1,1,0,1,20.0,180.0,9.0
Anukul Roy,Shiran Fernando,29,68,1,2,8,2,6.9,234.48,68.0
Anukul Roy,Shivam Dube,4,18,0,1,0,3,25.0,450.0,18.0
Anukul Roy,Shivam Mavi,1,0,1,1,0,0,100.0,0.0,0.0
Anukul Roy,Shubham Agarwal,12,24,0,4,0,3,33.33,200.0,24.0
Anukul Roy,Sonny Baker,6,14,0,0,1,1,0.0,233.33,14.0
Anukul Roy,Sunil Narine,8,10,0,3,0,1,37.5,125.0,10.0
Anukul Roy,T Natarajan,8,20,0,1,1,2,12.5,250.0,20.0
Anukul Roy,Tanay Thyagarajan,2,4,0,0,0,0,0.0,200.0,4.0
Anukul Roy,Tilak Varma,8,12,0,4,1,1,50.0,150.0,12.0
Anukul Roy,Vaisakh Chandran,6,8,0,0,0,0,0.0,133.33,8.0
Anukul Roy,Vishen Halambage,4,2,1,2,0,0,50.0,50.0,2.0
Anukul Roy,Wanindu Hasaranga,12,25,0,2,1,2,16.67,208.33,25.0
Anukul Roy,Washington Sundar,10,14,2,2,1,0,20.0,140.0,7.0
Arjun Tendulkar,Bhuvneshwar Kumar,4,0,1,4,0,0,100.0,0.0,0.0
Arjun Tendulkar,Harshal Patel,2,0,0,2,0,0,100.0,0.0,0.0
Arjun Tendulkar,Josh Hazlewood,1,1,0,0,0,0,0.0,100.0,1.0
Arjun Tendulkar,KC Cariappa,3,0,1,3,0,0,100.0,0.0,0.0
Arjun Tendulkar,Lungi Ngidi,2,2,0,0,0,0,0.0,100.0,2.0
Arjun Tendulkar,Mitchell Starc,8,6,0,3,0,0,37.5,75.0,6.0
Arjun Tendulkar,Prashant Veer,15,3,1,12,0,0,80.0,20.0,3.0
Arjun Tendulkar,Ravindra Jadeja,17,27,0,6,5,0,35.29,158.82,27.0
Arjun Tendulkar,Wanindu Hasaranga,4,2,0,2,0,0,50.0,50.0,2.0
Arpit Vasavada,Adam Zampa,11,18,1,1,2,0,9.09,163.64,18.0
Arpit Vasavada,Ajay Dev Goud,3,4,0,0,0,0,0.0,133.33,4.0
Arpit Vasavada,Akash Vasisht,8,4,2,5,0,0,62.5,50.0,2.0
Arpit Vasavada,Akeal Hosein,8,9,1,5,2,0,62.5,112.5,9.0
Arpit Vasavada,Anukul Roy,3,8,0,1,1,0,33.33,266.67,8.0
Arpit Vasavada,Ashok Sharma,25,43,1,6,2,3,24.0,172.0,43.0
Arpit Vasavada,Bhuvneshwar Kumar,5,9,0,1,0,1,20.0,180.0,9.0
Arpit Vasavada,Brian Bennett,6,10,0,1,0,1,16.67,166.67,10.0
Arpit Vasavada,CV Stephen,1,1,0,0,0,0,0.0,100.0,1.0
Arpit Vasavada,Gurinder Singh,8,7,1,2,0,0,25.0,87.5,7.0
Arpit Vasavada,Gurnoor Singh Brar,2,2,0,0,0,0,0.0,100.0,2.0
Arpit Vasavada,Hardik Pandya,3,2,0,1,0,0,33.33,66.67,2.0
Arpit Vasavada,Harpreet Brar,10,12,1,2,1,0,20.0,120.0,12.0
Arpit Vasavada,Joel Davies,1,0,1,1,0,0,100.0,0.0,0.0
Arpit Vasavada,Karan Lal,1,1,0,0,0,0,0.0,100.0,1.0
Arpit Vasavada,Kranthi Kumar,2,1,1,1,0,0,50.0,50.0,1.0
Arpit Vasavada,Krunal Pandya,5,12,0,1,2,0,20.0,240.0,12.0
Arpit Vasavada,Kuldeep Yadav,23,33,0,8,2,2,34.78,143.48,33.0
Arpit Vasavada,Malinda Pushpakumara,27,35,5,8,2,1,29.63,129.63,7.0
Arpit Vasavada,Manav Suthar,2,2,0,0,0,0,0.0,100.0,2.0
Arpit Vasavada,Mitchell Starc,3,3,1,1,0,0,33.33,100.0,3.0
Arpit Vasavada,Mohsin Khan,5,6,0,0,0,0,0.0,120.0,6.0
Arpit Vasavada,Mukhtar Hussain,5,10,0,1,0,1,20.0,200.0,10.0
Arpit Vasavada,Nathan Ellis,3,9,0,0,1,0,0.0,300.0,9.0
Arpit Vasavada,Nimesh Vimukthi,1,1,0,0,0,0,0.0,100.0,1.0
Arpit Vasavada,Rachin Ravindra,10,19,1,2,1,1,20.0,190.0,19.0
Arpit Vasavada,Ravindra Jadeja,2,1,1,1,0,0,50.0,50.0,1.0
Arpit Vasavada,Sai Kishore,2,2,0,0,0,0,0.0,100.0,2.0
Arpit Vasavada,Scott Curie,10,21,1,1,1,1,10.0,210.0,21.0
Arpit Vasavada,Seekkuge Prasanna,6,24,2,2,0,4,33.33,400.0,12.0
Arpit Vasavada,Shubham Agarwal,5,7,0,0,0,0,0.0,140.0,7.0
Arpit Vasavada,Sonny Baker,3,2,1,1,0,0,33.33,66.67,2.0
Arpit Vasavada,Tanay Thyagarajan,1,1,0,0,0,0,0.0,100.0,1.0
Arpit Vasavada,Varun Chakravarthy,14,26,3,3,1,2,21.43,185.71,8.67
Arpit Vasavada,Vishen Halambage,8,12,1,2,0,1,25.0,150.0,12.0
Arpit Vasavada,Wanindu Hasaranga,11,16,1,2,1,0,18.18,145.45,16.0
Arpit Vasavada,Washington Sundar,4,15,0,0,2,1,0.0,375.0,15.0
Arshdeep Singh,Adam Zampa,1,0,1,1,0,0,100.0,0.0,0.0
Arshdeep Singh,Akash Vasisht,6,0,2,6,0,0,100.0,0.0,0.0
Arshdeep Singh,Akeal Hosein,4,0,0,4,0,0,100.0,0.0,0.0
Arshdeep Singh,Ben Stokes,3,3,0,1,0,0,33.33,100.0,3.0
Arshdeep Singh,CV Stephen,3,0,1,3,0,0,100.0,0.0,0.0
Arshdeep Singh,Cameron Green,1,0,1,1,0,0,100.0,0.0,0.0
Arshdeep Singh,Chetan Sakariya,1,0,1,1,0,0,100.0,0.0,0.0
Arshdeep Singh,Darshan Nalkande,1,0,1,1,0,0,100.0,0.0,0.0
Arshdeep Singh,Dian Forrester,2,1,1,1,0,0,50.0,50.0,1.0
Arshdeep Singh,Dushan Hemantha,3,3,0,1,0,0,33.33,100.0,3.0
Arshdeep Singh,Gurinder Singh,2,1,0,1,0,0,50.0,50.0,1.0
Arshdeep Singh,Gus Atkinson,2,4,1,1,1,0,50.0,200.0,4.0
Arshdeep Singh,Hardik Pandya,4,5,2,2,1,0,50.0,125.0,2.5
Arshdeep Singh,Harpreet Brar,5,2,1,3,0,0,60.0,40.0,2.0
Arshdeep Singh,Harsh Dubey,4,0,0,4,0,0,100.0,0.0,0.0
Arshdeep Singh,Jamie Overton,1,1,0,0,0,0,0.0,100.0,1.0
Arshdeep Singh,Josh Hazlewood,1,1,0,0,0,0,0.0,100.0,1.0
Arshdeep Singh,KM Asif,7,5,1,3,0,0,42.86,71.43,5.0
Arshdeep Singh,Kuldeep Yadav,2,0,2,2,0,0,100.0,0.0,0.0
Arshdeep Singh,Lungi Ngidi,2,0,2,2,0,0,100.0,0.0,0.0
Arshdeep Singh,Malinda Pushpakumara,6,15,1,2,2,1,33.33,250.0,15.0
Arshdeep Singh,Mitchell Starc,4,8,1,1,0,1,25.0,200.0,8.0
Arshdeep Singh,Mohammed Siraj,3,8,1,1,2,0,33.33,266.67,8.0
Arshdeep Singh,Nathan Ellis,1,0,1,1,0,0,100.0,0.0,0.0
Arshdeep Singh,Nishan Peiris,1,1,0,0,0,0,0.0,100.0,1.0
Arshdeep Singh,Noor Ahmad,10,9,1,2,0,0,20.0,90.0,9.0
Arshdeep Singh,Pat Cummins,2,7,0,0,0,1,0.0,350.0,7.0
Arshdeep Singh,Prabath Jayasuriya,6,7,0,0,0,0,0.0,116.67,7.0
Arshdeep Singh,Praveen Jayawickrama,1,1,0,0,0,0,0.0,100.0,1.0
Arshdeep Singh,Rasikh Dar,3,0,1,3,0,0,100.0,0.0,0.0
Arshdeep Singh,Ravi Bishnoi,3,5,0,0,0,0,0.0,166.67,5.0
Arshdeep Singh,Riyan Parag,3,7,0,1,0,1,33.33,233.33,7.0
Arshdeep Singh,Sahan Arachchige,9,8,4,5,1,0,55.56,88.89,2.0
Arshdeep Singh,Sairaj Patil,3,4,0,0,0,0,0.0,133.33,4.0
Arshdeep Singh,Shiran Fernando,14,17,0,0,0,0,0.0,121.43,17.0
Arshdeep Singh,Shivang Kumar,3,1,0,2,0,0,66.67,33.33,1.0
Arshdeep Singh,Varun Chakravarthy,3,2,1,1,0,0,33.33,66.67,2.0
Arshdeep Singh,Wanindu Hasaranga,3,6,1,2,0,1,66.67,200.0,6.0
Arshdeep Singh,Will Jacks,4,0,2,4,0,0,100.0,0.0,0.0
Arshin Kulkarni,Auqib Nabi,4,7,0,1,1,0,25.0,175.0,7.0
Arshin Kulkarni,Krunal Pandya,10,17,0,4,2,1,40.0,170.0,17.0
Arshin Kulkarni,Mukesh Choudhary,1,1,0,0,0,0,0.0,100.0,1.0
Arshin Kulkarni,Nitish Kumar Reddy,2,7,0,0,0,1,0.0,350.0,7.0
Arshin Kulkarni,Umran Malik,4,0,1,4,0,0,100.0,0.0,0.0
Arshin Kulkarni,Yuzvendra Chahal,5,1,0,4,0,0,80.0,20.0,1.0
Arshin Kulkarni,Zeeshan Ansari,3,7,0,1,0,1,33.33,233.33,7.0
Ashish Singh,Mohsin Khan,2,2,0,0,0,0,0.0,100.0,2.0
Ashish Singh,Varun Chakravarthy,4,3,1,2,0,0,50.0,75.0,3.0
Ashok Sharma,Adam Zampa,21,24,5,7,2,0,33.33,114.29,4.8
Ashok Sharma,Ajay Dev Goud,1,0,1,1,0,0,100.0,0.0,0.0
Ashok Sharma,Akash Vasisht,8,7,0,2,0,0,25.0,87.5,7.0
Ashok Sharma,Akeal Hosein,2,1,1,1,0,0,50.0,50.0,1.0
Ashok Sharma,Anukul Roy,2,0,1,2,0,0,100.0,0.0,0.0
Ashok Sharma,Arshdeep Singh,14,19,0,2,1,0,14.29,135.71,19.0
Ashok Sharma,Ashok Sharma,5,4,1,3,0,0,60.0,80.0,4.0
Ashok Sharma,Axar Patel,4,3,1,2,0,0,50.0,75.0,3.0
Ashok Sharma,Ben Stokes,3,3,0,0,0,0,0.0,100.0,3.0
Ashok Sharma,Bhuvneshwar Kumar,10,17,0,1,2,0,10.0,170.0,17.0
Ashok Sharma,Binura Fernando,5,3,0,3,0,0,60.0,60.0,3.0
Ashok Sharma,Brian Bennett,11,14,0,2,1,0,18.18,127.27,14.0
Ashok Sharma,CV Stephen,5,3,1,2,0,0,40.0,60.0,3.0
Ashok Sharma,Chetan Sakariya,3,1,2,2,0,0,66.67,33.33,0.5
Ashok Sharma,Codanda Ajit Karthik,4,8,0,2,0,1,50.0,200.0,8.0
Ashok Sharma,Dian Forrester,21,15,5,11,1,0,52.38,71.43,3.0
Ashok Sharma,Dushan Hemantha,13,17,2,4,0,1,30.77,130.77,8.5
Ashok Sharma,Gangam Anikethreddy,2,2,0,0,0,0,0.0,100.0,2.0
Ashok Sharma,Gurinder Singh,9,14,2,5,0,2,55.56,155.56,7.0
Ashok Sharma,Hardik Pandya,13,16,1,3,1,0,23.08,123.08,16.0
Ashok Sharma,Harpreet Brar,15,26,2,4,2,1,26.67,173.33,13.0
Ashok Sharma,Harshal Patel,5,15,1,1,2,1,20.0,300.0,15.0
Ashok Sharma,Harshit Rana,1,3,0,0,0,0,0.0,300.0,3.0
Ashok Sharma,Jasprit Bumrah,6,10,0,2,2,0,33.33,166.67,10.0
Ashok Sharma,Joel Davies,1,0,1,1,0,0,100.0,0.0,0.0
Ashok Sharma,Josh Hazlewood,15,18,3,6,1,1,40.0,120.0,6.0
Ashok Sharma,KM Asif,5,13,0,1,1,1,20.0,260.0,13.0
Ashok Sharma,Kagiso Rabada,2,2,0,0,0,0,0.0,100.0,2.0
Ashok Sharma,Karan Lal,2,2,0,0,0,0,0.0,100.0,2.0
Ashok Sharma,Kranthi Kumar,3,4,1,1,0,0,33.33,133.33,4.0
Ashok Sharma,Kuldeep Yadav,3,8,0,0,0,1,0.0,266.67,8.0
Ashok Sharma,Liam Livingstone,1,3,0,0,0,0,0.0,300.0,3.0
Ashok Sharma,Malinda Pushpakumara,15,20,2,5,0,1,33.33,133.33,10.0
Ashok Sharma,Marcus Stoinis,4,7,0,1,1,0,25.0,175.0,7.0
Ashok Sharma,Matheesha Pathirana,11,22,2,3,2,1,27.27,200.0,11.0
Ashok Sharma,Matthew Forde,1,1,0,0,0,0,0.0,100.0,1.0
Ashok Sharma,Mitchell Owen,2,6,1,1,0,1,50.0,300.0,6.0
Ashok Sharma,Mitchell Starc,21,23,1,3,0,0,14.29,109.52,23.0
Ashok Sharma,Mohammed Shami,2,0,1,2,0,0,100.0,0.0,0.0
Ashok Sharma,Mohammed Siraj,16,27,3,3,0,2,18.75,168.75,9.0
Ashok Sharma,Nandre Burger,4,20,0,0,0,3,0.0,500.0,20.0
Ashok Sharma,Nathan Ellis,10,16,0,2,2,0,20.0,160.0,16.0
Ashok Sharma,Nishan Peiris,2,1,1,1,0,0,50.0,50.0,1.0
Ashok Sharma,Noor Ahmad,5,5,2,3,1,0,60.0,100.0,2.5
Ashok Sharma,Ottneil Baartman,2,0,1,2,0,0,100.0,0.0,0.0
Ashok Sharma,Pat Cummins,7,11,0,0,1,0,0.0,157.14,11.0
Ashok Sharma,Prabath Jayasuriya,8,10,0,2,1,0,25.0,125.0,10.0
Ashok Sharma,Prashant Veer,5,3,0,3,0,0,60.0,60.0,3.0
Ashok Sharma,Praveen Jayawickrama,8,6,0,3,0,0,37.5,75.0,6.0
Ashok Sharma,Prince Yadav,3,11,0,0,1,1,0.0,366.67,11.0
Ashok Sharma,Rachin Ravindra,3,2,0,1,0,0,33.33,66.67,2.0
Ashok Sharma,Rashid Khan,1,1,0,0,0,0,0.0,100.0,1.0
Ashok Sharma,Rasikh Dar,1,1,0,0,0,0,0.0,100.0,1.0
Ashok Sharma,Ravi Bishnoi,13,9,1,5,0,0,38.46,69.23,9.0
Ashok Sharma,Ravi Teja,1,6,0,0,0,1,0.0,600.0,6.0
Ashok Sharma,Ravindra Jadeja,5,6,1,1,0,0,20.0,120.0,6.0
Ashok Sharma,Sahan Arachchige,16,14,2,8,1,0,50.0,87.5,7.0
Ashok Sharma,Sairaj Patil,7,13,0,0,0,1,0.0,185.71,13.0
Ashok Sharma,Sam Curran,8,9,0,2,1,0,25.0,112.5,9.0
Ashok Sharma,Samant Jakhar,3,3,0,0,0,0,0.0,100.0,3.0
Ashok Sharma,Sanvir Singh,5,11,0,0,2,0,0.0,220.0,11.0
Ashok Sharma,Sayan Ghosh,4,11,0,0,0,1,0.0,275.0,11.0
Ashok Sharma,Scott Curie,7,4,2,3,0,0,42.86,57.14,2.0
Ashok Sharma,Seekkuge Prasanna,5,6,1,1,0,0,20.0,120.0,6.0
Ashok Sharma,Senitha Halambage,1,4,0,0,1,0,0.0,400.0,4.0
Ashok Sharma,Shahbaz Ahmed,10,8,0,4,0,0,40.0,80.0,8.0
Ashok Sharma,Shiran Fernando,22,24,3,10,2,1,45.45,109.09,8.0
Ashok Sharma,Shivang Kumar,2,1,0,1,0,0,50.0,50.0,1.0
Ashok Sharma,Shubham Agarwal,7,6,1,4,1,0,57.14,85.71,6.0
Ashok Sharma,Sikandar Raza,2,1,1,1,0,0,50.0,50.0,1.0
Ashok Sharma,Sonny Baker,3,1,1,2,0,0,66.67,33.33,1.0
Ashok Sharma,Suyash Sharma,2,1,0,1,0,0,50.0,50.0,1.0
Ashok Sharma,Tanay Thyagarajan,8,8,1,4,1,0,50.0,100.0,8.0
Ashok Sharma,Vaisakh Chandran,1,1,0,0,0,0,0.0,100.0,1.0
Ashok Sharma,Varun Chakravarthy,8,14,0,1,2,0,12.5,175.0,14.0
Ashok Sharma,Vishen Halambage,12,10,1,3,0,0,25.0,83.33,10.0
Ashok Sharma,Wanindu Hasaranga,7,8,2,3,1,0,42.86,114.29,4.0
Ashok Sharma,Washington Sundar,5,2,0,3,0,0,60.0,40.0,2.0
Ashok Sharma,Will Jacks,6,8,0,1,1,0,16.67,133.33,8.0
Ashton Turner,Abhishek Sharma,1,1,0,0,0,0,0.0,100.0,1.0
Ashton Turner,Dunith Wellalage,4,5,0,1,0,0,25.0,125.0,5.0
Ashton Turner,Harpreet Brar,1,0,1,1,0,0,100.0,0.0,0.0
Ashton Turner,Isitha Wijesundara,8,17,0,2,3,0,25.0,212.5,17.0
Ashton Turner,Karan Lal,1,0,1,1,0,0,100.0,0.0,0.0
Ashton Turner,Maheesh Theekshana,4,7,0,2,0,1,50.0,175.0,7.0
Ashton Turner,Matthew Forde,2,7,0,0,0,1,0.0,350.0,7.0
Ashton Turner,Mohsin Khan,3,3,0,0,0,0,0.0,100.0,3.0
Ashton Turner,Nimesh Vimukthi,3,7,0,1,0,1,33.33,233.33,7.0
Ashton Turner,Rachin Ravindra,4,6,1,1,0,0,25.0,150.0,6.0
Ashton Turner,Raj Limbani,4,4,0,1,0,0,25.0,100.0,4.0
Ashton Turner,Ramandeep Singh,2,5,0,0,1,0,0.0,250.0,5.0
Ashton Turner,Vidwath Kaverappa,2,3,0,0,0,0,0.0,150.0,3.0
Ashton Turner,Washington Sundar,1,2,0,0,0,0,0.0,200.0,2.0
Ashton Turner,Will Jacks,6,9,0,2,0,1,33.33,150.0,9.0
Ashton Turner,Yash Thakur,1,0,1,1,0,0,100.0,0.0,0.0
Ashutosh Sharma,Akash Vasisht,6,10,0,0,1,0,0.0,166.67,10.0
Ashutosh Sharma,Akeal Hosein,7,12,1,2,2,0,28.57,171.43,12.0
Ashutosh Sharma,Anshul Kamboj,3,1,0,2,0,0,66.67,33.33,1.0
Ashutosh Sharma,Anukul Roy,6,4,0,2,0,0,33.33,66.67,4.0
Ashutosh Sharma,Arshdeep Singh,9,18,0,2,0,2,22.22,200.0,18.0
Ashutosh Sharma,Ashok Sharma,7,11,0,1,1,0,14.29,157.14,11.0
Ashutosh Sharma,Atit Sheth,2,2,0,0,0,0,0.0,100.0,2.0
Ashutosh Sharma,Avinov Choudhary,4,8,1,2,0,1,50.0,200.0,8.0
Ashutosh Sharma,Bhuvneshwar Kumar,1,0,1,1,0,0,100.0,0.0,0.0
Ashutosh Sharma,CV Stephen,2,1,0,1,0,0,50.0,50.0,1.0
Ashutosh Sharma,Cameron Green,4,7,0,0,1,0,0.0,175.0,7.0
Ashutosh Sharma,Chetan Sakariya,7,18,0,1,2,1,14.29,257.14,18.0
Ashutosh Sharma,Deepak Hooda,6,11,0,1,2,0,16.67,183.33,11.0
Ashutosh Sharma,Dinuka Dilshan,5,9,0,1,0,1,20.0,180.0,9.0
Ashutosh Sharma,Donovan Ferreira,4,6,0,0,0,0,0.0,150.0,6.0
Ashutosh Sharma,Dushan Hemantha,1,1,0,0,0,0,0.0,100.0,1.0
Ashutosh Sharma,Harpreet Brar,5,11,0,1,2,0,20.0,220.0,11.0
Ashutosh Sharma,Harsh Dubey,9,7,0,3,0,0,33.33,77.78,7.0
Ashutosh Sharma,Jacob Duffy,6,4,0,3,0,0,50.0,66.67,4.0
Ashutosh Sharma,Josh Hazlewood,4,3,0,1,0,0,25.0,75.0,3.0
Ashutosh Sharma,Kagiso Rabada,6,13,0,2,2,0,33.33,216.67,13.0
Ashutosh Sharma,Kranthi Kumar,9,17,1,1,1,1,11.11,188.89,17.0
Ashutosh Sharma,Krunal Pandya,1,0,1,1,0,0,100.0,0.0,0.0
Ashutosh Sharma,Kuldeep Yadav,8,15,0,1,2,0,12.5,187.5,15.0
Ashutosh Sharma,Lungi Ngidi,1,4,0,0,1,0,0.0,400.0,4.0
Ashutosh Sharma,Malinda Pushpakumara,2,0,1,2,0,0,100.0,0.0,0.0
Ashutosh Sharma,Marcus Stoinis,9,12,0,1,1,0,11.11,133.33,12.0
Ashutosh Sharma,Mitchell Starc,3,2,0,1,0,0,33.33,66.67,2.0
Ashutosh Sharma,Mohammed Siraj,3,1,1,2,0,0,66.67,33.33,1.0
Ashutosh Sharma,Mukhtar Hussain,6,15,1,2,2,1,33.33,250.0,15.0
Ashutosh Sharma,Nathan Ellis,2,5,0,0,1,0,0.0,250.0,5.0
Ashutosh Sharma,Nishan Peiris,4,3,0,1,0,0,25.0,75.0,3.0
Ashutosh Sharma,Sahan Arachchige,9,14,0,4,1,1,44.44,155.56,14.0
Ashutosh Sharma,Sairaj Patil,3,8,0,0,0,1,0.0,266.67,8.0
Ashutosh Sharma,Sam Curran,4,8,0,0,1,0,0.0,200.0,8.0
Ashutosh Sharma,Vishen Halambage,2,0,1,2,0,0,100.0,0.0,0.0
Ashutosh Sharma,Wanindu Hasaranga,4,14,0,0,1,1,0.0,350.0,14.0
Ashutosh Sharma,Washington Sundar,3,4,0,0,0,0,0.0,133.33,4.0
Ashwin Das,Adam Zampa,3,2,1,1,0,0,33.33,66.67,2.0
Ashwin Das,Akeal Hosein,8,13,0,2,0,1,25.0,162.5,13.0
Ashwin Das,Anukul Roy,3,3,0,0,0,0,0.0,100.0,3.0
Ashwin Das,Ashok Sharma,8,9,1,2,1,0,25.0,112.5,9.0
Ashwin Das,Gurinder Singh,3,4,0,0,0,0,0.0,133.33,4.0
Ashwin Das,Jacques Snyman,4,8,0,0,1,0,0.0,200.0,8.0
Ashwin Das,Joel Davies,5,9,1,2,2,0,40.0,180.0,9.0
Ashwin Das,Josh Hazlewood,1,1,0,0,0,0,0.0,100.0,1.0
Ashwin Das,Krunal Pandya,1,1,0,0,0,0,0.0,100.0,1.0
Ashwin Das,Kuldeep Yadav,6,5,1,2,0,0,33.33,83.33,5.0
Ashwin Das,Lance Morris,8,16,1,4,0,2,50.0,200.0,16.0
Ashwin Das,Marcus Stoinis,2,1,0,1,0,0,50.0,50.0,1.0
Ashwin Das,Mitchell Starc,4,1,0,3,0,0,75.0,25.0,1.0
Ashwin Das,Mridul Surroch,2,2,0,0,0,0,0.0,100.0,2.0
Ashwin Das,Mukhtar Hussain,2,5,0,0,1,0,0.0,250.0,5.0
Ashwin Das,Nathan Ellis,6,5,0,1,0,0,16.67,83.33,5.0
Ashwin Das,Nishant Sindhu,4,15,0,0,0,2,0.0,375.0,15.0
Ashwin Das,Ottneil Baartman,1,0,1,1,0,0,100.0,0.0,0.0
Ashwin Das,Prashant Veer,1,1,0,0,0,0,0.0,100.0,1.0
Ashwin Das,Ravindra Jadeja,11,7,0,6,0,0,54.55,63.64,7.0
Ashwin Das,Shardul Thakur,3,4,0,0,0,0,0.0,133.33,4.0
Ashwin Das,Shiran Fernando,2,1,1,1,0,0,50.0,50.0,1.0
Ashwin Das,Tripuresh Singh,4,2,0,2,0,0,50.0,50.0,2.0
Ashwin Das,Varun Chakravarthy,4,5,0,0,0,0,0.0,125.0,5.0
Ashwin Das,Vishen Halambage,13,7,2,7,0,0,53.85,53.85,3.5
Ashwin Das,Yash Thakur,1,0,0,1,0,0,100.0,0.0,0.0
Ashwin Das,Yuvraj Chaudhary,4,9,1,1,0,1,25.0,225.0,9.0
Atit Sheth,Adam Zampa,7,8,2,3,1,0,42.86,114.29,4.0
Atit Sheth,Akeal Hosein,16,19,0,4,1,0,25.0,118.75,19.0
Atit Sheth,Allah Ghazanfar,7,8,0,1,0,0,14.29,114.29,8.0
Atit Sheth,Arshdeep Singh,7,14,1,1,2,0,14.29,200.0,14.0
Atit Sheth,Ashok Sharma,17,20,1,5,1,1,29.41,117.65,20.0
Atit Sheth,Atit Sheth,4,8,0,0,1,0,0.0,200.0,8.0
Atit Sheth,Avesh Khan,6,11,0,1,2,0,16.67,183.33,11.0
Atit Sheth,Bhuvneshwar Kumar,12,7,2,7,0,0,58.33,58.33,3.5
Atit Sheth,Binura Fernando,1,1,0,0,0,0,0.0,100.0,1.0
Atit Sheth,CV Stephen,14,21,1,2,1,1,14.29,150.0,21.0
Atit Sheth,Chetan Sakariya,4,11,0,0,0,1,0.0,275.0,11.0
Atit Sheth,Codanda Ajit Karthik,4,4,0,1,0,0,25.0,100.0,4.0
Atit Sheth,Corbin Bosch,4,4,0,1,0,0,25.0,100.0,4.0
Atit Sheth,Darshan Nalkande,3,5,0,0,0,0,0.0,166.67,5.0
Atit Sheth,Delano Potgieter,5,7,0,0,0,0,0.0,140.0,7.0
Atit Sheth,Dian Forrester,1,1,0,0,0,0,0.0,100.0,1.0
Atit Sheth,Dinuka Dilshan,1,0,1,1,0,0,100.0,0.0,0.0
Atit Sheth,Dushan Hemantha,5,10,1,1,2,0,20.0,200.0,10.0
Atit Sheth,Gurinder Singh,20,32,3,9,2,3,45.0,160.0,10.67
Atit Sheth,Hardik Pandya,8,10,0,2,1,0,25.0,125.0,10.0
Atit Sheth,Harpreet Brar,10,16,0,3,1,1,30.0,160.0,16.0
Atit Sheth,Harsh Dubey,13,19,1,2,0,1,15.38,146.15,19.0
Atit Sheth,Jacob Duffy,20,26,0,5,2,0,25.0,130.0,26.0
Atit Sheth,Jason Holder,9,10,0,1,0,0,11.11,111.11,10.0
Atit Sheth,Jasprit Bumrah,7,5,0,2,0,0,28.57,71.43,5.0
Atit Sheth,Josh Hazlewood,2,1,1,1,0,0,50.0,50.0,1.0
Atit Sheth,KM Asif,4,2,0,2,0,0,50.0,50.0,2.0
Atit Sheth,Kagiso Rabada,7,5,1,3,0,0,42.86,71.43,5.0
Atit Sheth,Krishnappa Gowtham,3,4,0,0,0,0,0.0,133.33,4.0
Atit Sheth,Kuldeep Yadav,22,44,0,3,3,3,13.64,200.0,44.0
Atit Sheth,Lalit Yadav,1,0,1,1,0,0,100.0,0.0,0.0
Atit Sheth,Lungi Ngidi,6,8,1,3,0,1,50.0,133.33,8.0
Atit Sheth,Malinda Pushpakumara,15,13,2,7,0,1,46.67,86.67,6.5
Atit Sheth,Manisankar Murasingh,4,6,0,0,0,0,0.0,150.0,6.0
Atit Sheth,Matheesha Pathirana,3,3,0,0,0,0,0.0,100.0,3.0
Atit Sheth,Mitchell Starc,1,0,1,1,0,0,100.0,0.0,0.0
Atit Sheth,Mohammed Shami,1,1,0,0,0,0,0.0,100.0,1.0
Atit Sheth,Mohammed Siraj,11,21,1,2,0,2,18.18,190.91,21.0
Atit Sheth,Mridul Surroch,3,3,0,0,0,0,0.0,100.0,3.0
Atit Sheth,Nathan Ellis,5,6,0,0,0,0,0.0,120.0,6.0
Atit Sheth,Nishan Peiris,7,11,0,2,0,1,28.57,157.14,11.0
Atit Sheth,Nitish Kumar Reddy,7,7,0,2,0,0,28.57,100.0,7.0
Atit Sheth,Nitish Rana,2,2,0,0,0,0,0.0,100.0,2.0
Atit Sheth,Noor Ahmad,2,1,0,1,0,0,50.0,50.0,1.0
Atit Sheth,Pat Cummins,2,2,0,0,0,0,0.0,100.0,2.0
Atit Sheth,Prabath Jayasuriya,14,14,1,4,0,0,28.57,100.0,14.0
Atit Sheth,Prashant Veer,2,2,0,0,0,0,0.0,100.0,2.0
Atit Sheth,Praveen Jayawickrama,10,9,0,4,0,0,40.0,90.0,9.0
Atit Sheth,Rashid Khan,2,0,0,2,0,0,100.0,0.0,0.0
Atit Sheth,Ravi Bishnoi,10,18,0,0,2,0,0.0,180.0,18.0
Atit Sheth,Ravi Teja,10,13,0,1,0,0,10.0,130.0,13.0
Atit Sheth,Ravindra Jadeja,6,7,0,0,0,0,0.0,116.67,7.0
Atit Sheth,Sahan Arachchige,6,9,0,1,1,0,16.67,150.0,9.0
Atit Sheth,Sam Curran,1,1,0,0,0,0,0.0,100.0,1.0
Atit Sheth,Sandeep Warrier,6,12,0,1,0,1,16.67,200.0,12.0
Atit Sheth,Sanvir Singh,6,18,0,0,1,1,0.0,300.0,18.0
Atit Sheth,Scott Curie,4,4,0,0,0,0,0.0,100.0,4.0
Atit Sheth,Shahbaz Ahmed,1,6,0,0,0,1,0.0,600.0,6.0
Atit Sheth,Shiran Fernando,20,26,1,4,0,1,20.0,130.0,26.0
Atit Sheth,Shivam Shukla,11,12,0,2,1,0,18.18,109.09,12.0
Atit Sheth,Umesh Yadav,3,3,1,2,0,0,66.67,100.0,3.0
Atit Sheth,Varun Chakravarthy,1,1,0,0,0,0,0.0,100.0,1.0
Atit Sheth,Vishen Halambage,8,16,0,1,1,1,12.5,200.0,16.0
Atit Sheth,Wanindu Hasaranga,6,10,0,0,1,0,0.0,166.67,10.0
Atit Sheth,Washington Sundar,4,4,0,0,0,0,0.0,100.0,4.0
Atit Sheth,Will Jacks,5,11,1,2,1,1,40.0,220.0,11.0
Auqib Nabi,Anrich Nortje,5,3,2,3,0,0,60.0,60.0,1.5
Auqib Nabi,Auqib Nabi,11,15,1,6,0,2,54.55,136.36,15.0
Auqib Nabi,Avinov Choudhary,13,10,3,8,0,1,61.54,76.92,3.33
Auqib Nabi,Jofra Archer,2,2,0,0,0,0,0.0,100.0,2.0
Auqib Nabi,Nitish Kumar Reddy,5,2,0,3,0,0,60.0,40.0,2.0
Auqib Nabi,Will Jacks,7,6,1,3,0,0,42.86,85.71,6.0
Avesh Khan,Adam Zampa,2,0,1,2,0,0,100.0,0.0,0.0
Avesh Khan,Corbin Bosch,2,3,0,0,0,0,0.0,150.0,3.0
Avesh Khan,Josh Hazlewood,3,0,1,3,0,0,100.0,0.0,0.0
Avesh Khan,Kartik Tyagi,5,8,1,3,2,0,60.0,160.0,8.0
Avesh Khan,Mohammed Siraj,2,1,0,1,0,0,50.0,50.0,1.0
Avesh Khan,Pat Cummins,2,2,0,0,0,0,0.0,100.0,2.0
Avesh Khan,Prashant Solanki,3,1,0,2,0,0,66.67,33.33,1.0
Avesh Khan,Shivam Shukla,1,0,1,1,0,0,100.0,0.0,0.0
Avesh Khan,T Natarajan,4,11,0,0,0,1,0.0,275.0,11.0
Avinov Choudhary,Adam Zampa,3,7,0,1,0,1,33.33,233.33,7.0
Avinov Choudhary,Akeal Hosein,1,0,1,1,0,0,100.0,0.0,0.0
Avinov Choudhary,Anrich Nortje,6,5,0,2,0,0,33.33,83.33,5.0
Avinov Choudhary,Ashok Sharma,2,1,1,1,0,0,50.0,50.0,1.0
Avinov Choudhary,Auqib Nabi,4,0,0,4,0,0,100.0,0.0,0.0
Avinov Choudhary,Avinov Choudhary,9,8,3,3,0,0,33.33,88.89,2.67
Avinov Choudhary,CV Stephen,2,1,1,1,0,0,50.0,50.0,1.0
Avinov Choudhary,Dushan Hemantha,2,2,0,0,0,0,0.0,100.0,2.0
Avinov Choudhary,Gurinder Singh,1,1,0,0,0,0,0.0,100.0,1.0
Avinov Choudhary,Hardik Pandya,2,1,1,1,0,0,50.0,50.0,1.0
Avinov Choudhary,Krunal Pandya,4,2,1,2,0,0,50.0,50.0,2.0
Avinov Choudhary,Kuldeep Yadav,4,5,0,0,0,0,0.0,125.0,5.0
Avinov Choudhary,Lungi Ngidi,3,4,1,1,0,0,33.33,133.33,4.0
Avinov Choudhary,Marcus Stoinis,3,10,1,1,1,1,33.33,333.33,10.0
Avinov Choudhary,Mohammed Siraj,1,1,0,0,0,0,0.0,100.0,1.0
Avinov Choudhary,Mohsin Khan,2,1,1,1,0,0,50.0,50.0,1.0
Avinov Choudhary,Mridul Surroch,2,3,0,0,0,0,0.0,150.0,3.0
Avinov Choudhary,Mukhtar Hussain,3,1,0,2,0,0,66.67,33.33,1.0
Avinov Choudhary,Nathan Ellis,8,11,0,2,1,0,25.0,137.5,11.0
Avinov Choudhary,Nitish Kumar Reddy,9,13,0,4,1,1,44.44,144.44,13.0
Avinov Choudhary,Ottneil Baartman,2,2,0,0,0,0,0.0,100.0,2.0
Avinov Choudhary,Prabath Jayasuriya,2,1,1,1,0,0,50.0,50.0,1.0
Avinov Choudhary,Sahan Arachchige,6,9,0,1,1,0,16.67,150.0,9.0
Avinov Choudhary,Shahbaz Ahmed,6,5,0,2,0,0,33.33,83.33,5.0
Avinov Choudhary,Shivam Mavi,3,3,0,0,0,0,0.0,100.0,3.0
Avinov Choudhary,Sonu Yadav,3,3,0,0,0,0,0.0,100.0,3.0
Avinov Choudhary,Tripuresh Singh,4,2,0,2,0,0,50.0,50.0,2.0
Avinov Choudhary,Varun Chakravarthy,4,5,0,2,0,0,50.0,125.0,5.0
Avinov Choudhary,Vishen Halambage,3,2,1,1,0,0,33.33,66.67,2.0
Avinov Choudhary,Wanindu Hasaranga,1,1,0,0,0,0,0.0,100.0,1.0
Avinov Choudhary,Washington Sundar,3,1,1,2,0,0,66.67,33.33,1.0
Avinov Choudhary,Will Jacks,10,5,0,6,0,0,60.0,50.0,5.0
Axar Patel,Adam Zampa,7,11,0,1,1,0,14.29,157.14,11.0
Axar Patel,Akeal Hosein,8,6,1,2,0,0,25.0,75.0,6.0
Axar Patel,Anshul Kamboj,3,3,1,1,0,0,33.33,100.0,3.0
Axar Patel,Arshdeep Singh,7,11,0,0,0,0,0.0,157.14,11.0
Axar Patel,Ashok Sharma,13,18,0,1,1,0,7.69,138.46,18.0
Axar Patel,Atit Sheth,2,2,0,0,0,0,0.0,100.0,2.0
Axar Patel,Bhuvneshwar Kumar,3,7,0,0,1,0,0.0,233.33,7.0
Axar Patel,CV Stephen,3,2,0,1,0,0,33.33,66.67,2.0
Axar Patel,Duan Jansen,4,3,0,2,0,0,50.0,75.0,3.0
Axar Patel,Dushan Hemantha,8,17,1,3,4,0,37.5,212.5,17.0
Axar Patel,Duvindu Tillakaratne,2,3,0,0,0,0,0.0,150.0,3.0
Axar Patel,Gurinder Singh,52,63,4,6,1,0,11.54,121.15,15.75
Axar Patel,Gus Atkinson,1,0,1,1,0,0,100.0,0.0,0.0
Axar Patel,Hardik Pandya,5,5,1,1,0,0,20.0,100.0,5.0
Axar Patel,Harpreet Brar,7,7,2,2,0,0,28.57,100.0,3.5
Axar Patel,Harsh Dubey,4,3,0,1,0,0,25.0,75.0,3.0
Axar Patel,Isitha Wijesundara,3,5,0,0,0,0,0.0,166.67,5.0
Axar Patel,Jasprit Bumrah,1,0,1,1,0,0,100.0,0.0,0.0
Axar Patel,Jaydev Unadkat,3,2,1,1,0,0,33.33,66.67,2.0
Axar Patel,Joel Davies,2,3,0,0,0,0,0.0,150.0,3.0
Axar Patel,Kagiso Rabada,1,0,1,1,0,0,100.0,0.0,0.0
Axar Patel,Kangabam Priyojit Singh,7,16,0,0,1,1,0.0,228.57,16.0
Axar Patel,Kranthi Kumar,24,23,1,6,0,0,25.0,95.83,23.0
Axar Patel,Kuldeep Yadav,60,61,9,23,4,0,38.33,101.67,6.78
Axar Patel,Malinda Pushpakumara,58,83,5,12,7,0,20.69,143.1,16.6
Axar Patel,Mitchell Starc,11,17,0,4,1,1,36.36,154.55,17.0
Axar Patel,Mohammed Siraj,6,10,0,1,1,0,16.67,166.67,10.0
Axar Patel,Nathan Ellis,11,17,2,3,2,0,27.27,154.55,8.5
Axar Patel,Pat Cummins,7,18,0,0,0,2,0.0,257.14,18.0
Axar Patel,Prabath Jayasuriya,2,2,0,0,0,0,0.0,100.0,2.0
Axar Patel,Prashant Veer,4,3,1,1,0,0,25.0,75.0,3.0
Axar Patel,Praveen Jayawickrama,4,5,0,0,0,0,0.0,125.0,5.0
Axar Patel,Raj Angad Bawa,3,5,0,1,0,0,33.33,166.67,5.0
Axar Patel,Raj Limbani,0,1,0,0,0,0,0.0,0.0,1.0
Axar Patel,Rashid Khan,4,8,0,0,0,0,0.0,200.0,8.0
Axar Patel,Ravindra Jadeja,6,13,0,0,0,1,0.0,216.67,13.0
Axar Patel,Sahan Arachchige,14,14,0,2,0,0,14.29,100.0,14.0
Axar Patel,Sairaj Patil,9,13,0,0,1,0,0.0,144.44,13.0
Axar Patel,Sam Curran,3,6,0,0,1,0,0.0,200.0,6.0
Axar Patel,Scott Curie,5,4,2,2,0,0,40.0,80.0,2.0
Axar Patel,Seekkuge Prasanna,1,1,0,0,0,0,0.0,100.0,1.0
Axar Patel,Shiran Fernando,31,55,2,2,3,2,6.45,177.42,27.5
Axar Patel,Sonny Baker,2,1,1,1,0,0,50.0,50.0,1.0
Axar Patel,Suyash Sharma,2,2,0,0,0,0,0.0,100.0,2.0
Axar Patel,Varun Chakravarthy,45,58,1,4,1,0,8.89,128.89,58.0
Axar Patel,Vasuki Koushik,5,18,1,1,1,2,20.0,360.0,18.0
Axar Patel,Vishen Halambage,9,8,2,3,0,0,33.33,88.89,4.0
Axar Patel,Wanindu Hasaranga,9,11,0,2,1,0,22.22,122.22,11.0
Axar Patel,Washington Sundar,5,7,0,0,0,0,0.0,140.0,7.0
Axar Patel,Will Jacks,3,3,0,1,0,0,33.33,100.0,3.0
Ayush Badoni,Abdul Samad,4,3,1,2,0,0,50.0,75.0,3.0
Ayush Badoni,Anukul Roy,12,22,0,3,2,1,25.0,183.33,22.0
Ayush Badoni,Avesh Khan,7,10,0,2,1,0,28.57,142.86,10.0
Ayush Badoni,Cameron Green,5,4,1,3,0,0,60.0,80.0,4.0
Ayush Badoni,Shardul Thakur,6,10,0,2,1,0,33.33,166.67,10.0
Ayush Badoni,Vaibhav Arora,15,28,0,4,2,2,26.67,186.67,28.0
Ayush Badoni,Varun Chakravarthy,12,11,2,7,2,0,58.33,91.67,5.5
Ayush Badoni,Washington Sundar,14,12,0,8,2,0,57.14,85.71,12.0
Ayush Mhatre,Abhishek Sharma,3,7,0,1,0,1,33.33,233.33,7.0
Ayush Mhatre,Adam Zampa,8,5,2,4,0,0,50.0,62.5,2.5
Ayush Mhatre,Adil Rashid,7,9,0,0,0,0,0.0,128.57,9.0
Ayush Mhatre,Aiden Markram,4,4,1,1,0,0,25.0,100.0,4.0
Ayush Mhatre,Ajay Dev Goud,26,48,0,3,3,2,11.54,184.62,48.0
Ayush Mhatre,Akash Deep,7,17,0,0,3,0,0.0,242.86,17.0
Ayush Mhatre,Akash Vasisht,69,112,4,20,4,8,28.99,162.32,28.0
Ayush Mhatre,Akeal Hosein,48,76,3,11,5,3,22.92,158.33,25.33
Ayush Mhatre,Allah Ghazanfar,14,14,0,3,0,0,21.43,100.0,14.0
Ayush Mhatre,Amila Aponso,21,28,0,3,0,1,14.29,133.33,28.0
Ayush Mhatre,Anshul Kamboj,10,18,0,0,0,1,0.0,180.0,18.0
Ayush Mhatre,Anukul Roy,12,12,2,6,0,1,50.0,100.0,6.0
Ayush Mhatre,Arjun Tendulkar,8,4,1,5,0,0,62.5,50.0,4.0
Ayush Mhatre,Arpit Vasavada,22,39,0,0,5,0,0.0,177.27,39.0
Ayush Mhatre,Arshdeep Singh,41,50,1,10,3,0,24.39,121.95,50.0
Ayush Mhatre,Ashok Sharma,133,195,5,36,7,10,27.07,146.62,39.0
Ayush Mhatre,Ashwin Das,11,19,0,1,0,1,9.09,172.73,19.0
Ayush Mhatre,Atit Sheth,13,14,1,2,0,0,15.38,107.69,14.0
Ayush Mhatre,Avesh Khan,2,1,1,1,0,0,50.0,50.0,1.0
Ayush Mhatre,Avinov Choudhary,8,12,0,2,0,1,25.0,150.0,12.0
Ayush Mhatre,Axar Patel,23,56,1,5,2,5,21.74,243.48,56.0
Ayush Mhatre,Ben Stokes,32,49,0,7,3,2,21.88,153.12,49.0
Ayush Mhatre,Bhuvneshwar Kumar,48,72,2,15,1,6,31.25,150.0,36.0
Ayush Mhatre,Binura Fernando,6,4,0,5,1,0,83.33,66.67,4.0
Ayush Mhatre,Brian Bennett,2,4,0,0,0,0,0.0,200.0,4.0
Ayush Mhatre,CV Stephen,57,61,1,20,2,1,35.09,107.02,61.0
Ayush Mhatre,Corbin Bosch,7,5,1,3,0,0,42.86,71.43,5.0
Ayush Mhatre,Delano Potgieter,6,10,0,0,1,0,0.0,166.67,10.0
Ayush Mhatre,Dian Forrester,28,32,2,10,2,1,35.71,114.29,16.0
Ayush Mhatre,Donovan Ferreira,19,38,0,3,4,2,15.79,200.0,38.0
Ayush Mhatre,Dunith Wellalage,3,3,0,0,0,0,0.0,100.0,3.0
Ayush Mhatre,Dushan Hemantha,60,72,2,12,3,0,20.0,120.0,36.0
Ayush Mhatre,Glenn Phillips,25,33,0,8,2,1,32.0,132.0,33.0
Ayush Mhatre,Glenton Stuurman,24,34,3,4,2,1,16.67,141.67,11.33
Ayush Mhatre,Gurinder Singh,60,110,1,14,8,6,23.33,183.33,110.0
Ayush Mhatre,Gus Atkinson,30,30,1,8,0,0,26.67,100.0,30.0
Ayush Mhatre,Hardik Pandya,48,68,0,8,2,3,16.67,141.67,68.0
Ayush Mhatre,Harpreet Brar,72,100,0,11,5,2,15.28,138.89,100.0
Ayush Mhatre,Harsh Dubey,29,29,1,11,1,1,37.93,100.0,29.0
Ayush Mhatre,Harshal Patel,3,3,0,0,0,0,0.0,100.0,3.0
Ayush Mhatre,Harshit Rana,8,13,0,2,2,0,25.0,162.5,13.0
Ayush Mhatre,Jacob Bethell,3,6,0,0,1,0,0.0,200.0,6.0
Ayush Mhatre,Jacob Duffy,4,4,0,1,0,0,25.0,100.0,4.0
Ayush Mhatre,Jamie Overton,10,9,0,4,0,0,40.0,90.0,9.0
Ayush Mhatre,Jason Holder,6,8,1,1,0,0,16.67,133.33,8.0
Ayush Mhatre,Jasprit Bumrah,15,11,2,5,0,0,33.33,73.33,5.5
Ayush Mhatre,Jaydev Unadkat,16,27,0,2,1,1,12.5,168.75,27.0
Ayush Mhatre,Joel Davies,23,46,3,8,6,2,34.78,200.0,15.33
Ayush Mhatre,Jofra Archer,7,12,0,1,2,0,14.29,171.43,12.0
Ayush Mhatre,Josh Hazlewood,18,28,0,1,1,1,5.56,155.56,28.0
Ayush Mhatre,KM Asif,7,11,1,2,0,0,28.57,157.14,11.0
Ayush Mhatre,Kagiso Rabada,22,33,2,4,1,1,18.18,150.0,16.5
Ayush Mhatre,Karan Lal,19,37,0,0,2,2,0.0,194.74,37.0
Ayush Mhatre,Khaleel Ahmed,7,13,0,0,0,1,0.0,185.71,13.0
Ayush Mhatre,Kranthi Kumar,32,50,1,13,1,5,40.62,156.25,50.0
Ayush Mhatre,Krishnappa Gowtham,9,15,0,3,1,1,33.33,166.67,15.0
Ayush Mhatre,Krunal Pandya,35,59,1,4,2,3,11.43,168.57,59.0
Ayush Mhatre,Kuldeep Yadav,63,85,2,14,6,2,22.22,134.92,42.5
Ayush Mhatre,Lalit Yadav,8,13,0,0,1,0,0.0,162.5,13.0
Ayush Mhatre,Liam Livingstone,15,21,0,2,1,0,13.33,140.0,21.0
Ayush Mhatre,Luke Wood,20,36,2,5,3,1,25.0,180.0,18.0
Ayush Mhatre,Lungi Ngidi,17,21,0,4,1,1,23.53,123.53,21.0
Ayush Mhatre,Malinda Pushpakumara,63,86,5,17,4,5,26.98,136.51,17.2
Ayush Mhatre,Manav Suthar,11,17,0,2,2,0,18.18,154.55,17.0
Ayush Mhatre,Manisankar Murasingh,27,51,0,5,0,4,18.52,188.89,51.0
Ayush Mhatre,Matheesha Pathirana,3,2,0,1,0,0,33.33,66.67,2.0
Ayush Mhatre,Matt Henry,6,7,1,1,0,0,16.67,116.67,7.0
Ayush Mhatre,Mitchell Marsh,24,33,0,3,3,0,12.5,137.5,33.0
Ayush Mhatre,Mitchell Starc,5,10,1,1,0,1,20.0,200.0,10.0
Ayush Mhatre,Mohammed Shami,69,120,2,13,9,4,18.84,173.91,60.0
Ayush Mhatre,Mohammed Siraj,73,101,7,17,4,3,23.29,138.36,14.43
Ayush Mhatre,Mohsin Khan,9,7,1,3,0,0,33.33,77.78,7.0
Ayush Mhatre,Mridul Surroch,9,15,2,3,2,0,33.33,166.67,7.5
Ayush Mhatre,Mukhtar Hussain,32,57,0,4,3,3,12.5,178.12,57.0
Ayush Mhatre,Naman Dhir,10,21,0,0,0,2,0.0,210.0,21.0
Ayush Mhatre,Nathan Ellis,3,5,0,0,0,0,0.0,166.67,5.0
Ayush Mhatre,Nishan Peiris,4,6,1,1,1,0,25.0,150.0,6.0
Ayush Mhatre,Nishant Sindhu,5,7,0,2,1,0,40.0,140.0,7.0
Ayush Mhatre,Nitish Kumar Reddy,18,23,0,2,0,0,11.11,127.78,23.0
Ayush Mhatre,Nitish Rana,34,48,1,4,0,1,11.76,141.18,48.0
Ayush Mhatre,Ottneil Baartman,6,17,1,2,1,2,33.33,283.33,17.0
Ayush Mhatre,Pat Cummins,36,62,0,4,3,3,11.11,172.22,62.0
Ayush Mhatre,Prabath Jayasuriya,59,84,2,19,5,3,32.2,142.37,42.0
Ayush Mhatre,Praveen Jayawickrama,38,54,2,6,2,1,15.79,142.11,27.0
Ayush Mhatre,Prince Yadav,5,4,1,1,0,0,20.0,80.0,4.0
Ayush Mhatre,Rachin Ravindra,29,38,0,5,1,2,17.24,131.03,38.0
Ayush Mhatre,Raj Angad Bawa,8,11,0,3,0,1,37.5,137.5,11.0
Ayush Mhatre,Rashid Khan,4,7,0,2,0,1,50.0,175.0,7.0
Ayush Mhatre,Rasikh Dar,25,51,0,5,3,3,20.0,204.0,51.0
Ayush Mhatre,Ravi Bishnoi,13,14,2,2,0,0,15.38,107.69,7.0
Ayush Mhatre,Ravi Teja,12,19,0,3,0,2,25.0,158.33,19.0
Ayush Mhatre,Ravindra Jadeja,29,31,4,9,0,1,31.03,106.9,7.75
Ayush Mhatre,Riyan Parag,13,23,0,1,0,2,7.69,176.92,23.0
Ayush Mhatre,Rohit Sharma,1,1,0,0,0,0,0.0,100.0,1.0
Ayush Mhatre,Sahan Arachchige,48,60,1,11,2,2,22.92,125.0,60.0
Ayush Mhatre,Sairaj Patil,12,8,0,5,0,0,41.67,66.67,8.0
Ayush Mhatre,Sakib Hussain,14,25,1,4,1,2,28.57,178.57,25.0
Ayush Mhatre,Sam Curran,30,62,1,5,4,3,16.67,206.67,62.0
Ayush Mhatre,Samant Jakhar,3,5,0,0,0,0,0.0,166.67,5.0
Ayush Mhatre,Scott Curie,32,66,0,10,2,7,31.25,206.25,66.0
Ayush Mhatre,Seekkuge Prasanna,13,11,0,6,1,0,46.15,84.62,11.0
Ayush Mhatre,Shahbaz Ahmed,4,5,0,0,0,0,0.0,125.0,5.0
Ayush Mhatre,Shardul Thakur,3,3,0,0,0,0,0.0,100.0,3.0
Ayush Mhatre,Shiran Fernando,66,89,5,19,2,5,28.79,134.85,17.8
Ayush Mhatre,Shivam Dube,35,57,0,5,1,3,14.29,162.86,57.0
Ayush Mhatre,Shivam Mavi,22,36,0,4,1,2,18.18,163.64,36.0
Ayush Mhatre,Shivam Shukla,2,2,0,0,0,0,0.0,100.0,2.0
Ayush Mhatre,Shubham Agarwal,22,38,2,4,2,1,18.18,172.73,19.0
Ayush Mhatre,Sikandar Raza,5,4,0,2,0,0,40.0,80.0,4.0
Ayush Mhatre,Sonny Baker,22,36,1,3,3,1,13.64,163.64,36.0
Ayush Mhatre,Sunil Narine,20,29,2,7,1,2,35.0,145.0,14.5
Ayush Mhatre,Suryansh Shedge,3,2,0,1,0,0,33.33,66.67,2.0
Ayush Mhatre,Suyash Sharma,6,10,0,2,2,0,33.33,166.67,10.0
Ayush Mhatre,Tanay Thyagarajan,23,54,1,5,5,3,21.74,234.78,54.0
Ayush Mhatre,Tilak Varma,21,36,0,4,1,2,19.05,171.43,36.0
Ayush Mhatre,Varun Chakravarthy,41,51,1,11,4,1,26.83,124.39,51.0
Ayush Mhatre,Venkatesh Iyer,4,4,1,1,0,0,25.0,100.0,4.0
Ayush Mhatre,Vicky Ostwal,6,5,0,3,0,0,50.0,83.33,5.0
Ayush Mhatre,Vishen Halambage,58,92,4,20,2,8,34.48,158.62,23.0
Ayush Mhatre,Wanindu Hasaranga,63,98,1,17,6,5,26.98,155.56,98.0
Ayush Mhatre,Washington Sundar,32,71,4,7,3,7,21.88,221.88,17.75
Ayush Mhatre,Will Jacks,121,151,3,26,4,4,21.49,124.79,50.33
Ayush Mhatre,Yuzvendra Chahal,4,5,0,0,0,0,0.0,125.0,5.0
Azmatullah Omarzai,Anukul Roy,4,2,0,2,0,0,50.0,50.0,2.0
Azmatullah Omarzai,Bhuvneshwar Kumar,1,1,0,0,0,0,0.0,100.0,1.0
Azmatullah Omarzai,Cameron Green,4,17,0,0,1,2,0.0,425.0,17.0
Azmatullah Omarzai,Josh Hazlewood,4,5,1,2,1,0,50.0,125.0,5.0
Azmatullah Omarzai,KC Cariappa,7,6,0,4,1,0,57.14,85.71,6.0
Azmatullah Omarzai,Liam Livingstone,2,2,0,0,0,0,0.0,100.0,2.0
Azmatullah Omarzai,Shardul Thakur,4,5,0,0,0,0,0.0,125.0,5.0
Azmatullah Omarzai,Sunil Narine,1,1,0,0,0,0,0.0,100.0,1.0
Azmatullah Omarzai,Vaibhav Arora,1,3,0,0,0,0,0.0,300.0,3.0
Azmatullah Omarzai,Varun Chakravarthy,5,9,0,1,1,0,20.0,180.0,9.0
Beau Webster,Arshdeep Singh,2,5,0,0,1,0,0.0,250.0,5.0
Beau Webster,Brian Bennett,3,3,0,1,0,0,33.33,100.0,3.0
Beau Webster,Dunith Wellalage,2,1,0,1,0,0,50.0,50.0,1.0
Beau Webster,Duvindu Tillakaratne,2,2,0,0,0,0,0.0,100.0,2.0
Beau Webster,Glenn Phillips,2,2,0,0,0,0,0.0,100.0,2.0
Beau Webster,Hardik Pandya,4,9,0,1,2,0,25.0,225.0,9.0
Beau Webster,Harpreet Brar,3,1,0,2,0,0,66.67,33.33,1.0
Beau Webster,Isitha Wijesundara,3,4,0,0,0,0,0.0,133.33,4.0
Beau Webster,Ismat Alam,1,1,0,0,0,0,0.0,100.0,1.0
Beau Webster,Joel Davies,4,3,0,1,0,0,25.0,75.0,3.0
Beau Webster,Karan Lal,5,1,0,4,0,0,80.0,20.0,1.0
Beau Webster,Maheesh Theekshana,2,2,0,0,0,0,0.0,100.0,2.0
Beau Webster,Mohsin Khan,7,9,2,3,0,1,42.86,128.57,4.5
Beau Webster,Nimesh Vimukthi,6,12,1,1,0,1,16.67,200.0,12.0
Beau Webster,Noor Ahmad,5,6,0,0,0,0,0.0,120.0,6.0
Beau Webster,Praveen Jayawickrama,13,18,1,4,1,0,30.77,138.46,18.0
Beau Webster,Rachin Ravindra,7,10,0,0,0,0,0.0,142.86,10.0
Beau Webster,Raj Limbani,3,3,0,1,0,0,33.33,100.0,3.0
Beau Webster,Ravindra Jadeja,3,5,1,1,1,0,33.33,166.67,5.0
Beau Webster,Seekkuge Prasanna,4,7,0,2,0,1,50.0,175.0,7.0
Beau Webster,Vishen Halambage,2,2,0,0,0,0,0.0,100.0,2.0
Beau Webster,Washington Sundar,3,0,1,3,0,0,100.0,0.0,0.0
Beau Webster,Yash Thakur,4,6,0,0,0,0,0.0,150.0,6.0
Ben Stokes,Akash Vasisht,4,4,0,0,0,0,0.0,100.0,4.0
Ben Stokes,Akeal Hosein,18,8,0,11,0,0,61.11,44.44,8.0
Ben Stokes,Anshul Kamboj,4,7,0,1,1,0,25.0,175.0,7.0
Ben Stokes,Arshdeep Singh,5,0,1,5,0,0,100.0,0.0,0.0
Ben Stokes,Ashok Sharma,9,11,1,1,0,0,11.11,122.22,11.0
Ben Stokes,Atit Sheth,3,3,0,0,0,0,0.0,100.0,3.0
Ben Stokes,Avinov Choudhary,3,6,0,0,1,0,0.0,200.0,6.0
Ben Stokes,Bhuvneshwar Kumar,3,5,0,0,0,0,0.0,166.67,5.0
Ben Stokes,CV Stephen,6,5,1,1,0,0,16.67,83.33,5.0
Ben Stokes,Delano Potgieter,1,0,1,1,0,0,100.0,0.0,0.0
Ben Stokes,Dian Forrester,9,21,0,4,2,2,44.44,233.33,21.0
Ben Stokes,Dushan Hemantha,9,12,1,1,1,0,11.11,133.33,12.0
Ben Stokes,Gurinder Singh,1,0,0,1,0,0,100.0,0.0,0.0
Ben Stokes,Hardik Pandya,5,5,2,2,0,0,40.0,100.0,2.5
Ben Stokes,Harpreet Brar,9,8,2,3,0,0,33.33,88.89,4.0
Ben Stokes,Harsh Dubey,4,1,2,3,0,0,75.0,25.0,0.5
Ben Stokes,Jamie Overton,8,10,0,3,0,1,37.5,125.0,10.0
Ben Stokes,Jasprit Bumrah,3,0,2,3,0,0,100.0,0.0,0.0
Ben Stokes,Josh Hazlewood,1,0,1,1,0,0,100.0,0.0,0.0
Ben Stokes,KM Asif,1,3,0,0,0,0,0.0,300.0,3.0
Ben Stokes,Kagiso Rabada,3,1,1,2,0,0,66.67,33.33,1.0
Ben Stokes,Karan Lal,2,1,0,1,0,0,50.0,50.0,1.0
Ben Stokes,Kranthi Kumar,6,6,0,1,0,0,16.67,100.0,6.0
Ben Stokes,Krishnappa Gowtham,6,7,1,3,1,0,50.0,116.67,7.0
Ben Stokes,Kuldeep Yadav,6,10,0,1,0,1,16.67,166.67,10.0
Ben Stokes,Lockie Ferguson,1,0,1,1,0,0,100.0,0.0,0.0
Ben Stokes,Lungi Ngidi,3,3,0,0,0,0,0.0,100.0,3.0
Ben Stokes,Malinda Pushpakumara,1,2,0,0,0,0,0.0,200.0,2.0
Ben Stokes,Manisankar Murasingh,7,3,0,4,0,0,57.14,42.86,3.0
Ben Stokes,Mohammed Siraj,7,6,1,2,0,0,28.57,85.71,6.0
Ben Stokes,Nathan Ellis,2,2,0,0,0,0,0.0,100.0,2.0
Ben Stokes,Nitish Kumar Reddy,4,3,0,1,0,0,25.0,75.0,3.0
Ben Stokes,Noor Ahmad,13,19,1,4,2,0,30.77,146.15,19.0
Ben Stokes,Pat Cummins,3,3,0,0,0,0,0.0,100.0,3.0
Ben Stokes,Prabath Jayasuriya,2,0,2,2,0,0,100.0,0.0,0.0
Ben Stokes,Prashant Veer,7,14,0,1,0,1,14.29,200.0,14.0
Ben Stokes,Rasikh Dar,12,15,0,2,0,0,16.67,125.0,15.0
Ben Stokes,Ravindra Jadeja,5,8,0,2,0,1,40.0,160.0,8.0
Ben Stokes,Sahan Arachchige,4,6,1,1,1,0,25.0,150.0,6.0
Ben Stokes,Sairaj Patil,8,9,0,1,0,0,12.5,112.5,9.0
Ben Stokes,Sanvir Singh,7,5,0,3,0,0,42.86,71.43,5.0
Ben Stokes,Shahbaz Ahmed,8,16,1,2,1,1,25.0,200.0,16.0
Ben Stokes,Shiran Fernando,11,12,1,4,1,0,36.36,109.09,12.0
Ben Stokes,Shivam Mavi,14,14,0,3,0,0,21.43,100.0,14.0
Ben Stokes,Shivam Shukla,6,14,0,2,0,2,33.33,233.33,14.0
Ben Stokes,Tharindu Rathnanayake,14,15,1,6,2,0,42.86,107.14,15.0
Ben Stokes,Wanindu Hasaranga,12,17,0,5,0,2,41.67,141.67,17.0
Ben Stokes,Washington Sundar,4,8,0,0,1,0,0.0,200.0,8.0
Ben Stokes,Will Jacks,5,6,0,4,0,1,80.0,120.0,6.0
Bevon Jacobs,Akash Vasisht,5,11,0,0,0,1,0.0,220.0,11.0
Bevon Jacobs,Akeal Hosein,8,11,1,2,0,1,25.0,137.5,11.0
Bevon Jacobs,Allah Ghazanfar,6,16,1,1,1,1,16.67,266.67,16.0
Bevon Jacobs,Amila Aponso,3,5,0,1,1,0,33.33,166.67,5.0
Bevon Jacobs,Arshdeep Singh,6,10,1,1,1,0,16.67,166.67,10.0
Bevon Jacobs,Ashok Sharma,16,31,0,2,2,2,12.5,193.75,31.0
Bevon Jacobs,Atit Sheth,5,18,0,0,1,2,0.0,360.0,18.0
Bevon Jacobs,Axar Patel,3,5,0,1,1,0,33.33,166.67,5.0
Bevon Jacobs,Bhuvneshwar Kumar,14,19,2,6,2,1,42.86,135.71,9.5
Bevon Jacobs,CV Stephen,27,39,0,7,5,0,25.93,144.44,39.0
Bevon Jacobs,Corbin Bosch,5,10,0,1,0,1,20.0,200.0,10.0
Bevon Jacobs,Dian Forrester,4,8,0,1,0,1,25.0,200.0,8.0
Bevon Jacobs,Dushan Hemantha,30,38,2,5,3,0,16.67,126.67,19.0
Bevon Jacobs,Glenn Phillips,3,3,0,0,0,0,0.0,100.0,3.0
Bevon Jacobs,Gurinder Singh,26,23,0,11,0,1,42.31,88.46,23.0
Bevon Jacobs,Gus Atkinson,5,4,0,1,0,0,20.0,80.0,4.0
Bevon Jacobs,Hardik Pandya,14,29,0,1,1,2,7.14,207.14,29.0
Bevon Jacobs,Harpreet Brar,25,27,2,8,2,0,32.0,108.0,13.5
Bevon Jacobs,Harsh Dubey,11,14,0,1,0,0,9.09,127.27,14.0
Bevon Jacobs,Harshal Patel,3,4,0,1,0,0,33.33,133.33,4.0
Bevon Jacobs,Jasprit Bumrah,14,18,1,2,0,1,14.29,128.57,18.0
Bevon Jacobs,Jaydev Unadkat,8,15,1,2,1,1,25.0,187.5,15.0
Bevon Jacobs,Josh Hazlewood,11,19,0,2,1,1,18.18,172.73,19.0
Bevon Jacobs,KM Asif,2,2,0,0,0,0,0.0,100.0,2.0
Bevon Jacobs,Kagiso Rabada,14,27,0,2,1,2,14.29,192.86,27.0
Bevon Jacobs,Kranthi Kumar,14,21,0,2,3,0,14.29,150.0,21.0
Bevon Jacobs,Krishnappa Gowtham,3,4,0,0,0,0,0.0,133.33,4.0
Bevon Jacobs,Krunal Pandya,5,10,1,1,0,1,20.0,200.0,10.0
Bevon Jacobs,Kuldeep Yadav,17,15,3,6,1,0,35.29,88.24,5.0
Bevon Jacobs,Lalit Yadav,12,16,0,1,1,0,8.33,133.33,16.0
Bevon Jacobs,Lungi Ngidi,5,13,0,0,1,1,0.0,260.0,13.0
Bevon Jacobs,Malinda Pushpakumara,55,78,3,24,4,6,43.64,141.82,26.0
Bevon Jacobs,Manisankar Murasingh,5,8,0,2,0,1,40.0,160.0,8.0
Bevon Jacobs,Matheesha Pathirana,1,0,1,1,0,0,100.0,0.0,0.0
Bevon Jacobs,Matt Henry,2,1,0,1,0,0,50.0,50.0,1.0
Bevon Jacobs,Mohammed Shami,9,12,1,3,1,0,33.33,133.33,12.0
Bevon Jacobs,Mohammed Siraj,30,53,1,5,2,4,16.67,176.67,53.0
Bevon Jacobs,Mridul Surroch,8,10,1,3,1,0,37.5,125.0,10.0
Bevon Jacobs,Nathan Ellis,4,17,0,0,1,2,0.0,425.0,17.0
Bevon Jacobs,Nishan Peiris,3,4,0,0,0,0,0.0,133.33,4.0
Bevon Jacobs,Nitish Kumar Reddy,6,13,0,0,0,1,0.0,216.67,13.0
Bevon Jacobs,Ottneil Baartman,3,3,0,1,0,0,33.33,100.0,3.0
Bevon Jacobs,Pat Cummins,10,16,0,1,2,0,10.0,160.0,16.0
Bevon Jacobs,Prabath Jayasuriya,25,33,2,7,4,0,28.0,132.0,16.5
Bevon Jacobs,Praveen Jayawickrama,14,10,1,7,1,0,50.0,71.43,10.0
Bevon Jacobs,Prince Yadav,3,6,0,0,1,0,0.0,200.0,6.0
Bevon Jacobs,Rashid Khan,2,2,0,0,0,0,0.0,100.0,2.0
Bevon Jacobs,Ravi Teja,10,9,0,5,1,0,50.0,90.0,9.0
Bevon Jacobs,Ravindra Jadeja,15,23,0,1,0,1,6.67,153.33,23.0
Bevon Jacobs,Riyan Parag,7,17,0,0,1,1,0.0,242.86,17.0
Bevon Jacobs,Sahan Arachchige,50,64,1,15,2,3,30.0,128.0,64.0
Bevon Jacobs,Sam Curran,24,53,1,4,7,1,16.67,220.83,53.0
Bevon Jacobs,Scott Curie,5,10,0,0,0,1,0.0,200.0,10.0
Bevon Jacobs,Shahbaz Ahmed,1,1,0,0,0,0,0.0,100.0,1.0
Bevon Jacobs,Shiran Fernando,26,27,1,6,0,1,23.08,103.85,27.0
Bevon Jacobs,Shivam Dube,3,7,0,0,1,0,0.0,233.33,7.0
Bevon Jacobs,Shubham Agarwal,5,4,0,1,0,0,20.0,80.0,4.0
Bevon Jacobs,Sikandar Raza,2,1,0,1,0,0,50.0,50.0,1.0
Bevon Jacobs,Sunil Narine,2,2,0,0,0,0,0.0,100.0,2.0
Bevon Jacobs,Tanay Thyagarajan,1,0,1,1,0,0,100.0,0.0,0.0
Bevon Jacobs,Tilak Varma,2,2,0,0,0,0,0.0,100.0,2.0
Bevon Jacobs,Varun Chakravarthy,4,2,0,2,0,0,50.0,50.0,2.0
Bevon Jacobs,Vishen Halambage,12,11,1,3,0,0,25.0,91.67,11.0
Bevon Jacobs,Wanindu Hasaranga,27,33,2,11,3,1,40.74,122.22,16.5
Bevon Jacobs,Washington Sundar,15,12,0,9,2,0,60.0,80.0,12.0
Bevon Jacobs,Will Jacks,8,8,0,3,1,0,37.5,100.0,8.0
Bhanu Pania,Adam Zampa,7,5,1,2,0,0,28.57,71.43,5.0
Bhanu Pania,Adil Rashid,1,1,0,0,0,0,0.0,100.0,1.0
Bhanu Pania,Anshul Kamboj,18,21,0,2,0,0,11.11,116.67,21.0
Bhanu Pania,Anukul Roy,5,8,0,0,0,0,0.0,160.0,8.0
Bhanu Pania,Arshdeep Singh,2,2,1,1,0,0,50.0,100.0,2.0
Bhanu Pania,Ashok Sharma,10,11,0,3,1,0,30.0,110.0,11.0
Bhanu Pania,Atit Sheth,4,4,0,0,0,0,0.0,100.0,4.0
Bhanu Pania,Axar Patel,9,15,0,0,0,1,0.0,166.67,15.0
Bhanu Pania,Ben Stokes,3,4,0,0,0,0,0.0,133.33,4.0
Bhanu Pania,Bhuvneshwar Kumar,3,3,0,1,0,0,33.33,100.0,3.0
Bhanu Pania,CV Stephen,3,3,0,0,0,0,0.0,100.0,3.0
Bhanu Pania,Chetan Sakariya,1,1,0,0,0,0,0.0,100.0,1.0
Bhanu Pania,Corbin Bosch,5,9,1,1,0,1,20.0,180.0,9.0
Bhanu Pania,Dian Forrester,6,14,0,1,1,1,16.67,233.33,14.0
Bhanu Pania,Dushan Hemantha,26,37,0,1,0,0,3.85,142.31,37.0
Bhanu Pania,Gurinder Singh,5,2,2,3,0,0,60.0,40.0,1.0
Bhanu Pania,Gus Atkinson,2,1,0,1,0,0,50.0,50.0,1.0
Bhanu Pania,Hardik Pandya,9,14,0,0,1,0,0.0,155.56,14.0
Bhanu Pania,Harpreet Brar,6,6,0,0,0,0,0.0,100.0,6.0
Bhanu Pania,Harshal Patel,2,2,0,0,0,0,0.0,100.0,2.0
Bhanu Pania,Jacob Duffy,4,3,1,2,0,0,50.0,75.0,3.0
Bhanu Pania,Jasprit Bumrah,6,8,0,2,1,0,33.33,133.33,8.0
Bhanu Pania,Jaydev Unadkat,9,15,1,2,0,1,22.22,166.67,15.0
Bhanu Pania,Josh Hazlewood,12,28,0,2,2,2,16.67,233.33,28.0
Bhanu Pania,Kamindu Mendis,18,22,1,2,1,0,11.11,122.22,22.0
Bhanu Pania,Karan Lal,3,3,0,0,0,0,0.0,100.0,3.0
Bhanu Pania,Kranthi Kumar,15,17,0,3,1,0,20.0,113.33,17.0
Bhanu Pania,Krishnappa Gowtham,7,12,0,3,1,1,42.86,171.43,12.0
Bhanu Pania,Krunal Pandya,4,4,0,1,0,0,25.0,100.0,4.0
Bhanu Pania,Lungi Ngidi,15,16,3,6,1,0,40.0,106.67,5.33
Bhanu Pania,Malinda Pushpakumara,10,15,2,5,0,2,50.0,150.0,7.5
Bhanu Pania,Matt Henry,2,0,2,2,0,0,100.0,0.0,0.0
Bhanu Pania,Mitchell Marsh,6,6,1,1,0,0,16.67,100.0,6.0
Bhanu Pania,Mitchell Starc,8,12,0,0,0,0,0.0,150.0,12.0
Bhanu Pania,Mohammed Shami,7,7,2,4,1,0,57.14,100.0,3.5
Bhanu Pania,Mohammed Siraj,17,22,0,2,0,0,11.76,129.41,22.0
Bhanu Pania,Mridul Surroch,11,15,0,3,0,1,27.27,136.36,15.0
Bhanu Pania,Nitish Kumar Reddy,9,13,0,0,1,0,0.0,144.44,13.0
Bhanu Pania,Noor Ahmad,11,20,1,1,0,1,9.09,181.82,20.0
Bhanu Pania,Prabath Jayasuriya,4,5,0,2,1,0,50.0,125.0,5.0
Bhanu Pania,Prashant Veer,7,8,1,2,1,0,28.57,114.29,8.0
Bhanu Pania,Prince Yadav,5,9,0,0,0,0,0.0,180.0,9.0
Bhanu Pania,Rashid Khan,13,19,0,4,1,1,30.77,146.15,19.0
Bhanu Pania,Ravi Bishnoi,24,32,0,2,1,0,8.33,133.33,32.0
Bhanu Pania,Ravindra Jadeja,4,3,0,1,0,0,25.0,75.0,3.0
Bhanu Pania,Sahan Arachchige,28,37,1,4,1,1,14.29,132.14,37.0
Bhanu Pania,Sairaj Patil,6,5,0,1,0,0,16.67,83.33,5.0
Bhanu Pania,Sam Curran,6,6,1,1,0,0,16.67,100.0,6.0
Bhanu Pania,Sandeep Warrier,1,0,1,1,0,0,100.0,0.0,0.0
Bhanu Pania,Sanvir Singh,2,2,0,0,0,0,0.0,100.0,2.0
Bhanu Pania,Shahbaz Ahmed,14,17,0,2,1,0,14.29,121.43,17.0
Bhanu Pania,Shiran Fernando,2,3,0,0,0,0,0.0,150.0,3.0
Bhanu Pania,Shivam Shukla,3,3,1,1,0,0,33.33,100.0,3.0
Bhanu Pania,Sonny Baker,4,6,0,1,1,0,25.0,150.0,6.0
Bhanu Pania,Sunil Narine,7,10,0,2,0,1,28.57,142.86,10.0
Bhanu Pania,Varun Chakravarthy,7,8,0,1,0,0,14.29,114.29,8.0
Bhanu Pania,Venkatesh Iyer,2,2,0,0,0,0,0.0,100.0,2.0
Bhanu Pania,Vipraj Nigam,16,24,0,1,1,1,6.25,150.0,24.0
Bhanu Pania,Vishen Halambage,4,5,1,1,0,0,25.0,125.0,5.0
Bhanu Pania,Wanindu Hasaranga,5,2,2,3,0,0,60.0,40.0,1.0
Bhanu Pania,Will Jacks,8,8,0,1,0,0,12.5,100.0,8.0
Bhuvneshwar Kumar,Aiden Markram,2,4,0,0,0,0,0.0,200.0,4.0
Bhuvneshwar Kumar,Akash Deep,3,4,0,0,0,0,0.0,133.33,4.0
Bhuvneshwar Kumar,Akash Vasisht,3,4,0,0,0,0,0.0,133.33,4.0
Bhuvneshwar Kumar,Akeal Hosein,2,1,1,1,0,0,50.0,50.0,1.0
Bhuvneshwar Kumar,Allah Ghazanfar,3,4,0,0,0,0,0.0,133.33,4.0
Bhuvneshwar Kumar,Anukul Roy,8,6,1,3,0,0,37.5,75.0,6.0
Bhuvneshwar Kumar,Arjun Tendulkar,1,0,1,1,0,0,100.0,0.0,0.0
Bhuvneshwar Kumar,Arpit Vasavada,2,3,0,0,0,0,0.0,150.0,3.0
Bhuvneshwar Kumar,Ashok Sharma,5,7,1,1,0,0,20.0,140.0,7.0
Bhuvneshwar Kumar,Atit Sheth,1,1,0,0,0,0,0.0,100.0,1.0
Bhuvneshwar Kumar,CV Stephen,3,7,0,0,1,0,0.0,233.33,7.0
Bhuvneshwar Kumar,Deepak Chahar,1,1,0,0,0,0,0.0,100.0,1.0
Bhuvneshwar Kumar,Dushan Hemantha,1,0,1,1,0,0,100.0,0.0,0.0
Bhuvneshwar Kumar,Glenn Phillips,2,1,1,1,0,0,50.0,50.0,1.0
Bhuvneshwar Kumar,Glenton Stuurman,1,1,0,0,0,0,0.0,100.0,1.0
Bhuvneshwar Kumar,Gurinder Singh,1,1,0,0,0,0,0.0,100.0,1.0
Bhuvneshwar Kumar,Gus Atkinson,1,0,1,1,0,0,100.0,0.0,0.0
Bhuvneshwar Kumar,Harpreet Brar,8,8,2,3,0,0,37.5,100.0,4.0
Bhuvneshwar Kumar,Ishant Sharma,2,4,1,1,1,0,50.0,200.0,4.0
Bhuvneshwar Kumar,Jacob Duffy,3,1,0,2,0,0,66.67,33.33,1.0
Bhuvneshwar Kumar,Jason Holder,1,1,0,0,0,0,0.0,100.0,1.0
Bhuvneshwar Kumar,Jaydev Unadkat,2,4,0,0,0,0,0.0,200.0,4.0
Bhuvneshwar Kumar,Joel Davies,4,0,1,4,0,0,100.0,0.0,0.0
Bhuvneshwar Kumar,Josh Hazlewood,1,0,1,1,0,0,100.0,0.0,0.0
Bhuvneshwar Kumar,KL Rahul,3,1,0,2,0,0,66.67,33.33,1.0
Bhuvneshwar Kumar,Krunal Pandya,6,8,1,1,0,0,16.67,133.33,8.0
Bhuvneshwar Kumar,Kuldeep Yadav,1,1,0,0,0,0,0.0,100.0,1.0
Bhuvneshwar Kumar,Malinda Pushpakumara,13,25,1,2,2,0,15.38,192.31,25.0
Bhuvneshwar Kumar,Manisankar Murasingh,7,11,1,1,1,0,14.29,157.14,11.0
Bhuvneshwar Kumar,Matt Henry,4,1,0,3,0,0,75.0,25.0,1.0
Bhuvneshwar Kumar,Mitchell Marsh,8,7,0,4,1,0,50.0,87.5,7.0
Bhuvneshwar Kumar,Mohammed Siraj,1,0,0,1,0,0,100.0,0.0,0.0
Bhuvneshwar Kumar,Nathan Ellis,2,5,0,0,1,0,0.0,250.0,5.0
Bhuvneshwar Kumar,Ottneil Baartman,2,0,1,2,0,0,100.0,0.0,0.0
Bhuvneshwar Kumar,Praveen Jayawickrama,1,1,0,0,0,0,0.0,100.0,1.0
Bhuvneshwar Kumar,Rashid Khan,3,6,0,0,1,0,0.0,200.0,6.0
Bhuvneshwar Kumar,Sahan Arachchige,3,4,0,0,0,0,0.0,133.33,4.0
Bhuvneshwar Kumar,Shiran Fernando,3,1,1,2,0,0,66.67,33.33,1.0
Bhuvneshwar Kumar,Shivam Dube,5,7,0,3,0,1,60.0,140.0,7.0
Bhuvneshwar Kumar,Tanay Thyagarajan,1,0,0,1,0,0,100.0,0.0,0.0
Bhuvneshwar Kumar,Tilak Varma,3,11,0,0,1,1,0.0,366.67,11.0
Bhuvneshwar Kumar,Varun Chakravarthy,6,10,0,1,0,1,16.67,166.67,10.0
Bhuvneshwar Kumar,Vishen Halambage,9,9,3,5,0,1,55.56,100.0,3.0
Bhuvneshwar Kumar,Will Jacks,2,2,0,0,0,0,0.0,100.0,2.0
Binura Fernando,Adam Zampa,3,4,0,1,0,0,33.33,133.33,4.0
Binura Fernando,Ashok Sharma,2,2,0,0,0,0,0.0,100.0,2.0
Binura Fernando,Cameron Green,5,6,0,1,0,0,20.0,120.0,6.0
Binura Fernando,Gurinder Singh,7,11,0,0,1,0,0.0,157.14,11.0
Binura Fernando,Kranthi Kumar,5,8,0,0,1,0,0.0,160.0,8.0
Binura Fernando,Kuldeep Yadav,6,6,0,1,0,0,16.67,100.0,6.0
Binura Fernando,Malinda Pushpakumara,5,6,0,0,0,0,0.0,120.0,6.0
Binura Fernando,Marcus Stoinis,2,3,0,0,0,0,0.0,150.0,3.0
Binura Fernando,Mitchell Starc,3,3,0,0,0,0,0.0,100.0,3.0
Binura Fernando,Nathan Ellis,2,2,0,0,0,0,0.0,100.0,2.0
Binura Fernando,Prashant Veer,4,6,0,0,0,0,0.0,150.0,6.0
Binura Fernando,Sairaj Patil,8,10,0,0,0,0,0.0,125.0,10.0
Binura Fernando,Shiran Fernando,3,3,0,0,0,0,0.0,100.0,3.0
Binura Fernando,Suyash Sharma,3,7,0,0,1,0,0.0,233.33,7.0
Binura Fernando,Vishen Halambage,6,3,1,3,0,0,50.0,50.0,3.0
Bipin Saurabh,Abhishek Sharma,3,10,0,0,0,1,0.0,333.33,10.0
Bipin Saurabh,Ashwin Das,8,8,0,1,0,0,12.5,100.0,8.0
Bipin Saurabh,Avinov Choudhary,35,41,1,9,4,0,25.71,117.14,41.0
Bipin Saurabh,Bhuvneshwar Kumar,46,77,2,9,5,4,19.57,167.39,38.5
Bipin Saurabh,Christopher Britz,4,14,0,1,0,2,25.0,350.0,14.0
Bipin Saurabh,Dian Forrester,5,9,0,1,1,0,20.0,180.0,9.0
Bipin Saurabh,Duvindu Tillakaratne,8,13,0,0,1,0,0.0,162.5,13.0
Bipin Saurabh,Glenn Phillips,3,8,0,0,0,1,0.0,266.67,8.0
Bipin Saurabh,Isitha Wijesundara,8,10,0,1,1,0,12.5,125.0,10.0
Bipin Saurabh,Ismat Alam,4,10,0,0,2,0,0.0,250.0,10.0
Bipin Saurabh,Jai Moondra,3,3,0,1,0,0,33.33,100.0,3.0
Bipin Saurabh,Joel Davies,1,0,1,1,0,0,100.0,0.0,0.0
Bipin Saurabh,Karan Lal,4,3,0,2,0,0,50.0,75.0,3.0
Bipin Saurabh,Maheesh Theekshana,15,30,0,1,3,1,6.67,200.0,30.0
Bipin Saurabh,Mohsin Khan,11,15,0,1,0,1,9.09,136.36,15.0
Bipin Saurabh,Raj Limbani,18,67,0,1,3,8,5.56,372.22,67.0
Bipin Saurabh,Sai Kishore,4,14,0,0,0,2,0.0,350.0,14.0
Bipin Saurabh,Vidwath Kaverappa,4,5,1,1,0,0,25.0,125.0,5.0
Bipin Saurabh,Washington Sundar,5,9,1,2,1,0,40.0,180.0,9.0
Bipin Saurabh,Will Jacks,14,41,0,1,3,3,7.14,292.86,41.0
Bipin Saurabh,Yash Thakur,7,7,0,1,0,0,14.29,100.0,7.0
Brad Evans,Akeal Hosein,2,1,0,1,0,0,50.0,50.0,1.0
Brad Evans,Ashok Sharma,4,5,1,1,0,0,25.0,125.0,5.0
Brad Evans,Ishant Sharma,2,5,0,0,1,0,0.0,250.0,5.0
Brad Evans,Josh Hazlewood,2,2,1,1,0,0,50.0,100.0,2.0
Brad Evans,Kuldeep Yadav,2,1,1,1,0,0,50.0,50.0,1.0
Brad Evans,Mohammed Siraj,6,12,0,3,1,1,50.0,200.0,12.0
Brad Evans,Ravi Bishnoi,10,13,2,4,2,0,40.0,130.0,6.5
Brad Evans,Samant Jakhar,2,0,1,2,0,0,100.0,0.0,0.0
Brad Evans,Scott Curie,4,3,0,1,0,0,25.0,75.0,3.0
Brad Evans,Shiran Fernando,2,6,1,1,0,1,50.0,300.0,6.0
Brad Evans,Shreyas Iyer,3,1,1,2,0,0,66.67,33.33,1.0
Brad Evans,Shubham Agarwal,4,1,0,3,0,0,75.0,25.0,1.0
Brad Evans,Tanay Thyagarajan,6,2,1,4,0,0,66.67,33.33,2.0
Brad Evans,Vishen Halambage,3,4,1,1,0,0,33.33,133.33,4.0
Brad Evans,Washington Sundar,2,4,0,1,1,0,50.0,200.0,4.0
Brian Bennett,Adam Zampa,31,40,0,10,4,1,32.26,129.03,40.0
Brian Bennett,Ajay Dev Goud,28,33,0,7,2,0,25.0,117.86,33.0
Brian Bennett,Ajay Mandal,7,7,0,0,0,0,0.0,100.0,7.0
Brian Bennett,Akash Deep,46,80,0,12,4,6,26.09,173.91,80.0
Brian Bennett,Akash Vasisht,5,4,0,1,0,0,20.0,80.0,4.0
Brian Bennett,Akeal Hosein,18,21,1,4,2,0,22.22,116.67,21.0
Brian Bennett,Allah Ghazanfar,1,0,1,1,0,0,100.0,0.0,0.0
Brian Bennett,Anshul Kamboj,20,31,0,1,1,1,5.0,155.0,31.0
Brian Bennett,Anukul Roy,6,9,0,1,1,0,16.67,150.0,9.0
Brian Bennett,Arpit Vasavada,18,22,1,5,0,1,27.78,122.22,22.0
Brian Bennett,Ashok Sharma,87,162,3,21,6,13,24.14,186.21,54.0
Brian Bennett,Athisayaraj Davidson,9,13,0,2,1,0,22.22,144.44,13.0
Brian Bennett,Axar Patel,10,26,0,0,3,1,0.0,260.0,26.0
Brian Bennett,Beau Webster,6,5,0,1,0,0,16.67,83.33,5.0
Brian Bennett,Blessing Muzarbani,2,1,0,1,0,0,50.0,50.0,1.0
Brian Bennett,Cameron Green,7,18,0,0,0,2,0.0,257.14,18.0
Brian Bennett,Craig Overton,3,8,0,0,0,1,0.0,266.67,8.0
Brian Bennett,Dian Forrester,40,53,0,6,2,1,15.0,132.5,53.0
Brian Bennett,Gangam Anikethreddy,10,7,0,3,0,0,30.0,70.0,7.0
Brian Bennett,Glenton Stuurman,15,21,3,5,0,2,33.33,140.0,7.0
Brian Bennett,Gurinder Singh,56,67,0,19,1,4,33.93,119.64,67.0
Brian Bennett,Gus Atkinson,3,4,0,0,0,0,0.0,133.33,4.0
Brian Bennett,Harpreet Brar,13,16,0,8,0,2,61.54,123.08,16.0
Brian Bennett,Jack Edwards,10,11,0,2,0,0,20.0,110.0,11.0
Brian Bennett,Jacob Bethell,6,7,0,1,0,0,16.67,116.67,7.0
Brian Bennett,Jai Moondra,38,47,1,8,1,1,21.05,123.68,47.0
Brian Bennett,Jamie Overton,2,1,1,1,0,0,50.0,50.0,1.0
Brian Bennett,Jasprit Bumrah,56,115,1,6,5,7,10.71,205.36,115.0
Brian Bennett,Joel Davies,38,65,1,7,4,3,18.42,171.05,65.0
Brian Bennett,Josh Hazlewood,5,14,1,1,0,2,20.0,280.0,14.0
Brian Bennett,KM Asif,1,0,0,1,0,0,100.0,0.0,0.0
Brian Bennett,Kagiso Rabada,15,19,1,4,1,1,26.67,126.67,19.0
Brian Bennett,Karan Lal,8,13,1,1,0,1,12.5,162.5,13.0
Brian Bennett,Kranthi Kumar,36,55,0,7,3,2,19.44,152.78,55.0
Brian Bennett,Krunal Pandya,4,6,0,0,0,0,0.0,150.0,6.0
Brian Bennett,Kuldeep Yadav,39,57,4,12,3,2,30.77,146.15,14.25
Brian Bennett,Lalit Yadav,8,12,0,2,1,0,25.0,150.0,12.0
Brian Bennett,Lone Nasir Muzaffar,2,3,0,0,0,0,0.0,150.0,3.0
Brian Bennett,Luke Wood,3,4,0,1,0,0,33.33,133.33,4.0
Brian Bennett,Lungi Ngidi,8,13,0,2,2,0,25.0,162.5,13.0
Brian Bennett,Malinda Pushpakumara,39,63,2,11,6,3,28.21,161.54,31.5
Brian Bennett,Manav Suthar,27,33,0,8,2,1,29.63,122.22,33.0
Brian Bennett,Manisankar Murasingh,11,12,1,3,0,0,27.27,109.09,12.0
Brian Bennett,Matheesha Pathirana,4,6,1,2,1,0,50.0,150.0,6.0
Brian Bennett,Matt Short,8,15,0,0,0,0,0.0,187.5,15.0
Brian Bennett,Matthew Forde,4,4,1,1,0,0,25.0,100.0,4.0
Brian Bennett,Mitchell Starc,28,56,1,5,4,4,17.86,200.0,56.0
Brian Bennett,Mohamed Shiraz,18,20,0,5,1,0,27.78,111.11,20.0
Brian Bennett,Mohammed Shami,37,58,1,9,2,4,24.32,156.76,58.0
Brian Bennett,Mohammed Siraj,25,32,4,8,3,1,32.0,128.0,8.0
Brian Bennett,Mohsin Khan,26,38,1,8,2,2,30.77,146.15,38.0
Brian Bennett,Mridul Surroch,21,34,1,3,3,1,14.29,161.9,34.0
Brian Bennett,Mukhtar Hussain,15,24,0,5,3,1,33.33,160.0,24.0
Brian Bennett,Murvin Abinash,5,10,0,1,0,1,20.0,200.0,10.0
Brian Bennett,Nathan Ellis,33,53,0,6,2,2,18.18,160.61,53.0
Brian Bennett,Nishan Peiris,5,7,1,3,0,1,60.0,140.0,7.0
Brian Bennett,Nitish Kumar Reddy,2,2,0,0,0,0,0.0,100.0,2.0
Brian Bennett,Nitish Rana,3,7,0,1,0,1,33.33,233.33,7.0
Brian Bennett,Ottneil Baartman,6,5,0,2,0,0,33.33,83.33,5.0
Brian Bennett,Pat Cummins,15,26,2,3,3,1,20.0,173.33,13.0
Brian Bennett,Prabath Jayasuriya,18,17,0,7,1,0,38.89,94.44,17.0
Brian Bennett,Prashant Veer,26,47,1,4,3,3,15.38,180.77,47.0
Brian Bennett,Praveen Jayawickrama,20,21,3,7,1,0,35.0,105.0,7.0
Brian Bennett,Prince Yadav,35,51,3,8,2,2,22.86,145.71,17.0
Brian Bennett,Rachin Ravindra,11,18,1,2,1,1,18.18,163.64,18.0
Brian Bennett,Rahul Chahar,9,12,0,0,0,0,0.0,133.33,12.0
Brian Bennett,Raj Angad Bawa,5,9,0,1,1,0,20.0,180.0,9.0
Brian Bennett,Rashid Khan,47,77,0,9,4,4,19.15,163.83,77.0
Brian Bennett,Rasikh Dar,22,36,0,3,0,3,13.64,163.64,36.0
Brian Bennett,Ravi Bishnoi,19,34,0,4,1,3,21.05,178.95,34.0
Brian Bennett,Riyan Parag,3,2,0,1,0,0,33.33,66.67,2.0
Brian Bennett,Romario Shepherd,10,12,0,4,0,1,40.0,120.0,12.0
Brian Bennett,Sahan Arachchige,15,14,0,6,1,0,40.0,93.33,14.0
Brian Bennett,Sairaj Patil,13,27,0,4,2,2,30.77,207.69,27.0
Brian Bennett,Sam Curran,32,49,1,5,3,2,15.62,153.12,49.0
Brian Bennett,Samant Jakhar,6,5,0,1,0,0,16.67,83.33,5.0
Brian Bennett,Sayan Ghosh,9,15,0,3,1,1,33.33,166.67,15.0
Brian Bennett,Shahbaz Ahmed,17,26,0,3,2,1,17.65,152.94,26.0
Brian Bennett,Shardul Thakur,1,1,0,0,0,0,0.0,100.0,1.0
Brian Bennett,Shiran Fernando,30,46,1,8,3,2,26.67,153.33,46.0
Brian Bennett,Shivam Dube,34,45,1,3,3,0,8.82,132.35,45.0
Brian Bennett,Shivam Shukla,9,16,0,3,0,2,33.33,177.78,16.0
Brian Bennett,Shubham Agarwal,49,66,4,12,4,1,24.49,134.69,16.5
Brian Bennett,Sonal Dinusha,3,5,0,1,1,0,33.33,166.67,5.0
Brian Bennett,Sonny Baker,58,108,1,9,5,6,15.52,186.21,108.0
Brian Bennett,Sunil Narine,25,42,0,3,3,1,12.0,168.0,42.0
Brian Bennett,Sushant Mishra,15,23,2,7,3,1,46.67,153.33,11.5
Brian Bennett,Tilak Varma,14,43,0,0,4,3,0.0,307.14,43.0
Brian Bennett,Vaisakh Chandran,7,7,0,1,0,0,14.29,100.0,7.0
Brian Bennett,Varun Chakravarthy,4,3,1,2,0,0,50.0,75.0,3.0
Brian Bennett,Vishen Halambage,27,45,0,3,5,0,11.11,166.67,45.0
Brian Bennett,Washington Sundar,19,33,0,7,1,3,36.84,173.68,33.0
Brian Bennett,Will Jacks,12,11,1,2,0,0,16.67,91.67,11.0
Brian Bennett,Yash Thakur,51,69,3,15,5,3,29.41,135.29,23.0
Brian Bennett,Yuzvendra Chahal,5,12,0,0,2,0,0.0,240.0,12.0
CJ Bowes,Adam Zampa,6,5,0,3,0,0,50.0,83.33,5.0
CJ Bowes,Akeal Hosein,17,14,2,9,1,0,52.94,82.35,7.0
CJ Bowes,Anshul Kamboj,4,6,0,0,0,0,0.0,150.0,6.0
CJ Bowes,Ashok Sharma,15,19,0,4,1,1,26.67,126.67,19.0
CJ Bowes,Bhuvneshwar Kumar,12,19,0,3,1,1,25.0,158.33,19.0
CJ Bowes,Corbin Bosch,5,5,0,0,0,0,0.0,100.0,5.0
CJ Bowes,Dian Forrester,43,61,0,11,5,2,25.58,141.86,61.0
CJ Bowes,Gangam Anikethreddy,14,9,0,6,0,0,42.86,64.29,9.0
CJ Bowes,Glenton Stuurman,5,5,1,2,0,0,40.0,100.0,5.0
CJ Bowes,Hardik Pandya,13,31,0,2,3,2,15.38,238.46,31.0
CJ Bowes,Jasprit Bumrah,8,13,0,2,2,0,25.0,162.5,13.0
CJ Bowes,Josh Hazlewood,7,11,0,1,0,1,14.29,157.14,11.0
CJ Bowes,Karan Lal,3,5,0,0,0,0,0.0,166.67,5.0
CJ Bowes,Kuldeep Yadav,14,21,0,3,1,1,21.43,150.0,21.0
CJ Bowes,Lalit Yadav,11,14,0,0,0,0,0.0,127.27,14.0
CJ Bowes,Liam Livingstone,4,2,0,2,0,0,50.0,50.0,2.0
CJ Bowes,Mitchell Starc,3,6,0,0,1,0,0.0,200.0,6.0
CJ Bowes,Mohammed Siraj,11,8,0,4,0,0,36.36,72.73,8.0
CJ Bowes,Nitish Rana,6,8,0,3,0,1,50.0,133.33,8.0
CJ Bowes,Prashant Veer,9,8,1,2,0,0,22.22,88.89,8.0
CJ Bowes,Praveen Jayawickrama,19,33,2,6,1,2,31.58,173.68,16.5
CJ Bowes,Rachin Ravindra,3,6,0,0,1,0,0.0,200.0,6.0
CJ Bowes,Rasikh Dar,5,5,0,1,0,0,20.0,100.0,5.0
CJ Bowes,Ravi Bishnoi,35,52,3,13,3,3,37.14,148.57,17.33
CJ Bowes,Ravindra Jadeja,18,18,0,4,1,0,22.22,100.0,18.0
CJ Bowes,Riyan Parag,4,3,0,1,0,0,25.0,75.0,3.0
CJ Bowes,Sahan Arachchige,15,14,0,7,1,0,46.67,93.33,14.0
CJ Bowes,Sam Curran,5,9,0,2,0,1,40.0,180.0,9.0
CJ Bowes,Samant Jakhar,40,80,0,8,5,5,20.0,200.0,80.0
CJ Bowes,Scott Curie,10,15,1,4,1,1,40.0,150.0,15.0
CJ Bowes,Seekkuge Prasanna,18,30,1,5,2,2,27.78,166.67,30.0
CJ Bowes,Shiran Fernando,2,3,0,0,0,0,0.0,150.0,3.0
CJ Bowes,Shivam Dube,3,4,0,0,0,0,0.0,133.33,4.0
CJ Bowes,Shubham Agarwal,12,16,0,2,0,1,16.67,133.33,16.0
CJ Bowes,Sonny Baker,35,46,0,10,7,0,28.57,131.43,46.0
CJ Bowes,Vaisakh Chandran,7,11,0,1,1,0,14.29,157.14,11.0
CJ Bowes,Vishen Halambage,16,21,0,3,2,0,18.75,131.25,21.0
CJ Bowes,Washington Sundar,5,1,0,4,0,0,80.0,20.0,1.0
CJ Bowes,Will Jacks,4,11,1,1,1,1,25.0,275.0,11.0
CV Stephen,Akeal Hosein,4,5,0,0,0,0,0.0,125.0,5.0
CV Stephen,Anshul Kamboj,4,6,0,0,0,0,0.0,150.0,6.0
CV Stephen,Arshdeep Singh,4,3,1,1,0,0,25.0,75.0,3.0
CV Stephen,Ashok Sharma,3,3,0,1,0,0,33.33,100.0,3.0
CV Stephen,Atit Sheth,2,2,1,1,0,0,50.0,100.0,2.0
CV Stephen,Bhuvneshwar Kumar,1,1,0,0,0,0,0.0,100.0,1.0
CV Stephen,Dian Forrester,1,1,0,0,0,0,0.0,100.0,1.0
CV Stephen,Gangam Anikethreddy,4,6,0,0,0,0,0.0,150.0,6.0
CV Stephen,Gurinder Singh,2,0,1,2,0,0,100.0,0.0,0.0
CV Stephen,Harsh Dubey,3,3,0,0,0,0,0.0,100.0,3.0
CV Stephen,Jasprit Bumrah,4,3,0,1,0,0,25.0,75.0,3.0
CV Stephen,Kuldeep Yadav,4,5,0,1,0,0,25.0,125.0,5.0
CV Stephen,Mitchell Starc,7,8,0,0,0,0,0.0,114.29,8.0
CV Stephen,Mukhtar Hussain,2,2,0,1,0,0,50.0,100.0,2.0
CV Stephen,Nishan Peiris,1,1,0,0,0,0,0.0,100.0,1.0
CV Stephen,Prabath Jayasuriya,2,2,1,1,0,0,50.0,100.0,2.0
CV Stephen,Praveen Jayawickrama,1,0,1,1,0,0,100.0,0.0,0.0
CV Stephen,Ravindra Jadeja,3,4,0,0,0,0,0.0,133.33,4.0
CV Stephen,Sahan Arachchige,1,1,0,0,0,0,0.0,100.0,1.0
CV Stephen,Scott Curie,2,2,1,1,0,0,50.0,100.0,2.0
CV Stephen,Shiran Fernando,2,1,1,1,0,0,50.0,50.0,1.0
CV Stephen,Sunil Narine,2,0,1,2,0,0,100.0,0.0,0.0
CV Stephen,Vishen Halambage,6,2,4,5,0,0,83.33,33.33,0.5
CV Stephen,Yash Thakur,1,0,1,1,0,0,100.0,0.0,0.0
Calvin Harrison,Arshdeep Singh,9,11,1,4,0,1,44.44,122.22,11.0
Calvin Harrison,Harpreet Brar,5,5,0,2,0,0,40.0,100.0,5.0
Calvin Harrison,Lalit Yadav,1,1,0,0,0,0,0.0,100.0,1.0
Calvin Harrison,Praveen Jayawickrama,3,1,1,2,0,0,66.67,33.33,1.0
Calvin Harrison,Vishen Halambage,5,7,0,3,0,1,60.0,140.0,7.0
Cameron Green,Akash Vasisht,8,10,1,1,0,0,12.5,125.0,10.0
Cameron Green,Akeal Hosein,9,10,1,3,1,0,33.33,111.11,10.0
Cameron Green,Anrich Nortje,5,5,0,1,0,0,20.0,100.0,5.0
Cameron Green,Anshul Kamboj,10,14,0,1,1,0,10.0,140.0,14.0
Cameron Green,Anukul Roy,2,2,0,0,0,0,0.0,100.0,2.0
Cameron Green,Arshdeep Singh,6,6,0,0,0,0,0.0,100.0,6.0
Cameron Green,Ashok Sharma,42,61,2,8,4,1,19.05,145.24,30.5
Cameron Green,Ashwin Das,4,11,0,1,1,1,25.0,275.0,11.0
Cameron Green,Auqib Nabi,4,1,1,3,0,0,75.0,25.0,1.0
Cameron Green,Avinov Choudhary,5,5,0,0,0,0,0.0,100.0,5.0
Cameron Green,Axar Patel,4,6,0,1,1,0,25.0,150.0,6.0
Cameron Green,Bhuvneshwar Kumar,20,28,1,8,2,2,40.0,140.0,28.0
Cameron Green,CV Stephen,19,40,1,4,3,3,21.05,210.53,40.0
Cameron Green,Cooper Connolly,4,4,0,0,0,0,0.0,100.0,4.0
Cameron Green,Corbin Bosch,53,78,2,21,6,4,39.62,147.17,39.0
Cameron Green,Dian Forrester,4,2,0,2,0,0,50.0,50.0,2.0
Cameron Green,Donovan Ferreira,6,10,0,2,0,1,33.33,166.67,10.0
Cameron Green,Duan Jansen,2,1,1,1,0,0,50.0,50.0,1.0
Cameron Green,Dushan Hemantha,16,18,1,5,1,0,31.25,112.5,18.0
Cameron Green,Glenton Stuurman,3,7,0,0,1,0,0.0,233.33,7.0
Cameron Green,Gurinder Singh,16,23,1,2,0,1,12.5,143.75,23.0
Cameron Green,Hardik Pandya,2,2,0,0,0,0,0.0,100.0,2.0
Cameron Green,Harpreet Brar,12,14,0,3,0,1,25.0,116.67,14.0
Cameron Green,Harsh Dubey,20,30,2,7,3,1,35.0,150.0,15.0
Cameron Green,Harshal Patel,3,5,0,0,0,0,0.0,166.67,5.0
Cameron Green,Jacob Duffy,1,0,1,1,0,0,100.0,0.0,0.0
Cameron Green,Jamie Overton,4,5,0,2,1,0,50.0,125.0,5.0
Cameron Green,Josh Hazlewood,21,16,1,9,1,0,42.86,76.19,16.0
Cameron Green,KC Cariappa,16,29,0,5,5,0,31.25,181.25,29.0
Cameron Green,Kagiso Rabada,13,15,1,4,0,1,30.77,115.38,15.0
Cameron Green,Karan Lal,6,10,0,2,2,0,33.33,166.67,10.0
Cameron Green,Kartik Tyagi,50,85,1,10,10,0,20.0,170.0,85.0
Cameron Green,Khaleel Ahmed,5,7,0,1,1,0,20.0,140.0,7.0
Cameron Green,Kranthi Kumar,4,4,1,1,0,0,25.0,100.0,4.0
Cameron Green,Krunal Pandya,3,3,0,0,0,0,0.0,100.0,3.0
Cameron Green,Kuldeep Yadav,18,31,1,1,0,2,5.56,172.22,31.0
Cameron Green,Lalit Yadav,2,2,0,0,0,0,0.0,100.0,2.0
Cameron Green,Liam Livingstone,9,23,0,1,1,2,11.11,255.56,23.0
Cameron Green,Lungi Ngidi,2,1,1,1,0,0,50.0,50.0,1.0
Cameron Green,Malinda Pushpakumara,15,21,1,2,2,0,13.33,140.0,21.0
Cameron Green,Manav Suthar,1,1,0,0,0,0,0.0,100.0,1.0
Cameron Green,Mayank Markande,6,10,0,2,1,0,33.33,166.67,10.0
Cameron Green,Mitchell Marsh,3,6,0,0,1,0,0.0,200.0,6.0
Cameron Green,Mitchell Santner,3,3,0,0,0,0,0.0,100.0,3.0
Cameron Green,Mohammed Siraj,15,27,1,4,2,1,26.67,180.0,27.0
Cameron Green,Mridul Surroch,10,15,1,4,2,0,40.0,150.0,15.0
Cameron Green,Mukhtar Hussain,4,4,0,1,0,0,25.0,100.0,4.0
Cameron Green,Nishan Peiris,5,2,0,3,0,0,60.0,40.0,2.0
Cameron Green,Nitish Kumar Reddy,8,24,0,0,1,2,0.0,300.0,24.0
Cameron Green,Ottneil Baartman,5,6,0,2,1,0,40.0,120.0,6.0
Cameron Green,Pat Cummins,42,60,2,9,3,2,21.43,142.86,30.0
Cameron Green,Prabath Jayasuriya,4,4,1,1,0,0,25.0,100.0,4.0
Cameron Green,Prashant Solanki,55,69,2,17,4,2,30.91,125.45,34.5
Cameron Green,Prashant Veer,8,9,0,0,0,0,0.0,112.5,9.0
Cameron Green,Praveen Jayawickrama,11,13,0,4,0,1,36.36,118.18,13.0
Cameron Green,Prince Yadav,10,16,1,4,3,0,40.0,160.0,16.0
Cameron Green,Rachin Ravindra,4,11,0,0,0,1,0.0,275.0,11.0
Cameron Green,Rashid Khan,3,3,0,1,0,0,33.33,100.0,3.0
Cameron Green,Rasikh Dar,10,19,0,2,0,2,20.0,190.0,19.0
Cameron Green,Ravi Bishnoi,6,10,0,0,0,0,0.0,166.67,10.0
Cameron Green,Ravi Teja,4,7,1,1,1,0,25.0,175.0,7.0
Cameron Green,Ravindra Jadeja,12,24,0,3,0,3,25.0,200.0,24.0
Cameron Green,Romario Shepherd,4,7,0,2,0,1,50.0,175.0,7.0
Cameron Green,Sahan Arachchige,22,26,1,7,3,0,31.82,118.18,26.0
Cameron Green,Samant Jakhar,6,11,1,1,0,1,16.67,183.33,11.0
Cameron Green,Scott Curie,3,6,0,0,1,0,0.0,200.0,6.0
Cameron Green,Seekkuge Prasanna,4,6,1,3,0,1,75.0,150.0,6.0
Cameron Green,Shardul Thakur,8,18,0,1,2,1,12.5,225.0,18.0
Cameron Green,Shiran Fernando,10,17,1,4,0,2,40.0,170.0,17.0
Cameron Green,Shubham Agarwal,1,0,0,1,0,0,100.0,0.0,0.0
Cameron Green,Sonny Baker,6,8,1,2,1,0,33.33,133.33,8.0
Cameron Green,Sunil Narine,10,12,1,3,1,0,30.0,120.0,12.0
Cameron Green,Sushant Mishra,5,1,0,4,0,0,80.0,20.0,1.0
Cameron Green,T Natarajan,50,106,2,10,5,8,20.0,212.0,53.0
Cameron Green,Tanay Thyagarajan,4,8,0,1,0,1,25.0,200.0,8.0
Cameron Green,Vishen Halambage,8,7,0,1,0,0,12.5,87.5,7.0
Cameron Green,Wanindu Hasaranga,14,17,1,4,2,0,28.57,121.43,17.0
Cameron Green,Washington Sundar,17,38,1,2,2,3,11.76,223.53,38.0
Cameron Green,Will Jacks,13,27,0,0,2,1,0.0,207.69,27.0
Cameron Green,Yash Thakur,13,10,2,4,0,0,30.77,76.92,5.0
Cameron Green,Yuvraj Chaudhary,6,19,1,1,3,1,16.67,316.67,19.0
Chama Milind,Jason Holder,3,6,0,0,1,0,0.0,200.0,6.0
Chama Milind,Kagiso Rabada,2,3,0,0,0,0,0.0,150.0,3.0
Chama Milind,Manisankar Murasingh,2,2,0,0,0,0,0.0,100.0,2.0
Chama Milind,Mitchell Marsh,2,0,1,2,0,0,100.0,0.0,0.0
Chama Milind,Mohammed Shami,1,0,1,1,0,0,100.0,0.0,0.0
Chama Milind,Mohammed Siraj,1,1,0,0,0,0,0.0,100.0,1.0
Chama Milind,Praveen Jayawickrama,6,7,1,3,1,0,50.0,116.67,7.0
Chama Milind,Shiran Fernando,1,1,0,0,0,0,0.0,100.0,1.0
Chama Milind,Vignesh Puthur,6,4,1,5,1,0,83.33,66.67,4.0
Charith Asalanka,Ashok Sharma,3,8,0,1,0,1,33.33,266.67,8.0
Charith Asalanka,Isitha Wijesundara,3,6,1,2,0,1,66.67,200.0,6.0
Charith Asalanka,Kranthi Kumar,5,14,1,1,0,2,20.0,280.0,14.0
Chetan Sakariya,Avesh Khan,3,4,1,2,1,0,66.67,133.33,4.0
Chetan Sakariya,Gurinder Singh,1,1,0,0,0,0,0.0,100.0,1.0
Chetan Sakariya,Harsh Dubey,1,2,0,0,0,0,0.0,200.0,2.0
Chetan Sakariya,Josh Hazlewood,5,7,0,1,1,0,20.0,140.0,7.0
Chetan Sakariya,KM Asif,1,1,0,0,0,0,0.0,100.0,1.0
Chetan Sakariya,Malinda Pushpakumara,4,0,0,4,0,0,100.0,0.0,0.0
Chetan Sakariya,Matt Henry,3,2,0,1,0,0,33.33,66.67,2.0
Chetan Sakariya,Shiran Fernando,2,2,0,0,0,0,0.0,100.0,2.0
Chetan Sakariya,Tilak Varma,1,0,1,1,0,0,100.0,0.0,0.0
Chetan Sakariya,Washington Sundar,2,5,0,0,1,0,0.0,250.0,5.0
Chris Lynn,Adam Zampa,3,4,0,0,0,0,0.0,133.33,4.0
Chris Lynn,Aiden Markram,3,2,0,1,0,0,33.33,66.67,2.0
Chris Lynn,Akash Vasisht,5,8,0,0,1,0,0.0,160.0,8.0
Chris Lynn,Akeal Hosein,8,9,0,2,1,0,25.0,112.5,9.0
Chris Lynn,Anukul Roy,17,20,1,7,1,1,41.18,117.65,20.0
Chris Lynn,Arpit Vasavada,20,34,0,8,2,3,40.0,170.0,34.0
Chris Lynn,Ashish Singh,14,31,1,1,2,2,7.14,221.43,31.0
Chris Lynn,Ashok Sharma,18,19,1,4,1,0,22.22,105.56,19.0
Chris Lynn,Athisayaraj Davidson,4,4,0,1,0,0,25.0,100.0,4.0
Chris Lynn,Axar Patel,29,56,0,7,5,3,24.14,193.1,56.0
Chris Lynn,Bhuvneshwar Kumar,18,18,0,6,1,0,33.33,100.0,18.0
Chris Lynn,Binura Fernando,11,9,1,3,0,0,27.27,81.82,9.0
Chris Lynn,Brian Bennett,6,12,0,0,2,0,0.0,200.0,12.0
Chris Lynn,CV Stephen,14,16,0,5,0,1,35.71,114.29,16.0
Chris Lynn,Cameron Green,4,2,0,2,0,0,50.0,50.0,2.0
Chris Lynn,Corbin Bosch,8,12,0,2,2,0,25.0,150.0,12.0
Chris Lynn,Dian Forrester,24,40,0,7,7,0,29.17,166.67,40.0
Chris Lynn,Dushan Hemantha,7,14,0,0,0,1,0.0,200.0,14.0
Chris Lynn,Glenton Stuurman,13,14,0,5,0,1,38.46,107.69,14.0
Chris Lynn,Gurinder Singh,5,10,1,1,0,1,20.0,200.0,10.0
Chris Lynn,Gurnoor Singh Brar,11,16,0,3,0,1,27.27,145.45,16.0
Chris Lynn,Gus Atkinson,15,33,0,1,1,2,6.67,220.0,33.0
Chris Lynn,Hardik Pandya,15,13,1,3,0,0,20.0,86.67,13.0
Chris Lynn,Harpreet Brar,11,21,0,1,2,0,9.09,190.91,21.0
Chris Lynn,Ismat Alam,12,14,0,5,0,1,41.67,116.67,14.0
Chris Lynn,Jai Moondra,6,11,0,1,0,1,16.67,183.33,11.0
Chris Lynn,Jasprit Bumrah,25,37,1,8,2,1,32.0,148.0,37.0
Chris Lynn,Joel Davies,4,6,1,1,1,0,25.0,150.0,6.0
Chris Lynn,Jofra Archer,3,2,1,1,0,0,33.33,66.67,2.0
Chris Lynn,Josh Hazlewood,2,2,1,1,0,0,50.0,100.0,2.0
Chris Lynn,Kranthi Kumar,26,44,0,3,3,1,11.54,169.23,44.0
Chris Lynn,Krunal Pandya,15,28,0,4,1,2,26.67,186.67,28.0
Chris Lynn,Kuldeep Yadav,5,1,0,4,0,0,80.0,20.0,1.0
Chris Lynn,Lasith Embuldeniya,15,30,0,0,1,2,0.0,200.0,30.0
Chris Lynn,Liam Livingstone,4,5,0,0,0,0,0.0,125.0,5.0
Chris Lynn,Lone Nasir Muzaffar,0,1,0,0,0,0,0.0,0.0,1.0
Chris Lynn,Lungi Ngidi,17,33,0,3,4,1,17.65,194.12,33.0
Chris Lynn,Malinda Pushpakumara,14,27,0,5,2,2,35.71,192.86,27.0
Chris Lynn,Marcus Stoinis,2,7,0,0,0,1,0.0,350.0,7.0
Chris Lynn,Matthew Forde,3,5,1,2,1,0,66.67,166.67,5.0
Chris Lynn,Mitchell Marsh,9,14,0,2,2,0,22.22,155.56,14.0
Chris Lynn,Mitchell Starc,3,6,0,0,1,0,0.0,200.0,6.0
Chris Lynn,Mohammed Shami,24,23,0,6,0,0,25.0,95.83,23.0
Chris Lynn,Mohsin Khan,4,7,0,2,0,1,50.0,175.0,7.0
Chris Lynn,Mridul Surroch,13,15,0,3,0,0,23.08,115.38,15.0
Chris Lynn,Nathan Ellis,6,6,3,3,1,0,50.0,100.0,2.0
Chris Lynn,Nitish Kumar Reddy,15,34,0,2,2,2,13.33,226.67,34.0
Chris Lynn,Nitish Rana,2,3,0,0,0,0,0.0,150.0,3.0
Chris Lynn,Noor Ahmad,4,7,1,2,0,1,50.0,175.0,7.0
Chris Lynn,Pat Cummins,1,0,1,1,0,0,100.0,0.0,0.0
Chris Lynn,Prashant Veer,5,4,1,1,0,0,20.0,80.0,4.0
Chris Lynn,Praveen Jayawickrama,2,1,0,1,0,0,50.0,50.0,1.0
Chris Lynn,Rachin Ravindra,5,9,0,2,0,1,40.0,180.0,9.0
Chris Lynn,Raj Angad Bawa,3,2,0,1,0,0,33.33,66.67,2.0
Chris Lynn,Rashid Khan,17,26,1,2,1,1,11.76,152.94,26.0
Chris Lynn,Ravi Bishnoi,27,58,1,3,4,4,11.11,214.81,58.0
Chris Lynn,Ravi Teja,8,7,1,4,0,0,50.0,87.5,7.0
Chris Lynn,Ravindra Jadeja,28,57,1,5,2,5,17.86,203.57,57.0
Chris Lynn,Sairaj Patil,4,5,0,0,0,0,0.0,125.0,5.0
Chris Lynn,Sakib Hussain,7,12,1,1,1,0,14.29,171.43,12.0
Chris Lynn,Samant Jakhar,15,41,0,1,4,3,6.67,273.33,41.0
Chris Lynn,Sayan Ghosh,5,2,1,3,0,0,60.0,40.0,2.0
Chris Lynn,Scott Curie,24,39,0,5,1,2,20.83,162.5,39.0
Chris Lynn,Seekkuge Prasanna,13,17,2,5,1,1,38.46,130.77,8.5
Chris Lynn,Shahbaz Ahmed,3,4,0,0,0,0,0.0,133.33,4.0
Chris Lynn,Shardul Thakur,8,22,0,2,2,2,25.0,275.0,22.0
Chris Lynn,Shiran Fernando,7,7,0,2,0,0,28.57,100.0,7.0
Chris Lynn,Shivam Dube,11,20,0,2,1,1,18.18,181.82,20.0
Chris Lynn,Shreyas Iyer,2,7,0,0,0,1,0.0,350.0,7.0
Chris Lynn,Shubham Agarwal,14,26,0,2,0,2,14.29,185.71,26.0
Chris Lynn,Sonny Baker,30,55,2,5,5,2,16.67,183.33,27.5
Chris Lynn,Sunil Narine,13,33,0,2,2,3,15.38,253.85,33.0
Chris Lynn,Suyash Sharma,3,14,0,0,0,2,0.0,466.67,14.0
Chris Lynn,Tanay Thyagarajan,8,13,1,3,0,1,37.5,162.5,13.0
Chris Lynn,Tilak Varma,2,1,1,1,0,0,50.0,50.0,1.0
Chris Lynn,Varun Chakravarthy,16,26,0,2,1,1,12.5,162.5,26.0
Chris Lynn,Vishen Halambage,27,64,1,5,5,4,18.52,237.04,64.0
Chris Lynn,Wanindu Hasaranga,1,0,1,1,0,0,100.0,0.0,0.0
Chris Lynn,Washington Sundar,6,6,1,2,0,0,33.33,100.0,6.0
Chris Lynn,Yuzvendra Chahal,11,19,0,1,0,1,9.09,172.73,19.0
Christopher Britz,Akash Vasisht,13,13,0,6,1,0,46.15,100.0,13.0
Christopher Britz,Arshdeep Singh,39,30,1,24,3,1,61.54,76.92,30.0
Christopher Britz,Beau Webster,2,2,0,0,0,0,0.0,100.0,2.0
Christopher Britz,Calvin Harrison,9,13,2,4,2,0,44.44,144.44,6.5
Christopher Britz,Craig Overton,6,8,0,1,0,0,16.67,133.33,8.0
Christopher Britz,Duvindu Tillakaratne,1,0,1,1,0,0,100.0,0.0,0.0
Christopher Britz,Hardik Pandya,14,33,0,4,3,2,28.57,235.71,33.0
Christopher Britz,Harpreet Brar,32,43,1,14,4,2,43.75,134.38,43.0
Christopher Britz,Joel Davies,15,26,0,4,3,1,26.67,173.33,26.0
Christopher Britz,Josh Hazlewood,8,14,0,1,1,0,12.5,175.0,14.0
Christopher Britz,Karan Lal,9,23,0,2,2,2,22.22,255.56,23.0
Christopher Britz,Lance Morris,8,2,1,6,0,0,75.0,25.0,2.0
Christopher Britz,Matthew Forde,13,21,0,4,4,0,30.77,161.54,21.0
Christopher Britz,Mohamed Shiraz,5,3,0,2,0,0,40.0,60.0,3.0
Christopher Britz,Mohsin Khan,17,21,1,6,3,0,35.29,123.53,21.0
Christopher Britz,Mridul Surroch,4,4,1,1,0,0,25.0,100.0,4.0
Christopher Britz,Prince Yadav,16,37,0,1,2,3,6.25,231.25,37.0
Christopher Britz,Rashid Khan,16,20,1,6,1,1,37.5,125.0,20.0
Christopher Britz,Ravindra Jadeja,19,15,1,13,1,1,68.42,78.95,15.0
Christopher Britz,Saransh Jain,6,11,0,1,1,0,16.67,183.33,11.0
Christopher Britz,Seekkuge Prasanna,6,2,0,4,0,0,66.67,33.33,2.0
Christopher Britz,Shiran Fernando,7,8,0,4,0,1,57.14,114.29,8.0
Christopher Britz,Sonal Dinusha,5,10,0,0,1,0,0.0,200.0,10.0
Christopher Britz,Tripuresh Singh,38,30,1,23,3,1,60.53,78.95,30.0
Christopher Britz,Vidwath Kaverappa,18,25,1,7,0,2,38.89,138.89,25.0
Christopher Britz,Vishen Halambage,33,35,1,15,1,2,45.45,106.06,35.0
Christopher Britz,Yash Thakur,25,46,1,4,3,2,16.0,184.0,46.0
Codanda Ajit Karthik,Adil Rashid,2,5,0,0,1,0,0.0,250.0,5.0
Codanda Ajit Karthik,Allah Ghazanfar,5,8,0,2,1,0,40.0,160.0,8.0
Codanda Ajit Karthik,Ashok Sharma,2,2,1,1,0,0,50.0,100.0,2.0
Codanda Ajit Karthik,Atit Sheth,8,14,1,5,0,2,62.5,175.0,14.0
Codanda Ajit Karthik,Bhuvneshwar Kumar,8,19,0,2,2,1,25.0,237.5,19.0
Codanda Ajit Karthik,CV Stephen,1,0,1,1,0,0,100.0,0.0,0.0
Codanda Ajit Karthik,Chetan Sakariya,4,3,0,1,0,0,25.0,75.0,3.0
Codanda Ajit Karthik,Donovan Ferreira,1,1,0,0,0,0,0.0,100.0,1.0
Codanda Ajit Karthik,Dushan Hemantha,2,2,0,0,0,0,0.0,100.0,2.0
Codanda Ajit Karthik,Hardik Pandya,7,9,0,1,0,0,14.29,128.57,9.0
Codanda Ajit Karthik,Harpreet Brar,2,1,1,1,0,0,50.0,50.0,1.0
Codanda Ajit Karthik,Ishant Sharma,2,1,0,1,0,0,50.0,50.0,1.0
Codanda Ajit Karthik,Mohammed Siraj,4,2,2,3,0,0,75.0,50.0,1.0
Codanda Ajit Karthik,Pat Cummins,1,1,0,0,0,0,0.0,100.0,1.0
Codanda Ajit Karthik,Rasikh Dar,5,11,0,1,0,1,20.0,220.0,11.0
Codanda Ajit Karthik,Sam Curran,2,5,0,0,1,0,0.0,250.0,5.0
Codanda Ajit Karthik,Shivam Shukla,2,7,0,0,0,1,0.0,350.0,7.0
Codanda Ajit Karthik,Vishen Halambage,3,8,0,1,0,1,33.33,266.67,8.0
Codanda Ajit Karthik,Wanindu Hasaranga,3,3,0,1,0,0,33.33,100.0,3.0
Cooper Connolly,Arshdeep Singh,4,4,0,3,1,0,75.0,100.0,4.0
Cooper Connolly,Ashok Sharma,14,10,1,10,0,1,71.43,71.43,10.0
Cooper Connolly,Avesh Khan,18,36,0,9,4,3,50.0,200.0,36.0
Cooper Connolly,Blessing Muzarbani,13,18,2,8,4,0,61.54,138.46,9.0
Cooper Connolly,Cameron Green,14,22,0,6,1,2,42.86,157.14,22.0
Cooper Connolly,Dushan Hemantha,3,4,0,0,0,0,0.0,133.33,4.0
Cooper Connolly,Harpreet Brar,4,0,0,4,0,0,100.0,0.0,0.0
Cooper Connolly,Kangabam Priyojit Singh,6,7,0,3,1,0,50.0,116.67,7.0
Cooper Connolly,Karan Lal,6,4,0,3,0,0,50.0,66.67,4.0
Cooper Connolly,Mohammed Siraj,7,3,1,4,0,0,57.14,42.86,3.0
Cooper Connolly,Romario Shepherd,3,12,0,1,0,2,33.33,400.0,12.0
Cooper Connolly,Sam Curran,9,16,0,3,0,1,33.33,177.78,16.0
Cooper Connolly,Shardul Thakur,8,6,0,5,1,0,62.5,75.0,6.0
Cooper Connolly,Sushant Mishra,11,3,1,9,0,0,81.82,27.27,3.0
Cooper Connolly,Vaibhav Arora,3,8,0,0,0,1,0.0,266.67,8.0
Cooper Connolly,Varun Chakravarthy,4,12,1,1,3,0,25.0,300.0,12.0
Cooper Connolly,Wanindu Hasaranga,1,0,1,1,0,0,100.0,0.0,0.0
Cooper Connolly,Washington Sundar,4,3,0,3,0,0,75.0,75.0,3.0
Cooper Connolly,Will Jacks,3,2,0,1,0,0,33.33,66.67,2.0
Cooper Connolly,Yash Thakur,9,6,0,8,0,1,88.89,66.67,6.0
Corbin Bosch,Abdul Samad,12,13,0,3,0,0,25.0,108.33,13.0
Corbin Bosch,Akeal Hosein,5,7,0,0,0,0,0.0,140.0,7.0
Corbin Bosch,Anukul Roy,13,20,0,3,1,1,23.08,153.85,20.0
Corbin Bosch,Arshdeep Singh,13,31,0,3,1,3,23.08,238.46,31.0
Corbin Bosch,Ashok Sharma,4,9,0,0,0,1,0.0,225.0,9.0
Corbin Bosch,Atit Sheth,2,5,0,0,1,0,0.0,250.0,5.0
Corbin Bosch,Avesh Khan,18,42,0,5,4,3,27.78,233.33,42.0
Corbin Bosch,Bhuvneshwar Kumar,6,6,1,2,0,0,33.33,100.0,6.0
Corbin Bosch,Cameron Green,8,8,0,2,0,0,25.0,100.0,8.0
Corbin Bosch,Cooper Connolly,1,0,1,1,0,0,100.0,0.0,0.0
Corbin Bosch,Deepak Chahar,3,11,0,0,1,1,0.0,366.67,11.0
Corbin Bosch,Donovan Ferreira,3,12,0,0,1,1,0.0,400.0,12.0
Corbin Bosch,Duan Jansen,3,5,0,1,1,0,33.33,166.67,5.0
Corbin Bosch,Glenton Stuurman,3,3,1,1,0,0,33.33,100.0,3.0
Corbin Bosch,Harsh Dubey,1,1,0,0,0,0,0.0,100.0,1.0
Corbin Bosch,Jacob Bethell,5,8,1,1,1,0,20.0,160.0,8.0
Corbin Bosch,Jacob Duffy,3,4,0,0,0,0,0.0,133.33,4.0
Corbin Bosch,Jason Holder,3,6,0,0,1,0,0.0,200.0,6.0
Corbin Bosch,Jasprit Bumrah,8,16,0,1,1,1,12.5,200.0,16.0
Corbin Bosch,KM Asif,1,1,0,0,0,0,0.0,100.0,1.0
Corbin Bosch,Kagiso Rabada,3,13,0,0,0,2,0.0,433.33,13.0
Corbin Bosch,Kranthi Kumar,3,5,1,1,1,0,33.33,166.67,5.0
Corbin Bosch,Kuldeep Yadav,6,9,1,3,0,1,50.0,150.0,9.0
Corbin Bosch,Liam Livingstone,3,2,0,1,0,0,33.33,66.67,2.0
Corbin Bosch,Lungi Ngidi,12,20,0,2,1,1,16.67,166.67,20.0
Corbin Bosch,Manav Suthar,2,2,1,1,0,0,50.0,100.0,2.0
Corbin Bosch,Manisankar Murasingh,5,7,0,3,0,1,60.0,140.0,7.0
Corbin Bosch,Matheesha Pathirana,4,0,1,4,0,0,100.0,0.0,0.0
Corbin Bosch,Mitchell Starc,8,12,1,2,2,0,25.0,150.0,12.0
Corbin Bosch,Mohammed Siraj,3,5,0,1,1,0,33.33,166.67,5.0
Corbin Bosch,Mohsin Khan,1,0,1,1,0,0,100.0,0.0,0.0
Corbin Bosch,Mridul Surroch,4,6,0,0,0,0,0.0,150.0,6.0
Corbin Bosch,Nathan Ellis,3,0,1,3,0,0,100.0,0.0,0.0
Corbin Bosch,Prashant Veer,1,1,0,0,0,0,0.0,100.0,1.0
Corbin Bosch,Praveen Jayawickrama,1,2,0,0,0,0,0.0,200.0,2.0
Corbin Bosch,Raj Angad Bawa,2,1,0,1,0,0,50.0,50.0,1.0
Corbin Bosch,Rasikh Dar,2,2,0,0,0,0,0.0,100.0,2.0
Corbin Bosch,Ravi Teja,3,2,0,1,0,0,33.33,66.67,2.0
Corbin Bosch,Sahan Arachchige,4,1,1,3,0,0,75.0,25.0,1.0
Corbin Bosch,Shahbaz Ahmed,5,5,0,2,0,0,40.0,100.0,5.0
Corbin Bosch,Shardul Thakur,12,17,0,4,2,0,33.33,141.67,17.0
Corbin Bosch,Shiran Fernando,5,1,1,4,0,0,80.0,20.0,1.0
Corbin Bosch,Vaibhav Arora,6,4,0,2,0,0,33.33,66.67,4.0
Corbin Bosch,Varun Chakravarthy,25,19,1,13,2,0,52.0,76.0,19.0
Corbin Bosch,Vasuki Koushik,1,6,0,0,0,1,0.0,600.0,6.0
Corbin Bosch,Washington Sundar,20,32,0,6,0,3,30.0,160.0,32.0
Craig Overton,Arshdeep Singh,3,7,1,1,0,1,33.33,233.33,7.0
Craig Overton,Brian Bennett,3,3,0,1,0,0,33.33,100.0,3.0
Craig Overton,Harpreet Brar,5,1,0,4,0,0,80.0,20.0,1.0
Craig Overton,Mohsin Khan,1,0,1,1,0,0,100.0,0.0,0.0
Craig Overton,Nimesh Vimukthi,1,2,0,0,0,0,0.0,200.0,2.0
Craig Overton,Noor Ahmad,2,1,1,1,0,0,50.0,50.0,1.0
Craig Overton,Rachin Ravindra,3,3,0,1,0,0,33.33,100.0,3.0
Dan Lawrence,Ashwin Das,4,8,0,0,1,0,0.0,200.0,8.0
Dan Lawrence,Joel Davies,2,1,0,1,0,0,50.0,50.0,1.0
Dan Lawrence,Karan Lal,4,4,1,1,0,0,25.0,100.0,4.0
Dan Lawrence,Matthew Forde,6,9,0,1,1,0,16.67,150.0,9.0
Dan Lawrence,Mohsin Khan,5,7,0,0,0,0,0.0,140.0,7.0
Dan Lawrence,Vidwath Kaverappa,3,3,0,0,0,0,0.0,100.0,3.0
Dan Lawrence,Washington Sundar,4,4,0,2,0,0,50.0,100.0,4.0
Dan Lawrence,Will Jacks,2,0,1,2,0,0,100.0,0.0,0.0
Dan Lawrence,Yash Thakur,4,4,0,0,0,0,0.0,100.0,4.0
Darshan Nalkande,Bhuvneshwar Kumar,1,1,0,0,0,0,0.0,100.0,1.0
Darshan Nalkande,Brad Evans,2,0,1,2,0,0,100.0,0.0,0.0
Darshan Nalkande,Malinda Pushpakumara,2,3,0,0,0,0,0.0,150.0,3.0
Darshan Nalkande,Ravindra Jadeja,3,0,1,3,0,0,100.0,0.0,0.0
Dasun Shanaka,Kranthi Kumar,1,2,0,0,0,0,0.0,200.0,2.0
Dasun Shanaka,Sonny Baker,4,4,1,1,0,0,25.0,100.0,4.0
David Miller,Abhishek Sharma,3,8,0,1,0,1,33.33,266.67,8.0
David Miller,Adam Zampa,26,54,2,3,2,4,11.54,207.69,27.0
David Miller,Adil Rashid,12,13,1,2,0,0,16.67,108.33,13.0
David Miller,Ajay Dev Goud,10,13,2,4,2,0,40.0,130.0,6.5
David Miller,Akash Vasisht,9,11,1,2,0,0,22.22,122.22,11.0
David Miller,Allah Ghazanfar,2,0,1,2,0,0,100.0,0.0,0.0
David Miller,Anshul Kamboj,1,1,0,0,0,0,0.0,100.0,1.0
David Miller,Anukul Roy,13,12,1,5,1,0,38.46,92.31,12.0
David Miller,Arpit Vasavada,2,4,1,1,1,0,50.0,200.0,4.0
David Miller,Arshdeep Singh,4,8,0,1,0,1,25.0,200.0,8.0
David Miller,Ashok Sharma,10,22,1,2,2,1,20.0,220.0,22.0
David Miller,Atit Sheth,5,6,0,1,0,0,20.0,120.0,6.0
David Miller,Avinov Choudhary,8,14,0,3,1,1,37.5,175.0,14.0
David Miller,Axar Patel,10,10,1,1,0,0,10.0,100.0,10.0
David Miller,Ben Stokes,5,18,0,1,1,2,20.0,360.0,18.0
David Miller,Bhuvneshwar Kumar,19,21,3,10,4,0,52.63,110.53,7.0
David Miller,CV Stephen,7,5,1,3,0,0,42.86,71.43,5.0
David Miller,Cameron Green,2,7,0,0,0,1,0.0,350.0,7.0
David Miller,Chetan Sakariya,1,0,1,1,0,0,100.0,0.0,0.0
David Miller,Corbin Bosch,6,9,0,0,0,0,0.0,150.0,9.0
David Miller,Dian Forrester,22,44,0,4,2,3,18.18,200.0,44.0
David Miller,Dushan Hemantha,29,63,1,10,7,4,34.48,217.24,63.0
David Miller,Gangam Anikethreddy,23,23,2,7,2,0,30.43,100.0,11.5
David Miller,Glenn Phillips,1,1,0,0,0,0,0.0,100.0,1.0
David Miller,Glenton Stuurman,4,7,0,0,1,0,0.0,175.0,7.0
David Miller,Gurinder Singh,13,21,1,1,2,0,7.69,161.54,21.0
David Miller,Gus Atkinson,4,4,1,1,0,0,25.0,100.0,4.0
David Miller,Hardik Pandya,24,46,1,7,3,3,29.17,191.67,46.0
David Miller,Harpreet Brar,13,17,0,2,1,0,15.38,130.77,17.0
David Miller,Harshal Patel,5,7,1,1,1,0,20.0,140.0,7.0
David Miller,Jasprit Bumrah,26,47,3,6,1,4,23.08,180.77,15.67
David Miller,Jaydev Unadkat,2,1,0,1,0,0,50.0,50.0,1.0
David Miller,Joel Davies,10,18,1,3,1,1,30.0,180.0,18.0
David Miller,Jofra Archer,5,8,0,1,1,0,20.0,160.0,8.0
David Miller,Josh Hazlewood,29,55,1,5,4,3,17.24,189.66,55.0
David Miller,Kagiso Rabada,4,6,0,0,0,0,0.0,150.0,6.0
David Miller,Karan Lal,13,22,0,1,2,0,7.69,169.23,22.0
David Miller,Kranthi Kumar,19,39,1,2,2,2,10.53,205.26,39.0
David Miller,Krunal Pandya,16,29,0,5,2,2,31.25,181.25,29.0
David Miller,Lalit Yadav,1,1,0,0,0,0,0.0,100.0,1.0
David Miller,Lance Morris,2,7,0,0,0,1,0.0,350.0,7.0
David Miller,Liam Livingstone,3,1,2,2,0,0,66.67,33.33,0.5
David Miller,Lungi Ngidi,6,10,0,1,0,1,16.67,166.67,10.0
David Miller,Malinda Pushpakumara,32,47,4,7,2,2,21.88,146.88,11.75
David Miller,Manav Suthar,10,14,0,3,0,1,30.0,140.0,14.0
David Miller,Marcus Stoinis,2,7,0,0,0,1,0.0,350.0,7.0
David Miller,Mitchell Marsh,3,7,0,0,1,0,0.0,233.33,7.0
David Miller,Mitchell Starc,32,54,2,7,3,3,21.88,168.75,27.0
David Miller,Mohammed Shami,3,3,0,1,0,0,33.33,100.0,3.0
David Miller,Mohammed Siraj,25,41,3,5,2,2,20.0,164.0,13.67
David Miller,Mridul Surroch,13,21,0,1,1,0,7.69,161.54,21.0
David Miller,Naman Dhir,2,1,0,1,0,0,50.0,50.0,1.0
David Miller,Nathan Ellis,17,38,2,2,4,2,11.76,223.53,19.0
David Miller,Nishant Sindhu,3,1,0,2,0,0,66.67,33.33,1.0
David Miller,Nitish Kumar Reddy,14,27,0,1,3,1,7.14,192.86,27.0
David Miller,Nitish Rana,5,10,1,3,1,1,60.0,200.0,10.0
David Miller,Ottneil Baartman,1,0,1,1,0,0,100.0,0.0,0.0
David Miller,Pat Cummins,8,9,0,2,0,0,25.0,112.5,9.0
David Miller,Prabath Jayasuriya,3,2,0,1,0,0,33.33,66.67,2.0
David Miller,Prashant Veer,27,28,1,9,2,0,33.33,103.7,28.0
David Miller,Praveen Jayawickrama,18,21,2,5,1,0,27.78,116.67,10.5
David Miller,Prince Yadav,2,2,0,0,0,0,0.0,100.0,2.0
David Miller,Rachin Ravindra,2,0,1,2,0,0,100.0,0.0,0.0
David Miller,Rahul Chahar,3,11,0,0,1,1,0.0,366.67,11.0
David Miller,Rashid Khan,4,3,0,1,0,0,25.0,75.0,3.0
David Miller,Rasikh Dar,1,0,1,1,0,0,100.0,0.0,0.0
David Miller,Ravi Bishnoi,42,64,0,4,4,2,9.52,152.38,64.0
David Miller,Ravindra Jadeja,17,30,0,2,2,1,11.76,176.47,30.0
David Miller,Sahan Arachchige,27,38,2,8,4,0,29.63,140.74,19.0
David Miller,Sairaj Patil,10,17,1,3,1,1,30.0,170.0,17.0
David Miller,Sakib Hussain,1,1,0,0,0,0,0.0,100.0,1.0
David Miller,Sam Curran,12,22,0,1,1,1,8.33,183.33,22.0
David Miller,Sanvir Singh,17,26,0,2,0,1,11.76,152.94,26.0
David Miller,Sayan Ghosh,2,2,0,0,0,0,0.0,100.0,2.0
David Miller,Scott Curie,4,7,0,1,1,0,25.0,175.0,7.0
David Miller,Seekkuge Prasanna,4,6,0,1,1,0,25.0,150.0,6.0
David Miller,Shahbaz Ahmed,9,16,0,0,0,1,0.0,177.78,16.0
David Miller,Shiran Fernando,31,43,1,8,2,2,25.81,138.71,43.0
David Miller,Shubham Agarwal,15,26,0,1,1,1,6.67,173.33,26.0
David Miller,Sikandar Raza,2,2,0,0,0,0,0.0,100.0,2.0
David Miller,Sonny Baker,11,15,0,0,0,0,0.0,136.36,15.0
David Miller,Sonu Yadav,1,0,1,1,0,0,100.0,0.0,0.0
David Miller,Sunil Narine,4,1,1,3,0,0,75.0,25.0,1.0
David Miller,Suryansh Shedge,3,2,0,1,0,0,33.33,66.67,2.0
David Miller,Tanay Thyagarajan,8,4,0,5,0,0,62.5,50.0,4.0
David Miller,Tharindu Rathnanayake,3,2,1,1,0,0,33.33,66.67,2.0
David Miller,Vaisakh Chandran,5,7,0,3,0,1,60.0,140.0,7.0
David Miller,Varun Chakravarthy,20,34,0,7,3,2,35.0,170.0,34.0
David Miller,Vishen Halambage,33,56,2,8,4,3,24.24,169.7,28.0
David Miller,Wanindu Hasaranga,15,16,0,4,1,0,26.67,106.67,16.0
David Miller,Will Jacks,5,6,1,2,1,0,40.0,120.0,6.0
David Miller,Yash Thakur,3,12,1,1,0,2,33.33,400.0,12.0
David Warner,Abhishek Sharma,6,8,0,0,0,0,0.0,133.33,8.0
David Warner,Adam Zampa,5,1,2,4,0,0,80.0,20.0,0.5
David Warner,Ajay Dev Goud,2,2,0,0,0,0,0.0,100.0,2.0
David Warner,Akash Vasisht,21,32,0,2,1,1,9.52,152.38,32.0
David Warner,Akeal Hosein,10,13,0,1,0,0,10.0,130.0,13.0
David Warner,Anshul Kamboj,5,6,0,1,0,0,20.0,120.0,6.0
David Warner,Arshdeep Singh,17,31,2,4,0,3,23.53,182.35,15.5
David Warner,Ashok Sharma,61,104,3,12,8,4,19.67,170.49,34.67
David Warner,Atit Sheth,6,13,0,0,0,1,0.0,216.67,13.0
David Warner,Ben Stokes,8,12,1,3,0,1,37.5,150.0,12.0
David Warner,Bhuvneshwar Kumar,16,19,1,4,1,0,25.0,118.75,19.0
David Warner,Brian Bennett,5,5,0,0,0,0,0.0,100.0,5.0
David Warner,Cameron Green,3,2,0,1,0,0,33.33,66.67,2.0
David Warner,Dasun Shanaka,15,23,1,2,1,1,13.33,153.33,23.0
David Warner,Duan Jansen,3,2,0,1,0,0,33.33,66.67,2.0
David Warner,Dushan Hemantha,34,59,0,7,4,3,20.59,173.53,59.0
David Warner,Duvindu Tillakaratne,4,5,0,2,1,0,50.0,125.0,5.0
David Warner,Gangam Anikethreddy,9,15,0,2,0,1,22.22,166.67,15.0
David Warner,Glenn Phillips,13,28,0,2,0,3,15.38,215.38,28.0
David Warner,Glenton Stuurman,24,25,1,5,1,0,20.83,104.17,25.0
David Warner,Gurinder Singh,123,151,5,25,7,3,20.33,122.76,30.2
David Warner,Gus Atkinson,6,10,0,0,1,0,0.0,166.67,10.0
David Warner,Hardik Pandya,10,9,1,3,0,0,30.0,90.0,9.0
David Warner,Harpreet Brar,7,6,1,1,0,0,14.29,85.71,6.0
David Warner,Harsh Dubey,11,19,0,1,0,1,9.09,172.73,19.0
David Warner,Ishant Sharma,6,9,0,1,1,0,16.67,150.0,9.0
David Warner,Isitha Wijesundara,9,17,0,1,0,1,11.11,188.89,17.0
David Warner,Jacob Duffy,11,21,0,2,0,2,18.18,190.91,21.0
David Warner,Jasprit Bumrah,12,13,1,2,0,0,16.67,108.33,13.0
David Warner,Jaydev Unadkat,14,18,1,3,1,0,21.43,128.57,18.0
David Warner,Joel Davies,6,9,1,2,0,1,33.33,150.0,9.0
David Warner,Josh Hazlewood,15,29,0,4,2,2,26.67,193.33,29.0
David Warner,KM Asif,9,26,0,1,4,1,11.11,288.89,26.0
David Warner,Kagiso Rabada,12,9,1,6,0,0,50.0,75.0,9.0
David Warner,Kangabam Priyojit Singh,13,14,0,2,0,0,15.38,107.69,14.0
David Warner,Karan Lal,4,6,0,1,1,0,25.0,150.0,6.0
David Warner,Kranthi Kumar,101,117,1,18,1,2,17.82,115.84,117.0
David Warner,Krunal Pandya,4,1,0,3,0,0,75.0,25.0,1.0
David Warner,Kuldeep Yadav,54,93,6,12,7,4,22.22,172.22,15.5
David Warner,Lalit Yadav,20,35,0,1,4,0,5.0,175.0,35.0
David Warner,Liam Livingstone,26,50,0,3,1,3,11.54,192.31,50.0
David Warner,Lungi Ngidi,17,22,1,2,1,0,11.76,129.41,22.0
David Warner,Maheesh Theekshana,7,4,1,3,0,0,42.86,57.14,4.0
David Warner,Malinda Pushpakumara,79,104,4,24,5,4,30.38,131.65,26.0
David Warner,Manav Suthar,8,11,0,0,0,0,0.0,137.5,11.0
David Warner,Manisankar Murasingh,13,16,1,3,1,0,23.08,123.08,16.0
David Warner,Marcus Stoinis,6,4,1,2,0,0,33.33,66.67,4.0
David Warner,Mitchell Starc,20,24,1,5,1,1,25.0,120.0,24.0
David Warner,Mohammed Siraj,51,90,1,6,4,3,11.76,176.47,90.0
David Warner,Mohsin Khan,8,7,0,3,0,0,37.5,87.5,7.0
David Warner,Mridul Surroch,4,3,1,1,0,0,25.0,75.0,3.0
David Warner,Mukhtar Hussain,16,21,0,2,0,0,12.5,131.25,21.0
David Warner,Nimesh Vimukthi,4,7,0,2,0,1,50.0,175.0,7.0
David Warner,Nishan Peiris,3,2,1,1,0,0,33.33,66.67,2.0
David Warner,Nitish Rana,9,8,2,3,0,0,33.33,88.89,4.0
David Warner,Pat Cummins,8,6,1,3,0,0,37.5,75.0,6.0
David Warner,Prashant Veer,13,19,1,3,3,0,23.08,146.15,19.0
David Warner,Praveen Jayawickrama,9,10,0,1,0,0,11.11,111.11,10.0
David Warner,Rachin Ravindra,3,1,0,2,0,0,66.67,33.33,1.0
David Warner,Raj Angad Bawa,7,8,0,2,0,0,28.57,114.29,8.0
David Warner,Raj Limbani,6,4,0,2,0,0,33.33,66.67,4.0
David Warner,Ravi Bishnoi,4,5,0,0,0,0,0.0,125.0,5.0
David Warner,Ravindra Jadeja,23,34,1,5,4,0,21.74,147.83,34.0
David Warner,Riyan Parag,16,20,0,1,0,0,6.25,125.0,20.0
David Warner,Rohit Sharma,4,6,0,1,0,0,25.0,150.0,6.0
David Warner,Sahan Arachchige,74,118,2,20,6,7,27.03,159.46,59.0
David Warner,Sai Kishore,6,4,0,2,0,0,33.33,66.67,4.0
David Warner,Sairaj Patil,5,5,1,1,0,0,20.0,100.0,5.0
David Warner,Sakib Hussain,4,4,1,1,0,0,25.0,100.0,4.0
David Warner,Sam Curran,31,43,1,5,1,1,16.13,138.71,43.0
David Warner,Scott Curie,14,21,0,3,1,1,21.43,150.0,21.0
David Warner,Seekkuge Prasanna,8,10,0,0,0,0,0.0,125.0,10.0
David Warner,Shahbaz Ahmed,8,10,0,1,0,0,12.5,125.0,10.0
David Warner,Shiran Fernando,93,139,5,26,8,6,27.96,149.46,27.8
David Warner,Shivam Dube,17,20,1,3,1,0,17.65,117.65,20.0
David Warner,Shivam Mavi,5,7,0,0,0,0,0.0,140.0,7.0
David Warner,Shubham Agarwal,7,16,1,2,1,1,28.57,228.57,16.0
David Warner,Sonny Baker,3,2,1,1,0,0,33.33,66.67,2.0
David Warner,Suyash Sharma,3,2,0,1,0,0,33.33,66.67,2.0
David Warner,Tanay Thyagarajan,2,2,0,0,0,0,0.0,100.0,2.0
David Warner,Tilak Varma,2,2,0,0,0,0,0.0,100.0,2.0
David Warner,Vaisakh Chandran,9,20,0,0,1,1,0.0,222.22,20.0
David Warner,Varun Chakravarthy,80,89,3,21,6,1,26.25,111.25,29.67
David Warner,Vishen Halambage,39,48,1,13,4,0,33.33,123.08,48.0
David Warner,Wanindu Hasaranga,7,7,1,3,1,0,42.86,100.0,7.0
David Warner,Washington Sundar,17,26,1,2,3,0,11.76,152.94,26.0
David Warner,Will Jacks,37,47,0,7,2,1,18.92,127.03,47.0
David Warner,Yuvraj Chaudhary,4,4,0,0,0,0,0.0,100.0,4.0
Deepak Chahar,Aaron Hardie,4,5,0,0,0,0,0.0,125.0,5.0
Deepak Chahar,Adam Zampa,8,12,0,0,0,0,0.0,150.0,12.0
Deepak Chahar,Prashant Veer,7,8,1,1,0,0,14.29,114.29,8.0
Deepak Chahar,Sairaj Patil,2,2,0,0,0,0,0.0,100.0,2.0
Deepak Hooda,Abhishek Sharma,5,15,0,1,2,1,20.0,300.0,15.0
Deepak Hooda,Adam Zampa,23,38,0,5,2,2,21.74,165.22,38.0
Deepak Hooda,Adil Rashid,3,2,0,1,0,0,33.33,66.67,2.0
Deepak Hooda,Akeal Hosein,35,80,0,9,7,6,25.71,228.57,80.0
Deepak Hooda,Allah Ghazanfar,4,7,0,0,1,0,0.0,175.0,7.0
Deepak Hooda,Amila Aponso,7,8,0,0,0,0,0.0,114.29,8.0
Deepak Hooda,Arjun Tendulkar,2,5,0,0,1,0,0.0,250.0,5.0
Deepak Hooda,Ashok Sharma,20,24,1,4,1,0,20.0,120.0,24.0
Deepak Hooda,Atit Sheth,7,12,0,1,2,0,14.29,171.43,12.0
Deepak Hooda,Avinov Choudhary,9,20,0,1,2,1,11.11,222.22,20.0
Deepak Hooda,Axar Patel,17,11,1,8,0,0,47.06,64.71,11.0
Deepak Hooda,Ben Stokes,1,0,1,1,0,0,100.0,0.0,0.0
Deepak Hooda,Bhuvneshwar Kumar,27,30,0,6,1,0,22.22,111.11,30.0
Deepak Hooda,CV Stephen,11,19,1,2,3,0,18.18,172.73,19.0
Deepak Hooda,Darshan Nalkande,4,10,1,2,1,1,50.0,250.0,10.0
Deepak Hooda,Dian Forrester,10,25,0,1,0,3,10.0,250.0,25.0
Deepak Hooda,Donovan Ferreira,5,12,0,0,2,0,0.0,240.0,12.0
Deepak Hooda,Dunith Wellalage,8,7,0,3,0,0,37.5,87.5,7.0
Deepak Hooda,Dushan Hemantha,11,11,1,2,0,0,18.18,100.0,11.0
Deepak Hooda,Gurinder Singh,3,0,2,3,0,0,100.0,0.0,0.0
Deepak Hooda,Hardik Pandya,14,18,0,1,0,0,7.14,128.57,18.0
Deepak Hooda,Harpreet Brar,22,28,1,9,1,2,40.91,127.27,28.0
Deepak Hooda,Harsh Dubey,8,8,0,5,1,0,62.5,100.0,8.0
Deepak Hooda,Harshal Patel,11,13,2,3,1,0,27.27,118.18,6.5
Deepak Hooda,Jacob Bethell,3,6,0,0,0,0,0.0,200.0,6.0
Deepak Hooda,Jasprit Bumrah,4,10,0,0,0,1,0.0,250.0,10.0
Deepak Hooda,Josh Hazlewood,3,5,0,1,1,0,33.33,166.67,5.0
Deepak Hooda,Kagiso Rabada,7,4,2,3,0,0,42.86,57.14,2.0
Deepak Hooda,Kuldeep Yadav,11,9,1,5,1,0,45.45,81.82,9.0
Deepak Hooda,Lungi Ngidi,6,8,0,1,0,0,16.67,133.33,8.0
Deepak Hooda,Malinda Pushpakumara,15,15,3,7,2,0,46.67,100.0,5.0
Deepak Hooda,Manisankar Murasingh,2,0,0,2,0,0,100.0,0.0,0.0
Deepak Hooda,Mitchell Marsh,10,22,0,2,1,2,20.0,220.0,22.0
Deepak Hooda,Mitchell Starc,8,5,1,4,0,0,50.0,62.5,5.0
Deepak Hooda,Mohammed Shami,22,36,0,4,1,1,18.18,163.64,36.0
Deepak Hooda,Mohammed Siraj,16,19,0,4,1,0,25.0,118.75,19.0
Deepak Hooda,Mohsin Khan,2,0,1,2,0,0,100.0,0.0,0.0
Deepak Hooda,Mridul Surroch,7,7,1,2,0,0,28.57,100.0,7.0
Deepak Hooda,Mukhtar Hussain,1,0,0,1,0,0,100.0,0.0,0.0
Deepak Hooda,Naman Dhir,1,1,0,0,0,0,0.0,100.0,1.0
Deepak Hooda,Nitish Kumar Reddy,2,2,0,0,0,0,0.0,100.0,2.0
Deepak Hooda,Pat Cummins,7,10,1,1,1,0,14.29,142.86,10.0
Deepak Hooda,Prabath Jayasuriya,7,9,0,1,1,0,14.29,128.57,9.0
Deepak Hooda,Prashant Veer,11,19,0,1,1,1,9.09,172.73,19.0
Deepak Hooda,Praveen Jayawickrama,3,5,0,1,1,0,33.33,166.67,5.0
Deepak Hooda,Prince Yadav,10,12,0,1,0,0,10.0,120.0,12.0
Deepak Hooda,Rahul Chahar,2,2,0,0,0,0,0.0,100.0,2.0
Deepak Hooda,Raj Angad Bawa,6,3,1,4,0,0,66.67,50.0,3.0
Deepak Hooda,Rashid Khan,22,20,1,6,1,0,27.27,90.91,20.0
Deepak Hooda,Rasikh Dar,3,6,0,0,1,0,0.0,200.0,6.0
Deepak Hooda,Ravi Bishnoi,14,36,0,1,2,3,7.14,257.14,36.0
Deepak Hooda,Ravindra Jadeja,20,35,1,3,1,2,15.0,175.0,35.0
Deepak Hooda,Sahan Arachchige,14,15,1,8,1,1,57.14,107.14,15.0
Deepak Hooda,Sairaj Patil,5,2,1,3,0,0,60.0,40.0,2.0
Deepak Hooda,Samant Jakhar,3,3,0,1,0,0,33.33,100.0,3.0
Deepak Hooda,Sanvir Singh,2,3,0,0,0,0,0.0,150.0,3.0
Deepak Hooda,Shahbaz Ahmed,11,18,0,2,0,1,18.18,163.64,18.0
Deepak Hooda,Shubham Agarwal,10,15,0,2,0,1,20.0,150.0,15.0
Deepak Hooda,Sonny Baker,11,15,0,0,0,0,0.0,136.36,15.0
Deepak Hooda,Sunil Narine,2,1,0,1,0,0,50.0,50.0,1.0
Deepak Hooda,Tharindu Rathnanayake,2,3,0,0,0,0,0.0,150.0,3.0
Deepak Hooda,Varun Chakravarthy,11,14,0,0,0,0,0.0,127.27,14.0
Deepak Hooda,Vishen Halambage,18,22,2,5,1,1,27.78,122.22,11.0
Deepak Hooda,Wanindu Hasaranga,12,20,0,0,0,1,0.0,166.67,20.0
Deepak Hooda,Washington Sundar,12,17,1,6,0,2,50.0,141.67,17.0
Deepak Hooda,Will Jacks,11,13,0,2,1,0,18.18,118.18,13.0
Deepak Hooda,Yash Thakur,2,1,1,1,0,0,50.0,50.0,1.0
Dega Nischal,Ashok Sharma,11,8,0,3,0,0,27.27,72.73,8.0
Dega Nischal,Corbin Bosch,15,26,0,3,4,0,20.0,173.33,26.0
Dega Nischal,Kranthi Kumar,27,49,1,6,4,3,22.22,181.48,49.0
Dega Nischal,Ravi Bishnoi,4,3,0,1,0,0,25.0,75.0,3.0
Dega Nischal,Sonny Baker,7,9,1,1,1,0,14.29,128.57,9.0
Delano Potgieter,Adam Zampa,3,4,0,0,0,0,0.0,133.33,4.0
Delano Potgieter,Akeal Hosein,2,4,1,1,1,0,50.0,200.0,4.0
Delano Potgieter,Ashok Sharma,24,45,1,5,5,2,20.83,187.5,45.0
Delano Potgieter,Brad Evans,2,1,1,1,0,0,50.0,50.0,1.0
Delano Potgieter,Chetan Sakariya,8,15,0,2,1,1,25.0,187.5,15.0
Delano Potgieter,Dian Forrester,3,6,0,2,0,1,66.67,200.0,6.0
Delano Potgieter,Dinuka Dilshan,5,3,0,2,0,0,40.0,60.0,3.0
Delano Potgieter,Dushan Hemantha,2,1,1,1,0,0,50.0,50.0,1.0
Delano Potgieter,Harpreet Brar,3,1,0,2,0,0,66.67,33.33,1.0
Delano Potgieter,Harsh Dubey,13,23,0,4,1,2,30.77,176.92,23.0
Delano Potgieter,Jacob Duffy,23,42,2,6,6,1,26.09,182.61,21.0
Delano Potgieter,Jamie Overton,1,1,0,0,0,0,0.0,100.0,1.0
Delano Potgieter,Jason Holder,1,0,0,1,0,0,100.0,0.0,0.0
Delano Potgieter,Josh Hazlewood,6,9,0,2,0,1,33.33,150.0,9.0
Delano Potgieter,Kagiso Rabada,1,2,0,0,0,0,0.0,200.0,2.0
Delano Potgieter,Karan Lal,5,15,0,1,0,2,20.0,300.0,15.0
Delano Potgieter,Krunal Pandya,5,16,1,1,4,0,20.0,320.0,16.0
Delano Potgieter,Kuldeep Yadav,7,7,1,1,0,0,14.29,100.0,7.0
Delano Potgieter,Lungi Ngidi,6,9,0,2,1,0,33.33,150.0,9.0
Delano Potgieter,Manav Suthar,6,12,0,0,2,0,0.0,200.0,12.0
Delano Potgieter,Matt Henry,3,6,0,2,0,1,66.67,200.0,6.0
Delano Potgieter,Mitchell Starc,7,21,0,0,1,2,0.0,300.0,21.0
Delano Potgieter,Mohammed Siraj,5,3,2,3,0,0,60.0,60.0,1.5
Delano Potgieter,Nathan Ellis,5,4,1,1,0,0,20.0,80.0,4.0
Delano Potgieter,Sairaj Patil,4,2,0,2,0,0,50.0,50.0,2.0
Delano Potgieter,Sanvir Singh,3,9,0,0,0,1,0.0,300.0,9.0
Delano Potgieter,Shiran Fernando,2,7,0,0,0,1,0.0,350.0,7.0
Delano Potgieter,Shivam Shukla,5,15,1,1,2,1,20.0,300.0,15.0
Delano Potgieter,Virat Kohli,4,2,0,2,0,0,50.0,50.0,2.0
Delano Potgieter,Wanindu Hasaranga,2,4,1,1,1,0,50.0,200.0,4.0
Delano Potgieter,Washington Sundar,3,11,0,0,1,1,0.0,366.67,11.0
Devdutt Padikkal,Abdul Samad,8,8,0,3,1,0,37.5,100.0,8.0
Devdutt Padikkal,Abhishek Sharma,1,1,0,0,0,0,0.0,100.0,1.0
Devdutt Padikkal,Adam Zampa,5,9,1,1,0,1,20.0,180.0,9.0
Devdutt Padikkal,Aiden Markram,38,71,2,6,5,4,15.79,186.84,35.5
Devdutt Padikkal,Ajay Dev Goud,8,12,0,2,0,1,25.0,150.0,12.0
Devdutt Padikkal,Akash Vasisht,8,10,0,0,0,0,0.0,125.0,10.0
Devdutt Padikkal,Akeal Hosein,87,117,8,32,10,4,36.78,134.48,14.62
Devdutt Padikkal,Anshul Kamboj,9,10,0,0,0,0,0.0,111.11,10.0
Devdutt Padikkal,Anukul Roy,13,25,0,2,2,1,15.38,192.31,25.0
Devdutt Padikkal,Arjun Tendulkar,21,38,2,8,4,2,38.1,180.95,19.0
Devdutt Padikkal,Arshdeep Singh,15,16,1,5,0,0,33.33,106.67,16.0
Devdutt Padikkal,Ashish Singh,2,2,1,1,0,0,50.0,100.0,2.0
Devdutt Padikkal,Ashok Sharma,75,131,1,14,7,8,18.67,174.67,131.0
Devdutt Padikkal,Atit Sheth,11,12,1,5,1,0,45.45,109.09,12.0
Devdutt Padikkal,Avesh Khan,5,10,0,0,1,0,0.0,200.0,10.0
Devdutt Padikkal,Avinov Choudhary,3,7,0,0,1,0,0.0,233.33,7.0
Devdutt Padikkal,Axar Patel,9,13,0,0,1,0,0.0,144.44,13.0
Devdutt Padikkal,Azmatullah Omarzai,5,8,1,2,0,1,40.0,160.0,8.0
Devdutt Padikkal,Bhuvneshwar Kumar,18,26,0,5,1,2,27.78,144.44,26.0
Devdutt Padikkal,Binura Fernando,6,14,1,1,1,1,16.67,233.33,14.0
Devdutt Padikkal,Brian Bennett,13,14,0,4,1,0,30.77,107.69,14.0
Devdutt Padikkal,CV Stephen,6,8,0,1,1,0,16.67,133.33,8.0
Devdutt Padikkal,Chetan Sakariya,6,18,0,0,0,2,0.0,300.0,18.0
Devdutt Padikkal,Codanda Ajit Karthik,3,8,0,0,0,1,0.0,266.67,8.0
Devdutt Padikkal,Corbin Bosch,32,55,1,2,3,2,6.25,171.88,55.0
Devdutt Padikkal,Craig Overton,8,21,0,0,0,2,0.0,262.5,21.0
Devdutt Padikkal,Dasun Shanaka,12,19,0,0,1,0,0.0,158.33,19.0
Devdutt Padikkal,Dian Forrester,35,35,3,13,1,1,37.14,100.0,11.67
Devdutt Padikkal,Donovan Ferreira,1,0,1,1,0,0,100.0,0.0,0.0
Devdutt Padikkal,Dunith Wellalage,8,18,0,0,2,0,0.0,225.0,18.0
Devdutt Padikkal,Dushan Hemantha,24,41,0,5,2,3,20.83,170.83,41.0
Devdutt Padikkal,Eshan Malinga,7,20,0,1,1,2,14.29,285.71,20.0
Devdutt Padikkal,Glenn Phillips,3,8,0,0,0,1,0.0,266.67,8.0
Devdutt Padikkal,Glenton Stuurman,5,7,0,0,0,0,0.0,140.0,7.0
Devdutt Padikkal,Gurinder Singh,12,17,1,5,0,2,41.67,141.67,17.0
Devdutt Padikkal,Hardik Pandya,29,24,4,12,0,1,41.38,82.76,6.0
Devdutt Padikkal,Harpreet Brar,17,24,1,2,1,0,11.76,141.18,24.0
Devdutt Padikkal,Harsh Dubey,33,37,1,7,3,0,21.21,112.12,37.0
Devdutt Padikkal,Harshal Patel,14,20,1,2,0,1,14.29,142.86,20.0
Devdutt Padikkal,Jacob Bethell,4,9,0,0,1,0,0.0,225.0,9.0
Devdutt Padikkal,Jacob Duffy,10,18,0,2,1,1,20.0,180.0,18.0
Devdutt Padikkal,Jamie Overton,16,37,1,2,4,2,12.5,231.25,37.0
Devdutt Padikkal,Jasprit Bumrah,7,8,0,2,1,0,28.57,114.29,8.0
Devdutt Padikkal,Joel Davies,11,25,1,3,4,1,27.27,227.27,25.0
Devdutt Padikkal,Josh Hazlewood,17,43,0,1,1,4,5.88,252.94,43.0
Devdutt Padikkal,KM Asif,1,1,0,0,0,0,0.0,100.0,1.0
Devdutt Padikkal,Kagiso Rabada,9,15,1,2,1,1,22.22,166.67,15.0
Devdutt Padikkal,Karan Lal,7,18,0,0,1,1,0.0,257.14,18.0
Devdutt Padikkal,Kranthi Kumar,39,47,2,11,1,2,28.21,120.51,23.5
Devdutt Padikkal,Krishnappa Gowtham,11,7,1,6,0,0,54.55,63.64,7.0
Devdutt Padikkal,Krunal Pandya,7,11,0,2,0,1,28.57,157.14,11.0
Devdutt Padikkal,Kuldeep Yadav,36,67,0,6,5,3,16.67,186.11,67.0
Devdutt Padikkal,Lalit Yadav,1,1,0,0,0,0,0.0,100.0,1.0
Devdutt Padikkal,Lance Morris,7,6,2,4,1,0,57.14,85.71,3.0
Devdutt Padikkal,Liam Livingstone,3,4,0,0,0,0,0.0,133.33,4.0
Devdutt Padikkal,Lungi Ngidi,13,11,2,8,0,1,61.54,84.62,5.5
Devdutt Padikkal,Malinda Pushpakumara,7,10,1,1,1,0,14.29,142.86,10.0
Devdutt Padikkal,Manisankar Murasingh,3,2,0,1,0,0,33.33,66.67,2.0
Devdutt Padikkal,Marcus Stoinis,8,18,1,1,1,1,12.5,225.0,18.0
Devdutt Padikkal,Matt Henry,43,65,1,14,3,5,32.56,151.16,65.0
Devdutt Padikkal,Matthew Forde,6,8,1,2,1,0,33.33,133.33,8.0
Devdutt Padikkal,Mayank Markande,3,5,0,1,1,0,33.33,166.67,5.0
Devdutt Padikkal,Mitchell Marsh,6,4,0,2,0,0,33.33,66.67,4.0
Devdutt Padikkal,Mitchell Starc,11,13,1,1,0,0,9.09,118.18,13.0
Devdutt Padikkal,Mohamed Shiraz,8,11,0,2,1,0,25.0,137.5,11.0
Devdutt Padikkal,Mohammed Shami,31,48,3,9,1,4,29.03,154.84,16.0
Devdutt Padikkal,Mohammed Siraj,18,39,0,3,4,2,16.67,216.67,39.0
Devdutt Padikkal,Mohsin Khan,11,28,0,2,6,0,18.18,254.55,28.0
Devdutt Padikkal,Mridul Surroch,2,3,0,0,0,0,0.0,150.0,3.0
Devdutt Padikkal,Mukhtar Hussain,3,6,1,1,1,0,33.33,200.0,6.0
Devdutt Padikkal,Nathan Ellis,10,18,0,1,0,1,10.0,180.0,18.0
Devdutt Padikkal,Nishan Peiris,13,23,0,3,1,1,23.08,176.92,23.0
Devdutt Padikkal,Nishant Sindhu,2,2,0,0,0,0,0.0,100.0,2.0
Devdutt Padikkal,Nitish Rana,1,3,0,0,0,0,0.0,300.0,3.0
Devdutt Padikkal,Noor Ahmad,5,10,0,1,0,1,20.0,200.0,10.0
Devdutt Padikkal,Nuwan Thushara,42,67,2,13,3,5,30.95,159.52,33.5
Devdutt Padikkal,Ottneil Baartman,3,6,0,0,1,0,0.0,200.0,6.0
Devdutt Padikkal,Pat Cummins,10,29,0,1,5,1,10.0,290.0,29.0
Devdutt Padikkal,Prabath Jayasuriya,7,7,1,1,0,0,14.29,100.0,7.0
Devdutt Padikkal,Prashant Veer,14,15,1,3,1,0,21.43,107.14,15.0
Devdutt Padikkal,Prasidh Krishna,7,6,0,2,0,0,28.57,85.71,6.0
Devdutt Padikkal,Praveen Jayawickrama,7,11,1,1,0,1,14.29,157.14,11.0
Devdutt Padikkal,Prince Yadav,20,28,0,2,1,0,10.0,140.0,28.0
Devdutt Padikkal,Rachin Ravindra,4,3,0,2,0,0,50.0,75.0,3.0
Devdutt Padikkal,Rashid Khan,34,50,3,6,2,2,17.65,147.06,16.67
Devdutt Padikkal,Rasikh Dar,4,5,0,0,0,0,0.0,125.0,5.0
Devdutt Padikkal,Ravi Bishnoi,26,40,2,3,1,2,11.54,153.85,20.0
Devdutt Padikkal,Ravi Teja,4,4,0,1,0,0,25.0,100.0,4.0
Devdutt Padikkal,Ravindra Jadeja,48,85,2,13,3,7,27.08,177.08,42.5
Devdutt Padikkal,Riyan Parag,8,10,0,4,0,1,50.0,125.0,10.0
Devdutt Padikkal,Sahan Arachchige,38,49,1,9,6,0,23.68,128.95,49.0
Devdutt Padikkal,Sai Kishore,2,7,0,0,0,1,0.0,350.0,7.0
Devdutt Padikkal,Sairaj Patil,1,0,1,1,0,0,100.0,0.0,0.0
Devdutt Padikkal,Sam Curran,17,28,0,2,2,1,11.76,164.71,28.0
Devdutt Padikkal,Sandeep Sharma,9,25,0,0,3,1,0.0,277.78,25.0
Devdutt Padikkal,Sanvir Singh,4,5,0,1,0,0,25.0,125.0,5.0
Devdutt Padikkal,Shahbaz Ahmed,4,9,0,0,0,1,0.0,225.0,9.0
Devdutt Padikkal,Shardul Thakur,3,8,0,0,0,1,0.0,266.67,8.0
Devdutt Padikkal,Shiran Fernando,11,20,0,1,1,1,9.09,181.82,20.0
Devdutt Padikkal,Shivam Dube,13,21,0,0,1,0,0.0,161.54,21.0
Devdutt Padikkal,Shivam Mavi,11,29,0,1,3,2,9.09,263.64,29.0
Devdutt Padikkal,Shubham Agarwal,3,7,0,0,1,0,0.0,233.33,7.0
Devdutt Padikkal,Sonal Dinusha,2,2,0,0,0,0,0.0,100.0,2.0
Devdutt Padikkal,Sonny Baker,30,51,1,4,2,3,13.33,170.0,51.0
Devdutt Padikkal,Suryansh Shedge,7,9,0,3,1,0,42.86,128.57,9.0
Devdutt Padikkal,Tanay Thyagarajan,12,21,3,5,1,2,41.67,175.0,7.0
Devdutt Padikkal,Tripuresh Singh,17,24,1,3,1,1,17.65,141.18,24.0
Devdutt Padikkal,Vaibhav Arora,3,2,0,1,0,0,33.33,66.67,2.0
Devdutt Padikkal,Vaisakh Chandran,26,39,0,6,4,1,23.08,150.0,39.0
Devdutt Padikkal,Varun Chakravarthy,28,54,4,7,5,3,25.0,192.86,13.5
Devdutt Padikkal,Vidwath Kaverappa,6,8,0,1,0,0,16.67,133.33,8.0
Devdutt Padikkal,Vignesh Puthur,51,78,2,20,6,5,39.22,152.94,39.0
Devdutt Padikkal,Vipraj Nigam,2,3,0,0,0,0,0.0,150.0,3.0
Devdutt Padikkal,Vishen Halambage,16,17,2,4,0,0,25.0,106.25,8.5
Devdutt Padikkal,Wanindu Hasaranga,11,12,1,1,0,0,9.09,109.09,12.0
Devdutt Padikkal,Washington Sundar,30,50,1,7,4,3,23.33,166.67,50.0
Devdutt Padikkal,Will Jacks,16,23,1,5,0,2,31.25,143.75,23.0
Devdutt Padikkal,Yash Thakur,7,14,0,1,1,1,14.29,200.0,14.0
Dewald Brevis,Adam Zampa,23,38,0,4,4,1,17.39,165.22,38.0
Dewald Brevis,Adil Rashid,4,7,0,0,1,0,0.0,175.0,7.0
Dewald Brevis,Anshul Kamboj,6,8,0,0,0,0,0.0,133.33,8.0
Dewald Brevis,Atit Sheth,14,25,0,1,2,1,7.14,178.57,25.0
Dewald Brevis,Axar Patel,6,5,0,2,0,0,33.33,83.33,5.0
Dewald Brevis,Ben Stokes,16,28,0,4,2,2,25.0,175.0,28.0
Dewald Brevis,Bhuvneshwar Kumar,11,23,0,2,0,2,18.18,209.09,23.0
Dewald Brevis,CV Stephen,6,11,1,3,1,1,50.0,183.33,11.0
Dewald Brevis,Chetan Sakariya,11,9,2,4,0,0,36.36,81.82,4.5
Dewald Brevis,Codanda Ajit Karthik,5,6,0,1,0,0,20.0,120.0,6.0
Dewald Brevis,Corbin Bosch,2,2,0,0,0,0,0.0,100.0,2.0
Dewald Brevis,Dian Forrester,15,11,0,7,0,0,46.67,73.33,11.0
Dewald Brevis,Dinuka Dilshan,3,3,1,1,0,0,33.33,100.0,3.0
Dewald Brevis,Dushan Hemantha,34,46,2,9,4,0,26.47,135.29,23.0
Dewald Brevis,Gurinder Singh,15,28,0,4,1,2,26.67,186.67,28.0
Dewald Brevis,Hardik Pandya,8,19,1,3,1,2,37.5,237.5,19.0
Dewald Brevis,Harpreet Brar,5,5,0,1,0,0,20.0,100.0,5.0
Dewald Brevis,Harsh Dubey,7,15,0,0,2,0,0.0,214.29,15.0
Dewald Brevis,Harshal Patel,2,2,1,1,0,0,50.0,100.0,2.0
Dewald Brevis,Harshit Rana,6,12,1,2,1,1,33.33,200.0,12.0
Dewald Brevis,Ishant Sharma,5,12,0,1,1,1,20.0,240.0,12.0
Dewald Brevis,Jacob Duffy,12,17,1,7,2,1,58.33,141.67,17.0
Dewald Brevis,Jamie Overton,2,1,0,1,0,0,50.0,50.0,1.0
Dewald Brevis,Jasprit Bumrah,5,9,1,2,2,0,40.0,180.0,9.0
Dewald Brevis,Jaydev Unadkat,2,6,1,1,0,1,50.0,300.0,6.0
Dewald Brevis,Jofra Archer,5,16,0,0,2,1,0.0,320.0,16.0
Dewald Brevis,Josh Hazlewood,20,32,3,6,3,1,30.0,160.0,10.67
Dewald Brevis,KM Asif,2,1,1,1,0,0,50.0,50.0,1.0
Dewald Brevis,Karan Lal,5,8,1,1,1,0,20.0,160.0,8.0
Dewald Brevis,Kranthi Kumar,7,10,0,1,1,0,14.29,142.86,10.0
Dewald Brevis,Krunal Pandya,11,14,0,1,0,0,9.09,127.27,14.0
Dewald Brevis,Kuldeep Yadav,3,5,0,1,1,0,33.33,166.67,5.0
Dewald Brevis,Lalit Yadav,1,4,0,0,1,0,0.0,400.0,4.0
Dewald Brevis,Lungi Ngidi,2,2,0,0,0,0,0.0,100.0,2.0
Dewald Brevis,Malinda Pushpakumara,5,7,0,2,1,0,40.0,140.0,7.0
Dewald Brevis,Manisankar Murasingh,4,3,1,1,0,0,25.0,75.0,3.0
Dewald Brevis,Mitchell Starc,10,17,2,2,2,0,20.0,170.0,8.5
Dewald Brevis,Mohammed Shami,4,4,0,1,0,0,25.0,100.0,4.0
Dewald Brevis,Mohammed Siraj,36,63,1,6,3,4,16.67,175.0,63.0
Dewald Brevis,Mridul Surroch,12,17,0,1,1,0,8.33,141.67,17.0
Dewald Brevis,Nathan Ellis,4,3,1,2,0,0,50.0,75.0,3.0
Dewald Brevis,Nitish Kumar Reddy,5,6,1,2,1,0,40.0,120.0,6.0
Dewald Brevis,Nitish Rana,2,2,0,0,0,0,0.0,100.0,2.0
Dewald Brevis,Noor Ahmad,8,13,0,0,1,0,0.0,162.5,13.0
Dewald Brevis,Pat Cummins,2,3,0,0,0,0,0.0,150.0,3.0
Dewald Brevis,Prabath Jayasuriya,7,7,1,3,0,0,42.86,100.0,7.0
Dewald Brevis,Prashant Veer,24,39,2,5,2,2,20.83,162.5,19.5
Dewald Brevis,Praveen Jayawickrama,15,30,0,2,1,2,13.33,200.0,30.0
Dewald Brevis,Prince Yadav,5,13,1,2,1,1,40.0,260.0,13.0
Dewald Brevis,Rashid Khan,7,10,2,4,0,1,57.14,142.86,5.0
Dewald Brevis,Ravi Bishnoi,16,16,1,4,1,0,25.0,100.0,16.0
Dewald Brevis,Ravindra Jadeja,13,23,2,3,2,1,23.08,176.92,11.5
Dewald Brevis,Riyan Parag,4,13,0,0,1,1,0.0,325.0,13.0
Dewald Brevis,Sahan Arachchige,47,70,3,13,2,3,27.66,148.94,23.33
Dewald Brevis,Sai Kishore,2,1,0,1,0,0,50.0,50.0,1.0
Dewald Brevis,Sairaj Patil,7,9,0,2,1,0,28.57,128.57,9.0
Dewald Brevis,Sakib Hussain,10,28,0,0,2,2,0.0,280.0,28.0
Dewald Brevis,Sam Curran,20,46,1,1,2,2,5.0,230.0,46.0
Dewald Brevis,Sandeep Warrier,2,7,0,0,0,1,0.0,350.0,7.0
Dewald Brevis,Scott Curie,1,1,0,0,0,0,0.0,100.0,1.0
Dewald Brevis,Shahbaz Ahmed,18,33,0,2,3,1,11.11,183.33,33.0
Dewald Brevis,Shiran Fernando,3,1,1,2,0,0,66.67,33.33,1.0
Dewald Brevis,Shivang Kumar,9,17,0,1,3,0,11.11,188.89,17.0
Dewald Brevis,Sunil Narine,9,11,1,4,2,0,44.44,122.22,11.0
Dewald Brevis,Tharindu Rathnanayake,4,4,1,1,0,0,25.0,100.0,4.0
Dewald Brevis,Varun Chakravarthy,7,10,0,1,1,0,14.29,142.86,10.0
Dewald Brevis,Vipraj Nigam,2,4,0,0,0,0,0.0,200.0,4.0
Dewald Brevis,Vishen Halambage,7,17,0,1,2,1,14.29,242.86,17.0
Dewald Brevis,Wanindu Hasaranga,10,11,1,2,0,0,20.0,110.0,11.0
Dewald Brevis,Washington Sundar,3,3,0,0,0,0,0.0,100.0,3.0
Dewald Brevis,Will Jacks,8,6,1,2,0,0,25.0,75.0,6.0
Dhruv Jurel,Adam Zampa,55,82,2,15,6,3,27.27,149.09,41.0
Dhruv Jurel,Akash Vasisht,4,5,1,2,1,0,50.0,125.0,5.0
Dhruv Jurel,Akeal Hosein,14,19,0,2,1,0,14.29,135.71,19.0
Dhruv Jurel,Anshul Kamboj,6,14,0,0,1,1,0.0,233.33,14.0
Dhruv Jurel,Anukul Roy,2,1,0,1,0,0,50.0,50.0,1.0
Dhruv Jurel,Arjun Tendulkar,7,10,0,0,0,0,0.0,142.86,10.0
Dhruv Jurel,Arpit Vasavada,9,8,0,4,1,0,44.44,88.89,8.0
Dhruv Jurel,Arshdeep Singh,4,6,1,1,1,0,25.0,150.0,6.0
Dhruv Jurel,Ashok Sharma,21,34,3,6,2,1,28.57,161.9,11.33
Dhruv Jurel,Atit Sheth,11,14,0,1,0,0,9.09,127.27,14.0
Dhruv Jurel,Avesh Khan,4,8,0,1,0,1,25.0,200.0,8.0
Dhruv Jurel,Axar Patel,10,22,0,2,1,2,20.0,220.0,22.0
Dhruv Jurel,Ben Stokes,4,6,0,0,0,0,0.0,150.0,6.0
Dhruv Jurel,Bhuvneshwar Kumar,16,33,0,2,3,1,12.5,206.25,33.0
Dhruv Jurel,Binura Fernando,2,3,0,0,0,0,0.0,150.0,3.0
Dhruv Jurel,Brad Evans,1,0,1,1,0,0,100.0,0.0,0.0
Dhruv Jurel,CV Stephen,6,6,0,1,0,0,16.67,100.0,6.0
Dhruv Jurel,Chetan Sakariya,3,2,0,1,0,0,33.33,66.67,2.0
Dhruv Jurel,Codanda Ajit Karthik,3,11,0,0,1,1,0.0,366.67,11.0
Dhruv Jurel,Deepak Hooda,1,1,0,0,0,0,0.0,100.0,1.0
Dhruv Jurel,Dian Forrester,11,23,0,3,5,0,27.27,209.09,23.0
Dhruv Jurel,Dunith Wellalage,6,3,1,3,0,0,50.0,50.0,3.0
Dhruv Jurel,Dushan Hemantha,23,27,2,5,1,0,21.74,117.39,13.5
Dhruv Jurel,Glenton Stuurman,12,11,1,3,0,0,25.0,91.67,11.0
Dhruv Jurel,Gurinder Singh,47,54,1,10,1,1,21.28,114.89,54.0
Dhruv Jurel,Hardik Pandya,11,25,0,2,1,2,18.18,227.27,25.0
Dhruv Jurel,Harpreet Brar,9,12,1,3,1,0,33.33,133.33,12.0
Dhruv Jurel,Harsh Dubey,3,4,0,1,0,0,33.33,133.33,4.0
Dhruv Jurel,Jasprit Bumrah,16,27,1,2,4,0,12.5,168.75,27.0
Dhruv Jurel,Joel Davies,38,62,0,4,3,2,10.53,163.16,62.0
Dhruv Jurel,Josh Hazlewood,19,38,0,3,1,3,15.79,200.0,38.0
Dhruv Jurel,Kangabam Priyojit Singh,2,5,0,0,1,0,0.0,250.0,5.0
Dhruv Jurel,Karan Lal,4,8,0,0,1,0,0.0,200.0,8.0
Dhruv Jurel,Khaleel Ahmed,1,1,0,0,0,0,0.0,100.0,1.0
Dhruv Jurel,Kranthi Kumar,10,13,0,2,1,0,20.0,130.0,13.0
Dhruv Jurel,Krishnappa Gowtham,9,8,0,2,0,0,22.22,88.89,8.0
Dhruv Jurel,Krunal Pandya,4,8,0,1,0,1,25.0,200.0,8.0
Dhruv Jurel,Kuldeep Yadav,11,6,1,6,0,0,54.55,54.55,6.0
Dhruv Jurel,Lalit Yadav,10,15,0,0,1,0,0.0,150.0,15.0
Dhruv Jurel,Lungi Ngidi,9,9,1,3,1,0,33.33,100.0,9.0
Dhruv Jurel,Malinda Pushpakumara,11,17,2,5,2,1,45.45,154.55,8.5
Dhruv Jurel,Manav Suthar,3,7,0,0,1,0,0.0,233.33,7.0
Dhruv Jurel,Manisankar Murasingh,10,15,0,0,1,0,0.0,150.0,15.0
Dhruv Jurel,Matheesha Pathirana,9,18,0,2,2,1,22.22,200.0,18.0
Dhruv Jurel,Matt Short,3,2,0,1,0,0,33.33,66.67,2.0
Dhruv Jurel,Mitchell Starc,35,75,1,5,6,4,14.29,214.29,75.0
Dhruv Jurel,Mohammed Shami,15,24,2,5,2,1,33.33,160.0,12.0
Dhruv Jurel,Mohammed Siraj,27,39,2,6,1,2,22.22,144.44,19.5
Dhruv Jurel,Mohsin Khan,6,6,0,0,0,0,0.0,100.0,6.0
Dhruv Jurel,Mridul Surroch,21,46,2,5,3,4,23.81,219.05,23.0
Dhruv Jurel,Mukhtar Hussain,7,17,0,0,3,0,0.0,242.86,17.0
Dhruv Jurel,Nathan Ellis,22,50,1,2,3,3,9.09,227.27,50.0
Dhruv Jurel,Nishan Peiris,3,5,0,0,0,0,0.0,166.67,5.0
Dhruv Jurel,Nishant Sindhu,2,2,0,0,0,0,0.0,100.0,2.0
Dhruv Jurel,Nitish Kumar Reddy,12,17,1,3,0,1,25.0,141.67,17.0
Dhruv Jurel,Pat Cummins,9,12,1,2,1,0,22.22,133.33,12.0
Dhruv Jurel,Prabath Jayasuriya,14,14,1,5,1,0,35.71,100.0,14.0
Dhruv Jurel,Prashant Veer,31,51,1,9,4,3,29.03,164.52,51.0
Dhruv Jurel,Praveen Jayawickrama,14,13,0,3,0,0,21.43,92.86,13.0
Dhruv Jurel,Rachin Ravindra,7,20,0,0,0,2,0.0,285.71,20.0
Dhruv Jurel,Raj Angad Bawa,15,32,1,2,6,0,13.33,213.33,32.0
Dhruv Jurel,Rashid Khan,2,4,0,0,0,0,0.0,200.0,4.0
Dhruv Jurel,Ravi Bishnoi,7,8,0,0,0,0,0.0,114.29,8.0
Dhruv Jurel,Ravi Teja,3,3,0,0,0,0,0.0,100.0,3.0
Dhruv Jurel,Ravindra Jadeja,3,4,0,0,0,0,0.0,133.33,4.0
Dhruv Jurel,Riyan Parag,15,19,0,3,0,0,20.0,126.67,19.0
Dhruv Jurel,Sahan Arachchige,26,57,1,1,2,4,3.85,219.23,57.0
Dhruv Jurel,Sai Kishore,5,6,0,0,0,0,0.0,120.0,6.0
Dhruv Jurel,Sairaj Patil,17,22,0,2,1,0,11.76,129.41,22.0
Dhruv Jurel,Sam Curran,14,18,1,2,1,0,14.29,128.57,18.0
Dhruv Jurel,Scott Curie,1,1,0,0,0,0,0.0,100.0,1.0
Dhruv Jurel,Shahbaz Ahmed,21,27,0,4,2,0,19.05,128.57,27.0
Dhruv Jurel,Shiran Fernando,22,49,2,3,0,4,13.64,222.73,24.5
Dhruv Jurel,Shivam Dube,3,3,0,0,0,0,0.0,100.0,3.0
Dhruv Jurel,Shivam Shukla,1,1,0,0,0,0,0.0,100.0,1.0
Dhruv Jurel,Shubham Agarwal,6,3,0,3,0,0,50.0,50.0,3.0
Dhruv Jurel,Sunil Narine,10,15,1,2,0,1,20.0,150.0,15.0
Dhruv Jurel,Suyash Sharma,3,10,1,1,1,1,33.33,333.33,10.0
Dhruv Jurel,Tanay Thyagarajan,10,19,1,2,1,1,20.0,190.0,19.0
Dhruv Jurel,Tilak Varma,16,19,1,7,3,0,43.75,118.75,19.0
Dhruv Jurel,Vaisakh Chandran,6,8,0,1,0,0,16.67,133.33,8.0
Dhruv Jurel,Varun Chakravarthy,12,24,1,3,3,1,25.0,200.0,24.0
Dhruv Jurel,Vipraj Nigam,2,2,0,0,0,0,0.0,100.0,2.0
Dhruv Jurel,Vishen Halambage,10,6,1,5,0,0,50.0,60.0,6.0
Dhruv Jurel,Wanindu Hasaranga,4,2,1,2,0,0,50.0,50.0,2.0
Dhruv Jurel,Washington Sundar,6,11,0,1,2,0,16.67,183.33,11.0
Dhruv Jurel,Will Jacks,3,2,0,1,0,0,33.33,66.67,2.0
Dhruv Jurel,Yuzvendra Chahal,7,6,0,2,0,0,28.57,85.71,6.0
Dian Forrester,Abhishek Sharma,4,11,0,1,1,1,25.0,275.0,11.0
Dian Forrester,Adam Zampa,8,11,2,2,0,1,25.0,137.5,5.5
Dian Forrester,Ajay Dev Goud,16,34,0,4,2,3,25.0,212.5,34.0
Dian Forrester,Akash Vasisht,14,10,0,7,0,0,50.0,71.43,10.0
Dian Forrester,Akeal Hosein,28,39,0,7,1,2,25.0,139.29,39.0
Dian Forrester,Allah Ghazanfar,4,5,1,2,1,0,50.0,125.0,5.0
Dian Forrester,Aman Rao,1,1,0,0,0,0,0.0,100.0,1.0
Dian Forrester,Amila Aponso,12,21,0,1,0,1,8.33,175.0,21.0
Dian Forrester,Anukul Roy,11,22,0,4,0,3,36.36,200.0,22.0
Dian Forrester,Arshdeep Singh,17,30,0,4,3,1,23.53,176.47,30.0
Dian Forrester,Ashok Sharma,32,43,3,11,5,1,34.38,134.38,14.33
Dian Forrester,Atit Sheth,11,15,0,3,0,1,27.27,136.36,15.0
Dian Forrester,Avesh Khan,19,28,0,4,1,1,21.05,147.37,28.0
Dian Forrester,Ben Stokes,17,32,0,7,0,4,41.18,188.24,32.0
Dian Forrester,Bhuvneshwar Kumar,18,28,0,5,3,1,27.78,155.56,28.0
Dian Forrester,Brad Evans,24,55,0,4,2,5,16.67,229.17,55.0
Dian Forrester,CV Stephen,26,34,2,9,3,1,34.62,130.77,17.0
Dian Forrester,Codanda Ajit Karthik,3,1,1,2,0,0,66.67,33.33,1.0
Dian Forrester,Corbin Bosch,3,1,1,2,0,0,66.67,33.33,1.0
Dian Forrester,Delano Potgieter,4,15,0,0,2,1,0.0,375.0,15.0
Dian Forrester,Dewald Brevis,4,3,0,1,0,0,25.0,75.0,3.0
Dian Forrester,Dian Forrester,4,3,0,2,0,0,50.0,75.0,3.0
Dian Forrester,Dinuka Dilshan,14,29,0,4,0,3,28.57,207.14,29.0
Dian Forrester,Dushan Hemantha,25,31,1,5,1,1,20.0,124.0,31.0
Dian Forrester,Glenn Phillips,7,8,0,3,1,0,42.86,114.29,8.0
Dian Forrester,Glenton Stuurman,5,9,0,1,0,1,20.0,180.0,9.0
Dian Forrester,Gurinder Singh,37,56,1,11,6,1,29.73,151.35,56.0
Dian Forrester,Gus Atkinson,5,9,0,1,1,0,20.0,180.0,9.0
Dian Forrester,Hardik Pandya,17,14,0,7,1,0,41.18,82.35,14.0
Dian Forrester,Harpreet Brar,27,27,1,9,2,0,33.33,100.0,27.0
Dian Forrester,Harry Brook,3,9,0,0,0,1,0.0,300.0,9.0
Dian Forrester,Harsh Dubey,16,25,3,7,1,2,43.75,156.25,8.33
Dian Forrester,Harshal Patel,12,22,0,2,1,1,16.67,183.33,22.0
Dian Forrester,Harshit Rana,8,7,0,2,0,0,25.0,87.5,7.0
Dian Forrester,Ishant Sharma,7,10,0,1,1,0,14.29,142.86,10.0
Dian Forrester,Jacob Duffy,4,5,1,1,0,0,25.0,125.0,5.0
Dian Forrester,Jasprit Bumrah,19,18,1,9,1,1,47.37,94.74,18.0
Dian Forrester,Jaydev Unadkat,4,7,0,1,0,0,25.0,175.0,7.0
Dian Forrester,Joel Davies,9,10,0,4,0,1,44.44,111.11,10.0
Dian Forrester,Josh Hazlewood,20,42,1,5,3,3,25.0,210.0,42.0
Dian Forrester,KM Asif,7,8,0,3,1,0,42.86,114.29,8.0
Dian Forrester,Kagiso Rabada,10,26,0,3,3,2,30.0,260.0,26.0
Dian Forrester,Karan Lal,6,3,0,3,0,0,50.0,50.0,3.0
Dian Forrester,Khaleel Ahmed,1,1,0,0,0,0,0.0,100.0,1.0
Dian Forrester,Kranthi Kumar,26,41,2,9,5,1,34.62,157.69,20.5
Dian Forrester,Krishnappa Gowtham,14,27,0,2,3,0,14.29,192.86,27.0
Dian Forrester,Krunal Pandya,20,41,0,5,4,2,25.0,205.0,41.0
Dian Forrester,Kuldeep Yadav,32,43,2,13,0,4,40.62,134.38,21.5
Dian Forrester,Lone Nasir Muzaffar,11,22,0,5,2,2,45.45,200.0,22.0
Dian Forrester,Luke Wood,2,1,0,1,0,0,50.0,50.0,1.0
Dian Forrester,Lungi Ngidi,19,26,1,6,2,1,31.58,136.84,26.0
Dian Forrester,Malinda Pushpakumara,27,23,4,13,1,1,48.15,85.19,5.75
Dian Forrester,Manav Suthar,29,45,1,10,6,1,34.48,155.17,45.0
Dian Forrester,Marcus Stoinis,2,7,0,0,0,1,0.0,350.0,7.0
Dian Forrester,Matt Henry,4,11,1,1,1,1,25.0,275.0,11.0
Dian Forrester,Matt Renshaw,4,10,0,1,2,0,25.0,250.0,10.0
Dian Forrester,Matthew Forde,3,8,0,0,0,1,0.0,266.67,8.0
Dian Forrester,Mitchell Starc,18,33,1,7,1,3,38.89,183.33,33.0
Dian Forrester,Mohammed Shami,3,1,1,2,0,0,66.67,33.33,1.0
Dian Forrester,Mohammed Siraj,19,33,2,6,3,2,31.58,173.68,16.5
Dian Forrester,Mohsin Khan,4,6,1,1,1,0,25.0,150.0,6.0
Dian Forrester,Mridul Surroch,3,2,0,1,0,0,33.33,66.67,2.0
Dian Forrester,Nathan Ellis,7,16,1,1,0,2,14.29,228.57,16.0
Dian Forrester,Nishan Peiris,14,23,1,5,1,2,35.71,164.29,23.0
Dian Forrester,Nishant Sindhu,6,3,0,3,0,0,50.0,50.0,3.0
Dian Forrester,Nitish Kumar Reddy,16,40,0,3,5,2,18.75,250.0,40.0
Dian Forrester,Nitish Rana,2,3,0,0,0,0,0.0,150.0,3.0
Dian Forrester,Pat Cummins,17,24,1,8,1,2,47.06,141.18,24.0
Dian Forrester,Prabath Jayasuriya,26,31,1,11,4,0,42.31,119.23,31.0
Dian Forrester,Prashant Veer,7,10,0,1,1,0,14.29,142.86,10.0
Dian Forrester,Praveen Jayawickrama,36,26,3,16,0,1,44.44,72.22,8.67
Dian Forrester,Rachin Ravindra,2,7,0,0,0,1,0.0,350.0,7.0
Dian Forrester,Raj Angad Bawa,15,17,0,6,1,1,40.0,113.33,17.0
Dian Forrester,Rasikh Dar,6,4,0,2,0,0,33.33,66.67,4.0
Dian Forrester,Ravi Bishnoi,24,44,1,6,4,2,25.0,183.33,44.0
Dian Forrester,Ravindra Jadeja,12,22,1,3,1,2,25.0,183.33,22.0
Dian Forrester,Riyan Parag,8,9,0,2,1,0,25.0,112.5,9.0
Dian Forrester,Sahan Arachchige,25,31,4,7,2,1,28.0,124.0,7.75
Dian Forrester,Sam Curran,21,30,0,3,0,1,14.29,142.86,30.0
Dian Forrester,Samant Jakhar,11,26,1,2,2,2,18.18,236.36,26.0
Dian Forrester,Sandeep Warrier,5,7,0,2,1,0,40.0,140.0,7.0
Dian Forrester,Scott Curie,9,9,3,5,0,1,55.56,100.0,3.0
Dian Forrester,Senitha Halambage,4,11,0,1,1,1,25.0,275.0,11.0
Dian Forrester,Shiran Fernando,27,38,2,7,4,0,25.93,140.74,19.0
Dian Forrester,Shivam Dube,5,3,0,2,0,0,40.0,60.0,3.0
Dian Forrester,Shreyas Iyer,17,47,0,1,5,2,5.88,276.47,47.0
Dian Forrester,Sikandar Raza,12,10,0,3,0,0,25.0,83.33,10.0
Dian Forrester,Sunil Narine,5,13,0,1,2,0,20.0,260.0,13.0
Dian Forrester,Suyash Sharma,12,19,0,2,2,0,16.67,158.33,19.0
Dian Forrester,Tanay Thyagarajan,3,5,0,1,1,0,33.33,166.67,5.0
Dian Forrester,Tilak Varma,4,3,0,1,0,0,25.0,75.0,3.0
Dian Forrester,Tripuresh Singh,6,6,2,4,1,0,66.67,100.0,3.0
Dian Forrester,Umesh Yadav,12,31,0,0,3,2,0.0,258.33,31.0
Dian Forrester,Varun Chakravarthy,12,14,2,3,1,0,25.0,116.67,7.0
Dian Forrester,Vidwath Kaverappa,9,25,0,1,4,1,11.11,277.78,25.0
Dian Forrester,Vishen Halambage,13,12,1,4,0,0,30.77,92.31,12.0
Dian Forrester,Wanindu Hasaranga,25,37,1,9,3,2,36.0,148.0,37.0
Dian Forrester,Washington Sundar,42,58,1,12,5,2,28.57,138.1,58.0
Dian Forrester,Will Jacks,22,25,0,7,2,0,31.82,113.64,25.0
Dian Forrester,Yash Thakur,3,2,0,1,0,0,33.33,66.67,2.0
Dinuka Dilshan,Allah Ghazanfar,3,3,0,0,0,0,0.0,100.0,3.0
Dinuka Dilshan,Atit Sheth,13,4,0,9,0,0,69.23,30.77,4.0
Dinuka Dilshan,Avinov Choudhary,3,4,0,0,0,0,0.0,133.33,4.0
Dinuka Dilshan,CV Stephen,8,8,1,4,1,0,50.0,100.0,8.0
Dinuka Dilshan,Dushan Hemantha,4,7,0,2,1,0,50.0,175.0,7.0
Dinuka Dilshan,Harpreet Brar,3,6,0,0,1,0,0.0,200.0,6.0
Dinuka Dilshan,Ishant Sharma,6,5,0,2,0,0,33.33,83.33,5.0
Dinuka Dilshan,Malinda Pushpakumara,5,6,0,2,1,0,40.0,120.0,6.0
Dinuka Dilshan,Mohammed Siraj,9,21,1,2,1,2,22.22,233.33,21.0
Dinuka Dilshan,Sam Curran,3,0,1,3,0,0,100.0,0.0,0.0
Dinuka Dilshan,Washington Sundar,1,0,1,1,0,0,100.0,0.0,0.0
Donovan Ferreira,Adam Zampa,2,1,0,1,0,0,50.0,50.0,1.0
Donovan Ferreira,Aiden Markram,3,7,0,0,1,0,0.0,233.33,7.0
Donovan Ferreira,Akeal Hosein,4,3,0,1,0,0,25.0,75.0,3.0
Donovan Ferreira,Ashok Sharma,9,10,1,2,0,0,22.22,111.11,10.0
Donovan Ferreira,Gurinder Singh,7,7,0,1,0,0,14.29,100.0,7.0
Donovan Ferreira,Jasprit Bumrah,3,4,0,0,0,0,0.0,133.33,4.0
Donovan Ferreira,Kagiso Rabada,1,0,1,1,0,0,100.0,0.0,0.0
Donovan Ferreira,Karan Lal,9,15,0,0,1,0,0.0,166.67,15.0
Donovan Ferreira,Kranthi Kumar,6,6,0,1,0,0,16.67,100.0,6.0
Donovan Ferreira,Krishnappa Gowtham,8,10,1,4,2,0,50.0,125.0,10.0
Donovan Ferreira,Kuldeep Yadav,5,11,1,1,0,1,20.0,220.0,11.0
Donovan Ferreira,Lalit Yadav,7,6,0,1,0,0,14.29,85.71,6.0
Donovan Ferreira,Liam Livingstone,3,6,0,0,0,0,0.0,200.0,6.0
Donovan Ferreira,Malinda Pushpakumara,1,1,0,0,0,0,0.0,100.0,1.0
Donovan Ferreira,Manisankar Murasingh,7,14,0,0,2,0,0.0,200.0,14.0
Donovan Ferreira,Matheesha Pathirana,2,3,0,0,0,0,0.0,150.0,3.0
Donovan Ferreira,Mitchell Starc,6,7,0,0,0,0,0.0,116.67,7.0
Donovan Ferreira,Mohammed Shami,1,2,0,0,0,0,0.0,200.0,2.0
Donovan Ferreira,Mohammed Siraj,5,10,0,1,0,1,20.0,200.0,10.0
Donovan Ferreira,Mridul Surroch,1,0,1,1,0,0,100.0,0.0,0.0
Donovan Ferreira,Nishan Peiris,1,1,0,0,0,0,0.0,100.0,1.0
Donovan Ferreira,Nitish Kumar Reddy,4,17,0,0,0,2,0.0,425.0,17.0
Donovan Ferreira,Prabath Jayasuriya,1,0,1,1,0,0,100.0,0.0,0.0
Donovan Ferreira,Prashant Veer,2,0,1,2,0,0,100.0,0.0,0.0
Donovan Ferreira,Rasikh Dar,2,2,0,0,0,0,0.0,100.0,2.0
Donovan Ferreira,Ravi Bishnoi,2,2,0,0,0,0,0.0,100.0,2.0
Donovan Ferreira,Sahan Arachchige,3,3,0,0,0,0,0.0,100.0,3.0
Donovan Ferreira,Sairaj Patil,7,8,0,1,0,0,14.29,114.29,8.0
Donovan Ferreira,Shiran Fernando,4,5,0,0,0,0,0.0,125.0,5.0
Donovan Ferreira,Sonny Baker,2,1,0,1,0,0,50.0,50.0,1.0
Donovan Ferreira,Tilak Varma,3,7,0,0,1,0,0.0,233.33,7.0
Donovan Ferreira,Varun Chakravarthy,4,3,1,1,0,0,25.0,75.0,3.0
Donovan Ferreira,Vishen Halambage,1,0,1,1,0,0,100.0,0.0,0.0
Donovan Ferreira,Washington Sundar,3,2,0,1,0,0,33.33,66.67,2.0
Donovan Ferreira,Yuzvendra Chahal,1,1,0,0,0,0,0.0,100.0,1.0
Duan Jansen,Sonny Baker,1,0,1,1,0,0,100.0,0.0,0.0
Dunith Wellalage,Deepak Hooda,2,2,0,0,0,0,0.0,100.0,2.0
Dunith Wellalage,Dian Forrester,2,6,0,1,0,1,50.0,300.0,6.0
Dunith Wellalage,Jasprit Bumrah,7,8,0,4,0,1,57.14,114.29,8.0
Dunith Wellalage,Josh Hazlewood,2,0,2,2,0,0,100.0,0.0,0.0
Dunith Wellalage,Kranthi Kumar,4,7,0,1,1,0,25.0,175.0,7.0
Dunith Wellalage,Lungi Ngidi,5,8,0,3,2,0,60.0,160.0,8.0
Dunith Wellalage,Matt Henry,2,1,0,1,0,0,50.0,50.0,1.0
Dunith Wellalage,Mridul Surroch,4,3,1,1,0,0,25.0,75.0,3.0
Dunith Wellalage,Nitish Kumar Reddy,5,3,0,2,0,0,40.0,60.0,3.0
Dunith Wellalage,Rasikh Dar,1,0,0,1,0,0,100.0,0.0,0.0
Dushan Hemantha,Akeal Hosein,6,6,1,2,0,0,33.33,100.0,6.0
Dushan Hemantha,Allah Ghazanfar,3,7,1,1,1,0,33.33,233.33,7.0
Dushan Hemantha,Arshdeep Singh,2,2,0,0,0,0,0.0,100.0,2.0
Dushan Hemantha,Ashok Sharma,11,14,3,4,1,0,36.36,127.27,4.67
Dushan Hemantha,Atit Sheth,3,3,0,0,0,0,0.0,100.0,3.0
Dushan Hemantha,Ben Stokes,2,2,1,1,0,0,50.0,100.0,2.0
Dushan Hemantha,Bhuvneshwar Kumar,3,4,0,0,0,0,0.0,133.33,4.0
Dushan Hemantha,CV Stephen,8,11,1,2,0,1,25.0,137.5,11.0
Dushan Hemantha,Darshan Nalkande,2,0,1,2,0,0,100.0,0.0,0.0
Dushan Hemantha,Dian Forrester,2,2,0,0,0,0,0.0,100.0,2.0
Dushan Hemantha,Duan Jansen,2,1,0,1,0,0,50.0,50.0,1.0
Dushan Hemantha,Dushan Hemantha,5,5,1,3,1,0,60.0,100.0,5.0
Dushan Hemantha,Gurinder Singh,2,1,0,1,0,0,50.0,50.0,1.0
Dushan Hemantha,Hardik Pandya,2,3,0,0,0,0,0.0,150.0,3.0
Dushan Hemantha,Harpreet Brar,7,9,1,4,0,1,57.14,128.57,9.0
Dushan Hemantha,Harsh Dubey,2,3,0,0,0,0,0.0,150.0,3.0
Dushan Hemantha,Harshal Patel,1,1,0,0,0,0,0.0,100.0,1.0
Dushan Hemantha,Jacob Duffy,1,0,0,1,0,0,100.0,0.0,0.0
Dushan Hemantha,Jamie Overton,4,6,0,0,0,0,0.0,150.0,6.0
Dushan Hemantha,Kranthi Kumar,1,0,1,1,0,0,100.0,0.0,0.0
Dushan Hemantha,Krunal Pandya,1,0,1,1,0,0,100.0,0.0,0.0
Dushan Hemantha,Kuldeep Yadav,6,8,0,0,0,0,0.0,133.33,8.0
Dushan Hemantha,Lungi Ngidi,3,13,0,0,0,2,0.0,433.33,13.0
Dushan Hemantha,Malinda Pushpakumara,4,3,2,2,0,0,50.0,75.0,1.5
Dushan Hemantha,Mitchell Starc,1,1,0,0,0,0,0.0,100.0,1.0
Dushan Hemantha,Mohammed Shami,4,7,1,1,1,0,25.0,175.0,7.0
Dushan Hemantha,Mohammed Siraj,4,5,0,0,0,0,0.0,125.0,5.0
Dushan Hemantha,Nitish Kumar Reddy,3,1,0,2,0,0,66.67,33.33,1.0
Dushan Hemantha,Pat Cummins,2,2,0,0,0,0,0.0,100.0,2.0
Dushan Hemantha,Rasikh Dar,1,0,1,1,0,0,100.0,0.0,0.0
Dushan Hemantha,Ravindra Jadeja,4,5,1,1,0,0,25.0,125.0,5.0
Dushan Hemantha,Riyan Parag,3,0,1,3,0,0,100.0,0.0,0.0
Dushan Hemantha,Sahan Arachchige,6,6,1,1,0,0,16.67,100.0,6.0
Dushan Hemantha,Sai Kishore,2,0,1,2,0,0,100.0,0.0,0.0
Dushan Hemantha,Sakib Hussain,3,4,0,0,0,0,0.0,133.33,4.0
Dushan Hemantha,Shahbaz Ahmed,1,1,0,0,0,0,0.0,100.0,1.0
Dushan Hemantha,Shiran Fernando,4,7,0,1,1,0,25.0,175.0,7.0
Dushan Hemantha,Varun Chakravarthy,9,8,1,2,0,0,22.22,88.89,8.0
Dushan Hemantha,Washington Sundar,11,12,1,3,0,0,27.27,109.09,12.0
Duvindu Tillakaratne,Akeal Hosein,5,7,0,2,0,0,40.0,140.0,7.0
Duvindu Tillakaratne,Ashish Singh,1,1,0,0,0,0,0.0,100.0,1.0
Duvindu Tillakaratne,Deepak Hooda,3,5,0,0,0,0,0.0,166.67,5.0
Duvindu Tillakaratne,Dian Forrester,3,7,0,0,0,0,0.0,233.33,7.0
Duvindu Tillakaratne,Dunith Wellalage,3,4,0,0,0,0,0.0,133.33,4.0
Duvindu Tillakaratne,Ismat Alam,4,4,1,1,0,0,25.0,100.0,4.0
Duvindu Tillakaratne,Jai Moondra,4,5,0,0,0,0,0.0,125.0,5.0
Duvindu Tillakaratne,Lasith Embuldeniya,3,3,0,0,0,0,0.0,100.0,3.0
Duvindu Tillakaratne,Marcus Stoinis,3,3,0,0,0,0,0.0,100.0,3.0
Duvindu Tillakaratne,Mitchell Marsh,1,1,0,0,0,0,0.0,100.0,1.0
Duvindu Tillakaratne,Nimesh Vimukthi,1,1,0,0,0,0,0.0,100.0,1.0
Duvindu Tillakaratne,Ottneil Baartman,4,2,1,2,0,0,50.0,50.0,2.0
Duvindu Tillakaratne,Sai Kishore,5,5,0,1,0,0,20.0,100.0,5.0
Duvindu Tillakaratne,Shivam Mavi,5,7,0,1,0,0,20.0,140.0,7.0
Eshan Malinga,Brad Evans,3,3,0,1,0,0,33.33,100.0,3.0
Eshan Malinga,CV Stephen,3,0,0,3,0,0,100.0,0.0,0.0
Eshan Malinga,Chetan Sakariya,1,3,0,0,0,0,0.0,300.0,3.0
Eshan Malinga,Dushan Hemantha,8,12,0,0,0,0,0.0,150.0,12.0
Eshan Malinga,KM Asif,2,2,0,0,0,0,0.0,100.0,2.0
Eshan Malinga,Khaleel Ahmed,3,3,0,1,0,0,33.33,100.0,3.0
Eshan Malinga,Kuldeep Yadav,2,6,1,1,0,1,50.0,300.0,6.0
Eshan Malinga,Malinda Pushpakumara,3,0,1,3,0,0,100.0,0.0,0.0
Eshan Malinga,Mohammed Siraj,1,1,0,0,0,0,0.0,100.0,1.0
Eshan Malinga,Nishan Peiris,4,0,1,4,0,0,100.0,0.0,0.0
Eshan Malinga,Sahan Arachchige,10,10,0,1,0,0,10.0,100.0,10.0
Eshan Malinga,Sam Curran,2,1,0,1,0,0,50.0,50.0,1.0
Eshan Malinga,Suyash Sharma,2,1,1,1,0,0,50.0,50.0,1.0
Eshan Malinga,Varun Chakravarthy,2,2,0,0,0,0,0.0,100.0,2.0
Eshan Malinga,Will Jacks,3,0,0,3,0,0,100.0,0.0,0.0
Gangam Anikethreddy,Akash Vasisht,1,0,1,1,0,0,100.0,0.0,0.0
Gangam Anikethreddy,Ashok Sharma,3,4,0,0,0,0,0.0,133.33,4.0
Gangam Anikethreddy,Corbin Bosch,1,2,0,0,0,0,0.0,200.0,2.0
Gangam Anikethreddy,Dian Forrester,4,2,0,2,0,0,50.0,50.0,2.0
Gangam Anikethreddy,Harpreet Brar,3,3,0,1,0,0,33.33,100.0,3.0
Gangam Anikethreddy,Jai Moondra,2,6,1,1,0,1,50.0,300.0,6.0
Gangam Anikethreddy,Kagiso Rabada,2,0,1,2,0,0,100.0,0.0,0.0
Gangam Anikethreddy,Karan Lal,1,2,0,0,0,0,0.0,200.0,2.0
Gangam Anikethreddy,Malinda Pushpakumara,9,8,0,2,0,0,22.22,88.89,8.0
Gangam Anikethreddy,Mukhtar Hussain,1,0,1,1,0,0,100.0,0.0,0.0
Gangam Anikethreddy,Rachin Ravindra,3,2,1,1,0,0,33.33,66.67,2.0
Gangam Anikethreddy,Senitha Halambage,1,0,1,1,0,0,100.0,0.0,0.0
Gangam Anikethreddy,Shiran Fernando,1,1,0,0,0,0,0.0,100.0,1.0
Gangam Anikethreddy,Vishen Halambage,1,0,0,1,0,0,100.0,0.0,0.0
Gangam Anikethreddy,Will Jacks,2,3,0,0,0,0,0.0,150.0,3.0
George Linde,Bhuvneshwar Kumar,1,0,1,1,0,0,100.0,0.0,0.0
George Linde,Josh Hazlewood,4,6,0,1,1,0,25.0,150.0,6.0
George Linde,KC Cariappa,5,13,0,0,1,1,0.0,260.0,13.0
George Linde,Sunil Narine,2,3,0,0,0,0,0.0,150.0,3.0
George Linde,Varun Chakravarthy,2,0,1,2,0,0,100.0,0.0,0.0
Glenn Phillips,Adam Zampa,52,71,6,24,3,5,46.15,136.54,11.83
Glenn Phillips,Ajay Dev Goud,9,24,0,0,1,2,0.0,266.67,24.0
Glenn Phillips,Akash Deep,2,3,0,0,0,0,0.0,150.0,3.0
Glenn Phillips,Akash Vasisht,11,9,0,2,0,0,18.18,81.82,9.0
Glenn Phillips,Akeal Hosein,49,72,0,8,7,1,16.33,146.94,72.0
Glenn Phillips,Amila Aponso,8,14,0,2,1,1,25.0,175.0,14.0
Glenn Phillips,Anshul Kamboj,7,5,0,2,0,0,28.57,71.43,5.0
Glenn Phillips,Anukul Roy,4,4,1,1,0,0,25.0,100.0,4.0
Glenn Phillips,Arjun Tendulkar,9,18,1,3,2,1,33.33,200.0,18.0
Glenn Phillips,Arpit Vasavada,15,35,1,2,2,3,13.33,233.33,35.0
Glenn Phillips,Arshdeep Singh,64,99,1,7,4,3,10.94,154.69,99.0
Glenn Phillips,Ashok Sharma,61,125,2,13,5,10,21.31,204.92,62.5
Glenn Phillips,Ashwin Das,9,18,1,1,1,1,11.11,200.0,18.0
Glenn Phillips,Atit Sheth,13,16,1,3,1,0,23.08,123.08,16.0
Glenn Phillips,Axar Patel,7,5,0,3,0,0,42.86,71.43,5.0
Glenn Phillips,Beau Webster,4,10,0,0,1,0,0.0,250.0,10.0
Glenn Phillips,Ben Stokes,21,15,0,9,1,0,42.86,71.43,15.0
Glenn Phillips,Bhuvneshwar Kumar,48,83,5,11,4,5,22.92,172.92,16.6
Glenn Phillips,Brad Evans,4,5,0,0,0,0,0.0,125.0,5.0
Glenn Phillips,Brian Bennett,15,33,0,2,2,2,13.33,220.0,33.0
Glenn Phillips,Calvin Harrison,22,38,0,5,2,2,22.73,172.73,38.0
Glenn Phillips,Cameron Green,20,32,1,4,2,1,20.0,160.0,32.0
Glenn Phillips,Codanda Ajit Karthik,1,1,0,0,0,0,0.0,100.0,1.0
Glenn Phillips,Deepak Chahar,1,0,1,1,0,0,100.0,0.0,0.0
Glenn Phillips,Dian Forrester,40,50,1,9,4,0,22.5,125.0,50.0
Glenn Phillips,Dushan Hemantha,13,28,0,2,4,1,15.38,215.38,28.0
Glenn Phillips,Duvindu Tillakaratne,12,21,0,2,0,1,16.67,175.0,21.0
Glenn Phillips,Gangam Anikethreddy,20,43,1,4,1,4,20.0,215.0,43.0
Glenn Phillips,Glenton Stuurman,38,73,0,7,2,5,18.42,192.11,73.0
Glenn Phillips,Gurinder Singh,72,93,2,9,2,2,12.5,129.17,46.5
Glenn Phillips,Gus Atkinson,27,35,2,8,1,2,29.63,129.63,17.5
Glenn Phillips,Hardik Pandya,26,56,0,2,2,4,7.69,215.38,56.0
Glenn Phillips,Harpreet Brar,25,30,1,4,0,1,16.0,120.0,30.0
Glenn Phillips,Harsh Dubey,24,39,1,5,3,2,20.83,162.5,39.0
Glenn Phillips,Harshal Patel,12,18,0,2,0,1,16.67,150.0,18.0
Glenn Phillips,Harshit Rana,26,33,1,6,2,0,23.08,126.92,33.0
Glenn Phillips,Ishant Sharma,5,8,0,0,0,0,0.0,160.0,8.0
Glenn Phillips,Isitha Wijesundara,19,33,0,1,3,0,5.26,173.68,33.0
Glenn Phillips,Jacob Duffy,29,75,0,3,9,3,10.34,258.62,75.0
Glenn Phillips,Jamie Overton,8,7,0,3,0,0,37.5,87.5,7.0
Glenn Phillips,Jason Holder,23,33,0,6,1,2,26.09,143.48,33.0
Glenn Phillips,Jasprit Bumrah,31,38,0,6,1,1,19.35,122.58,38.0
Glenn Phillips,Jaydev Unadkat,29,34,1,10,1,1,34.48,117.24,34.0
Glenn Phillips,Joel Davies,66,100,2,12,6,2,18.18,151.52,50.0
Glenn Phillips,Josh Hazlewood,12,13,0,3,1,0,25.0,108.33,13.0
Glenn Phillips,KM Asif,40,64,2,9,6,1,22.5,160.0,32.0
Glenn Phillips,Kagiso Rabada,26,22,1,7,0,0,26.92,84.62,22.0
Glenn Phillips,Karan Lal,3,12,0,0,1,1,0.0,400.0,12.0
Glenn Phillips,Khaleel Ahmed,18,21,0,2,0,0,11.11,116.67,21.0
Glenn Phillips,Kranthi Kumar,23,37,2,5,2,1,21.74,160.87,18.5
Glenn Phillips,Krunal Pandya,15,34,0,2,1,3,13.33,226.67,34.0
Glenn Phillips,Kuldeep Yadav,48,67,4,12,4,2,25.0,139.58,16.75
Glenn Phillips,Lalit Yadav,5,4,0,1,0,0,20.0,80.0,4.0
Glenn Phillips,Lance Morris,4,5,0,0,0,0,0.0,125.0,5.0
Glenn Phillips,Liam Livingstone,15,22,0,1,0,1,6.67,146.67,22.0
Glenn Phillips,Lone Nasir Muzaffar,7,12,0,1,1,0,14.29,171.43,12.0
Glenn Phillips,Luke Wood,5,5,0,0,0,0,0.0,100.0,5.0
Glenn Phillips,Lungi Ngidi,39,67,1,9,4,3,23.08,171.79,67.0
Glenn Phillips,Malinda Pushpakumara,13,20,0,2,0,1,15.38,153.85,20.0
Glenn Phillips,Manav Suthar,22,27,1,9,1,2,40.91,122.73,27.0
Glenn Phillips,Manisankar Murasingh,36,46,2,7,2,1,19.44,127.78,23.0
Glenn Phillips,Marcus Stoinis,9,11,1,2,0,0,22.22,122.22,11.0
Glenn Phillips,Matheesha Pathirana,9,11,1,2,0,0,22.22,122.22,11.0
Glenn Phillips,Matt Short,4,5,0,0,0,0,0.0,125.0,5.0
Glenn Phillips,Matthew Forde,11,23,0,1,1,1,9.09,209.09,23.0
Glenn Phillips,Mitchell Starc,37,36,1,15,2,1,40.54,97.3,36.0
Glenn Phillips,Mohamed Shiraz,9,18,0,0,1,1,0.0,200.0,18.0
Glenn Phillips,Mohammed Shami,21,29,4,10,1,3,47.62,138.1,7.25
Glenn Phillips,Mohammed Siraj,28,42,3,5,1,2,17.86,150.0,14.0
Glenn Phillips,Mohsin Khan,15,16,0,6,0,0,40.0,106.67,16.0
Glenn Phillips,Mridul Surroch,40,70,3,6,7,2,15.0,175.0,23.33
Glenn Phillips,Mukhtar Hussain,10,18,0,1,0,1,10.0,180.0,18.0
Glenn Phillips,Nathan Ellis,8,6,0,4,0,0,50.0,75.0,6.0
Glenn Phillips,Nishant Sindhu,2,5,0,0,0,0,0.0,250.0,5.0
Glenn Phillips,Nitish Kumar Reddy,11,14,0,1,1,0,9.09,127.27,14.0
Glenn Phillips,Nitish Rana,14,25,0,3,4,0,21.43,178.57,25.0
Glenn Phillips,Noor Ahmad,10,14,0,2,2,0,20.0,140.0,14.0
Glenn Phillips,Ottneil Baartman,10,18,0,1,2,0,10.0,180.0,18.0
Glenn Phillips,Pat Cummins,2,3,0,0,0,0,0.0,150.0,3.0
Glenn Phillips,Prabath Jayasuriya,47,71,0,9,1,4,19.15,151.06,71.0
Glenn Phillips,Prashant Veer,25,29,1,12,0,3,48.0,116.0,29.0
Glenn Phillips,Praveen Jayawickrama,49,101,2,10,5,8,20.41,206.12,50.5
Glenn Phillips,Prince Yadav,11,22,0,5,0,3,45.45,200.0,22.0
Glenn Phillips,Rachin Ravindra,20,36,0,4,1,3,20.0,180.0,36.0
Glenn Phillips,Rahul Chahar,3,2,0,1,0,0,33.33,66.67,2.0
Glenn Phillips,Raj Angad Bawa,30,54,1,6,4,3,20.0,180.0,54.0
Glenn Phillips,Raj Limbani,8,17,1,3,4,0,37.5,212.5,17.0
Glenn Phillips,Ramandeep Singh,1,2,0,0,0,0,0.0,200.0,2.0
Glenn Phillips,Rashid Khan,21,35,0,6,4,1,28.57,166.67,35.0
Glenn Phillips,Rasikh Dar,4,9,0,0,1,0,0.0,225.0,9.0
Glenn Phillips,Ravi Bishnoi,9,19,0,2,2,1,22.22,211.11,19.0
Glenn Phillips,Ravi Teja,3,7,0,0,1,0,0.0,233.33,7.0
Glenn Phillips,Ravindra Jadeja,21,43,1,2,3,2,9.52,204.76,43.0
Glenn Phillips,Sahan Arachchige,46,60,1,13,4,2,28.26,130.43,60.0
Glenn Phillips,Sairaj Patil,26,26,1,10,1,1,38.46,100.0,26.0
Glenn Phillips,Sakib Hussain,25,44,1,7,2,3,28.0,176.0,44.0
Glenn Phillips,Sam Curran,14,24,0,1,1,1,7.14,171.43,24.0
Glenn Phillips,Saransh Jain,16,19,0,4,2,0,25.0,118.75,19.0
Glenn Phillips,Scott Curie,5,5,0,0,0,0,0.0,100.0,5.0
Glenn Phillips,Seekkuge Prasanna,15,19,0,2,0,1,13.33,126.67,19.0
Glenn Phillips,Shahbaz Ahmed,27,54,0,1,2,3,3.7,200.0,54.0
Glenn Phillips,Shardul Thakur,5,8,0,0,0,0,0.0,160.0,8.0
Glenn Phillips,Shashank Singh,1,1,0,0,0,0,0.0,100.0,1.0
Glenn Phillips,Shiran Fernando,108,186,3,14,9,7,12.96,172.22,62.0
Glenn Phillips,Shivam Dube,40,59,5,11,2,3,27.5,147.5,11.8
Glenn Phillips,Shubham Agarwal,15,20,1,4,1,1,26.67,133.33,20.0
Glenn Phillips,Sikandar Raza,6,5,1,3,0,0,50.0,83.33,5.0
Glenn Phillips,Sonal Dinusha,9,13,0,0,0,0,0.0,144.44,13.0
Glenn Phillips,Sonny Baker,16,43,0,2,4,3,12.5,268.75,43.0
Glenn Phillips,Sonu Yadav,11,21,0,2,1,1,18.18,190.91,21.0
Glenn Phillips,Sunil Narine,15,18,0,4,0,1,26.67,120.0,18.0
Glenn Phillips,Tanay Thyagarajan,11,8,0,4,0,0,36.36,72.73,8.0
Glenn Phillips,Tilak Varma,10,18,0,1,3,0,10.0,180.0,18.0
Glenn Phillips,Tripuresh Singh,20,40,1,2,0,3,10.0,200.0,40.0
Glenn Phillips,Vaisakh Chandran,7,2,1,5,0,0,71.43,28.57,2.0
Glenn Phillips,Varun Chakravarthy,25,46,0,3,3,2,12.0,184.0,46.0
Glenn Phillips,Vicky Ostwal,8,19,1,3,1,2,37.5,237.5,19.0
Glenn Phillips,Vidwath Kaverappa,19,32,1,2,1,1,10.53,168.42,32.0
Glenn Phillips,Vignesh Puthur,4,13,0,1,0,2,25.0,325.0,13.0
Glenn Phillips,Vishen Halambage,45,74,2,8,7,1,17.78,164.44,37.0
Glenn Phillips,Wanindu Hasaranga,7,7,1,2,0,0,28.57,100.0,7.0
Glenn Phillips,Washington Sundar,24,39,1,4,4,0,16.67,162.5,39.0
Glenn Phillips,Will Jacks,14,18,1,5,2,0,35.71,128.57,18.0
Glenn Phillips,Yash Thakur,13,17,1,4,0,1,30.77,130.77,17.0
Glenn Phillips,Yuvraj Chaudhary,2,1,0,1,0,0,50.0,50.0,1.0
Glenn Phillips,Yuzvendra Chahal,16,25,1,4,2,1,25.0,156.25,25.0
Glenton Stuurman,Akash Vasisht,3,3,0,0,0,0,0.0,100.0,3.0
Glenton Stuurman,Axar Patel,4,5,0,1,0,0,25.0,125.0,5.0
Glenton Stuurman,Ishant Sharma,3,2,0,1,0,0,33.33,66.67,2.0
Glenton Stuurman,Kranthi Kumar,4,4,0,0,0,0,0.0,100.0,4.0
Glenton Stuurman,Lalit Yadav,3,2,1,1,0,0,33.33,66.67,2.0
Glenton Stuurman,Malinda Pushpakumara,2,1,1,1,0,0,50.0,50.0,1.0
Glenton Stuurman,Marcus Stoinis,5,6,0,0,0,0,0.0,120.0,6.0
Glenton Stuurman,Mitchell Starc,1,0,1,1,0,0,100.0,0.0,0.0
Glenton Stuurman,Nishan Peiris,2,2,0,0,0,0,0.0,100.0,2.0
Glenton Stuurman,Rachin Ravindra,3,3,0,0,0,0,0.0,100.0,3.0
Glenton Stuurman,Rashid Khan,2,2,0,0,0,0,0.0,100.0,2.0
Glenton Stuurman,Sahan Arachchige,1,1,0,0,0,0,0.0,100.0,1.0
Glenton Stuurman,Shubham Agarwal,1,0,1,1,0,0,100.0,0.0,0.0
Glenton Stuurman,Vishen Halambage,3,3,0,1,0,0,33.33,100.0,3.0
Glenton Stuurman,Wanindu Hasaranga,4,3,1,1,0,0,25.0,75.0,3.0
Gurinder Singh,Adam Zampa,14,12,2,5,0,0,35.71,85.71,6.0
Gurinder Singh,Adil Rashid,1,0,1,1,0,0,100.0,0.0,0.0
Gurinder Singh,Akash Vasisht,11,13,0,4,1,0,36.36,118.18,13.0
Gurinder Singh,Akeal Hosein,8,6,3,4,0,0,50.0,75.0,2.0
Gurinder Singh,Allah Ghazanfar,6,5,1,2,0,0,33.33,83.33,5.0
Gurinder Singh,Anshul Kamboj,1,1,0,0,0,0,0.0,100.0,1.0
Gurinder Singh,Arpit Vasavada,1,1,0,0,0,0,0.0,100.0,1.0
Gurinder Singh,Arshdeep Singh,10,19,0,0,1,0,0.0,190.0,19.0
Gurinder Singh,Ashok Sharma,15,27,0,1,2,1,6.67,180.0,27.0
Gurinder Singh,Atit Sheth,3,3,0,0,0,0,0.0,100.0,3.0
Gurinder Singh,Axar Patel,7,6,1,2,0,0,28.57,85.71,6.0
Gurinder Singh,Ben Stokes,8,10,0,0,0,0,0.0,125.0,10.0
Gurinder Singh,Bhuvneshwar Kumar,15,14,0,3,0,0,20.0,93.33,14.0
Gurinder Singh,Binura Fernando,6,11,1,1,0,1,16.67,183.33,11.0
Gurinder Singh,CV Stephen,14,18,1,2,1,0,14.29,128.57,18.0
Gurinder Singh,Cameron Green,3,3,0,0,0,0,0.0,100.0,3.0
Gurinder Singh,Dinuka Dilshan,2,1,0,1,0,0,50.0,50.0,1.0
Gurinder Singh,Dushan Hemantha,8,7,1,3,0,0,37.5,87.5,7.0
Gurinder Singh,Eshan Malinga,3,2,1,1,0,0,33.33,66.67,2.0
Gurinder Singh,Gus Atkinson,2,3,0,0,0,0,0.0,150.0,3.0
Gurinder Singh,Harpreet Brar,12,14,1,4,1,0,33.33,116.67,14.0
Gurinder Singh,Harsh Dubey,3,6,1,2,0,1,66.67,200.0,6.0
Gurinder Singh,Jacob Duffy,6,9,0,1,1,0,16.67,150.0,9.0
Gurinder Singh,Jasprit Bumrah,4,5,0,0,0,0,0.0,125.0,5.0
Gurinder Singh,Jofra Archer,5,6,0,0,0,0,0.0,120.0,6.0
Gurinder Singh,Josh Hazlewood,6,4,2,3,0,0,50.0,66.67,2.0
Gurinder Singh,Khaleel Ahmed,6,7,0,2,0,0,33.33,116.67,7.0
Gurinder Singh,Kranthi Kumar,5,3,3,3,0,0,60.0,60.0,1.0
Gurinder Singh,Krishnappa Gowtham,4,4,2,3,1,0,75.0,100.0,2.0
Gurinder Singh,Krunal Pandya,1,1,0,0,0,0,0.0,100.0,1.0
Gurinder Singh,Kuldeep Yadav,5,6,0,0,0,0,0.0,120.0,6.0
Gurinder Singh,Liam Livingstone,7,7,0,1,0,0,14.29,100.0,7.0
Gurinder Singh,Luke Wood,7,8,0,1,0,0,14.29,114.29,8.0
Gurinder Singh,Lungi Ngidi,1,1,0,0,0,0,0.0,100.0,1.0
Gurinder Singh,Malinda Pushpakumara,14,8,4,7,0,0,50.0,57.14,2.0
Gurinder Singh,Matheesha Pathirana,5,4,1,1,0,0,20.0,80.0,4.0
Gurinder Singh,Mitchell Marsh,13,13,0,2,0,0,15.38,100.0,13.0
Gurinder Singh,Mitchell Starc,25,46,0,1,2,2,4.0,184.0,46.0
Gurinder Singh,Mohammed Shami,20,20,3,6,1,0,30.0,100.0,6.67
Gurinder Singh,Mohammed Siraj,8,11,0,0,0,0,0.0,137.5,11.0
Gurinder Singh,Mridul Surroch,1,0,1,1,0,0,100.0,0.0,0.0
Gurinder Singh,Mukhtar Hussain,4,4,0,1,0,0,25.0,100.0,4.0
Gurinder Singh,Nathan Ellis,31,41,2,8,2,0,25.81,132.26,20.5
Gurinder Singh,Nishan Peiris,2,1,1,1,0,0,50.0,50.0,1.0
Gurinder Singh,Nitish Kumar Reddy,5,3,2,2,0,0,40.0,60.0,1.5
Gurinder Singh,Pat Cummins,4,2,1,2,0,0,50.0,50.0,2.0
Gurinder Singh,Prashant Veer,5,7,0,0,0,0,0.0,140.0,7.0
Gurinder Singh,Praveen Jayawickrama,12,9,2,5,0,0,41.67,75.0,4.5
Gurinder Singh,Prince Yadav,5,4,1,2,0,0,40.0,80.0,4.0
Gurinder Singh,Rachin Ravindra,4,5,2,2,1,0,50.0,125.0,2.5
Gurinder Singh,Rashid Khan,10,11,1,2,0,0,20.0,110.0,11.0
Gurinder Singh,Ravindra Jadeja,10,12,2,4,0,1,40.0,120.0,6.0
Gurinder Singh,Sahan Arachchige,10,8,2,4,0,0,40.0,80.0,4.0
Gurinder Singh,Sairaj Patil,9,11,0,2,0,0,22.22,122.22,11.0
Gurinder Singh,Sakib Hussain,8,11,0,0,0,0,0.0,137.5,11.0
Gurinder Singh,Sam Curran,2,2,0,0,0,0,0.0,100.0,2.0
Gurinder Singh,Sanvir Singh,4,3,1,1,0,0,25.0,75.0,3.0
Gurinder Singh,Scott Curie,11,12,1,3,1,0,27.27,109.09,12.0
Gurinder Singh,Seekkuge Prasanna,3,2,1,1,0,0,33.33,66.67,2.0
Gurinder Singh,Senitha Halambage,6,4,0,2,0,0,33.33,66.67,4.0
Gurinder Singh,Shahbaz Ahmed,12,16,0,2,0,0,16.67,133.33,16.0
Gurinder Singh,Shivam Mavi,2,1,1,1,0,0,50.0,50.0,1.0
Gurinder Singh,Sonny Baker,7,7,0,1,0,0,14.29,100.0,7.0
Gurinder Singh,Sunil Narine,9,6,2,3,0,0,33.33,66.67,3.0
Gurinder Singh,Tilak Varma,1,0,0,1,0,0,100.0,0.0,0.0
Gurinder Singh,Varun Chakravarthy,10,12,0,0,0,0,0.0,120.0,12.0
Gurinder Singh,Vishen Halambage,6,7,0,0,0,0,0.0,116.67,7.0
Gurinder Singh,Wanindu Hasaranga,1,0,1,1,0,0,100.0,0.0,0.0
Gurinder Singh,Washington Sundar,7,10,0,0,0,0,0.0,142.86,10.0
Gurinder Singh,Will Jacks,5,5,1,1,0,0,20.0,100.0,5.0
Gurnoor Singh Brar,Ashok Sharma,1,0,1,1,0,0,100.0,0.0,0.0
Gurnoor Singh Brar,Avinov Choudhary,1,0,1,1,0,0,100.0,0.0,0.0
Gurnoor Singh Brar,Dushan Hemantha,4,4,1,1,0,0,25.0,100.0,4.0
Gurnoor Singh Brar,Gurinder Singh,1,1,0,0,0,0,0.0,100.0,1.0
Gurnoor Singh Brar,Harpreet Brar,5,8,0,0,0,0,0.0,160.0,8.0
Gurnoor Singh Brar,Malinda Pushpakumara,3,2,1,1,0,0,33.33,66.67,2.0
Gurnoor Singh Brar,Sahan Arachchige,1,0,1,1,0,0,100.0,0.0,0.0
Gurnoor Singh Brar,Shahbaz Ahmed,1,0,1,1,0,0,100.0,0.0,0.0
Gurnoor Singh Brar,Shiran Fernando,5,7,1,1,0,0,20.0,140.0,7.0
Gurnoor Singh Brar,Wanindu Hasaranga,1,1,0,0,0,0,0.0,100.0,1.0
Gurnoor Singh Brar,Washington Sundar,3,0,1,3,0,0,100.0,0.0,0.0
Gus Atkinson,Arshdeep Singh,1,2,0,0,0,0,0.0,200.0,2.0
Gus Atkinson,Ashok Sharma,3,2,0,1,0,0,33.33,66.67,2.0
Gus Atkinson,CV Stephen,6,10,1,1,1,0,16.67,166.67,10.0
Gus Atkinson,Gurinder Singh,5,2,1,3,0,0,60.0,40.0,2.0
Gus Atkinson,Harpreet Brar,2,2,1,1,0,0,50.0,100.0,2.0
Gus Atkinson,Ishant Sharma,1,0,1,1,0,0,100.0,0.0,0.0
Gus Atkinson,Jasprit Bumrah,2,1,0,1,0,0,50.0,50.0,1.0
Gus Atkinson,Joel Davies,6,9,0,0,0,0,0.0,150.0,9.0
Gus Atkinson,KM Asif,3,5,1,1,1,0,33.33,166.67,5.0
Gus Atkinson,Kuldeep Yadav,5,0,1,5,0,0,100.0,0.0,0.0
Gus Atkinson,Lungi Ngidi,1,0,1,1,0,0,100.0,0.0,0.0
Gus Atkinson,Malinda Pushpakumara,8,8,1,2,0,0,25.0,100.0,8.0
Gus Atkinson,Manav Suthar,1,0,0,1,0,0,100.0,0.0,0.0
Gus Atkinson,Mitchell Starc,3,2,0,1,0,0,33.33,66.67,2.0
Gus Atkinson,Mohammed Siraj,1,0,1,1,0,0,100.0,0.0,0.0
Gus Atkinson,Nathan Ellis,2,1,1,1,0,0,50.0,50.0,1.0
Gus Atkinson,Nitish Kumar Reddy,2,0,1,2,0,0,100.0,0.0,0.0
Gus Atkinson,Prabath Jayasuriya,3,3,1,1,0,0,33.33,100.0,3.0
Gus Atkinson,Sahan Arachchige,2,1,1,1,0,0,50.0,50.0,1.0
Gus Atkinson,Scott Curie,4,2,1,2,0,0,50.0,50.0,2.0
Gus Atkinson,Shiran Fernando,4,5,0,1,0,0,25.0,125.0,5.0
Gus Atkinson,Tanay Thyagarajan,3,5,0,0,0,0,0.0,166.67,5.0
Gus Atkinson,Vaisakh Chandran,2,2,0,0,0,0,0.0,100.0,2.0
Gus Atkinson,Vishen Halambage,2,2,0,0,0,0,0.0,100.0,2.0
Gus Atkinson,Wanindu Hasaranga,2,2,0,0,0,0,0.0,100.0,2.0
Hardik Pandya,Abhishek Sharma,6,17,1,1,0,2,16.67,283.33,17.0
Hardik Pandya,Adam Zampa,1,1,0,0,0,0,0.0,100.0,1.0
Hardik Pandya,Aiden Markram,8,17,2,2,2,1,25.0,212.5,8.5
Hardik Pandya,Ajay Dev Goud,2,2,0,0,0,0,0.0,100.0,2.0
Hardik Pandya,Ajay Mandal,6,9,0,1,1,0,16.67,150.0,9.0
Hardik Pandya,Akash Deep,8,16,0,2,0,2,25.0,200.0,16.0
Hardik Pandya,Akeal Hosein,9,20,1,2,1,2,22.22,222.22,20.0
Hardik Pandya,Amila Aponso,5,14,0,0,3,0,0.0,280.0,14.0
Hardik Pandya,Anshul Kamboj,3,10,0,1,1,1,33.33,333.33,10.0
Hardik Pandya,Arshdeep Singh,4,4,0,1,0,0,25.0,100.0,4.0
Hardik Pandya,Ashok Sharma,33,60,4,5,5,2,15.15,181.82,15.0
Hardik Pandya,Ashwin Das,4,3,0,2,0,0,50.0,75.0,3.0
Hardik Pandya,Athisayaraj Davidson,7,13,0,2,1,1,28.57,185.71,13.0
Hardik Pandya,Atit Sheth,6,7,1,1,0,0,16.67,116.67,7.0
Hardik Pandya,Avinov Choudhary,3,8,0,0,0,1,0.0,266.67,8.0
Hardik Pandya,Axar Patel,2,0,0,2,0,0,100.0,0.0,0.0
Hardik Pandya,Ben Stokes,2,1,1,1,0,0,50.0,50.0,1.0
Hardik Pandya,Bhuvneshwar Kumar,4,1,0,3,0,0,75.0,25.0,1.0
Hardik Pandya,Chetan Sakariya,2,2,0,0,0,0,0.0,100.0,2.0
Hardik Pandya,Christopher Britz,4,10,0,0,0,1,0.0,250.0,10.0
Hardik Pandya,Deepak Hooda,4,3,0,1,0,0,25.0,75.0,3.0
Hardik Pandya,Dian Forrester,21,36,1,4,2,2,19.05,171.43,36.0
Hardik Pandya,Dinuka Dilshan,4,5,0,2,1,0,50.0,125.0,5.0
Hardik Pandya,Donovan Ferreira,2,7,0,0,0,1,0.0,350.0,7.0
Hardik Pandya,Dushan Hemantha,9,12,2,3,1,0,33.33,133.33,6.0
Hardik Pandya,Glenn Phillips,9,20,1,2,2,1,22.22,222.22,20.0
Hardik Pandya,Glenton Stuurman,2,0,1,2,0,0,100.0,0.0,0.0
Hardik Pandya,Gurinder Singh,26,39,5,10,1,3,38.46,150.0,7.8
Hardik Pandya,Gus Atkinson,10,21,0,2,0,2,20.0,210.0,21.0
Hardik Pandya,Harshal Patel,9,12,0,0,0,0,0.0,133.33,12.0
Hardik Pandya,Ismat Alam,2,2,0,0,0,0,0.0,100.0,2.0
Hardik Pandya,Jacob Bethell,12,21,1,4,2,1,33.33,175.0,21.0
Hardik Pandya,Jai Moondra,7,8,0,1,0,0,14.29,114.29,8.0
Hardik Pandya,Jason Holder,11,27,0,1,2,2,9.09,245.45,27.0
Hardik Pandya,Jasprit Bumrah,16,18,2,4,1,0,25.0,112.5,9.0
Hardik Pandya,Jaydev Unadkat,12,13,0,5,2,0,41.67,108.33,13.0
Hardik Pandya,Joel Davies,16,14,2,5,0,0,31.25,87.5,7.0
Hardik Pandya,Josh Hazlewood,26,43,0,5,5,1,19.23,165.38,43.0
Hardik Pandya,KM Asif,4,8,0,1,0,1,25.0,200.0,8.0
Hardik Pandya,Kagiso Rabada,10,7,2,4,0,0,40.0,70.0,3.5
Hardik Pandya,Karan Lal,14,17,0,1,0,0,7.14,121.43,17.0
Hardik Pandya,Kranthi Kumar,12,28,3,3,1,3,25.0,233.33,9.33
Hardik Pandya,Krunal Pandya,10,11,1,3,1,0,30.0,110.0,11.0
Hardik Pandya,Kuldeep Yadav,21,32,1,8,2,2,38.1,152.38,32.0
Hardik Pandya,Lalit Yadav,2,5,0,0,1,0,0.0,250.0,5.0
Hardik Pandya,Luke Wood,2,2,0,0,0,0,0.0,100.0,2.0
Hardik Pandya,Lungi Ngidi,5,7,1,1,1,0,20.0,140.0,7.0
Hardik Pandya,Malinda Pushpakumara,12,19,2,3,3,0,25.0,158.33,9.5
Hardik Pandya,Marcus Stoinis,5,12,0,0,2,0,0.0,240.0,12.0
Hardik Pandya,Matheesha Pathirana,6,10,0,2,2,0,33.33,166.67,10.0
Hardik Pandya,Mitchell Starc,9,10,1,2,0,0,22.22,111.11,10.0
Hardik Pandya,Mohammed Shami,9,15,1,3,1,1,33.33,166.67,15.0
Hardik Pandya,Mohammed Siraj,20,26,1,6,2,1,30.0,130.0,26.0
Hardik Pandya,Mridul Surroch,5,5,0,2,0,0,40.0,100.0,5.0
Hardik Pandya,Mukhtar Hussain,3,0,1,3,0,0,100.0,0.0,0.0
Hardik Pandya,Nathan Ellis,3,11,0,0,1,1,0.0,366.67,11.0
Hardik Pandya,Nishan Peiris,8,10,0,2,1,0,25.0,125.0,10.0
Hardik Pandya,Nitish Kumar Reddy,3,3,0,0,0,0,0.0,100.0,3.0
Hardik Pandya,Pat Cummins,2,1,1,1,0,0,50.0,50.0,1.0
Hardik Pandya,Prabath Jayasuriya,15,17,0,5,2,0,33.33,113.33,17.0
Hardik Pandya,Prashant Veer,5,4,1,1,0,0,20.0,80.0,4.0
Hardik Pandya,Praveen Jayawickrama,22,31,1,4,2,1,18.18,140.91,31.0
Hardik Pandya,Prince Yadav,15,43,0,0,3,3,0.0,286.67,43.0
Hardik Pandya,Rachin Ravindra,6,14,0,0,1,1,0.0,233.33,14.0
Hardik Pandya,Rahul Chahar,1,0,1,1,0,0,100.0,0.0,0.0
Hardik Pandya,Raj Angad Bawa,1,1,0,0,0,0,0.0,100.0,1.0
Hardik Pandya,Rashid Khan,15,11,3,5,0,0,33.33,73.33,3.67
Hardik Pandya,Ravi Bishnoi,13,22,0,0,2,0,0.0,169.23,22.0
Hardik Pandya,Riyan Parag,2,2,0,0,0,0,0.0,100.0,2.0
Hardik Pandya,Sahan Arachchige,30,48,1,5,4,2,16.67,160.0,48.0
Hardik Pandya,Sai Kishore,3,2,0,1,0,0,33.33,66.67,2.0
Hardik Pandya,Sairaj Patil,6,15,2,2,0,2,33.33,250.0,7.5
Hardik Pandya,Sam Curran,14,30,0,1,3,1,7.14,214.29,30.0
Hardik Pandya,Sanvir Singh,15,28,3,4,2,2,26.67,186.67,9.33
Hardik Pandya,Sayan Ghosh,6,12,0,0,2,0,0.0,200.0,12.0
Hardik Pandya,Shahbaz Ahmed,8,12,1,2,1,0,25.0,150.0,12.0
Hardik Pandya,Shardul Thakur,1,1,0,0,0,0,0.0,100.0,1.0
Hardik Pandya,Shiran Fernando,25,46,6,9,6,1,36.0,184.0,7.67
Hardik Pandya,Shivam Dube,7,15,0,1,2,0,14.29,214.29,15.0
Hardik Pandya,Shivam Shukla,8,10,0,1,1,0,12.5,125.0,10.0
Hardik Pandya,Shubham Agarwal,6,11,0,1,0,1,16.67,183.33,11.0
Hardik Pandya,Sonny Baker,12,11,1,2,0,0,16.67,91.67,11.0
Hardik Pandya,Sunil Narine,11,9,0,2,0,0,18.18,81.82,9.0
Hardik Pandya,Tanay Thyagarajan,3,7,0,0,1,0,0.0,233.33,7.0
Hardik Pandya,Tharindu Rathnanayake,1,1,0,0,0,0,0.0,100.0,1.0
Hardik Pandya,Umran Malik,5,18,0,0,1,2,0.0,360.0,18.0
Hardik Pandya,Vaisakh Chandran,4,8,0,1,0,1,25.0,200.0,8.0
Hardik Pandya,Varun Chakravarthy,24,45,1,4,2,3,16.67,187.5,45.0
Hardik Pandya,Vignesh Puthur,8,7,0,3,0,0,37.5,87.5,7.0
Hardik Pandya,Vishen Halambage,13,26,1,3,1,2,23.08,200.0,26.0
Hardik Pandya,Wanindu Hasaranga,4,1,1,3,0,0,75.0,25.0,1.0
Hardik Pandya,Washington Sundar,5,3,2,3,0,0,60.0,60.0,1.5
Hardik Pandya,Will Jacks,3,1,1,2,0,0,66.67,33.33,1.0
Hardik Pandya,Yash Thakur,7,9,0,0,0,0,0.0,128.57,9.0
Harnoor Singh,Adam Zampa,5,5,0,1,0,0,20.0,100.0,5.0
Harnoor Singh,Adil Rashid,14,28,0,1,0,2,7.14,200.0,28.0
Harnoor Singh,Ajay Mandal,4,9,0,0,0,1,0.0,225.0,9.0
Harnoor Singh,Akeal Hosein,7,7,1,2,0,0,28.57,100.0,7.0
Harnoor Singh,Anrich Nortje,4,5,1,2,1,0,50.0,125.0,5.0
Harnoor Singh,Anshul Kamboj,14,20,2,3,2,0,21.43,142.86,10.0
Harnoor Singh,Arjun Tendulkar,1,0,1,1,0,0,100.0,0.0,0.0
Harnoor Singh,Ashok Sharma,11,13,1,2,0,0,18.18,118.18,13.0
Harnoor Singh,Atit Sheth,12,16,0,3,0,1,25.0,133.33,16.0
Harnoor Singh,Avinov Choudhary,10,20,0,3,1,2,30.0,200.0,20.0
Harnoor Singh,Bhuvneshwar Kumar,21,24,1,5,0,1,23.81,114.29,24.0
Harnoor Singh,CV Stephen,4,17,0,0,1,2,0.0,425.0,17.0
Harnoor Singh,Chama Milind,13,20,0,4,2,1,30.77,153.85,20.0
Harnoor Singh,Chetan Sakariya,17,21,0,2,0,0,11.76,123.53,21.0
Harnoor Singh,Dewald Brevis,7,12,1,2,0,1,28.57,171.43,12.0
Harnoor Singh,Dian Forrester,16,17,0,3,0,0,18.75,106.25,17.0
Harnoor Singh,Dushan Hemantha,26,28,3,8,2,0,30.77,107.69,9.33
Harnoor Singh,Glenn Phillips,22,37,0,5,1,3,22.73,168.18,37.0
Harnoor Singh,Hardik Pandya,30,38,1,4,2,0,13.33,126.67,38.0
Harnoor Singh,Harpreet Brar,2,1,0,1,0,0,50.0,50.0,1.0
Harnoor Singh,Harsh Dubey,12,20,0,0,1,1,0.0,166.67,20.0
Harnoor Singh,Harshal Patel,3,2,0,1,0,0,33.33,66.67,2.0
Harnoor Singh,Harshit Rana,1,0,1,1,0,0,100.0,0.0,0.0
Harnoor Singh,Jacob Duffy,3,2,1,1,0,0,33.33,66.67,2.0
Harnoor Singh,Jamie Overton,21,51,0,5,2,5,23.81,242.86,51.0
Harnoor Singh,Jasprit Bumrah,8,19,0,2,2,1,25.0,237.5,19.0
Harnoor Singh,Jaydev Unadkat,4,8,0,0,1,0,0.0,200.0,8.0
Harnoor Singh,Jofra Archer,6,4,1,2,0,0,33.33,66.67,4.0
Harnoor Singh,Josh Hazlewood,67,107,2,23,4,9,34.33,159.7,53.5
Harnoor Singh,KC Cariappa,26,47,3,8,4,3,30.77,180.77,15.67
Harnoor Singh,Kagiso Rabada,12,21,0,0,1,1,0.0,175.0,21.0
Harnoor Singh,Karan Lal,8,12,0,0,1,0,0.0,150.0,12.0
Harnoor Singh,Khaleel Ahmed,2,1,0,1,0,0,50.0,50.0,1.0
Harnoor Singh,Kranthi Kumar,14,16,1,3,1,0,21.43,114.29,16.0
Harnoor Singh,Kuldeep Yadav,3,4,0,0,0,0,0.0,133.33,4.0
Harnoor Singh,Lungi Ngidi,9,20,0,1,2,1,11.11,222.22,20.0
Harnoor Singh,Malinda Pushpakumara,1,0,0,1,0,0,100.0,0.0,0.0
Harnoor Singh,Manav Suthar,6,8,0,1,0,0,16.67,133.33,8.0
Harnoor Singh,Marco Jansen,4,1,1,3,0,0,75.0,25.0,1.0
Harnoor Singh,Mitchell Starc,12,19,1,4,1,1,33.33,158.33,19.0
Harnoor Singh,Mohammed Shami,5,4,0,1,0,0,20.0,80.0,4.0
Harnoor Singh,Mohammed Siraj,23,36,0,2,1,1,8.7,156.52,36.0
Harnoor Singh,Mridul Surroch,5,8,0,0,1,0,0.0,160.0,8.0
Harnoor Singh,Nishan Peiris,8,9,0,2,0,0,25.0,112.5,9.0
Harnoor Singh,Nitish Kumar Reddy,8,10,0,0,0,0,0.0,125.0,10.0
Harnoor Singh,Noor Ahmad,14,16,0,7,1,1,50.0,114.29,16.0
Harnoor Singh,Pat Cummins,13,19,0,0,1,0,0.0,146.15,19.0
Harnoor Singh,Prashant Veer,15,15,0,6,0,1,40.0,100.0,15.0
Harnoor Singh,Ramakrishna Ghosh,3,6,0,0,1,0,0.0,200.0,6.0
Harnoor Singh,Ramandeep Singh,14,19,0,1,0,1,7.14,135.71,19.0
Harnoor Singh,Ravi Bishnoi,10,11,1,1,0,0,10.0,110.0,11.0
Harnoor Singh,Ravindra Jadeja,17,27,0,4,2,1,23.53,158.82,27.0
Harnoor Singh,Sahan Arachchige,6,7,0,1,0,0,16.67,116.67,7.0
Harnoor Singh,Sairaj Patil,11,16,0,0,0,0,0.0,145.45,16.0
Harnoor Singh,Sakib Hussain,1,1,0,0,0,0,0.0,100.0,1.0
Harnoor Singh,Sam Curran,19,31,0,4,2,1,21.05,163.16,31.0
Harnoor Singh,Sanvir Singh,9,10,0,1,0,0,11.11,111.11,10.0
Harnoor Singh,Shahbaz Ahmed,9,10,0,1,0,0,11.11,111.11,10.0
Harnoor Singh,Shivam Dube,6,8,0,0,0,0,0.0,133.33,8.0
Harnoor Singh,Shivam Mavi,9,20,0,1,2,1,11.11,222.22,20.0
Harnoor Singh,Shivam Shukla,6,8,0,1,1,0,16.67,133.33,8.0
Harnoor Singh,Sikandar Raza,5,7,1,1,1,0,20.0,140.0,7.0
Harnoor Singh,Sunil Narine,40,50,0,16,4,1,40.0,125.0,50.0
Harnoor Singh,Tharindu Rathnanayake,6,10,0,0,1,0,0.0,166.67,10.0
Harnoor Singh,Trent Boult,11,27,0,2,2,2,18.18,245.45,27.0
Harnoor Singh,Varun Chakravarthy,4,6,0,0,0,0,0.0,150.0,6.0
Harnoor Singh,Vishen Halambage,22,35,2,4,2,1,18.18,159.09,17.5
Harnoor Singh,Wanindu Hasaranga,12,17,1,5,1,1,41.67,141.67,17.0
Harnoor Singh,Washington Sundar,7,8,0,1,0,0,14.29,114.29,8.0
Harnoor Singh,Will Jacks,1,1,0,0,0,0,0.0,100.0,1.0
Harpreet Brar,Adam Zampa,3,3,0,0,0,0,0.0,100.0,3.0
Harpreet Brar,Adil Rashid,2,2,1,1,0,0,50.0,100.0,2.0
Harpreet Brar,Akeal Hosein,2,3,0,0,0,0,0.0,150.0,3.0
Harpreet Brar,Allah Ghazanfar,2,1,0,1,0,0,50.0,50.0,1.0
Harpreet Brar,Dushan Hemantha,3,5,0,1,0,0,33.33,166.67,5.0
Harpreet Brar,Gangam Anikethreddy,8,18,1,2,2,1,25.0,225.0,18.0
Harpreet Brar,Glenton Stuurman,6,6,0,1,0,0,16.67,100.0,6.0
Harpreet Brar,Gurinder Singh,12,11,2,6,1,0,50.0,91.67,5.5
Harpreet Brar,Jason Holder,5,9,0,2,2,0,40.0,180.0,9.0
Harpreet Brar,Jasprit Bumrah,3,3,1,1,0,0,33.33,100.0,3.0
Harpreet Brar,Kagiso Rabada,5,12,0,0,0,0,0.0,240.0,12.0
Harpreet Brar,Krunal Pandya,6,8,0,0,0,0,0.0,133.33,8.0
Harpreet Brar,Kuldeep Yadav,4,4,1,1,0,0,25.0,100.0,4.0
Harpreet Brar,Manisankar Murasingh,4,5,0,0,0,0,0.0,125.0,5.0
Harpreet Brar,Mitchell Starc,7,4,0,3,0,0,42.86,57.14,4.0
Harpreet Brar,Mohammed Shami,5,5,1,1,0,0,20.0,100.0,5.0
Harpreet Brar,Mridul Surroch,5,2,1,3,0,0,60.0,40.0,2.0
Harpreet Brar,Mukhtar Hussain,1,0,1,1,0,0,100.0,0.0,0.0
Harpreet Brar,Nathan Ellis,4,4,1,1,0,0,25.0,100.0,4.0
Harpreet Brar,Noor Ahmad,1,0,1,1,0,0,100.0,0.0,0.0
Harpreet Brar,Prashant Veer,3,3,0,1,0,0,33.33,100.0,3.0
Harpreet Brar,Raj Angad Bawa,2,2,0,0,0,0,0.0,100.0,2.0
Harpreet Brar,Rashid Khan,10,11,1,3,0,0,30.0,110.0,11.0
Harpreet Brar,Ravi Bishnoi,2,1,1,1,0,0,50.0,50.0,1.0
Harpreet Brar,Sahan Arachchige,6,6,0,1,0,0,16.67,100.0,6.0
Harpreet Brar,Sairaj Patil,2,1,0,1,0,0,50.0,50.0,1.0
Harpreet Brar,Scott Curie,2,1,1,1,0,0,50.0,50.0,1.0
Harpreet Brar,Shahbaz Ahmed,6,10,0,0,0,0,0.0,166.67,10.0
Harpreet Brar,Shiran Fernando,19,19,3,6,1,0,31.58,100.0,6.33
Harpreet Brar,Shivam Dube,2,3,0,0,0,0,0.0,150.0,3.0
Harpreet Brar,Sunil Narine,7,6,0,2,0,0,28.57,85.71,6.0
Harpreet Brar,Tanay Thyagarajan,1,1,0,0,0,0,0.0,100.0,1.0
Harpreet Brar,Tilak Varma,3,2,0,1,0,0,33.33,66.67,2.0
Harpreet Brar,Varun Chakravarthy,12,16,0,2,0,0,16.67,133.33,16.0
Harpreet Brar,Vishen Halambage,5,1,3,4,0,0,80.0,20.0,0.33
Harpreet Brar,Washington Sundar,5,11,0,2,1,1,40.0,220.0,11.0
Harpreet Brar,Yash Thakur,3,2,1,1,0,0,33.33,66.67,2.0
Harry Brook,Aaron Hardie,2,2,0,0,0,0,0.0,100.0,2.0
Harry Brook,Adam Zampa,13,24,1,3,2,1,23.08,184.62,24.0
Harry Brook,Aiden Markram,4,11,0,1,1,1,25.0,275.0,11.0
Harry Brook,Ajay Dev Goud,17,14,2,6,0,0,35.29,82.35,7.0
Harry Brook,Akash Vasisht,8,9,1,1,0,0,12.5,112.5,9.0
Harry Brook,Akeal Hosein,49,72,1,9,2,4,18.37,146.94,72.0
Harry Brook,Allah Ghazanfar,19,51,0,3,3,4,15.79,268.42,51.0
Harry Brook,Amila Aponso,5,9,0,0,0,0,0.0,180.0,9.0
Harry Brook,Anshul Kamboj,5,3,0,3,0,0,60.0,60.0,3.0
Harry Brook,Anukul Roy,11,16,1,3,1,0,27.27,145.45,16.0
Harry Brook,Arpit Vasavada,14,21,0,1,0,1,7.14,150.0,21.0
Harry Brook,Arshdeep Singh,30,55,1,4,1,4,13.33,183.33,55.0
Harry Brook,Ashok Sharma,53,67,6,15,3,2,28.3,126.42,11.17
Harry Brook,Ashwin Das,8,12,0,1,1,0,12.5,150.0,12.0
Harry Brook,Athisayaraj Davidson,7,9,0,3,0,1,42.86,128.57,9.0
Harry Brook,Atit Sheth,14,18,1,4,0,1,28.57,128.57,18.0
Harry Brook,Avinov Choudhary,18,23,1,9,2,1,50.0,127.78,23.0
Harry Brook,Axar Patel,19,20,1,4,1,0,21.05,105.26,20.0
Harry Brook,Ben Stokes,6,13,0,0,2,0,0.0,216.67,13.0
Harry Brook,Bhuvneshwar Kumar,34,43,2,11,4,1,32.35,126.47,21.5
Harry Brook,Brad Evans,27,27,1,10,1,1,37.04,100.0,27.0
Harry Brook,CV Stephen,39,55,0,11,4,2,28.21,141.03,55.0
Harry Brook,Cameron Green,5,14,0,0,1,1,0.0,280.0,14.0
Harry Brook,Chetan Sakariya,18,38,2,2,5,1,11.11,211.11,19.0
Harry Brook,Corbin Bosch,17,23,1,3,2,0,17.65,135.29,23.0
Harry Brook,Dewald Brevis,4,4,0,0,0,0,0.0,100.0,4.0
Harry Brook,Dian Forrester,44,60,2,14,3,4,31.82,136.36,30.0
Harry Brook,Dushan Hemantha,52,76,2,9,4,2,17.31,146.15,38.0
Harry Brook,Gangam Anikethreddy,9,16,1,2,3,0,22.22,177.78,16.0
Harry Brook,Glenn Phillips,6,16,0,0,0,2,0.0,266.67,16.0
Harry Brook,Glenton Stuurman,13,26,1,5,1,3,38.46,200.0,26.0
Harry Brook,Gurinder Singh,26,21,4,11,0,0,42.31,80.77,5.25
Harry Brook,Gus Atkinson,11,9,1,5,1,0,45.45,81.82,9.0
Harry Brook,Hardik Pandya,11,17,1,2,0,1,18.18,154.55,17.0
Harry Brook,Harpreet Brar,19,14,4,9,1,0,47.37,73.68,3.5
Harry Brook,Harsh Dubey,21,33,0,2,0,2,9.52,157.14,33.0
Harry Brook,Ishant Sharma,1,4,0,0,1,0,0.0,400.0,4.0
Harry Brook,Ismat Alam,11,14,1,2,1,0,18.18,127.27,14.0
Harry Brook,Jacob Duffy,9,12,0,3,2,0,33.33,133.33,12.0
Harry Brook,Jacques Snyman,2,2,0,0,0,0,0.0,100.0,2.0
Harry Brook,Jai Moondra,8,11,0,1,1,0,12.5,137.5,11.0
Harry Brook,Jasprit Bumrah,19,28,3,5,1,2,26.32,147.37,9.33
Harry Brook,Joel Davies,28,38,0,4,1,1,14.29,135.71,38.0
Harry Brook,Josh Hazlewood,17,33,0,1,3,1,5.88,194.12,33.0
Harry Brook,Kagiso Rabada,3,2,0,1,0,0,33.33,66.67,2.0
Harry Brook,Karan Lal,9,14,0,3,1,1,33.33,155.56,14.0
Harry Brook,Khaleel Ahmed,5,10,0,1,1,0,20.0,200.0,10.0
Harry Brook,Kranthi Kumar,14,18,0,4,1,1,28.57,128.57,18.0
Harry Brook,Krunal Pandya,9,5,2,4,0,0,44.44,55.56,2.5
Harry Brook,Kuldeep Yadav,57,92,3,11,4,3,19.3,161.4,30.67
Harry Brook,Lalit Yadav,3,3,0,0,0,0,0.0,100.0,3.0
Harry Brook,Liam Livingstone,7,6,0,1,0,0,14.29,85.71,6.0
Harry Brook,Lone Nasir Muzaffar,5,3,1,3,0,0,60.0,60.0,3.0
Harry Brook,Luke Wood,6,11,0,0,0,1,0.0,183.33,11.0
Harry Brook,Lungi Ngidi,8,8,0,1,0,0,12.5,100.0,8.0
Harry Brook,Malinda Pushpakumara,58,112,5,11,8,6,18.97,193.1,22.4
Harry Brook,Manav Suthar,8,4,3,4,0,0,50.0,50.0,1.33
Harry Brook,Marcus Stoinis,2,2,0,0,0,0,0.0,100.0,2.0
Harry Brook,Matheesha Pathirana,3,3,0,0,0,0,0.0,100.0,3.0
Harry Brook,Matt Henry,6,4,0,2,0,0,33.33,66.67,4.0
Harry Brook,Matt Renshaw,4,14,0,0,0,2,0.0,350.0,14.0
Harry Brook,Mitchell Starc,13,18,1,2,2,0,15.38,138.46,18.0
Harry Brook,Mohammed Shami,8,15,1,2,0,1,25.0,187.5,15.0
Harry Brook,Mohammed Siraj,26,38,2,8,1,3,30.77,146.15,19.0
Harry Brook,Mridul Surroch,6,5,1,2,0,0,33.33,83.33,5.0
Harry Brook,Mukhtar Hussain,7,7,0,1,0,0,14.29,100.0,7.0
Harry Brook,Nathan Ellis,2,2,1,1,0,0,50.0,100.0,2.0
Harry Brook,Nishan Peiris,32,58,0,3,1,4,9.38,181.25,58.0
Harry Brook,Nishant Sindhu,2,2,0,0,0,0,0.0,100.0,2.0
Harry Brook,Nitish Kumar Reddy,4,7,1,1,1,0,25.0,175.0,7.0
Harry Brook,Noor Ahmad,11,20,0,3,0,2,27.27,181.82,20.0
Harry Brook,Pat Cummins,8,11,0,2,0,1,25.0,137.5,11.0
Harry Brook,Prabath Jayasuriya,3,4,1,2,1,0,66.67,133.33,4.0
Harry Brook,Prashant Veer,23,31,1,5,1,1,21.74,134.78,31.0
Harry Brook,Praveen Jayawickrama,28,37,3,9,3,1,32.14,132.14,12.33
Harry Brook,Rachin Ravindra,16,39,1,3,3,3,18.75,243.75,39.0
Harry Brook,Rahul Chahar,5,7,0,2,1,0,40.0,140.0,7.0
Harry Brook,Raj Angad Bawa,5,5,0,2,0,0,40.0,100.0,5.0
Harry Brook,Rashid Khan,5,15,0,0,1,1,0.0,300.0,15.0
Harry Brook,Rasikh Dar,30,55,1,3,5,1,10.0,183.33,55.0
Harry Brook,Ravi Bishnoi,33,60,2,4,2,4,12.12,181.82,30.0
Harry Brook,Ravindra Jadeja,30,57,2,3,1,3,10.0,190.0,28.5
Harry Brook,Riyan Parag,18,39,1,2,0,4,11.11,216.67,39.0
Harry Brook,Sahan Arachchige,64,96,2,16,7,4,25.0,150.0,48.0
Harry Brook,Sairaj Patil,7,13,0,1,2,0,14.29,185.71,13.0
Harry Brook,Sakib Hussain,1,1,0,0,0,0,0.0,100.0,1.0
Harry Brook,Sam Curran,10,21,0,0,2,0,0.0,210.0,21.0
Harry Brook,Samant Jakhar,28,64,2,5,1,7,17.86,228.57,32.0
Harry Brook,Scott Curie,31,56,1,5,3,2,16.13,180.65,56.0
Harry Brook,Seekkuge Prasanna,10,26,1,1,0,3,10.0,260.0,26.0
Harry Brook,Senitha Halambage,5,12,0,1,1,1,20.0,240.0,12.0
Harry Brook,Shahbaz Ahmed,5,5,1,1,0,0,20.0,100.0,5.0
Harry Brook,Shiran Fernando,10,24,0,0,0,2,0.0,240.0,24.0
Harry Brook,Shivam Dube,3,9,0,0,2,0,0.0,300.0,9.0
Harry Brook,Shivam Shukla,1,0,1,1,0,0,100.0,0.0,0.0
Harry Brook,Sonny Baker,14,14,4,6,0,1,42.86,100.0,3.5
Harry Brook,Sunil Narine,24,26,0,9,3,0,37.5,108.33,26.0
Harry Brook,Suryansh Shedge,4,5,0,0,0,0,0.0,125.0,5.0
Harry Brook,Tanay Thyagarajan,11,9,1,4,0,0,36.36,81.82,9.0
Harry Brook,Tharindu Rathnanayake,1,1,0,0,0,0,0.0,100.0,1.0
Harry Brook,Umesh Yadav,4,9,0,1,0,1,25.0,225.0,9.0
Harry Brook,Varun Chakravarthy,17,29,3,6,2,2,35.29,170.59,9.67
Harry Brook,Vipraj Nigam,9,21,0,1,1,1,11.11,233.33,21.0
Harry Brook,Vishen Halambage,41,41,2,10,1,1,24.39,100.0,20.5
Harry Brook,Wanindu Hasaranga,36,49,0,10,2,2,27.78,136.11,49.0
Harry Brook,Washington Sundar,69,102,4,18,7,4,26.09,147.83,25.5
Harry Brook,Will Jacks,49,106,1,10,9,5,20.41,216.33,106.0
Harsh Dubey,Adam Zampa,7,2,3,5,0,0,71.43,28.57,0.67
Harsh Dubey,Ajay Dev Goud,1,0,0,1,0,0,100.0,0.0,0.0
Harsh Dubey,Akash Vasisht,5,1,1,4,0,0,80.0,20.0,1.0
Harsh Dubey,Allah Ghazanfar,3,5,1,1,0,0,33.33,166.67,5.0
Harsh Dubey,Anrich Nortje,3,4,0,1,0,0,33.33,133.33,4.0
Harsh Dubey,Ashok Sharma,2,1,0,1,0,0,50.0,50.0,1.0
Harsh Dubey,Atit Sheth,2,7,0,0,1,0,0.0,350.0,7.0
Harsh Dubey,Ben Stokes,4,5,2,2,1,0,50.0,125.0,2.5
Harsh Dubey,Bhuvneshwar Kumar,8,4,1,5,0,0,62.5,50.0,4.0
Harsh Dubey,Binura Fernando,1,1,0,0,0,0,0.0,100.0,1.0
Harsh Dubey,Brad Evans,3,6,0,0,1,0,0.0,200.0,6.0
Harsh Dubey,CV Stephen,17,18,2,9,0,1,52.94,105.88,9.0
Harsh Dubey,Chetan Sakariya,7,2,2,5,0,0,71.43,28.57,1.0
Harsh Dubey,Corbin Bosch,6,14,0,1,1,1,16.67,233.33,14.0
Harsh Dubey,Dian Forrester,7,5,0,2,0,0,28.57,71.43,5.0
Harsh Dubey,Dushan Hemantha,23,31,2,6,0,1,26.09,134.78,15.5
Harsh Dubey,Gurinder Singh,7,9,2,3,0,1,42.86,128.57,4.5
Harsh Dubey,Gus Atkinson,2,4,1,1,1,0,50.0,200.0,4.0
Harsh Dubey,Hardik Pandya,6,3,1,4,0,0,66.67,50.0,3.0
Harsh Dubey,Harpreet Brar,5,11,0,2,1,1,40.0,220.0,11.0
Harsh Dubey,Harsh Dubey,4,2,1,2,0,0,50.0,50.0,2.0
Harsh Dubey,Jamie Overton,3,7,0,1,0,1,33.33,233.33,7.0
Harsh Dubey,Jasprit Bumrah,9,10,1,3,1,0,33.33,111.11,10.0
Harsh Dubey,Jaydev Unadkat,1,0,0,1,0,0,100.0,0.0,0.0
Harsh Dubey,Josh Hazlewood,8,5,0,3,0,0,37.5,62.5,5.0
Harsh Dubey,KC Cariappa,1,1,0,0,0,0,0.0,100.0,1.0
Harsh Dubey,Kagiso Rabada,3,9,0,0,2,0,0.0,300.0,9.0
Harsh Dubey,Khaleel Ahmed,1,3,0,0,0,0,0.0,300.0,3.0
Harsh Dubey,Kranthi Kumar,12,14,0,4,0,1,33.33,116.67,14.0
Harsh Dubey,Kuldeep Yadav,1,1,0,0,0,0,0.0,100.0,1.0
Harsh Dubey,Liam Livingstone,3,2,0,1,0,0,33.33,66.67,2.0
Harsh Dubey,Lungi Ngidi,4,7,1,1,1,0,25.0,175.0,7.0
Harsh Dubey,Malinda Pushpakumara,8,11,0,5,1,1,62.5,137.5,11.0
Harsh Dubey,Marcus Stoinis,2,1,0,1,0,0,50.0,50.0,1.0
Harsh Dubey,Matheesha Pathirana,1,1,0,0,0,0,0.0,100.0,1.0
Harsh Dubey,Matt Henry,6,2,1,5,0,0,83.33,33.33,2.0
Harsh Dubey,Mitchell Starc,4,1,2,3,0,0,75.0,25.0,0.5
Harsh Dubey,Mohammed Shami,1,0,1,1,0,0,100.0,0.0,0.0
Harsh Dubey,Mohammed Siraj,38,24,3,21,1,0,55.26,63.16,8.0
Harsh Dubey,Mridul Surroch,6,9,0,0,0,0,0.0,150.0,9.0
Harsh Dubey,Nathan Ellis,2,0,1,2,0,0,100.0,0.0,0.0
Harsh Dubey,Nishan Peiris,8,16,2,2,2,0,25.0,200.0,8.0
Harsh Dubey,Nitish Kumar Reddy,8,9,0,2,1,0,25.0,112.5,9.0
Harsh Dubey,Noor Ahmad,3,1,1,2,0,0,66.67,33.33,1.0
Harsh Dubey,Ottneil Baartman,2,4,1,1,1,0,50.0,200.0,4.0
Harsh Dubey,Pat Cummins,2,0,1,2,0,0,100.0,0.0,0.0
Harsh Dubey,Prabath Jayasuriya,4,1,0,3,0,0,75.0,25.0,1.0
Harsh Dubey,Prashant Veer,6,7,0,2,0,0,33.33,116.67,7.0
Harsh Dubey,Praveen Jayawickrama,6,8,0,0,0,0,0.0,133.33,8.0
Harsh Dubey,Rahul Chahar,5,4,0,4,1,0,80.0,80.0,4.0
Harsh Dubey,Rashid Khan,5,0,0,5,0,0,100.0,0.0,0.0
Harsh Dubey,Ravi Bishnoi,1,1,0,0,0,0,0.0,100.0,1.0
Harsh Dubey,Ravindra Jadeja,5,8,1,1,1,0,20.0,160.0,8.0
Harsh Dubey,Riyan Parag,1,1,0,0,0,0,0.0,100.0,1.0
Harsh Dubey,Sahan Arachchige,27,25,3,11,0,1,40.74,92.59,8.33
Harsh Dubey,Sairaj Patil,2,2,0,0,0,0,0.0,100.0,2.0
Harsh Dubey,Sam Curran,13,14,0,1,0,0,7.69,107.69,14.0
Harsh Dubey,Sanvir Singh,2,0,1,2,0,0,100.0,0.0,0.0
Harsh Dubey,Shahbaz Ahmed,7,1,2,6,0,0,85.71,14.29,0.5
Harsh Dubey,Shardul Thakur,2,0,1,2,0,0,100.0,0.0,0.0
Harsh Dubey,Shiran Fernando,10,11,2,5,2,0,50.0,110.0,5.5
Harsh Dubey,Shivang Kumar,3,1,0,2,0,0,66.67,33.33,1.0
Harsh Dubey,Shubham Agarwal,6,3,1,3,0,0,50.0,50.0,3.0
Harsh Dubey,Sikandar Raza,1,4,0,0,1,0,0.0,400.0,4.0
Harsh Dubey,Tanay Thyagarajan,3,3,0,0,0,0,0.0,100.0,3.0
Harsh Dubey,Vaibhav Arora,4,1,0,3,0,0,75.0,25.0,1.0
Harsh Dubey,Varun Chakravarthy,2,2,0,0,0,0,0.0,100.0,2.0
Harsh Dubey,Vishen Halambage,8,9,2,3,1,0,37.5,112.5,4.5
Harsh Dubey,Wanindu Hasaranga,4,0,2,4,0,0,100.0,0.0,0.0
Harsh Dubey,Will Jacks,1,0,1,1,0,0,100.0,0.0,0.0
Harshal Patel,Adil Rashid,3,6,0,0,1,0,0.0,200.0,6.0
Harshal Patel,Akash Vasisht,2,1,1,1,0,0,50.0,50.0,1.0
Harshal Patel,Akeal Hosein,1,0,1,1,0,0,100.0,0.0,0.0
Harshal Patel,Ashok Sharma,2,0,0,2,0,0,100.0,0.0,0.0
Harshal Patel,CV Stephen,3,0,1,3,0,0,100.0,0.0,0.0
Harshal Patel,Cameron Green,4,5,0,0,0,0,0.0,125.0,5.0
Harshal Patel,Chetan Sakariya,4,1,0,3,0,0,75.0,25.0,1.0
Harshal Patel,Deepak Hooda,2,2,0,0,0,0,0.0,100.0,2.0
Harshal Patel,Gurinder Singh,6,4,1,2,0,0,33.33,66.67,4.0
Harshal Patel,Hardik Pandya,4,2,1,3,0,0,75.0,50.0,2.0
Harshal Patel,Kranthi Kumar,8,5,3,5,0,0,62.5,62.5,1.67
Harshal Patel,Kuldeep Yadav,1,0,1,1,0,0,100.0,0.0,0.0
Harshal Patel,Manisankar Murasingh,3,3,0,1,0,0,33.33,100.0,3.0
Harshal Patel,Marcus Stoinis,5,5,0,1,0,0,20.0,100.0,5.0
Harshal Patel,Mitchell Starc,1,1,0,0,0,0,0.0,100.0,1.0
Harshal Patel,Mohammed Siraj,4,9,1,1,0,1,25.0,225.0,9.0
Harshal Patel,Nathan Ellis,1,0,1,1,0,0,100.0,0.0,0.0
Harshal Patel,Prabath Jayasuriya,2,1,1,1,0,0,50.0,50.0,1.0
Harshal Patel,Rasikh Dar,7,9,0,4,2,0,57.14,128.57,9.0
Harshal Patel,Sahan Arachchige,1,0,1,1,0,0,100.0,0.0,0.0
Harshal Patel,Shiran Fernando,3,5,0,0,0,0,0.0,166.67,5.0
Harshal Patel,Shivam Shukla,5,2,1,3,0,0,60.0,40.0,2.0
Harshal Patel,Vishen Halambage,3,2,0,1,0,0,33.33,66.67,2.0
Harshal Patel,Washington Sundar,1,1,0,0,0,0,0.0,100.0,1.0
Harshit Rana,Anukul Roy,1,0,1,1,0,0,100.0,0.0,0.0
Harshit Rana,Avinov Choudhary,1,1,0,0,0,0,0.0,100.0,1.0
Harshit Rana,Bhuvneshwar Kumar,4,4,0,0,0,0,0.0,100.0,4.0
Harshit Rana,Hardik Pandya,3,2,0,1,0,0,33.33,66.67,2.0
Harshit Rana,KM Asif,1,1,0,0,0,0,0.0,100.0,1.0
Harshit Rana,Kranthi Kumar,4,7,0,2,1,0,50.0,175.0,7.0
Harshit Rana,Krishnappa Gowtham,4,2,0,2,0,0,50.0,50.0,2.0
Harshit Rana,Lockie Ferguson,1,0,0,1,0,0,100.0,0.0,0.0
Harshit Rana,Nishan Peiris,2,0,1,2,0,0,100.0,0.0,0.0
Harshit Rana,Sahan Arachchige,1,2,0,0,0,0,0.0,200.0,2.0
Harshit Rana,Tanay Thyagarajan,3,3,0,0,0,0,0.0,100.0,3.0
Harshit Rana,Vishen Halambage,2,2,0,0,0,0,0.0,100.0,2.0
Harshit Rana,Wanindu Hasaranga,3,4,1,2,1,0,66.67,133.33,4.0
Heinrich Klaasen,Abhishek Sharma,4,1,0,3,0,0,75.0,25.0,1.0
Heinrich Klaasen,Adam Zampa,48,68,2,14,3,4,29.17,141.67,34.0
Heinrich Klaasen,Adil Rashid,4,0,1,4,0,0,100.0,0.0,0.0
Heinrich Klaasen,Akash Vasisht,14,26,1,3,3,1,21.43,185.71,26.0
Heinrich Klaasen,Akeal Hosein,14,18,0,2,0,0,14.29,128.57,18.0
Heinrich Klaasen,Allah Ghazanfar,22,24,2,5,2,0,22.73,109.09,12.0
Heinrich Klaasen,Anshul Kamboj,3,5,0,1,1,0,33.33,166.67,5.0
Heinrich Klaasen,Anukul Roy,7,13,0,0,2,0,0.0,185.71,13.0
Heinrich Klaasen,Arpit Vasavada,4,1,0,3,0,0,75.0,25.0,1.0
Heinrich Klaasen,Arshdeep Singh,4,8,0,1,0,0,25.0,200.0,8.0
Heinrich Klaasen,Ashok Sharma,21,26,1,3,1,0,14.29,123.81,26.0
Heinrich Klaasen,Ashwin Das,8,15,0,3,1,1,37.5,187.5,15.0
Heinrich Klaasen,Athisayaraj Davidson,4,3,0,1,0,0,25.0,75.0,3.0
Heinrich Klaasen,Atit Sheth,29,37,1,8,3,1,27.59,127.59,37.0
Heinrich Klaasen,Axar Patel,11,18,2,6,1,2,54.55,163.64,9.0
Heinrich Klaasen,Ben Stokes,5,12,1,2,1,1,40.0,240.0,12.0
Heinrich Klaasen,Bhuvneshwar Kumar,52,69,5,17,4,3,32.69,132.69,13.8
Heinrich Klaasen,Binura Fernando,12,11,1,2,0,0,16.67,91.67,11.0
Heinrich Klaasen,CV Stephen,52,75,3,12,3,3,23.08,144.23,25.0
Heinrich Klaasen,Cameron Green,3,7,0,1,0,1,33.33,233.33,7.0
Heinrich Klaasen,Chama Milind,5,4,1,2,0,0,40.0,80.0,4.0
Heinrich Klaasen,Corbin Bosch,7,9,0,0,0,0,0.0,128.57,9.0
Heinrich Klaasen,Dian Forrester,12,11,0,3,0,0,25.0,91.67,11.0
Heinrich Klaasen,Donovan Ferreira,2,2,0,0,0,0,0.0,100.0,2.0
Heinrich Klaasen,Dushan Hemantha,20,25,1,4,2,0,20.0,125.0,25.0
Heinrich Klaasen,Eshan Malinga,2,2,0,1,0,0,50.0,100.0,2.0
Heinrich Klaasen,Glenn Phillips,16,19,1,3,1,0,18.75,118.75,19.0
Heinrich Klaasen,Gurinder Singh,2,1,0,1,0,0,50.0,50.0,1.0
Heinrich Klaasen,Gurnoor Singh Brar,4,9,0,1,0,1,25.0,225.0,9.0
Heinrich Klaasen,Gus Atkinson,10,18,1,3,1,1,30.0,180.0,18.0
Heinrich Klaasen,Hardik Pandya,17,47,0,0,2,4,0.0,276.47,47.0
Heinrich Klaasen,Harpreet Brar,50,91,3,7,7,4,14.0,182.0,30.33
Heinrich Klaasen,Harsh Dubey,16,16,2,5,0,0,31.25,100.0,8.0
Heinrich Klaasen,Jacob Bethell,5,1,1,4,0,0,80.0,20.0,1.0
Heinrich Klaasen,Jacob Duffy,9,25,0,2,2,2,22.22,277.78,25.0
Heinrich Klaasen,Jamie Overton,2,0,1,2,0,0,100.0,0.0,0.0
Heinrich Klaasen,Jasprit Bumrah,27,47,1,8,4,3,29.63,174.07,47.0
Heinrich Klaasen,Jaydev Unadkat,2,7,0,0,0,1,0.0,350.0,7.0
Heinrich Klaasen,Jofra Archer,4,9,1,1,2,0,25.0,225.0,9.0
Heinrich Klaasen,Josh Hazlewood,18,14,3,9,0,1,50.0,77.78,4.67
Heinrich Klaasen,Kagiso Rabada,29,49,1,7,4,2,24.14,168.97,49.0
Heinrich Klaasen,Karan Lal,7,13,0,2,2,0,28.57,185.71,13.0
Heinrich Klaasen,Karan Shinde,4,8,0,1,1,0,25.0,200.0,8.0
Heinrich Klaasen,Kranthi Kumar,40,62,1,14,7,2,35.0,155.0,62.0
Heinrich Klaasen,Krishnappa Gowtham,3,4,1,2,1,0,66.67,133.33,4.0
Heinrich Klaasen,Krunal Pandya,6,11,0,1,0,1,16.67,183.33,11.0
Heinrich Klaasen,Kuldeep Yadav,29,55,1,4,3,3,13.79,189.66,55.0
Heinrich Klaasen,Liam Livingstone,11,20,1,2,2,1,18.18,181.82,20.0
Heinrich Klaasen,Luke Wood,5,5,0,1,0,0,20.0,100.0,5.0
Heinrich Klaasen,Lungi Ngidi,18,23,2,5,1,1,27.78,127.78,11.5
Heinrich Klaasen,Malinda Pushpakumara,59,102,1,11,7,5,18.64,172.88,102.0
Heinrich Klaasen,Manisankar Murasingh,8,7,1,3,0,0,37.5,87.5,7.0
Heinrich Klaasen,Marcus Stoinis,8,11,1,2,0,1,25.0,137.5,11.0
Heinrich Klaasen,Matheesha Pathirana,11,10,1,6,1,0,54.55,90.91,10.0
Heinrich Klaasen,Matt Henry,11,14,2,3,1,0,27.27,127.27,7.0
Heinrich Klaasen,Mitchell Marsh,22,37,0,2,1,2,9.09,168.18,37.0
Heinrich Klaasen,Mitchell Starc,37,54,2,6,4,1,16.22,145.95,27.0
Heinrich Klaasen,Mohammed Shami,22,29,3,8,1,2,36.36,131.82,9.67
Heinrich Klaasen,Mohammed Siraj,33,61,0,5,7,1,15.15,184.85,61.0
Heinrich Klaasen,Mridul Surroch,28,40,0,11,2,3,39.29,142.86,40.0
Heinrich Klaasen,Mukhtar Hussain,7,5,0,2,0,0,28.57,71.43,5.0
Heinrich Klaasen,Nathan Ellis,24,49,0,2,3,3,8.33,204.17,49.0
Heinrich Klaasen,Nishan Peiris,10,14,0,0,1,0,0.0,140.0,14.0
Heinrich Klaasen,Nitish Kumar Reddy,14,21,3,7,1,2,50.0,150.0,7.0
Heinrich Klaasen,Noor Ahmad,1,1,0,0,0,0,0.0,100.0,1.0
Heinrich Klaasen,Ottneil Baartman,16,26,1,6,5,0,37.5,162.5,26.0
Heinrich Klaasen,Pat Cummins,36,59,1,9,4,3,25.0,163.89,59.0
Heinrich Klaasen,Prabath Jayasuriya,2,0,0,2,0,0,100.0,0.0,0.0
Heinrich Klaasen,Prashant Veer,21,30,0,6,1,2,28.57,142.86,30.0
Heinrich Klaasen,Praveen Jayawickrama,11,7,2,5,0,0,45.45,63.64,3.5
Heinrich Klaasen,Prince Yadav,8,10,0,0,0,0,0.0,125.0,10.0
Heinrich Klaasen,Rachin Ravindra,25,47,1,5,1,4,20.0,188.0,47.0
Heinrich Klaasen,Rashid Khan,18,17,0,4,0,0,22.22,94.44,17.0
Heinrich Klaasen,Rasikh Dar,7,5,0,2,0,0,28.57,71.43,5.0
Heinrich Klaasen,Ravi Bishnoi,25,29,1,7,2,0,28.0,116.0,29.0
Heinrich Klaasen,Ravindra Jadeja,39,48,0,3,1,0,7.69,123.08,48.0
Heinrich Klaasen,Riyan Parag,3,3,0,0,0,0,0.0,100.0,3.0
Heinrich Klaasen,Sahan Arachchige,52,90,1,11,7,3,21.15,173.08,90.0
Heinrich Klaasen,Sairaj Patil,21,19,3,7,0,0,33.33,90.48,6.33
Heinrich Klaasen,Sakib Hussain,6,9,1,2,0,1,33.33,150.0,9.0
Heinrich Klaasen,Sam Curran,28,54,2,9,3,4,32.14,192.86,27.0
Heinrich Klaasen,Sanvir Singh,8,10,0,1,0,0,12.5,125.0,10.0
Heinrich Klaasen,Scott Curie,19,21,3,9,2,1,47.37,110.53,7.0
Heinrich Klaasen,Seekkuge Prasanna,19,22,1,4,0,1,21.05,115.79,22.0
Heinrich Klaasen,Senitha Halambage,8,10,0,2,1,0,25.0,125.0,10.0
Heinrich Klaasen,Shahbaz Ahmed,13,13,0,2,0,0,15.38,100.0,13.0
Heinrich Klaasen,Shardul Thakur,8,7,1,2,0,0,25.0,87.5,7.0
Heinrich Klaasen,Shiran Fernando,6,5,1,4,1,0,66.67,83.33,5.0
Heinrich Klaasen,Shivam Shukla,5,16,0,0,2,1,0.0,320.0,16.0
Heinrich Klaasen,Shivang Kumar,5,7,0,1,0,0,20.0,140.0,7.0
Heinrich Klaasen,Shubham Agarwal,2,2,0,0,0,0,0.0,100.0,2.0
Heinrich Klaasen,Sikandar Raza,5,8,0,0,1,0,0.0,160.0,8.0
Heinrich Klaasen,Sonny Baker,10,14,1,1,0,0,10.0,140.0,14.0
Heinrich Klaasen,Sonu Yadav,6,12,0,0,0,1,0.0,200.0,12.0
Heinrich Klaasen,Sunil Narine,19,28,1,4,1,1,21.05,147.37,28.0
Heinrich Klaasen,Swapnil Singh,2,2,0,0,0,0,0.0,100.0,2.0
Heinrich Klaasen,Tanay Thyagarajan,18,18,1,9,1,1,50.0,100.0,18.0
Heinrich Klaasen,Tripuresh Singh,2,3,0,0,0,0,0.0,150.0,3.0
Heinrich Klaasen,Vaisakh Chandran,9,11,1,3,1,0,33.33,122.22,11.0
Heinrich Klaasen,Varun Chakravarthy,18,15,3,7,1,0,38.89,83.33,5.0
Heinrich Klaasen,Vipraj Nigam,12,15,0,3,0,1,25.0,125.0,15.0
Heinrich Klaasen,Vishen Halambage,43,49,2,11,1,1,25.58,113.95,24.5
Heinrich Klaasen,Wanindu Hasaranga,39,59,2,14,4,4,35.9,151.28,29.5
Heinrich Klaasen,Washington Sundar,19,30,2,5,1,2,26.32,157.89,15.0
Heinrich Klaasen,Will Jacks,22,20,0,7,0,0,31.82,90.91,20.0
Heinrich Klaasen,Yuzvendra Chahal,3,3,0,1,0,0,33.33,100.0,3.0
Himmat Singh,Adam Zampa,5,8,1,2,0,1,40.0,160.0,8.0
Himmat Singh,Arpit Vasavada,1,1,0,0,0,0,0.0,100.0,1.0
Himmat Singh,Ashok Sharma,7,12,0,0,0,0,0.0,171.43,12.0
Himmat Singh,Bhuvneshwar Kumar,6,5,2,2,0,0,33.33,83.33,2.5
Himmat Singh,Brad Evans,2,8,0,0,0,1,0.0,400.0,8.0
Himmat Singh,CV Stephen,8,15,0,4,0,2,50.0,187.5,15.0
Himmat Singh,Chetan Sakariya,4,5,0,1,0,0,25.0,125.0,5.0
Himmat Singh,Darshan Nalkande,4,2,0,2,0,0,50.0,50.0,2.0
Himmat Singh,Dian Forrester,4,13,1,1,0,2,25.0,325.0,13.0
Himmat Singh,Dushan Hemantha,8,15,1,1,1,1,12.5,187.5,15.0
Himmat Singh,Glenn Phillips,2,1,0,1,0,0,50.0,50.0,1.0
Himmat Singh,Gurinder Singh,5,4,1,2,0,0,40.0,80.0,4.0
Himmat Singh,Hardik Pandya,5,16,0,1,0,2,20.0,320.0,16.0
Himmat Singh,Harpreet Brar,5,9,1,2,0,1,40.0,180.0,9.0
Himmat Singh,Harsh Dubey,5,9,0,0,1,0,0.0,180.0,9.0
Himmat Singh,Jacob Duffy,6,10,1,2,0,1,33.33,166.67,10.0
Himmat Singh,Jasprit Bumrah,5,8,0,3,2,0,60.0,160.0,8.0
Himmat Singh,Josh Hazlewood,5,4,1,4,1,0,80.0,80.0,4.0
Himmat Singh,Kranthi Kumar,7,18,0,2,1,2,28.57,257.14,18.0
Himmat Singh,Kuldeep Yadav,6,8,0,0,0,0,0.0,133.33,8.0
Himmat Singh,Liam Livingstone,6,7,0,0,0,0,0.0,116.67,7.0
Himmat Singh,Malinda Pushpakumara,1,1,0,0,0,0,0.0,100.0,1.0
Himmat Singh,Manisankar Murasingh,1,1,0,0,0,0,0.0,100.0,1.0
Himmat Singh,Marcus Stoinis,4,6,1,1,1,0,25.0,150.0,6.0
Himmat Singh,Mohammed Shami,4,10,0,0,0,1,0.0,250.0,10.0
Himmat Singh,Mohammed Siraj,8,9,0,0,0,0,0.0,112.5,9.0
Himmat Singh,Mridul Surroch,4,11,0,0,0,1,0.0,275.0,11.0
Himmat Singh,Nishan Peiris,4,13,0,0,1,1,0.0,325.0,13.0
Himmat Singh,Nitish Rana,12,14,1,7,1,1,58.33,116.67,14.0
Himmat Singh,Pat Cummins,7,14,0,1,2,0,14.29,200.0,14.0
Himmat Singh,Prabath Jayasuriya,9,12,1,1,1,0,11.11,133.33,12.0
Himmat Singh,Prashant Veer,6,10,1,1,1,0,16.67,166.67,10.0
Himmat Singh,Praveen Jayawickrama,13,16,0,5,2,0,38.46,123.08,16.0
Himmat Singh,Rachin Ravindra,9,16,0,1,1,1,11.11,177.78,16.0
Himmat Singh,Rashid Khan,2,5,0,0,1,0,0.0,250.0,5.0
Himmat Singh,Ravi Bishnoi,9,15,0,1,2,0,11.11,166.67,15.0
Himmat Singh,Ravindra Jadeja,8,11,0,0,1,0,0.0,137.5,11.0
Himmat Singh,Sahan Arachchige,13,19,0,1,1,0,7.69,146.15,19.0
Himmat Singh,Sairaj Patil,4,5,0,1,0,0,25.0,125.0,5.0
Himmat Singh,Sam Curran,2,7,0,0,0,1,0.0,350.0,7.0
Himmat Singh,Sandeep Warrier,2,2,0,0,0,0,0.0,100.0,2.0
Himmat Singh,Shahbaz Ahmed,5,9,0,2,0,1,40.0,180.0,9.0
Himmat Singh,Shiran Fernando,11,22,2,4,3,1,36.36,200.0,11.0
Himmat Singh,Sunil Narine,9,5,1,4,0,0,44.44,55.56,5.0
Himmat Singh,Vipraj Nigam,3,2,1,1,0,0,33.33,66.67,2.0
Himmat Singh,Washington Sundar,3,6,0,0,1,0,0.0,200.0,6.0
Himmat Singh,Will Jacks,12,15,0,4,1,0,33.33,125.0,15.0
Himmat Singh,Yuvraj Chaudhary,2,9,0,0,2,0,0.0,450.0,9.0
Ishan Kishan,Abhishek Sharma,4,6,1,1,0,0,25.0,150.0,6.0
Ishan Kishan,Adam Zampa,62,80,8,19,3,4,30.65,129.03,10.0
Ishan Kishan,Adil Rashid,17,18,1,3,1,0,17.65,105.88,18.0
Ishan Kishan,Ajay Dev Goud,20,45,0,5,5,3,25.0,225.0,45.0
Ishan Kishan,Akash Vasisht,55,84,0,6,2,4,10.91,152.73,84.0
Ishan Kishan,Akeal Hosein,78,160,3,10,6,10,12.82,205.13,53.33
Ishan Kishan,Allah Ghazanfar,22,28,2,6,0,2,27.27,127.27,14.0
Ishan Kishan,Amila Aponso,4,7,0,0,1,0,0.0,175.0,7.0
Ishan Kishan,Anrich Nortje,40,95,1,6,5,8,15.0,237.5,95.0
Ishan Kishan,Anshul Kamboj,18,20,1,2,0,0,11.11,111.11,20.0
Ishan Kishan,Anukul Roy,19,54,0,1,3,5,5.26,284.21,54.0
Ishan Kishan,Arpit Vasavada,13,12,1,2,0,0,15.38,92.31,12.0
Ishan Kishan,Arshdeep Singh,45,61,1,7,1,2,15.56,135.56,61.0
Ishan Kishan,Ashish Singh,14,32,0,0,0,3,0.0,228.57,32.0
Ishan Kishan,Ashok Sharma,76,131,1,8,5,6,10.53,172.37,131.0
Ishan Kishan,Athisayaraj Davidson,5,6,0,0,0,0,0.0,120.0,6.0
Ishan Kishan,Atit Sheth,32,43,0,4,2,0,12.5,134.38,43.0
Ishan Kishan,Auqib Nabi,49,79,2,10,4,4,20.41,161.22,39.5
Ishan Kishan,Avinov Choudhary,47,54,2,19,2,3,40.43,114.89,27.0
Ishan Kishan,Axar Patel,27,53,1,4,1,4,14.81,196.3,53.0
Ishan Kishan,Beau Webster,11,24,0,1,2,1,9.09,218.18,24.0
Ishan Kishan,Ben Stokes,19,25,1,8,1,2,42.11,131.58,25.0
Ishan Kishan,Bhuvneshwar Kumar,65,102,6,15,6,5,23.08,156.92,17.0
Ishan Kishan,Binura Fernando,10,13,1,3,0,1,30.0,130.0,13.0
Ishan Kishan,Brad Evans,6,10,0,0,1,0,0.0,166.67,10.0
Ishan Kishan,Brian Bennett,7,23,0,0,0,3,0.0,328.57,23.0
Ishan Kishan,CV Stephen,58,99,4,5,4,5,8.62,170.69,24.75
Ishan Kishan,Cameron Green,13,33,1,3,2,3,23.08,253.85,33.0
Ishan Kishan,Chetan Sakariya,10,14,0,1,1,0,10.0,140.0,14.0
Ishan Kishan,Corbin Bosch,17,31,1,1,2,1,5.88,182.35,31.0
Ishan Kishan,Craig Overton,21,23,0,2,0,0,9.52,109.52,23.0
Ishan Kishan,Dewald Brevis,2,7,0,0,0,1,0.0,350.0,7.0
Ishan Kishan,Dian Forrester,51,84,1,6,4,4,11.76,164.71,84.0
Ishan Kishan,Dinuka Dilshan,11,31,0,0,2,2,0.0,281.82,31.0
Ishan Kishan,Donovan Ferreira,13,11,0,4,0,0,30.77,84.62,11.0
Ishan Kishan,Dushan Hemantha,66,103,5,12,7,3,18.18,156.06,20.6
Ishan Kishan,Duvindu Tillakaratne,3,11,0,0,1,1,0.0,366.67,11.0
Ishan Kishan,Eshan Malinga,12,18,1,2,2,0,16.67,150.0,18.0
Ishan Kishan,Gangam Anikethreddy,21,29,1,4,1,1,19.05,138.1,29.0
Ishan Kishan,Glenn Phillips,26,50,0,1,0,4,3.85,192.31,50.0
Ishan Kishan,Gurinder Singh,13,14,4,7,1,1,53.85,107.69,3.5
Ishan Kishan,Gus Atkinson,39,52,1,6,2,1,15.38,133.33,52.0
Ishan Kishan,Hardik Pandya,69,130,1,4,7,5,5.8,188.41,130.0
Ishan Kishan,Harpreet Brar,84,156,5,13,11,7,15.48,185.71,31.2
Ishan Kishan,Harsh Dubey,41,59,2,15,1,5,36.59,143.9,29.5
Ishan Kishan,Harshal Patel,21,30,0,6,4,0,28.57,142.86,30.0
Ishan Kishan,Harshit Rana,4,5,0,0,0,0,0.0,125.0,5.0
Ishan Kishan,Ishant Sharma,3,1,0,2,0,0,66.67,33.33,1.0
Ishan Kishan,Isitha Wijesundara,2,2,1,1,0,0,50.0,100.0,2.0
Ishan Kishan,Ismat Alam,8,12,0,0,1,0,0.0,150.0,12.0
Ishan Kishan,Jacob Bethell,3,9,0,0,0,1,0.0,300.0,9.0
Ishan Kishan,Jacob Duffy,32,39,1,7,0,0,21.88,121.88,39.0
Ishan Kishan,Jai Moondra,15,33,1,3,3,2,20.0,220.0,33.0
Ishan Kishan,Jamie Overton,3,6,0,0,1,0,0.0,200.0,6.0
Ishan Kishan,Jason Holder,1,5,0,0,1,0,0.0,500.0,5.0
Ishan Kishan,Jasprit Bumrah,22,43,1,4,3,2,18.18,195.45,43.0
Ishan Kishan,Jaydev Unadkat,8,6,0,2,0,0,25.0,75.0,6.0
Ishan Kishan,Joel Davies,2,2,0,0,0,0,0.0,100.0,2.0
Ishan Kishan,Jofra Archer,8,7,0,2,0,0,25.0,87.5,7.0
Ishan Kishan,Josh Hazlewood,31,57,0,7,2,5,22.58,183.87,57.0
Ishan Kishan,Kagiso Rabada,17,20,2,2,0,1,11.76,117.65,10.0
Ishan Kishan,Kamindu Mendis,9,11,0,1,0,0,11.11,122.22,11.0
Ishan Kishan,Karan Lal,28,62,0,3,1,6,10.71,221.43,62.0
Ishan Kishan,Khaleel Ahmed,21,52,0,0,5,3,0.0,247.62,52.0
Ishan Kishan,Kranthi Kumar,74,95,7,26,6,4,35.14,128.38,13.57
Ishan Kishan,Krunal Pandya,42,66,1,6,2,3,14.29,157.14,66.0
Ishan Kishan,Kuldeep Yadav,72,137,2,7,10,5,9.72,190.28,68.5
Ishan Kishan,Lalit Yadav,15,26,1,2,2,1,13.33,173.33,26.0
Ishan Kishan,Lance Morris,10,10,1,2,0,0,20.0,100.0,10.0
Ishan Kishan,Lasith Embuldeniya,11,15,0,1,0,1,9.09,136.36,15.0
Ishan Kishan,Liam Livingstone,29,41,0,3,3,0,10.34,141.38,41.0
Ishan Kishan,Luke Wood,26,49,0,2,4,2,7.69,188.46,49.0
Ishan Kishan,Lungi Ngidi,31,56,1,6,7,2,19.35,180.65,56.0
Ishan Kishan,Malinda Pushpakumara,88,138,2,14,7,5,15.91,156.82,69.0
Ishan Kishan,Manisankar Murasingh,2,1,0,1,0,0,50.0,50.0,1.0
Ishan Kishan,Marcus Stoinis,3,2,0,1,0,0,33.33,66.67,2.0
Ishan Kishan,Matheesha Pathirana,6,8,0,0,0,0,0.0,133.33,8.0
Ishan Kishan,Matt Henry,8,9,1,2,1,0,25.0,112.5,9.0
Ishan Kishan,Matt Short,5,5,1,3,1,0,60.0,100.0,5.0
Ishan Kishan,Mitchell Marsh,61,122,0,10,5,9,16.39,200.0,122.0
Ishan Kishan,Mitchell Starc,59,85,2,11,5,2,18.64,144.07,42.5
Ishan Kishan,Mohamed Shiraz,20,51,0,2,2,5,10.0,255.0,51.0
Ishan Kishan,Mohammed Shami,49,104,4,5,6,6,10.2,212.24,26.0
Ishan Kishan,Mohammed Siraj,91,129,5,15,10,2,16.48,141.76,25.8
Ishan Kishan,Mridul Surroch,36,49,1,9,1,3,25.0,136.11,49.0
Ishan Kishan,Mukesh Choudhary,12,36,0,0,3,3,0.0,300.0,36.0
Ishan Kishan,Mukesh Kumar,7,12,0,0,0,1,0.0,171.43,12.0
Ishan Kishan,Mukhtar Hussain,24,29,3,4,1,0,16.67,120.83,9.67
Ishan Kishan,Nandre Burger,16,39,0,2,6,1,12.5,243.75,39.0
Ishan Kishan,Nathan Ellis,44,59,3,9,3,2,20.45,134.09,19.67
Ishan Kishan,Nishan Peiris,10,15,1,3,1,1,30.0,150.0,15.0
Ishan Kishan,Nishant Sindhu,1,0,0,1,0,0,100.0,0.0,0.0
Ishan Kishan,Nitish Kumar Reddy,54,102,5,12,7,6,22.22,188.89,20.4
Ishan Kishan,Nitish Rana,11,21,1,1,3,0,9.09,190.91,21.0
Ishan Kishan,Noor Ahmad,13,21,0,3,1,1,23.08,161.54,21.0
Ishan Kishan,Pat Cummins,22,36,1,5,2,2,22.73,163.64,36.0
Ishan Kishan,Prabath Jayasuriya,3,3,0,0,0,0,0.0,100.0,3.0
Ishan Kishan,Prashant Veer,31,49,1,2,0,2,6.45,158.06,49.0
Ishan Kishan,Prasidh Krishna,15,23,0,3,1,1,20.0,153.33,23.0
Ishan Kishan,Praveen Jayawickrama,49,79,0,7,7,2,14.29,161.22,79.0
Ishan Kishan,Prince Yadav,12,12,2,5,1,0,41.67,100.0,6.0
Ishan Kishan,Rachin Ravindra,32,32,7,10,2,0,31.25,100.0,4.57
Ishan Kishan,Rahul Chahar,9,8,1,1,0,0,11.11,88.89,8.0
Ishan Kishan,Ramakrishna Ghosh,5,9,0,0,1,0,0.0,180.0,9.0
Ishan Kishan,Rashid Khan,26,30,3,6,1,0,23.08,115.38,10.0
Ishan Kishan,Rasikh Dar,10,26,0,1,3,1,10.0,260.0,26.0
Ishan Kishan,Ravi Bishnoi,38,55,0,5,2,2,13.16,144.74,55.0
Ishan Kishan,Ravindra Jadeja,51,83,3,7,5,3,13.73,162.75,27.67
Ishan Kishan,Riyan Parag,5,15,1,1,0,2,20.0,300.0,15.0
Ishan Kishan,Rohit Sharma,14,30,0,2,2,2,14.29,214.29,30.0
Ishan Kishan,Sahan Arachchige,141,248,8,31,14,13,21.99,175.89,31.0
Ishan Kishan,Sai Kishore,8,20,0,0,0,2,0.0,250.0,20.0
Ishan Kishan,Sairaj Patil,29,29,1,5,0,0,17.24,100.0,29.0
Ishan Kishan,Sakib Hussain,8,10,1,4,0,1,50.0,125.0,10.0
Ishan Kishan,Sam Curran,50,100,1,5,4,7,10.0,200.0,100.0
Ishan Kishan,Sandeep Sharma,4,3,0,1,0,0,25.0,75.0,3.0
Ishan Kishan,Sandeep Warrier,3,4,0,0,0,0,0.0,133.33,4.0
Ishan Kishan,Sanvir Singh,15,29,1,3,2,2,20.0,193.33,29.0
Ishan Kishan,Sayan Ghosh,6,7,0,0,0,0,0.0,116.67,7.0
Ishan Kishan,Scott Curie,65,80,3,16,5,2,24.62,123.08,26.67
Ishan Kishan,Seekkuge Prasanna,31,52,2,3,2,2,9.68,167.74,26.0
Ishan Kishan,Senitha Halambage,7,8,0,0,0,0,0.0,114.29,8.0
Ishan Kishan,Shahbaz Ahmed,29,50,0,1,3,1,3.45,172.41,50.0
Ishan Kishan,Shardul Thakur,33,56,2,5,2,3,15.15,169.7,28.0
Ishan Kishan,Shiran Fernando,6,8,1,3,0,1,50.0,133.33,8.0
Ishan Kishan,Shivam Mavi,11,13,0,2,1,0,18.18,118.18,13.0
Ishan Kishan,Shivam Shukla,8,16,1,3,1,1,37.5,200.0,16.0
Ishan Kishan,Shivang Kumar,8,8,0,1,0,0,12.5,100.0,8.0
Ishan Kishan,Shubham Agarwal,36,83,1,2,3,7,5.56,230.56,83.0
Ishan Kishan,Sonny Baker,28,31,2,9,3,0,32.14,110.71,15.5
Ishan Kishan,Sonu Yadav,3,2,0,1,0,0,33.33,66.67,2.0
Ishan Kishan,Sunil Narine,30,32,1,12,0,2,40.0,106.67,32.0
Ishan Kishan,Suryansh Shedge,15,30,0,0,4,0,0.0,200.0,30.0
Ishan Kishan,Tanay Thyagarajan,38,48,1,7,2,1,18.42,126.32,48.0
Ishan Kishan,Tharindu Rathnanayake,4,12,0,0,1,1,0.0,300.0,12.0
Ishan Kishan,Tripuresh Singh,21,29,1,2,0,1,9.52,138.1,29.0
Ishan Kishan,Umran Malik,13,40,0,1,3,3,7.69,307.69,40.0
Ishan Kishan,Vaisakh Chandran,56,97,1,7,4,5,12.5,173.21,97.0
Ishan Kishan,Varun Chakravarthy,38,75,1,7,2,6,18.42,197.37,75.0
Ishan Kishan,Vicky Ostwal,4,12,0,0,1,1,0.0,300.0,12.0
Ishan Kishan,Vignesh Puthur,8,13,0,1,0,1,12.5,162.5,13.0
Ishan Kishan,Vipraj Nigam,5,3,1,2,0,0,40.0,60.0,3.0
Ishan Kishan,Vishen Halambage,59,83,4,12,1,4,20.34,140.68,20.75
Ishan Kishan,Wanindu Hasaranga,60,78,3,12,4,1,20.0,130.0,26.0
Ishan Kishan,Washington Sundar,78,123,2,10,6,3,12.82,157.69,61.5
Ishan Kishan,Will Jacks,82,131,1,7,8,3,8.54,159.76,131.0
Ishan Kishan,Yuzvendra Chahal,15,25,0,2,1,1,13.33,166.67,25.0
Ishan Kishan,Zeeshan Ansari,14,37,0,1,1,4,7.14,264.29,37.0
Ishant Sharma,Akeal Hosein,2,0,1,2,0,0,100.0,0.0,0.0
Ishant Sharma,Arpit Vasavada,2,4,0,0,0,0,0.0,200.0,4.0
Ishant Sharma,Axar Patel,3,2,0,1,0,0,33.33,66.67,2.0
Ishant Sharma,Glenn Phillips,3,2,1,1,0,0,33.33,66.67,2.0
Ishant Sharma,Gus Atkinson,3,1,0,2,0,0,66.67,33.33,1.0
Ishant Sharma,Jaydev Unadkat,2,1,1,1,0,0,50.0,50.0,1.0
Ishant Sharma,Krunal Pandya,1,0,1,1,0,0,100.0,0.0,0.0
Ishant Sharma,Kuldeep Yadav,1,1,0,0,0,0,0.0,100.0,1.0
Ishant Sharma,Mitchell Marsh,3,1,0,2,0,0,66.67,33.33,1.0
Ishant Sharma,Ravindra Jadeja,2,1,0,1,0,0,50.0,50.0,1.0
Ishant Sharma,Sunil Narine,2,2,0,0,0,0,0.0,100.0,2.0
Ishant Sharma,Varun Chakravarthy,3,9,0,0,2,0,0.0,300.0,9.0
Ishant Sharma,Vishen Halambage,1,0,1,1,0,0,100.0,0.0,0.0
Isitha Wijesundara,Akeal Hosein,2,0,1,2,0,0,100.0,0.0,0.0
Isitha Wijesundara,Hardik Pandya,7,1,0,6,0,0,85.71,14.29,1.0
Isitha Wijesundara,Sonu Yadav,2,9,0,0,0,1,0.0,450.0,9.0
Isitha Wijesundara,Tripuresh Singh,1,1,0,0,0,0,0.0,100.0,1.0
Ismat Alam,Calvin Harrison,11,19,1,4,2,1,36.36,172.73,19.0
Ismat Alam,Gangam Anikethreddy,11,13,0,2,1,0,18.18,118.18,13.0
Ismat Alam,Harpreet Brar,1,4,0,0,1,0,0.0,400.0,4.0
Ismat Alam,Matthew Forde,2,2,1,1,0,0,50.0,100.0,2.0
Ismat Alam,Mohsin Khan,2,1,0,1,0,0,50.0,50.0,1.0
Ismat Alam,Mridul Surroch,2,1,1,1,0,0,50.0,50.0,1.0
Ismat Alam,Rashid Khan,3,1,0,2,0,0,66.67,33.33,1.0
Ismat Alam,Ravindra Jadeja,9,5,0,5,0,0,55.56,55.56,5.0
Ismat Alam,Shiran Fernando,1,1,0,0,0,0,0.0,100.0,1.0
Ismat Alam,Vidwath Kaverappa,3,3,0,1,0,0,33.33,100.0,3.0
Ismat Alam,Vishen Halambage,11,16,1,5,0,2,45.45,145.45,16.0
Jacob Bethell,Abhishek Sharma,4,9,0,1,1,0,25.0,225.0,9.0
Jacob Bethell,Adam Zampa,13,16,2,5,2,0,38.46,123.08,8.0
Jacob Bethell,Akash Vasisht,16,23,2,4,1,1,25.0,143.75,11.5
Jacob Bethell,Akeal Hosein,8,5,1,4,0,0,50.0,62.5,5.0
Jacob Bethell,Allah Ghazanfar,7,10,1,3,2,0,42.86,142.86,10.0
Jacob Bethell,Anshul Kamboj,2,0,2,2,0,0,100.0,0.0,0.0
Jacob Bethell,Anukul Roy,19,31,1,3,1,2,15.79,163.16,31.0
Jacob Bethell,Arjun Tendulkar,2,2,0,0,0,0,0.0,100.0,2.0
Jacob Bethell,Arpit Vasavada,5,13,0,0,0,1,0.0,260.0,13.0
Jacob Bethell,Arshdeep Singh,30,58,0,5,3,3,16.67,193.33,58.0
Jacob Bethell,Ashok Sharma,10,11,2,5,0,1,50.0,110.0,5.5
Jacob Bethell,Ashwin Das,2,2,0,0,0,0,0.0,100.0,2.0
Jacob Bethell,Atit Sheth,29,49,0,4,0,3,13.79,168.97,49.0
Jacob Bethell,Avinov Choudhary,11,8,2,4,0,0,36.36,72.73,4.0
Jacob Bethell,Axar Patel,15,24,0,4,2,1,26.67,160.0,24.0
Jacob Bethell,Ben Stokes,7,18,0,0,0,2,0.0,257.14,18.0
Jacob Bethell,Bhuvneshwar Kumar,21,25,2,6,1,1,28.57,119.05,12.5
Jacob Bethell,Binura Fernando,3,1,1,2,0,0,66.67,33.33,1.0
Jacob Bethell,Brad Evans,4,3,0,1,0,0,25.0,75.0,3.0
Jacob Bethell,CV Stephen,6,7,0,1,0,0,16.67,116.67,7.0
Jacob Bethell,Cameron Green,16,22,2,3,1,1,18.75,137.5,11.0
Jacob Bethell,Chetan Sakariya,16,29,1,6,2,2,37.5,181.25,29.0
Jacob Bethell,Cooper Connolly,1,1,0,0,0,0,0.0,100.0,1.0
Jacob Bethell,Corbin Bosch,7,9,0,0,0,0,0.0,128.57,9.0
Jacob Bethell,Darshan Nalkande,14,29,0,1,1,2,7.14,207.14,29.0
Jacob Bethell,Deepak Chahar,24,36,0,4,4,0,16.67,150.0,36.0
Jacob Bethell,Delano Potgieter,11,26,0,0,2,1,0.0,236.36,26.0
Jacob Bethell,Dian Forrester,26,43,1,4,4,1,15.38,165.38,43.0
Jacob Bethell,Dinuka Dilshan,13,44,1,1,0,6,7.69,338.46,44.0
Jacob Bethell,Donovan Ferreira,2,2,0,0,0,0,0.0,100.0,2.0
Jacob Bethell,Dushan Hemantha,39,73,4,7,4,5,17.95,187.18,18.25
Jacob Bethell,Eshan Malinga,11,11,0,3,0,0,27.27,100.0,11.0
Jacob Bethell,Glenn Phillips,20,51,0,3,2,5,15.0,255.0,51.0
Jacob Bethell,Glenton Stuurman,6,10,0,0,1,0,0.0,166.67,10.0
Jacob Bethell,Gurinder Singh,25,46,0,1,5,1,4.0,184.0,46.0
Jacob Bethell,Gurnoor Singh Brar,2,2,0,0,0,0,0.0,100.0,2.0
Jacob Bethell,Gus Atkinson,12,22,2,2,1,1,16.67,183.33,11.0
Jacob Bethell,Hardik Pandya,22,38,0,2,2,2,9.09,172.73,38.0
Jacob Bethell,Harpreet Brar,5,2,0,3,0,0,60.0,40.0,2.0
Jacob Bethell,Harsh Dubey,5,8,0,2,0,1,40.0,160.0,8.0
Jacob Bethell,Harshal Patel,5,7,1,1,1,0,20.0,140.0,7.0
Jacob Bethell,Harshit Rana,4,6,0,0,0,0,0.0,150.0,6.0
Jacob Bethell,Ishant Sharma,19,27,1,3,2,0,15.79,142.11,27.0
Jacob Bethell,Jamie Overton,3,1,1,2,0,0,66.67,33.33,1.0
Jacob Bethell,Jason Holder,30,55,1,4,3,3,13.33,183.33,55.0
Jacob Bethell,Jasprit Bumrah,2,1,1,1,0,0,50.0,50.0,1.0
Jacob Bethell,Jaydev Unadkat,13,20,2,4,2,1,30.77,153.85,10.0
Jacob Bethell,Jofra Archer,2,1,1,1,0,0,50.0,50.0,1.0
Jacob Bethell,Josh Hazlewood,6,11,1,1,0,1,16.67,183.33,11.0
Jacob Bethell,KM Asif,13,22,2,3,3,0,23.08,169.23,11.0
Jacob Bethell,Kagiso Rabada,27,38,2,9,3,1,33.33,140.74,19.0
Jacob Bethell,Karan Lal,1,1,0,0,0,0,0.0,100.0,1.0
Jacob Bethell,Khaleel Ahmed,1,0,1,1,0,0,100.0,0.0,0.0
Jacob Bethell,Kranthi Kumar,11,14,0,2,1,0,18.18,127.27,14.0
Jacob Bethell,Krunal Pandya,34,43,1,13,0,4,38.24,126.47,43.0
Jacob Bethell,Kuldeep Yadav,3,1,1,2,0,0,66.67,33.33,1.0
Jacob Bethell,Lalit Yadav,5,22,0,0,2,2,0.0,440.0,22.0
Jacob Bethell,Lockie Ferguson,6,11,1,1,0,1,16.67,183.33,11.0
Jacob Bethell,Lone Nasir Muzaffar,9,14,0,2,0,1,22.22,155.56,14.0
Jacob Bethell,Lungi Ngidi,3,1,1,2,0,0,66.67,33.33,1.0
Jacob Bethell,Malinda Pushpakumara,7,5,0,3,0,0,42.86,71.43,5.0
Jacob Bethell,Manisankar Murasingh,51,109,1,9,8,6,17.65,213.73,109.0
Jacob Bethell,Marcus Stoinis,4,3,0,2,0,0,50.0,75.0,3.0
Jacob Bethell,Matheesha Pathirana,4,8,1,2,2,0,50.0,200.0,8.0
Jacob Bethell,Matt Henry,7,13,0,2,1,1,28.57,185.71,13.0
Jacob Bethell,Mitchell Marsh,2,1,1,1,0,0,50.0,50.0,1.0
Jacob Bethell,Mitchell Starc,3,6,1,2,0,1,66.67,200.0,6.0
Jacob Bethell,Mohammed Shami,13,16,1,4,2,0,30.77,123.08,16.0
Jacob Bethell,Mohammed Siraj,51,104,1,10,9,5,19.61,203.92,104.0
Jacob Bethell,Mohsin Khan,9,13,0,1,1,0,11.11,144.44,13.0
Jacob Bethell,Mridul Surroch,1,3,0,0,0,0,0.0,300.0,3.0
Jacob Bethell,Nandre Burger,2,0,1,2,0,0,100.0,0.0,0.0
Jacob Bethell,Nishan Peiris,5,8,0,1,1,0,20.0,160.0,8.0
Jacob Bethell,Nitish Kumar Reddy,7,14,0,0,0,1,0.0,200.0,14.0
Jacob Bethell,Nitish Rana,8,9,1,2,1,0,25.0,112.5,9.0
Jacob Bethell,Noor Ahmad,5,8,2,2,0,1,40.0,160.0,4.0
Jacob Bethell,Ottneil Baartman,12,33,0,2,4,2,16.67,275.0,33.0
Jacob Bethell,Pat Cummins,3,7,0,0,1,0,0.0,233.33,7.0
Jacob Bethell,Prabath Jayasuriya,17,32,1,2,1,2,11.76,188.24,32.0
Jacob Bethell,Prashant Veer,11,17,0,0,1,0,0.0,154.55,17.0
Jacob Bethell,Praveen Jayawickrama,46,87,3,15,5,7,32.61,189.13,29.0
Jacob Bethell,Prince Yadav,10,8,0,6,1,0,60.0,80.0,8.0
Jacob Bethell,Rachin Ravindra,4,5,0,0,0,0,0.0,125.0,5.0
Jacob Bethell,Raj Angad Bawa,6,8,1,2,1,0,33.33,133.33,8.0
Jacob Bethell,Rashid Khan,16,25,2,6,1,2,37.5,156.25,12.5
Jacob Bethell,Ravi Bishnoi,13,13,2,3,0,0,23.08,100.0,6.5
Jacob Bethell,Ravindra Jadeja,21,47,2,7,4,4,33.33,223.81,23.5
Jacob Bethell,Riyan Parag,21,35,0,5,3,2,23.81,166.67,35.0
Jacob Bethell,Sahan Arachchige,24,35,2,5,1,1,20.83,145.83,17.5
Jacob Bethell,Sai Kishore,10,10,0,4,1,0,40.0,100.0,10.0
Jacob Bethell,Sairaj Patil,3,4,0,0,0,0,0.0,133.33,4.0
Jacob Bethell,Sakib Hussain,19,36,0,6,2,3,31.58,189.47,36.0
Jacob Bethell,Sam Curran,29,80,1,3,4,6,10.34,275.86,80.0
Jacob Bethell,Sandeep Warrier,7,13,0,1,2,0,14.29,185.71,13.0
Jacob Bethell,Sanvir Singh,2,2,0,0,0,0,0.0,100.0,2.0
Jacob Bethell,Scott Curie,27,33,2,12,2,2,44.44,122.22,16.5
Jacob Bethell,Shahbaz Ahmed,7,4,0,4,0,0,57.14,57.14,4.0
Jacob Bethell,Shiran Fernando,39,67,3,9,6,3,23.08,171.79,22.33
Jacob Bethell,Shivam Dube,10,13,0,3,0,1,30.0,130.0,13.0
Jacob Bethell,Shivam Mavi,10,9,0,1,0,0,10.0,90.0,9.0
Jacob Bethell,Shivang Kumar,4,2,0,2,0,0,50.0,50.0,2.0
Jacob Bethell,Sikandar Raza,16,31,1,1,5,0,6.25,193.75,31.0
Jacob Bethell,Sonny Baker,2,0,2,2,0,0,100.0,0.0,0.0
Jacob Bethell,Suyash Sharma,2,1,1,1,0,0,50.0,50.0,1.0
Jacob Bethell,Tanay Thyagarajan,21,19,3,11,1,1,52.38,90.48,6.33
Jacob Bethell,Varun Chakravarthy,39,42,3,13,4,0,33.33,107.69,14.0
Jacob Bethell,Vishen Halambage,4,3,0,2,0,0,50.0,75.0,3.0
Jacob Bethell,Wanindu Hasaranga,13,18,3,5,1,1,38.46,138.46,6.0
Jacob Bethell,Will Jacks,18,22,1,8,0,2,44.44,122.22,22.0
Jacob Duffy,Chetan Sakariya,5,6,0,2,1,0,40.0,120.0,6.0
Jacob Duffy,Dian Forrester,1,1,0,0,0,0,0.0,100.0,1.0
Jacob Duffy,Gurinder Singh,1,2,0,0,0,0,0.0,200.0,2.0
Jacob Duffy,Jason Holder,1,0,1,1,0,0,100.0,0.0,0.0
Jacob Duffy,Josh Hazlewood,1,1,0,0,0,0,0.0,100.0,1.0
Jacob Duffy,Lalit Yadav,2,1,0,1,0,0,50.0,50.0,1.0
Jacob Duffy,Malinda Pushpakumara,1,1,0,0,0,0,0.0,100.0,1.0
Jacob Duffy,Mohammed Siraj,3,2,1,1,0,0,33.33,66.67,2.0
Jacob Duffy,Ottneil Baartman,2,2,1,1,0,0,50.0,100.0,2.0
Jacob Duffy,Sahan Arachchige,4,5,0,1,0,0,25.0,125.0,5.0
Jacob Duffy,Sairaj Patil,1,0,1,1,0,0,100.0,0.0,0.0
Jacob Duffy,Sam Curran,6,13,0,0,2,0,0.0,216.67,13.0
Jacob Duffy,Shiran Fernando,4,7,0,0,0,0,0.0,175.0,7.0
Jacques Snyman,Ashok Sharma,2,0,1,2,0,0,100.0,0.0,0.0
Jacques Snyman,Dian Forrester,10,12,0,5,0,1,50.0,120.0,12.0
Jacques Snyman,Harpreet Brar,2,0,1,2,0,0,100.0,0.0,0.0
Jacques Snyman,Samant Jakhar,3,1,1,2,0,0,66.67,33.33,1.0
Jacques Snyman,Sonny Baker,5,3,0,2,0,0,40.0,60.0,3.0
Jai Moondra,Matthew Forde,2,1,0,1,0,0,50.0,50.0,1.0
James Rew,Adam Zampa,27,36,1,4,0,1,14.81,133.33,36.0
James Rew,Adil Rashid,5,17,0,1,1,2,20.0,340.0,17.0
James Rew,Ajay Dev Goud,1,1,0,0,0,0,0.0,100.0,1.0
James Rew,Akeal Hosein,24,45,0,3,3,2,12.5,187.5,45.0
James Rew,Amila Aponso,4,4,0,1,0,0,25.0,100.0,4.0
James Rew,Anshul Kamboj,6,14,0,0,1,1,0.0,233.33,14.0
James Rew,Anukul Roy,11,17,0,3,2,0,27.27,154.55,17.0
James Rew,Arpit Vasavada,6,18,0,0,2,1,0.0,300.0,18.0
James Rew,Arshdeep Singh,28,41,0,7,2,2,25.0,146.43,41.0
James Rew,Ashok Sharma,16,25,0,3,3,0,18.75,156.25,25.0
James Rew,Athisayaraj Davidson,5,7,1,3,0,1,60.0,140.0,7.0
James Rew,Atit Sheth,1,3,0,0,0,0,0.0,300.0,3.0
James Rew,Avesh Khan,2,2,0,0,0,0,0.0,100.0,2.0
James Rew,Avinov Choudhary,2,1,0,1,0,0,50.0,50.0,1.0
James Rew,Axar Patel,16,27,2,5,3,1,31.25,168.75,13.5
James Rew,Ben Stokes,4,15,0,0,2,1,0.0,375.0,15.0
James Rew,Bhuvneshwar Kumar,10,13,0,0,0,0,0.0,130.0,13.0
James Rew,Brad Evans,11,24,0,2,3,1,18.18,218.18,24.0
James Rew,Codanda Ajit Karthik,6,9,0,1,1,0,16.67,150.0,9.0
James Rew,Darshan Nalkande,6,10,0,0,1,0,0.0,166.67,10.0
James Rew,Dian Forrester,28,41,0,3,2,0,10.71,146.43,41.0
James Rew,Dinuka Dilshan,2,4,0,0,0,0,0.0,200.0,4.0
James Rew,Dushan Hemantha,40,73,4,10,8,3,25.0,182.5,18.25
James Rew,Eshan Malinga,7,22,0,1,0,3,14.29,314.29,22.0
James Rew,Glenton Stuurman,5,15,0,1,2,1,20.0,300.0,15.0
James Rew,Gurinder Singh,64,83,6,24,7,3,37.5,129.69,13.83
James Rew,Gus Atkinson,3,2,1,1,0,0,33.33,66.67,2.0
James Rew,Hardik Pandya,8,15,0,0,0,1,0.0,187.5,15.0
James Rew,Harsh Dubey,11,19,1,4,2,1,36.36,172.73,19.0
James Rew,Harshal Patel,6,10,0,2,0,1,33.33,166.67,10.0
James Rew,Jamie Overton,5,23,0,0,1,3,0.0,460.0,23.0
James Rew,Jason Holder,6,13,0,0,2,0,0.0,216.67,13.0
James Rew,Jasprit Bumrah,17,29,2,4,3,1,23.53,170.59,14.5
James Rew,Joel Davies,32,54,1,5,4,1,15.62,168.75,54.0
James Rew,Josh Hazlewood,13,32,1,3,2,3,23.08,246.15,32.0
James Rew,KM Asif,3,5,0,1,1,0,33.33,166.67,5.0
James Rew,Kagiso Rabada,5,15,0,0,1,1,0.0,300.0,15.0
James Rew,Kangabam Priyojit Singh,6,14,0,1,3,0,16.67,233.33,14.0
James Rew,Karan Lal,5,13,0,0,2,0,0.0,260.0,13.0
James Rew,Khaleel Ahmed,7,7,0,2,0,0,28.57,100.0,7.0
James Rew,Kranthi Kumar,20,15,1,6,0,0,30.0,75.0,15.0
James Rew,Kuldeep Yadav,21,32,1,2,1,1,9.52,152.38,32.0
James Rew,Lone Nasir Muzaffar,3,3,0,0,0,0,0.0,100.0,3.0
James Rew,Lungi Ngidi,6,7,0,1,0,0,16.67,116.67,7.0
James Rew,Malinda Pushpakumara,12,23,1,2,3,0,16.67,191.67,23.0
James Rew,Manisankar Murasingh,4,3,0,1,0,0,25.0,75.0,3.0
James Rew,Matthew Forde,5,2,1,4,0,0,80.0,40.0,2.0
James Rew,Mitchell Starc,29,53,6,7,7,1,24.14,182.76,8.83
James Rew,Mohammed Shami,11,16,1,2,2,0,18.18,145.45,16.0
James Rew,Mohammed Siraj,16,40,0,0,3,2,0.0,250.0,40.0
James Rew,Mohsin Khan,3,4,0,0,0,0,0.0,133.33,4.0
James Rew,Mridul Surroch,10,6,0,4,0,0,40.0,60.0,6.0
James Rew,Nathan Ellis,20,45,0,1,4,2,5.0,225.0,45.0
James Rew,Nishan Peiris,25,48,1,6,2,3,24.0,192.0,48.0
James Rew,Nishant Sindhu,2,5,0,0,1,0,0.0,250.0,5.0
James Rew,Nitish Kumar Reddy,11,29,0,0,2,2,0.0,263.64,29.0
James Rew,Nitish Rana,6,5,0,1,0,0,16.67,83.33,5.0
James Rew,Noor Ahmad,6,10,0,2,0,1,33.33,166.67,10.0
James Rew,Pat Cummins,6,4,1,2,0,0,33.33,66.67,4.0
James Rew,Prabath Jayasuriya,23,23,1,7,2,0,30.43,100.0,23.0
James Rew,Prashant Veer,46,74,0,5,4,2,10.87,160.87,74.0
James Rew,Praveen Jayawickrama,43,48,2,17,5,1,39.53,111.63,24.0
James Rew,Prince Yadav,4,8,0,1,0,1,25.0,200.0,8.0
James Rew,Raj Angad Bawa,11,28,0,2,1,3,18.18,254.55,28.0
James Rew,Rashid Khan,17,22,3,7,0,2,41.18,129.41,7.33
James Rew,Rasikh Dar,3,9,0,0,0,1,0.0,300.0,9.0
James Rew,Ravi Bishnoi,26,22,3,12,2,0,46.15,84.62,7.33
James Rew,Ravindra Jadeja,8,17,0,0,2,0,0.0,212.5,17.0
James Rew,Sahan Arachchige,20,32,0,3,0,2,15.0,160.0,32.0
James Rew,Sairaj Patil,6,23,0,0,1,2,0.0,383.33,23.0
James Rew,Shahbaz Ahmed,18,20,0,2,0,0,11.11,111.11,20.0
James Rew,Shiran Fernando,49,90,6,12,8,4,24.49,183.67,15.0
James Rew,Shivam Dube,3,2,0,1,0,0,33.33,66.67,2.0
James Rew,Shivam Shukla,4,3,1,1,0,0,25.0,75.0,3.0
James Rew,Shivang Kumar,1,1,0,0,0,0,0.0,100.0,1.0
James Rew,Shubham Agarwal,5,7,0,1,0,0,20.0,140.0,7.0
James Rew,Sikandar Raza,3,3,0,0,0,0,0.0,100.0,3.0
James Rew,Sonny Baker,6,11,0,1,1,0,16.67,183.33,11.0
James Rew,Sunil Narine,7,13,0,0,0,1,0.0,185.71,13.0
James Rew,Suyash Sharma,5,7,0,0,0,0,0.0,140.0,7.0
James Rew,Tilak Varma,13,12,2,3,0,0,23.08,92.31,6.0
James Rew,Vaisakh Chandran,2,2,0,0,0,0,0.0,100.0,2.0
James Rew,Varun Chakravarthy,21,37,1,2,1,1,9.52,176.19,37.0
James Rew,Vipraj Nigam,16,36,0,2,2,3,12.5,225.0,36.0
James Rew,Vishen Halambage,6,8,2,3,0,1,50.0,133.33,4.0
James Rew,Washington Sundar,27,54,1,5,5,2,18.52,200.0,54.0
James Rew,Yash Thakur,3,6,1,2,0,1,66.67,200.0,6.0
Jamie Overton,Adam Zampa,3,3,0,1,0,0,33.33,100.0,3.0
Jamie Overton,Aiden Markram,6,14,0,2,0,2,33.33,233.33,14.0
Jamie Overton,Akeal Hosein,19,12,2,11,1,0,57.89,63.16,6.0
Jamie Overton,Anukul Roy,4,0,1,4,0,0,100.0,0.0,0.0
Jamie Overton,Arjun Tendulkar,3,2,0,1,0,0,33.33,66.67,2.0
Jamie Overton,Atit Sheth,3,7,0,0,1,0,0.0,233.33,7.0
Jamie Overton,Bhuvneshwar Kumar,1,0,1,1,0,0,100.0,0.0,0.0
Jamie Overton,CV Stephen,1,1,0,0,0,0,0.0,100.0,1.0
Jamie Overton,Cameron Green,3,2,0,1,0,0,33.33,66.67,2.0
Jamie Overton,Gurinder Singh,2,0,2,2,0,0,100.0,0.0,0.0
Jamie Overton,Harpreet Brar,1,1,0,0,0,0,0.0,100.0,1.0
Jamie Overton,Jofra Archer,3,8,1,1,0,1,33.33,266.67,8.0
Jamie Overton,Josh Hazlewood,2,0,0,2,0,0,100.0,0.0,0.0
Jamie Overton,KC Cariappa,3,1,0,2,0,0,66.67,33.33,1.0
Jamie Overton,KL Rahul,3,12,0,0,1,1,0.0,400.0,12.0
Jamie Overton,Krunal Pandya,3,7,0,1,0,1,33.33,233.33,7.0
Jamie Overton,Malinda Pushpakumara,1,3,0,0,0,0,0.0,300.0,3.0
Jamie Overton,Matheesha Pathirana,4,3,0,1,0,0,25.0,75.0,3.0
Jamie Overton,Matt Henry,7,14,2,2,0,1,28.57,200.0,7.0
Jamie Overton,Mitchell Marsh,4,5,0,0,0,0,0.0,125.0,5.0
Jamie Overton,Mohammed Shami,5,2,0,3,0,0,60.0,40.0,2.0
Jamie Overton,Nathan Ellis,8,8,0,5,0,1,62.5,100.0,8.0
Jamie Overton,Nuwan Thushara,12,35,0,1,2,3,8.33,291.67,35.0
Jamie Overton,Pat Cummins,1,0,1,1,0,0,100.0,0.0,0.0
Jamie Overton,Ravi Teja,2,2,0,0,0,0,0.0,100.0,2.0
Jamie Overton,Ravindra Jadeja,1,1,0,0,0,0,0.0,100.0,1.0
Jamie Overton,Scott Curie,2,3,0,0,0,0,0.0,150.0,3.0
Jamie Overton,Seekkuge Prasanna,1,1,0,0,0,0,0.0,100.0,1.0
Jamie Overton,Shardul Thakur,2,1,0,1,0,0,50.0,50.0,1.0
Jamie Overton,Shiran Fernando,4,5,0,1,0,0,25.0,125.0,5.0
Jamie Overton,Sunil Narine,3,0,1,3,0,0,100.0,0.0,0.0
Jamie Overton,Tanay Thyagarajan,4,4,0,2,0,0,50.0,100.0,4.0
Jamie Overton,Varun Chakravarthy,2,1,0,1,0,0,50.0,50.0,1.0
Jamie Overton,Vignesh Puthur,16,29,0,6,3,2,37.5,181.25,29.0
Jason Holder,Akeal Hosein,12,12,1,5,0,1,41.67,100.0,12.0
Jason Holder,Allah Ghazanfar,3,3,0,0,0,0,0.0,100.0,3.0
Jason Holder,Anshul Kamboj,1,1,0,0,0,0,0.0,100.0,1.0
Jason Holder,Arshdeep Singh,5,9,1,2,0,1,40.0,180.0,9.0
Jason Holder,Ashok Sharma,7,10,0,2,0,1,28.57,142.86,10.0
Jason Holder,Bhuvneshwar Kumar,1,1,0,0,0,0,0.0,100.0,1.0
Jason Holder,CV Stephen,3,2,0,1,0,0,33.33,66.67,2.0
Jason Holder,Dinuka Dilshan,1,1,0,0,0,0,0.0,100.0,1.0
Jason Holder,Gurinder Singh,3,4,1,1,0,0,33.33,133.33,4.0
Jason Holder,Hardik Pandya,4,6,0,0,0,0,0.0,150.0,6.0
Jason Holder,Harsh Dubey,6,19,0,0,1,2,0.0,316.67,19.0
Jason Holder,Jacob Duffy,4,11,0,1,1,1,25.0,275.0,11.0
Jason Holder,Jasprit Bumrah,11,10,0,2,0,0,18.18,90.91,10.0
Jason Holder,Joel Davies,4,4,0,1,0,0,25.0,100.0,4.0
Jason Holder,Karan Lal,1,1,0,0,0,0,0.0,100.0,1.0
Jason Holder,Kranthi Kumar,10,7,2,5,0,0,50.0,70.0,3.5
Jason Holder,Krunal Pandya,10,18,0,1,0,1,10.0,180.0,18.0
Jason Holder,Kuldeep Yadav,7,3,0,4,0,0,57.14,42.86,3.0
Jason Holder,Liam Livingstone,8,14,0,1,1,0,12.5,175.0,14.0
Jason Holder,Malinda Pushpakumara,4,3,2,2,0,0,50.0,75.0,1.5
Jason Holder,Mitchell Starc,1,1,0,0,0,0,0.0,100.0,1.0
Jason Holder,Mridul Surroch,3,4,0,0,0,0,0.0,133.33,4.0
Jason Holder,Nishan Peiris,6,19,0,1,1,2,16.67,316.67,19.0
Jason Holder,Nitish Kumar Reddy,7,17,0,1,0,2,14.29,242.86,17.0
Jason Holder,Pat Cummins,4,9,0,0,0,1,0.0,225.0,9.0
Jason Holder,Scott Curie,4,9,1,1,0,1,25.0,225.0,9.0
Jason Holder,Shivam Dube,7,11,0,1,1,0,14.29,157.14,11.0
Jason Holder,Shivang Kumar,6,14,0,0,1,0,0.0,233.33,14.0
Jason Holder,Shubham Agarwal,8,3,1,5,0,0,62.5,37.5,3.0
Jason Holder,Sunil Narine,4,3,0,2,0,0,50.0,75.0,3.0
Jason Holder,Washington Sundar,2,1,0,1,0,0,50.0,50.0,1.0
Jasprit Bumrah,Akeal Hosein,4,3,0,1,0,0,25.0,75.0,3.0
Jasprit Bumrah,Arjun Tendulkar,6,12,0,2,1,1,33.33,200.0,12.0
Jasprit Bumrah,Bhuvneshwar Kumar,3,2,1,2,0,0,66.67,66.67,2.0
Jasprit Bumrah,Hardik Pandya,2,3,0,0,0,0,0.0,150.0,3.0
Jasprit Bumrah,Harpreet Brar,1,1,0,0,0,0,0.0,100.0,1.0
Jasprit Bumrah,Kuldeep Yadav,2,0,2,2,0,0,100.0,0.0,0.0
Jasprit Bumrah,Malinda Pushpakumara,7,10,1,1,0,0,14.29,142.86,10.0
Jasprit Bumrah,Mitchell Marsh,2,0,2,2,0,0,100.0,0.0,0.0
Jasprit Bumrah,Mohammed Shami,1,4,0,0,1,0,0.0,400.0,4.0
Jasprit Bumrah,Pat Cummins,3,3,0,1,0,0,33.33,100.0,3.0
Jasprit Bumrah,Seekkuge Prasanna,1,1,0,0,0,0,0.0,100.0,1.0
Jasprit Bumrah,Shiran Fernando,2,1,1,1,0,0,50.0,50.0,1.0
Jasprit Bumrah,Shubham Agarwal,1,0,1,1,0,0,100.0,0.0,0.0
Jasprit Bumrah,Vishen Halambage,1,1,0,0,0,0,0.0,100.0,1.0
Jasprit Bumrah,Wanindu Hasaranga,3,3,0,0,0,0,0.0,100.0,3.0
Jaydev Unadkat,Adam Zampa,3,1,0,2,0,0,66.67,33.33,1.0
Jaydev Unadkat,Akeal Hosein,3,4,1,1,0,0,33.33,133.33,4.0
Jaydev Unadkat,Anukul Roy,2,2,1,1,0,0,50.0,100.0,2.0
Jaydev Unadkat,Ashok Sharma,2,1,0,1,0,0,50.0,50.0,1.0
Jaydev Unadkat,Dushan Hemantha,2,0,1,2,0,0,100.0,0.0,0.0
Jaydev Unadkat,Harsh Dubey,2,0,1,2,0,0,100.0,0.0,0.0
Jaydev Unadkat,Kagiso Rabada,1,0,1,1,0,0,100.0,0.0,0.0
Jaydev Unadkat,Kuldeep Yadav,1,0,1,1,0,0,100.0,0.0,0.0
Jaydev Unadkat,Mitchell Starc,7,9,1,2,1,0,28.57,128.57,9.0
Jaydev Unadkat,Nathan Ellis,2,2,0,0,0,0,0.0,100.0,2.0
Jaydev Unadkat,Nitish Kumar Reddy,1,0,1,1,0,0,100.0,0.0,0.0
Jaydev Unadkat,Sairaj Patil,3,4,0,0,0,0,0.0,133.33,4.0
Jaydev Unadkat,Swapnil Singh,4,1,0,3,0,0,75.0,25.0,1.0
Jaydev Unadkat,Varun Chakravarthy,4,6,0,1,0,0,25.0,150.0,6.0
Jitesh Sharma,Adam Zampa,18,25,1,6,4,0,33.33,138.89,25.0
Jitesh Sharma,Adil Rashid,1,4,0,0,1,0,0.0,400.0,4.0
Jitesh Sharma,Akeal Hosein,21,49,0,2,2,4,9.52,233.33,49.0
Jitesh Sharma,Allah Ghazanfar,2,0,0,2,0,0,100.0,0.0,0.0
Jitesh Sharma,Arshdeep Singh,8,10,0,0,0,0,0.0,125.0,10.0
Jitesh Sharma,Ashok Sharma,12,15,2,3,0,1,25.0,125.0,7.5
Jitesh Sharma,Bhuvneshwar Kumar,9,23,0,1,2,1,11.11,255.56,23.0
Jitesh Sharma,CV Stephen,4,7,1,2,0,1,50.0,175.0,7.0
Jitesh Sharma,Dian Forrester,9,13,3,3,2,0,33.33,144.44,4.33
Jitesh Sharma,Gangam Anikethreddy,2,1,1,1,0,0,50.0,50.0,1.0
Jitesh Sharma,Gurinder Singh,7,7,1,1,0,0,14.29,100.0,7.0
Jitesh Sharma,Hardik Pandya,8,10,0,2,1,0,25.0,125.0,10.0
Jitesh Sharma,Harpreet Brar,7,9,0,2,1,0,28.57,128.57,9.0
Jitesh Sharma,Harsh Dubey,14,30,0,5,5,1,35.71,214.29,30.0
Jitesh Sharma,Harshal Patel,7,8,1,2,1,0,28.57,114.29,8.0
Jitesh Sharma,Jacob Duffy,6,6,1,2,0,0,33.33,100.0,6.0
Jitesh Sharma,Jason Holder,7,22,0,0,0,3,0.0,314.29,22.0
Jitesh Sharma,Joel Davies,3,3,0,0,0,0,0.0,100.0,3.0
Jitesh Sharma,Josh Hazlewood,5,10,0,1,2,0,20.0,200.0,10.0
Jitesh Sharma,KM Asif,15,25,1,3,2,1,20.0,166.67,25.0
Jitesh Sharma,Kagiso Rabada,2,4,1,1,1,0,50.0,200.0,4.0
Jitesh Sharma,Karan Lal,9,12,0,1,0,0,11.11,133.33,12.0
Jitesh Sharma,Krishnappa Gowtham,6,4,0,2,0,0,33.33,66.67,4.0
Jitesh Sharma,Kuldeep Yadav,24,23,3,5,0,0,20.83,95.83,7.67
Jitesh Sharma,Liam Livingstone,10,23,0,2,1,2,20.0,230.0,23.0
Jitesh Sharma,Manisankar Murasingh,2,2,0,0,0,0,0.0,100.0,2.0
Jitesh Sharma,Matheesha Pathirana,5,3,0,3,0,0,60.0,60.0,3.0
Jitesh Sharma,Matt Henry,7,13,2,3,1,1,42.86,185.71,6.5
Jitesh Sharma,Mitchell Starc,11,7,3,5,0,0,45.45,63.64,2.33
Jitesh Sharma,Nathan Ellis,2,1,0,1,0,0,50.0,50.0,1.0
Jitesh Sharma,Ottneil Baartman,1,0,1,1,0,0,100.0,0.0,0.0
Jitesh Sharma,Prabath Jayasuriya,6,5,1,3,0,0,50.0,83.33,5.0
Jitesh Sharma,Prashant Veer,17,15,0,6,0,0,35.29,88.24,15.0
Jitesh Sharma,Prince Yadav,6,7,1,1,0,0,16.67,116.67,7.0
Jitesh Sharma,Rashid Khan,6,13,0,0,0,1,0.0,216.67,13.0
Jitesh Sharma,Rasikh Dar,4,8,0,1,0,1,25.0,200.0,8.0
Jitesh Sharma,Ravi Bishnoi,4,0,0,4,0,0,100.0,0.0,0.0
Jitesh Sharma,Sairaj Patil,4,10,0,0,0,1,0.0,250.0,10.0
Jitesh Sharma,Sakibul Gani,3,12,0,0,1,1,0.0,400.0,12.0
Jitesh Sharma,Sam Curran,6,11,0,1,0,1,16.67,183.33,11.0
Jitesh Sharma,Shahbaz Ahmed,7,11,0,0,1,0,0.0,157.14,11.0
Jitesh Sharma,Shiran Fernando,10,22,0,0,2,1,0.0,220.0,22.0
Jitesh Sharma,Tharindu Rathnanayake,1,1,0,0,0,0,0.0,100.0,1.0
Jitesh Sharma,Vipraj Nigam,5,9,0,0,0,0,0.0,180.0,9.0
Jitesh Sharma,Wanindu Hasaranga,1,0,1,1,0,0,100.0,0.0,0.0
Jitesh Sharma,Washington Sundar,19,35,1,3,0,2,15.79,184.21,35.0
Jitesh Sharma,Will Jacks,4,5,0,0,0,0,0.0,125.0,5.0
Joel Davies,Adam Zampa,4,7,1,2,0,1,50.0,175.0,7.0
Joel Davies,Ajay Dev Goud,5,13,1,1,1,1,20.0,260.0,13.0
Joel Davies,Akash Vasisht,29,39,5,10,2,2,34.48,134.48,7.8
Joel Davies,Anshul Kamboj,4,11,1,1,0,1,25.0,275.0,11.0
Joel Davies,Anukul Roy,6,15,0,1,1,1,16.67,250.0,15.0
Joel Davies,Arpit Vasavada,11,13,1,2,1,0,18.18,118.18,13.0
Joel Davies,Arshdeep Singh,12,27,1,2,0,3,16.67,225.0,27.0
Joel Davies,Ashok Sharma,30,37,7,11,4,1,36.67,123.33,5.29
Joel Davies,Ashwin Das,21,33,1,6,2,1,28.57,157.14,33.0
Joel Davies,Athisayaraj Davidson,2,2,1,1,0,0,50.0,100.0,2.0
Joel Davies,Avinov Choudhary,6,4,0,2,0,0,33.33,66.67,4.0
Joel Davies,Axar Patel,6,11,1,1,0,1,16.67,183.33,11.0
Joel Davies,Beau Webster,12,17,0,3,0,1,25.0,141.67,17.0
Joel Davies,Bhuvneshwar Kumar,37,57,3,10,2,4,27.03,154.05,19.0
Joel Davies,Binura Fernando,25,46,1,2,1,3,8.0,184.0,46.0
Joel Davies,Brian Bennett,6,9,0,1,1,0,16.67,150.0,9.0
Joel Davies,CV Stephen,6,11,0,1,2,0,16.67,183.33,11.0
Joel Davies,Cameron Green,2,3,0,0,0,0,0.0,150.0,3.0
Joel Davies,Corbin Bosch,7,19,0,0,3,0,0.0,271.43,19.0
Joel Davies,Craig Overton,14,13,1,4,0,0,28.57,92.86,13.0
Joel Davies,Dan Lawrence,4,8,0,0,1,0,0.0,200.0,8.0
Joel Davies,Dian Forrester,11,12,1,3,1,0,27.27,109.09,12.0
Joel Davies,Dushan Hemantha,9,12,1,2,0,1,22.22,133.33,12.0
Joel Davies,Gangam Anikethreddy,3,4,2,2,1,0,66.67,133.33,2.0
Joel Davies,Gus Atkinson,31,73,5,9,4,7,29.03,235.48,14.6
Joel Davies,Hardik Pandya,21,20,3,7,1,0,33.33,95.24,6.67
Joel Davies,Harpreet Brar,10,5,2,5,0,0,50.0,50.0,2.5
Joel Davies,Ishant Sharma,3,8,0,0,0,1,0.0,266.67,8.0
Joel Davies,Ismat Alam,6,5,1,1,0,0,16.67,83.33,5.0
Joel Davies,Jai Moondra,3,4,0,0,0,0,0.0,133.33,4.0
Joel Davies,Jasprit Bumrah,30,69,0,1,6,4,3.33,230.0,69.0
Joel Davies,Josh Hazlewood,11,29,1,2,3,2,18.18,263.64,29.0
Joel Davies,Kagiso Rabada,11,24,0,2,3,1,18.18,218.18,24.0
Joel Davies,Kranthi Kumar,29,48,2,6,5,1,20.69,165.52,24.0
Joel Davies,Krunal Pandya,19,41,0,1,3,2,5.26,215.79,41.0
Joel Davies,Kuldeep Yadav,17,19,0,3,0,0,17.65,111.76,19.0
Joel Davies,Lalit Yadav,34,55,2,11,6,2,32.35,161.76,27.5
Joel Davies,Lance Morris,21,48,1,3,1,4,14.29,228.57,48.0
Joel Davies,Liam Livingstone,18,37,4,6,1,4,33.33,205.56,9.25
Joel Davies,Luke Wood,5,2,1,3,0,0,60.0,40.0,2.0
Joel Davies,Lungi Ngidi,27,37,0,7,3,1,25.93,137.04,37.0
Joel Davies,Malinda Pushpakumara,12,25,2,4,2,2,33.33,208.33,12.5
Joel Davies,Matheesha Pathirana,2,1,0,1,0,0,50.0,50.0,1.0
Joel Davies,Matt Short,1,2,0,0,0,0,0.0,200.0,2.0
Joel Davies,Mitchell Marsh,38,59,2,11,3,3,28.95,155.26,29.5
Joel Davies,Mitchell Starc,16,22,5,8,4,0,50.0,137.5,4.4
Joel Davies,Mohamed Shiraz,7,9,0,0,0,0,0.0,128.57,9.0
Joel Davies,Mohammed Shami,46,86,0,9,4,7,19.57,186.96,86.0
Joel Davies,Mohammed Siraj,20,28,0,2,2,0,10.0,140.0,28.0
Joel Davies,Mridul Surroch,29,54,2,3,3,3,10.34,186.21,27.0
Joel Davies,Mukhtar Hussain,14,18,2,6,1,1,42.86,128.57,9.0
Joel Davies,Nathan Ellis,13,25,0,2,2,1,15.38,192.31,25.0
Joel Davies,Nishan Peiris,3,8,0,0,0,1,0.0,266.67,8.0
Joel Davies,Nitish Kumar Reddy,22,50,0,0,5,2,0.0,227.27,50.0
Joel Davies,Prashant Veer,8,18,0,0,1,1,0.0,225.0,18.0
Joel Davies,Prasidh Krishna,4,3,1,1,0,0,25.0,75.0,3.0
Joel Davies,Praveen Jayawickrama,2,1,1,1,0,0,50.0,50.0,1.0
Joel Davies,Prince Yadav,17,26,0,2,0,2,11.76,152.94,26.0
Joel Davies,Rachin Ravindra,16,21,1,2,0,0,12.5,131.25,21.0
Joel Davies,Rashid Khan,15,29,2,2,2,2,13.33,193.33,14.5
Joel Davies,Rasikh Dar,17,37,1,4,2,3,23.53,217.65,37.0
Joel Davies,Ravindra Jadeja,13,20,2,5,4,0,38.46,153.85,10.0
Joel Davies,Sahan Arachchige,28,50,2,6,3,3,21.43,178.57,25.0
Joel Davies,Sairaj Patil,8,13,2,4,3,0,50.0,162.5,6.5
Joel Davies,Sakib Hussain,5,11,0,0,2,0,0.0,220.0,11.0
Joel Davies,Sam Curran,18,19,1,4,0,0,22.22,105.56,19.0
Joel Davies,Samant Jakhar,9,11,0,4,1,0,44.44,122.22,11.0
Joel Davies,Sayan Ghosh,3,6,0,0,1,0,0.0,200.0,6.0
Joel Davies,Scott Curie,23,44,0,3,3,3,13.04,191.3,44.0
Joel Davies,Seekkuge Prasanna,4,5,1,1,0,0,25.0,125.0,5.0
Joel Davies,Senitha Halambage,7,8,1,2,1,0,28.57,114.29,8.0
Joel Davies,Shahbaz Ahmed,13,25,0,4,3,1,30.77,192.31,25.0
Joel Davies,Shardul Thakur,3,2,1,1,0,0,33.33,66.67,2.0
Joel Davies,Shubham Agarwal,19,34,0,5,3,2,26.32,178.95,34.0
Joel Davies,Sonny Baker,10,17,2,3,1,1,30.0,170.0,8.5
Joel Davies,Sunil Narine,7,7,0,1,0,0,14.29,100.0,7.0
Joel Davies,Suryansh Shedge,5,2,0,3,0,0,60.0,40.0,2.0
Joel Davies,Tanay Thyagarajan,3,15,0,0,0,2,0.0,500.0,15.0
Joel Davies,Tripuresh Singh,16,19,2,5,2,0,31.25,118.75,9.5
Joel Davies,Vaisakh Chandran,16,37,0,2,2,3,12.5,231.25,37.0
Joel Davies,Varun Chakravarthy,49,108,2,10,7,8,20.41,220.41,54.0
Joel Davies,Vishen Halambage,27,37,2,10,1,3,37.04,137.04,18.5
Joel Davies,Washington Sundar,6,12,0,2,1,1,33.33,200.0,12.0
Joel Davies,Will Jacks,31,66,0,6,5,4,19.35,212.9,66.0
Joel Davies,Yuzvendra Chahal,4,6,0,1,1,0,25.0,150.0,6.0
Jofra Archer,Adam Zampa,3,1,1,2,0,0,66.67,33.33,1.0
Jofra Archer,Anukul Roy,3,4,0,0,0,0,0.0,133.33,4.0
Jofra Archer,Ashok Sharma,2,0,1,2,0,0,100.0,0.0,0.0
Jofra Archer,Atit Sheth,2,3,0,0,0,0,0.0,150.0,3.0
Jofra Archer,Harsh Dubey,6,6,1,3,1,0,50.0,100.0,6.0
Jofra Archer,KM Asif,4,5,0,0,0,0,0.0,125.0,5.0
Jofra Archer,Krishnappa Gowtham,3,6,0,0,0,0,0.0,200.0,6.0
Jofra Archer,Kuldeep Yadav,1,0,1,1,0,0,100.0,0.0,0.0
Jofra Archer,Mohammed Shami,4,8,0,0,1,0,0.0,200.0,8.0
Jofra Archer,Mohammed Siraj,1,0,1,1,0,0,100.0,0.0,0.0
Jofra Archer,Nathan Ellis,1,0,1,1,0,0,100.0,0.0,0.0
Jofra Archer,Prabath Jayasuriya,2,3,0,0,0,0,0.0,150.0,3.0
Jofra Archer,Sahan Arachchige,3,6,2,2,0,1,66.67,200.0,3.0
Jofra Archer,Washington Sundar,2,1,0,1,0,0,50.0,50.0,1.0
Jofra Archer,Yuzvendra Chahal,3,8,0,0,0,1,0.0,266.67,8.0
Jonny Bairstow,Aaron Hardie,3,6,0,0,1,0,0.0,200.0,6.0
Jonny Bairstow,Abhishek Sharma,2,1,1,1,0,0,50.0,50.0,1.0
Jonny Bairstow,Akash Vasisht,5,4,1,2,0,0,40.0,80.0,4.0
Jonny Bairstow,Anshul Kamboj,6,6,1,1,0,0,16.67,100.0,6.0
Jonny Bairstow,Ashok Sharma,18,20,0,2,0,0,11.11,111.11,20.0
Jonny Bairstow,Bhuvneshwar Kumar,6,9,0,0,0,0,0.0,150.0,9.0
Jonny Bairstow,Binura Fernando,4,9,1,1,2,0,25.0,225.0,9.0
Jonny Bairstow,Cameron Green,21,31,2,6,2,1,28.57,147.62,15.5
Jonny Bairstow,Corbin Bosch,8,7,1,2,0,0,25.0,87.5,7.0
Jonny Bairstow,Gurinder Singh,1,0,1,1,0,0,100.0,0.0,0.0
Jonny Bairstow,Hardik Pandya,5,6,0,0,0,0,0.0,120.0,6.0
Jonny Bairstow,Harpreet Brar,2,2,0,0,0,0,0.0,100.0,2.0
Jonny Bairstow,Ishant Sharma,19,27,0,4,1,1,21.05,142.11,27.0
Jonny Bairstow,Karan Lal,9,11,0,0,0,0,0.0,122.22,11.0
Jonny Bairstow,Kranthi Kumar,7,9,1,2,1,0,28.57,128.57,9.0
Jonny Bairstow,Kuldeep Yadav,7,8,0,1,0,0,14.29,114.29,8.0
Jonny Bairstow,Lalit Yadav,5,6,0,0,0,0,0.0,120.0,6.0
Jonny Bairstow,Luke Wood,10,9,0,1,0,0,10.0,90.0,9.0
Jonny Bairstow,Malinda Pushpakumara,4,2,0,2,0,0,50.0,50.0,2.0
Jonny Bairstow,Marcus Stoinis,7,15,0,2,3,0,28.57,214.29,15.0
Jonny Bairstow,Mitchell Starc,3,3,0,0,0,0,0.0,100.0,3.0
Jonny Bairstow,Mohammed Shami,3,6,1,2,0,1,66.67,200.0,6.0
Jonny Bairstow,Mukhtar Hussain,13,19,0,0,0,0,0.0,146.15,19.0
Jonny Bairstow,Nishan Peiris,5,3,2,2,0,0,40.0,60.0,1.5
Jonny Bairstow,Prince Yadav,3,7,0,1,0,1,33.33,233.33,7.0
Jonny Bairstow,Rachin Ravindra,8,7,0,2,0,0,25.0,87.5,7.0
Jonny Bairstow,Ravindra Jadeja,3,3,0,0,0,0,0.0,100.0,3.0
Jonny Bairstow,Sahan Arachchige,2,1,1,1,0,0,50.0,50.0,1.0
Jonny Bairstow,Sam Curran,3,3,0,0,0,0,0.0,100.0,3.0
Jonny Bairstow,Scott Curie,3,4,0,0,0,0,0.0,133.33,4.0
Jonny Bairstow,Sonny Baker,1,0,1,1,0,0,100.0,0.0,0.0
Jonny Bairstow,Suryansh Shedge,8,10,0,2,1,0,25.0,125.0,10.0
Jonny Bairstow,Tanay Thyagarajan,6,7,0,0,0,0,0.0,116.67,7.0
Jonny Bairstow,Vaisakh Chandran,6,12,0,0,0,0,0.0,200.0,12.0
Jonny Bairstow,Wanindu Hasaranga,6,11,0,1,0,1,16.67,183.33,11.0
Jonny Bairstow,Washington Sundar,3,4,0,0,0,0,0.0,133.33,4.0
Jonny Bairstow,Will Jacks,5,5,0,1,0,0,20.0,100.0,5.0
Jonny Bairstow,Yuvraj Chaudhary,1,1,0,0,0,0,0.0,100.0,1.0
Jordan Cox,Aaron Hardie,4,4,0,1,0,0,25.0,100.0,4.0
Jordan Cox,Abdul Samad,10,11,0,6,0,1,60.0,110.0,11.0
Jordan Cox,Abhishek Sharma,3,7,0,0,1,0,0.0,233.33,7.0
Jordan Cox,Adam Zampa,13,15,3,3,1,0,23.08,115.38,5.0
Jordan Cox,Aiden Markram,7,14,0,0,0,1,0.0,200.0,14.0
Jordan Cox,Akash Vasisht,9,11,1,1,0,0,11.11,122.22,11.0
Jordan Cox,Akeal Hosein,17,11,0,9,0,0,52.94,64.71,11.0
Jordan Cox,Anshul Kamboj,2,3,0,0,0,0,0.0,150.0,3.0
Jordan Cox,Anukul Roy,22,31,2,5,2,1,22.73,140.91,15.5
Jordan Cox,Arpit Vasavada,6,7,0,0,0,0,0.0,116.67,7.0
Jordan Cox,Arshdeep Singh,10,17,0,1,2,0,10.0,170.0,17.0
Jordan Cox,Ashok Sharma,16,27,0,1,0,1,6.25,168.75,27.0
Jordan Cox,Ashwin Das,1,1,0,0,0,0,0.0,100.0,1.0
Jordan Cox,Atit Sheth,8,9,0,0,0,0,0.0,112.5,9.0
Jordan Cox,Avesh Khan,28,31,1,10,3,0,35.71,110.71,31.0
Jordan Cox,Axar Patel,12,17,0,0,0,0,0.0,141.67,17.0
Jordan Cox,Ben Stokes,5,4,0,1,0,0,20.0,80.0,4.0
Jordan Cox,Bhuvneshwar Kumar,11,17,1,1,2,0,9.09,154.55,17.0
Jordan Cox,Binura Fernando,2,2,0,0,0,0,0.0,100.0,2.0
Jordan Cox,Brad Evans,1,1,0,0,0,0,0.0,100.0,1.0
Jordan Cox,Brian Bennett,2,10,0,0,1,1,0.0,500.0,10.0
Jordan Cox,CV Stephen,25,27,2,8,1,0,32.0,108.0,13.5
Jordan Cox,Cameron Green,43,68,0,7,4,3,16.28,158.14,68.0
Jordan Cox,Chetan Sakariya,1,1,0,0,0,0,0.0,100.0,1.0
Jordan Cox,Dian Forrester,9,8,3,6,0,1,66.67,88.89,2.67
Jordan Cox,Dunith Wellalage,3,3,0,0,0,0,0.0,100.0,3.0
Jordan Cox,Dushan Hemantha,15,24,1,3,1,1,20.0,160.0,24.0
Jordan Cox,Gangam Anikethreddy,10,14,0,0,1,0,0.0,140.0,14.0
Jordan Cox,Glenn Phillips,2,7,0,0,0,1,0.0,350.0,7.0
Jordan Cox,Glenton Stuurman,22,37,0,4,2,2,18.18,168.18,37.0
Jordan Cox,Gurinder Singh,29,26,1,10,1,0,34.48,89.66,26.0
Jordan Cox,Gus Atkinson,11,16,2,2,0,1,18.18,145.45,8.0
Jordan Cox,Hardik Pandya,9,11,0,0,0,0,0.0,122.22,11.0
Jordan Cox,Harpreet Brar,30,33,1,7,2,0,23.33,110.0,33.0
Jordan Cox,Harsh Dubey,7,8,0,1,0,0,14.29,114.29,8.0
Jordan Cox,Harshal Patel,2,2,0,0,0,0,0.0,100.0,2.0
Jordan Cox,Ishant Sharma,12,18,0,0,0,0,0.0,150.0,18.0
Jordan Cox,Jasprit Bumrah,2,3,0,0,0,0,0.0,150.0,3.0
Jordan Cox,Joel Davies,21,26,1,6,2,0,28.57,123.81,26.0
Jordan Cox,Josh Hazlewood,9,8,1,4,1,0,44.44,88.89,8.0
Jordan Cox,Kagiso Rabada,19,24,2,2,1,0,10.53,126.32,12.0
Jordan Cox,Khaleel Ahmed,2,2,0,0,0,0,0.0,100.0,2.0
Jordan Cox,Kranthi Kumar,16,13,1,6,1,0,37.5,81.25,13.0
Jordan Cox,Krunal Pandya,17,26,0,0,0,0,0.0,152.94,26.0
Jordan Cox,Kuldeep Yadav,10,20,1,3,1,2,30.0,200.0,20.0
Jordan Cox,Lalit Yadav,2,2,0,0,0,0,0.0,100.0,2.0
Jordan Cox,Lockie Ferguson,3,3,0,0,0,0,0.0,100.0,3.0
Jordan Cox,Lone Nasir Muzaffar,3,3,0,0,0,0,0.0,100.0,3.0
Jordan Cox,Malinda Pushpakumara,31,39,3,7,1,2,22.58,125.81,13.0
Jordan Cox,Manav Suthar,1,1,0,0,0,0,0.0,100.0,1.0
Jordan Cox,Manisankar Murasingh,6,6,0,0,0,0,0.0,100.0,6.0
Jordan Cox,Marcus Stoinis,10,14,0,1,0,0,10.0,140.0,14.0
Jordan Cox,Matt Henry,10,24,0,1,2,1,10.0,240.0,24.0
Jordan Cox,Matt Short,4,9,0,0,1,0,0.0,225.0,9.0
Jordan Cox,Mitchell Marsh,15,25,0,1,0,1,6.67,166.67,25.0
Jordan Cox,Mitchell Starc,14,17,0,2,0,0,14.29,121.43,17.0
Jordan Cox,Mohammed Shami,10,6,1,4,0,0,40.0,60.0,6.0
Jordan Cox,Mohammed Siraj,10,19,0,2,2,1,20.0,190.0,19.0
Jordan Cox,Mohsin Khan,11,15,0,2,1,0,18.18,136.36,15.0
Jordan Cox,Mridul Surroch,8,16,1,1,0,1,12.5,200.0,16.0
Jordan Cox,Nathan Ellis,18,16,0,6,0,0,33.33,88.89,16.0
Jordan Cox,Nishan Peiris,11,17,0,2,1,0,18.18,154.55,17.0
Jordan Cox,Nishant Sindhu,3,4,0,0,0,0,0.0,133.33,4.0
Jordan Cox,Nitish Kumar Reddy,4,5,0,0,0,0,0.0,125.0,5.0
Jordan Cox,Pat Cummins,8,7,1,1,0,0,12.5,87.5,7.0
Jordan Cox,Prashant Veer,27,24,1,6,0,0,22.22,88.89,24.0
Jordan Cox,Praveen Jayawickrama,5,3,3,3,0,0,60.0,60.0,1.0
Jordan Cox,Prince Yadav,5,7,0,3,0,1,60.0,140.0,7.0
Jordan Cox,Rachin Ravindra,8,7,1,3,0,0,37.5,87.5,7.0
Jordan Cox,Rahul Chahar,5,6,0,0,0,0,0.0,120.0,6.0
Jordan Cox,Raj Angad Bawa,4,3,0,1,0,0,25.0,75.0,3.0
Jordan Cox,Rashid Khan,16,20,1,3,0,1,18.75,125.0,20.0
Jordan Cox,Ravi Bishnoi,10,7,1,4,0,0,40.0,70.0,7.0
Jordan Cox,Ravindra Jadeja,13,16,2,4,1,0,30.77,123.08,8.0
Jordan Cox,Sahan Arachchige,18,19,1,4,1,0,22.22,105.56,19.0
Jordan Cox,Sairaj Patil,12,19,2,3,1,1,25.0,158.33,9.5
Jordan Cox,Sakib Hussain,12,18,0,1,2,0,8.33,150.0,18.0
Jordan Cox,Samant Jakhar,7,5,1,3,0,0,42.86,71.43,5.0
Jordan Cox,Sayan Ghosh,16,19,0,3,0,1,18.75,118.75,19.0
Jordan Cox,Scott Curie,6,12,0,0,0,1,0.0,200.0,12.0
Jordan Cox,Shahbaz Ahmed,14,22,1,1,0,1,7.14,157.14,22.0
Jordan Cox,Shardul Thakur,28,39,1,11,3,2,39.29,139.29,39.0
Jordan Cox,Shiran Fernando,20,32,2,4,2,1,20.0,160.0,16.0
Jordan Cox,Shivam Dube,10,14,0,2,1,0,20.0,140.0,14.0
Jordan Cox,Shivam Mavi,7,13,0,1,0,1,14.29,185.71,13.0
Jordan Cox,Sonny Baker,1,0,1,1,0,0,100.0,0.0,0.0
Jordan Cox,Sunil Narine,19,25,0,3,1,0,15.79,131.58,25.0
Jordan Cox,Tanay Thyagarajan,3,2,1,1,0,0,33.33,66.67,2.0
Jordan Cox,Tharindu Rathnanayake,4,6,0,0,0,0,0.0,150.0,6.0
Jordan Cox,Vaibhav Arora,38,74,1,5,5,4,13.16,194.74,74.0
Jordan Cox,Vaisakh Chandran,4,5,0,1,0,0,25.0,125.0,5.0
Jordan Cox,Varun Chakravarthy,56,80,3,14,1,5,25.0,142.86,26.67
Jordan Cox,Vishen Halambage,8,9,0,1,0,0,12.5,112.5,9.0
Jordan Cox,Wanindu Hasaranga,23,29,1,4,2,0,17.39,126.09,29.0
Jordan Cox,Washington Sundar,15,34,2,4,0,4,26.67,226.67,17.0
Jordan Cox,Will Jacks,26,32,2,5,1,0,19.23,123.08,16.0
Jordan Cox,Yuvraj Chaudhary,11,14,0,0,0,0,0.0,127.27,14.0
Josh Hazlewood,Aiden Markram,3,5,0,0,0,0,0.0,166.67,5.0
Josh Hazlewood,Akeal Hosein,8,7,1,6,0,1,75.0,87.5,7.0
Josh Hazlewood,Amila Aponso,2,4,0,1,1,0,50.0,200.0,4.0
Josh Hazlewood,Arpit Vasavada,4,6,0,0,0,0,0.0,150.0,6.0
Josh Hazlewood,Ashok Sharma,1,1,0,0,0,0,0.0,100.0,1.0
Josh Hazlewood,Atit Sheth,2,2,0,0,0,0,0.0,100.0,2.0
Josh Hazlewood,Ben Stokes,1,1,0,0,0,0,0.0,100.0,1.0
Josh Hazlewood,Bhuvneshwar Kumar,5,2,1,3,0,0,60.0,40.0,2.0
Josh Hazlewood,CV Stephen,4,0,1,4,0,0,100.0,0.0,0.0
Josh Hazlewood,Corbin Bosch,2,3,0,0,0,0,0.0,150.0,3.0
Josh Hazlewood,Gus Atkinson,3,2,1,1,0,0,33.33,66.67,2.0
Josh Hazlewood,Hardik Pandya,2,1,0,1,0,0,50.0,50.0,1.0
Josh Hazlewood,Harpreet Brar,4,6,1,1,0,0,25.0,150.0,6.0
Josh Hazlewood,Harsh Dubey,1,0,1,1,0,0,100.0,0.0,0.0
Josh Hazlewood,Harshal Patel,1,0,1,1,0,0,100.0,0.0,0.0
Josh Hazlewood,Jasprit Bumrah,1,0,0,1,0,0,100.0,0.0,0.0
Josh Hazlewood,Jaydev Unadkat,3,4,0,0,0,0,0.0,133.33,4.0
Josh Hazlewood,Joel Davies,3,4,0,0,0,0,0.0,133.33,4.0
Josh Hazlewood,KM Asif,3,0,1,3,0,0,100.0,0.0,0.0
Josh Hazlewood,Krunal Pandya,2,2,0,0,0,0,0.0,100.0,2.0
Josh Hazlewood,Malinda Pushpakumara,4,4,1,1,0,0,25.0,100.0,4.0
Josh Hazlewood,Matheesha Pathirana,3,7,0,0,1,0,0.0,233.33,7.0
Josh Hazlewood,Matt Henry,2,0,1,2,0,0,100.0,0.0,0.0
Josh Hazlewood,Mitchell Starc,7,2,2,5,0,0,71.43,28.57,1.0
Josh Hazlewood,Mohammed Shami,2,2,0,0,0,0,0.0,100.0,2.0
Josh Hazlewood,Nathan Ellis,8,2,0,6,0,0,75.0,25.0,2.0
Josh Hazlewood,Nitish Kumar Reddy,1,0,1,1,0,0,100.0,0.0,0.0
Josh Hazlewood,Prabath Jayasuriya,3,0,1,3,0,0,100.0,0.0,0.0
Josh Hazlewood,Prashant Veer,3,6,0,0,0,0,0.0,200.0,6.0
Josh Hazlewood,Praveen Jayawickrama,1,0,1,1,0,0,100.0,0.0,0.0
Josh Hazlewood,Raj Angad Bawa,6,9,1,1,1,0,16.67,150.0,9.0
Josh Hazlewood,Rasikh Dar,1,0,1,1,0,0,100.0,0.0,0.0
Josh Hazlewood,Ravi Bishnoi,5,1,0,4,0,0,80.0,20.0,1.0
Josh Hazlewood,Ravindra Jadeja,6,7,0,0,0,0,0.0,116.67,7.0
Josh Hazlewood,Sahan Arachchige,1,0,1,1,0,0,100.0,0.0,0.0
Josh Hazlewood,Sanvir Singh,4,3,0,1,0,0,25.0,75.0,3.0
Josh Hazlewood,Scott Curie,4,5,0,1,0,0,25.0,125.0,5.0
Josh Hazlewood,Seekkuge Prasanna,1,3,0,0,0,0,0.0,300.0,3.0
Josh Hazlewood,Shiran Fernando,14,14,1,2,0,0,14.29,100.0,14.0
Josh Hazlewood,Shivam Shukla,5,9,1,1,0,1,20.0,180.0,9.0
Josh Hazlewood,Sunil Narine,1,3,0,0,0,0,0.0,300.0,3.0
Josh Hazlewood,Suyash Sharma,2,2,0,0,0,0,0.0,100.0,2.0
Josh Hazlewood,Varun Chakravarthy,4,5,0,1,0,0,25.0,125.0,5.0
Josh Hazlewood,Vipraj Nigam,3,2,1,2,0,0,66.67,66.67,2.0
Josh Inglis,Abhishek Sharma,2,4,0,0,0,0,0.0,200.0,4.0
Josh Inglis,Adam Zampa,5,18,1,1,1,2,20.0,360.0,18.0
Josh Inglis,Adil Rashid,4,5,1,2,0,0,50.0,125.0,5.0
Josh Inglis,Anshul Kamboj,4,5,0,2,0,0,50.0,125.0,5.0
Josh Inglis,Anukul Roy,5,5,0,2,0,0,40.0,100.0,5.0
Josh Inglis,CV Stephen,3,2,0,1,0,0,33.33,66.67,2.0
Josh Inglis,Chama Milind,3,3,0,1,0,0,33.33,100.0,3.0
Josh Inglis,Chetan Sakariya,21,42,1,1,4,1,4.76,200.0,42.0
Josh Inglis,Dian Forrester,17,37,0,1,1,3,5.88,217.65,37.0
Josh Inglis,Harpreet Brar,4,4,0,0,0,0,0.0,100.0,4.0
Josh Inglis,KM Asif,8,7,0,2,0,0,25.0,87.5,7.0
Josh Inglis,Kagiso Rabada,3,2,1,1,0,0,33.33,66.67,2.0
Josh Inglis,Manisankar Murasingh,16,24,2,2,2,0,12.5,150.0,12.0
Josh Inglis,Matt Henry,16,43,0,0,3,3,0.0,268.75,43.0
Josh Inglis,Mitchell Starc,2,2,0,0,0,0,0.0,100.0,2.0
Josh Inglis,Mohammed Siraj,17,21,0,5,0,1,29.41,123.53,21.0
Josh Inglis,Praveen Jayawickrama,5,5,1,2,0,0,40.0,100.0,5.0
Josh Inglis,Rasikh Dar,1,0,1,1,0,0,100.0,0.0,0.0
Josh Inglis,Ravi Bishnoi,10,7,1,3,0,0,30.0,70.0,7.0
Josh Inglis,Sam Curran,2,0,1,2,0,0,100.0,0.0,0.0
Josh Inglis,Shiran Fernando,2,2,0,0,0,0,0.0,100.0,2.0
Josh Inglis,Shivam Shukla,7,8,1,3,1,0,42.86,114.29,8.0
Josh Inglis,Vipraj Nigam,17,41,0,1,4,2,5.88,241.18,41.0
Josh Inglis,Wanindu Hasaranga,2,2,0,0,0,0,0.0,100.0,2.0
Josh Inglis,Will Jacks,12,16,1,2,0,1,16.67,133.33,16.0
Josh Philippe,Abhishek Sharma,6,7,0,2,1,0,33.33,116.67,7.0
Josh Philippe,Ajay Dev Goud,12,23,1,4,3,1,33.33,191.67,23.0
Josh Philippe,Akeal Hosein,1,0,1,1,0,0,100.0,0.0,0.0
Josh Philippe,Arpit Vasavada,2,6,1,1,0,1,50.0,300.0,6.0
Josh Philippe,Ashok Sharma,15,24,1,1,0,1,6.67,160.0,24.0
Josh Philippe,Bhuvneshwar Kumar,7,4,0,3,0,0,42.86,57.14,4.0
Josh Philippe,Binura Fernando,1,0,1,1,0,0,100.0,0.0,0.0
Josh Philippe,Corbin Bosch,8,30,1,3,1,4,37.5,375.0,30.0
Josh Philippe,Dian Forrester,6,2,0,4,0,0,66.67,33.33,2.0
Josh Philippe,Dunith Wellalage,8,14,0,1,2,0,12.5,175.0,14.0
Josh Philippe,Glenton Stuurman,6,5,0,2,0,0,33.33,83.33,5.0
Josh Philippe,Gurinder Singh,4,1,1,3,0,0,75.0,25.0,1.0
Josh Philippe,Gus Atkinson,12,11,3,5,1,0,41.67,91.67,3.67
Josh Philippe,Hardik Pandya,3,2,0,1,0,0,33.33,66.67,2.0
Josh Philippe,Harshal Patel,24,44,0,4,6,1,16.67,183.33,44.0
Josh Philippe,Joel Davies,5,9,1,2,2,0,40.0,180.0,9.0
Josh Philippe,Kagiso Rabada,1,0,1,1,0,0,100.0,0.0,0.0
Josh Philippe,Khaleel Ahmed,40,60,1,9,1,3,22.5,150.0,60.0
Josh Philippe,Kuldeep Yadav,3,8,1,1,0,1,33.33,266.67,8.0
Josh Philippe,Lalit Yadav,13,28,0,1,1,2,7.69,215.38,28.0
Josh Philippe,Lungi Ngidi,30,57,2,6,1,5,20.0,190.0,28.5
Josh Philippe,Malinda Pushpakumara,10,14,0,3,0,1,30.0,140.0,14.0
Josh Philippe,Manav Suthar,7,16,0,1,0,2,14.29,228.57,16.0
Josh Philippe,Mitchell Starc,5,1,1,4,0,0,80.0,20.0,1.0
Josh Philippe,Mohammed Shami,2,2,0,0,0,0,0.0,100.0,2.0
Josh Philippe,Mohammed Siraj,8,25,0,1,4,1,12.5,312.5,25.0
Josh Philippe,Mridul Surroch,10,15,0,0,0,0,0.0,150.0,15.0
Josh Philippe,Mukhtar Hussain,2,2,0,0,0,0,0.0,100.0,2.0
Josh Philippe,Nitish Kumar Reddy,19,43,1,3,2,3,15.79,226.32,43.0
Josh Philippe,Prashant Veer,9,6,1,5,0,0,55.56,66.67,6.0
Josh Philippe,Ramandeep Singh,2,4,0,0,0,0,0.0,200.0,4.0
Josh Philippe,Ravi Bishnoi,1,1,0,0,0,0,0.0,100.0,1.0
Josh Philippe,Ravi Teja,5,5,0,3,1,0,60.0,100.0,5.0
Josh Philippe,Sahan Arachchige,7,17,1,2,2,1,28.57,242.86,17.0
Josh Philippe,Sairaj Patil,4,13,0,1,0,2,25.0,325.0,13.0
Josh Philippe,Sam Curran,5,3,0,2,0,0,40.0,60.0,3.0
Josh Philippe,Seekkuge Prasanna,4,13,0,1,1,1,25.0,325.0,13.0
Josh Philippe,Shahbaz Ahmed,2,2,0,0,0,0,0.0,100.0,2.0
Josh Philippe,Shiran Fernando,1,1,0,0,0,0,0.0,100.0,1.0
Josh Philippe,Shivam Dube,7,13,0,1,0,1,14.29,185.71,13.0
Josh Philippe,Shubham Agarwal,10,16,1,5,0,2,50.0,160.0,16.0
Josh Philippe,Sonny Baker,18,38,1,7,2,4,38.89,211.11,38.0
Josh Philippe,Suryansh Shedge,5,8,0,1,1,0,20.0,160.0,8.0
Josh Philippe,Vaisakh Chandran,1,0,1,1,0,0,100.0,0.0,0.0
Josh Philippe,Vishen Halambage,12,16,1,2,1,0,16.67,133.33,16.0
Josh Philippe,Yuvraj Chaudhary,2,1,1,1,0,0,50.0,50.0,1.0
Josh Philippe,Yuzvendra Chahal,8,11,0,2,1,0,25.0,137.5,11.0
Josh Tongue,Duvindu Tillakaratne,3,3,0,0,0,0,0.0,100.0,3.0
Josh Tongue,Isitha Wijesundara,1,1,0,0,0,0,0.0,100.0,1.0
Josh Tongue,Will Jacks,5,11,0,2,1,1,40.0,220.0,11.0
KC Cariappa,Aiden Markram,3,3,0,0,0,0,0.0,100.0,3.0
KC Cariappa,Akeal Hosein,13,9,1,8,1,0,61.54,69.23,9.0
KC Cariappa,Arjun Tendulkar,7,17,0,1,0,2,14.29,242.86,17.0
KC Cariappa,Matt Henry,7,9,0,3,0,1,42.86,128.57,9.0
KC Cariappa,Mohammed Shami,1,1,0,0,0,0,0.0,100.0,1.0
KC Cariappa,Nuwan Thushara,2,5,0,0,1,0,0.0,250.0,5.0
KC Cariappa,Tanay Thyagarajan,7,3,1,5,0,0,71.43,42.86,3.0
KC Cariappa,Vignesh Puthur,9,9,0,5,0,1,55.56,100.0,9.0
KL Rahul,Aaron Hardie,7,7,0,1,0,0,14.29,100.0,7.0
KL Rahul,Abhishek Sharma,14,33,0,0,0,3,0.0,235.71,33.0
KL Rahul,Adam Zampa,50,62,5,10,3,0,20.0,124.0,12.4
KL Rahul,Adil Rashid,25,27,2,10,2,1,40.0,108.0,13.5
KL Rahul,Aiden Markram,24,48,2,4,4,2,16.67,200.0,24.0
KL Rahul,Ajay Dev Goud,22,31,0,1,1,0,4.55,140.91,31.0
KL Rahul,Akash Vasisht,36,58,0,3,2,2,8.33,161.11,58.0
KL Rahul,Akeal Hosein,13,31,0,3,2,3,23.08,238.46,31.0
KL Rahul,Allah Ghazanfar,20,34,2,5,3,2,25.0,170.0,17.0
KL Rahul,Amila Aponso,4,9,0,1,2,0,25.0,225.0,9.0
KL Rahul,Anshul Kamboj,30,56,0,2,3,2,6.67,186.67,56.0
KL Rahul,Anukul Roy,39,67,1,8,7,2,20.51,171.79,67.0
KL Rahul,Arpit Vasavada,61,102,1,8,3,6,13.11,167.21,102.0
KL Rahul,Arshdeep Singh,71,118,2,7,6,3,9.86,166.2,59.0
KL Rahul,Ashok Sharma,32,48,3,4,2,1,12.5,150.0,16.0
KL Rahul,Ashwin Das,12,21,0,1,1,1,8.33,175.0,21.0
KL Rahul,Athisayaraj Davidson,3,2,1,1,0,0,33.33,66.67,2.0
KL Rahul,Atit Sheth,29,56,1,6,3,4,20.69,193.1,56.0
KL Rahul,Avinov Choudhary,21,40,0,2,2,2,9.52,190.48,40.0
KL Rahul,Axar Patel,102,162,4,17,12,5,16.67,158.82,40.5
KL Rahul,Ben Stokes,17,18,0,4,0,1,23.53,105.88,18.0
KL Rahul,Bhuvneshwar Kumar,163,218,6,55,16,8,33.74,133.74,36.33
KL Rahul,Binura Fernando,1,1,0,0,0,0,0.0,100.0,1.0
KL Rahul,Brad Evans,21,27,1,6,2,1,28.57,128.57,27.0
KL Rahul,Brian Bennett,23,41,1,3,2,2,13.04,178.26,41.0
KL Rahul,CV Stephen,38,52,3,9,4,1,23.68,136.84,17.33
KL Rahul,Cameron Green,35,59,0,3,4,1,8.57,168.57,59.0
KL Rahul,Chama Milind,11,11,1,5,1,0,45.45,100.0,11.0
KL Rahul,Chetan Sakariya,26,42,1,4,1,3,15.38,161.54,42.0
KL Rahul,Cooper Connolly,5,23,0,0,1,3,0.0,460.0,23.0
KL Rahul,Corbin Bosch,34,93,0,1,8,6,2.94,273.53,93.0
KL Rahul,Darshan Nalkande,4,12,0,0,0,1,0.0,300.0,12.0
KL Rahul,Deepak Chahar,8,18,0,0,0,1,0.0,225.0,18.0
KL Rahul,Delano Potgieter,15,47,0,0,2,4,0.0,313.33,47.0
KL Rahul,Dian Forrester,98,133,3,21,6,5,21.43,135.71,44.33
KL Rahul,Dinuka Dilshan,1,0,1,1,0,0,100.0,0.0,0.0
KL Rahul,Donovan Ferreira,14,21,0,0,1,0,0.0,150.0,21.0
KL Rahul,Dushan Hemantha,76,111,3,13,7,4,17.11,146.05,37.0
KL Rahul,Gangam Anikethreddy,48,79,1,12,3,5,25.0,164.58,79.0
KL Rahul,Glenn Phillips,36,83,1,7,3,8,19.44,230.56,83.0
KL Rahul,Glenton Stuurman,35,41,2,4,1,0,11.43,117.14,20.5
KL Rahul,Gurinder Singh,111,171,2,27,11,7,24.32,154.05,85.5
KL Rahul,Gurnoor Singh Brar,18,27,1,5,1,1,27.78,150.0,27.0
KL Rahul,Gus Atkinson,16,17,1,5,0,1,31.25,106.25,17.0
KL Rahul,Hardik Pandya,71,115,2,14,8,4,19.72,161.97,57.5
KL Rahul,Harpreet Brar,63,104,4,16,7,5,25.4,165.08,26.0
KL Rahul,Harsh Dubey,15,12,1,5,0,0,33.33,80.0,12.0
KL Rahul,Harshal Patel,53,102,3,5,5,5,9.43,192.45,34.0
KL Rahul,Harshit Rana,10,27,0,0,1,2,0.0,270.0,27.0
KL Rahul,Ishant Sharma,23,42,1,2,1,3,8.7,182.61,42.0
KL Rahul,Jacob Bethell,7,12,0,0,0,0,0.0,171.43,12.0
KL Rahul,Jacob Duffy,16,35,1,2,2,2,12.5,218.75,35.0
KL Rahul,Jai Moondra,7,7,0,1,0,0,14.29,100.0,7.0
KL Rahul,Jamie Overton,102,185,3,23,15,11,22.55,181.37,61.67
KL Rahul,Jason Holder,33,75,1,3,8,3,9.09,227.27,75.0
KL Rahul,Jasprit Bumrah,56,82,1,14,3,4,25.0,146.43,82.0
KL Rahul,Jaydev Unadkat,20,44,2,4,3,3,20.0,220.0,22.0
KL Rahul,Joel Davies,41,43,2,11,3,0,26.83,104.88,21.5
KL Rahul,Jofra Archer,20,57,1,2,4,4,10.0,285.0,57.0
KL Rahul,Josh Hazlewood,108,140,4,28,10,4,25.93,129.63,35.0
KL Rahul,KC Cariappa,80,91,4,31,4,4,38.75,113.75,22.75
KL Rahul,KM Asif,23,30,2,7,1,1,30.43,130.43,15.0
KL Rahul,Kagiso Rabada,69,99,3,12,3,3,17.39,143.48,33.0
KL Rahul,Kangabam Priyojit Singh,3,5,0,0,0,0,0.0,166.67,5.0
KL Rahul,Karan Lal,2,2,1,1,0,0,50.0,100.0,2.0
KL Rahul,Khaleel Ahmed,30,47,0,4,2,2,13.33,156.67,47.0
KL Rahul,Kranthi Kumar,43,42,1,15,1,2,34.88,97.67,42.0
KL Rahul,Krunal Pandya,52,74,3,12,3,4,23.08,142.31,24.67
KL Rahul,Kuldeep Yadav,35,41,0,6,0,1,17.14,117.14,41.0
KL Rahul,Lalit Yadav,3,4,0,0,0,0,0.0,133.33,4.0
KL Rahul,Liam Livingstone,36,46,1,5,0,1,13.89,127.78,46.0
KL Rahul,Lockie Ferguson,10,17,0,2,1,1,20.0,170.0,17.0
KL Rahul,Lone Nasir Muzaffar,6,7,0,0,0,0,0.0,116.67,7.0
KL Rahul,Lungi Ngidi,28,39,1,6,3,1,21.43,139.29,39.0
KL Rahul,Malinda Pushpakumara,37,44,5,13,3,1,35.14,118.92,8.8
KL Rahul,Manav Suthar,20,25,2,5,2,0,25.0,125.0,12.5
KL Rahul,Manisankar Murasingh,28,30,0,5,1,0,17.86,107.14,30.0
KL Rahul,Marco Jansen,7,13,0,0,0,0,0.0,185.71,13.0
KL Rahul,Marcus Stoinis,10,16,0,0,1,0,0.0,160.0,16.0
KL Rahul,Matheesha Pathirana,10,16,1,3,1,1,30.0,160.0,16.0
KL Rahul,Matt Henry,3,2,1,1,0,0,33.33,66.67,2.0
KL Rahul,Matt Short,14,20,0,0,1,0,0.0,142.86,20.0
KL Rahul,Mitchell Marsh,44,58,1,3,0,0,6.82,131.82,58.0
KL Rahul,Mitchell Owen,5,4,0,1,0,0,20.0,80.0,4.0
KL Rahul,Mitchell Starc,55,78,7,13,3,4,23.64,141.82,11.14
KL Rahul,Mohammed Shami,114,172,5,21,12,5,18.42,150.88,34.4
KL Rahul,Mohammed Siraj,94,150,5,18,4,9,19.15,159.57,30.0
KL Rahul,Mohsin Khan,24,44,1,1,3,1,4.17,183.33,44.0
KL Rahul,Mridul Surroch,31,49,2,6,2,2,19.35,158.06,24.5
KL Rahul,Mukesh Kumar,9,31,0,0,3,2,0.0,344.44,31.0
KL Rahul,Nandre Burger,6,18,0,1,1,2,16.67,300.0,18.0
KL Rahul,Nathan Ellis,16,26,0,0,1,1,0.0,162.5,26.0
KL Rahul,Nishan Peiris,10,18,0,1,1,1,10.0,180.0,18.0
KL Rahul,Nishant Sindhu,9,12,0,3,1,0,33.33,133.33,12.0
KL Rahul,Nitish Kumar Reddy,27,48,1,3,2,2,11.11,177.78,48.0
KL Rahul,Nitish Rana,11,26,0,0,2,1,0.0,236.36,26.0
KL Rahul,Noor Ahmad,70,126,1,14,4,9,20.0,180.0,126.0
KL Rahul,Ottneil Baartman,17,16,1,6,0,0,35.29,94.12,16.0
KL Rahul,Pat Cummins,34,55,1,3,1,3,8.82,161.76,55.0
KL Rahul,Prabath Jayasuriya,40,68,1,8,6,3,20.0,170.0,68.0
KL Rahul,Prashant Veer,91,145,7,22,9,7,24.18,159.34,20.71
KL Rahul,Praveen Jayawickrama,93,171,2,16,10,11,17.2,183.87,85.5
KL Rahul,Prince Yadav,13,14,2,3,1,0,23.08,107.69,7.0
KL Rahul,Rachin Ravindra,40,77,2,6,6,4,15.0,192.5,38.5
KL Rahul,Rahul Chahar,9,10,0,1,0,0,11.11,111.11,10.0
KL Rahul,Raj Angad Bawa,20,29,0,1,1,1,5.0,145.0,29.0
KL Rahul,Ramakrishna Ghosh,10,20,0,1,3,0,10.0,200.0,20.0
KL Rahul,Ramandeep Singh,38,88,1,4,8,5,10.53,231.58,88.0
KL Rahul,Rashid Khan,95,167,3,14,5,9,14.74,175.79,55.67
KL Rahul,Rasikh Dar,7,15,0,1,3,0,14.29,214.29,15.0
KL Rahul,Ravi Bishnoi,126,230,5,20,14,11,15.87,182.54,46.0
KL Rahul,Ravindra Jadeja,53,89,1,8,8,3,15.09,167.92,89.0
KL Rahul,Riyan Parag,31,49,2,4,5,1,12.9,158.06,24.5
KL Rahul,Sahan Arachchige,88,144,3,20,9,8,22.73,163.64,48.0
KL Rahul,Sai Kishore,18,20,0,5,0,1,27.78,111.11,20.0
KL Rahul,Sairaj Patil,37,51,0,6,1,1,16.22,137.84,51.0
KL Rahul,Sakib Hussain,35,90,0,3,5,7,8.57,257.14,90.0
KL Rahul,Sam Curran,55,119,2,6,10,5,10.91,216.36,59.5
KL Rahul,Samant Jakhar,16,39,0,1,3,3,6.25,243.75,39.0
KL Rahul,Sandeep Warrier,4,11,0,1,1,1,25.0,275.0,11.0
KL Rahul,Sanvir Singh,17,35,0,2,4,1,11.76,205.88,35.0
KL Rahul,Sayan Ghosh,24,29,1,4,2,0,16.67,120.83,29.0
KL Rahul,Scott Curie,74,171,2,9,10,12,12.16,231.08,85.5
KL Rahul,Seekkuge Prasanna,8,8,1,1,0,0,12.5,100.0,8.0
KL Rahul,Senitha Halambage,2,2,0,0,0,0,0.0,100.0,2.0
KL Rahul,Shahbaz Ahmed,65,90,0,5,2,1,7.69,138.46,90.0
KL Rahul,Shardul Thakur,13,29,0,2,2,2,15.38,223.08,29.0
KL Rahul,Shiran Fernando,93,173,5,16,14,8,17.2,186.02,34.6
KL Rahul,Shivam Dube,47,92,1,3,4,5,6.38,195.74,92.0
KL Rahul,Shivam Mavi,32,51,1,7,2,3,21.88,159.38,51.0
KL Rahul,Shivam Shukla,4,3,0,2,0,0,50.0,75.0,3.0
KL Rahul,Shivang Kumar,11,30,0,0,3,1,0.0,272.73,30.0
KL Rahul,Shubham Agarwal,52,110,2,6,6,7,11.54,211.54,55.0
KL Rahul,Sikandar Raza,5,3,0,2,0,0,40.0,60.0,3.0
KL Rahul,Sonny Baker,58,67,0,17,2,1,29.31,115.52,67.0
KL Rahul,Sunil Narine,157,237,2,34,13,11,21.66,150.96,118.5
KL Rahul,Suryansh Shedge,1,1,0,0,0,0,0.0,100.0,1.0
KL Rahul,Suyash Sharma,4,4,1,1,0,0,25.0,100.0,4.0
KL Rahul,Swapnil Singh,8,17,0,0,0,1,0.0,212.5,17.0
KL Rahul,Tanay Thyagarajan,50,89,1,11,5,5,22.0,178.0,89.0
KL Rahul,Tharindu Rathnanayake,14,15,1,1,0,0,7.14,107.14,15.0
KL Rahul,Tilak Varma,3,2,1,2,0,0,66.67,66.67,2.0
KL Rahul,Trent Boult,8,11,1,2,0,1,25.0,137.5,11.0
KL Rahul,Umran Malik,12,23,0,1,3,0,8.33,191.67,23.0
KL Rahul,Varun Chakravarthy,89,167,3,17,8,12,19.1,187.64,55.67
KL Rahul,Vipraj Nigam,22,46,0,6,3,3,27.27,209.09,46.0
KL Rahul,Vishen Halambage,74,138,4,13,6,9,17.57,186.49,34.5
KL Rahul,Wanindu Hasaranga,64,88,3,16,5,3,25.0,137.5,29.33
KL Rahul,Washington Sundar,28,49,2,3,4,1,10.71,175.0,24.5
KL Rahul,Will Jacks,79,134,1,8,9,5,10.13,169.62,134.0
KL Rahul,Yuvraj Chaudhary,6,10,1,2,2,0,33.33,166.67,10.0
KL Rahul,Yuzvendra Chahal,11,16,0,1,0,0,9.09,145.45,16.0
KM Asif,Arshdeep Singh,4,4,1,1,0,0,25.0,100.0,4.0
KM Asif,Ashok Sharma,1,1,0,0,0,0,0.0,100.0,1.0
KM Asif,Bhuvneshwar Kumar,3,5,0,0,0,0,0.0,166.67,5.0
KM Asif,Binura Fernando,2,3,0,0,0,0,0.0,150.0,3.0
KM Asif,Dushan Hemantha,1,1,0,0,0,0,0.0,100.0,1.0
KM Asif,Eshan Malinga,2,2,0,0,0,0,0.0,100.0,2.0
KM Asif,Harpreet Brar,3,3,0,2,0,0,66.67,100.0,3.0
KM Asif,Harsh Dubey,2,4,1,1,1,0,50.0,200.0,4.0
KM Asif,Jacob Duffy,2,3,0,0,0,0,0.0,150.0,3.0
KM Asif,Mitchell Starc,1,0,1,1,0,0,100.0,0.0,0.0
KM Asif,Mohammed Shami,2,2,0,0,0,0,0.0,100.0,2.0
KM Asif,Mohammed Siraj,2,2,0,0,0,0,0.0,100.0,2.0
KM Asif,Prince Yadav,2,3,0,0,0,0,0.0,150.0,3.0
KM Asif,Sahan Arachchige,1,1,0,0,0,0,0.0,100.0,1.0
KM Asif,Sam Curran,1,0,1,1,0,0,100.0,0.0,0.0
KM Asif,Shivam Shukla,5,11,0,1,2,0,20.0,220.0,11.0
KM Asif,Will Jacks,3,0,1,3,0,0,100.0,0.0,0.0
KM Asif,Yash Thakur,5,15,0,0,0,2,0.0,300.0,15.0
KS Bharat,Akash Vasisht,7,6,0,2,0,0,28.57,85.71,6.0
KS Bharat,Akeal Hosein,15,16,0,4,0,0,26.67,106.67,16.0
KS Bharat,Arshdeep Singh,9,14,0,1,0,1,11.11,155.56,14.0
KS Bharat,Ashok Sharma,23,29,0,8,3,1,34.78,126.09,29.0
KS Bharat,Atit Sheth,10,13,0,4,0,1,40.0,130.0,13.0
KS Bharat,Brad Evans,10,23,1,3,2,2,30.0,230.0,23.0
KS Bharat,CV Stephen,4,2,1,2,0,0,50.0,50.0,2.0
KS Bharat,Darshan Nalkande,3,2,0,1,0,0,33.33,66.67,2.0
KS Bharat,Delano Potgieter,3,3,0,0,0,0,0.0,100.0,3.0
KS Bharat,Donovan Ferreira,5,4,1,2,0,0,40.0,80.0,4.0
KS Bharat,Eshan Malinga,12,10,1,6,0,0,50.0,83.33,10.0
KS Bharat,Gurinder Singh,4,5,0,0,0,0,0.0,125.0,5.0
KS Bharat,Harsh Dubey,21,23,1,6,1,0,28.57,109.52,23.0
KS Bharat,Harshit Rana,4,9,0,1,0,1,25.0,225.0,9.0
KS Bharat,Ishant Sharma,8,5,0,4,0,0,50.0,62.5,5.0
KS Bharat,Jason Holder,18,32,0,3,3,0,16.67,177.78,32.0
KS Bharat,Khaleel Ahmed,1,0,0,1,0,0,100.0,0.0,0.0
KS Bharat,Kranthi Kumar,1,1,0,0,0,0,0.0,100.0,1.0
KS Bharat,Krunal Pandya,4,6,0,1,1,0,25.0,150.0,6.0
KS Bharat,Malinda Pushpakumara,8,10,0,4,0,1,50.0,125.0,10.0
KS Bharat,Manisankar Murasingh,13,19,0,3,1,0,23.08,146.15,19.0
KS Bharat,Matt Henry,3,1,1,2,0,0,66.67,33.33,1.0
KS Bharat,Mohammed Siraj,2,2,0,0,0,0,0.0,100.0,2.0
KS Bharat,Nishan Peiris,1,0,1,1,0,0,100.0,0.0,0.0
KS Bharat,Prabath Jayasuriya,11,7,2,5,0,0,45.45,63.64,3.5
KS Bharat,Sakib Hussain,4,4,1,1,0,0,25.0,100.0,4.0
KS Bharat,Sam Curran,1,0,1,1,0,0,100.0,0.0,0.0
KS Bharat,Shiran Fernando,2,2,0,0,0,0,0.0,100.0,2.0
KS Bharat,Shivam Dube,4,10,0,0,1,0,0.0,250.0,10.0
KS Bharat,Sikandar Raza,1,3,0,0,0,0,0.0,300.0,3.0
KS Bharat,Washington Sundar,11,17,0,4,2,0,36.36,154.55,17.0
KS Bharat,Will Jacks,4,6,0,1,1,0,25.0,150.0,6.0
Kagiso Rabada,Akeal Hosein,8,9,1,1,0,0,12.5,112.5,9.0
Kagiso Rabada,Ashok Sharma,7,9,2,2,1,0,28.57,128.57,4.5
Kagiso Rabada,Avesh Khan,2,1,0,1,0,0,50.0,50.0,1.0
Kagiso Rabada,Ben Stokes,3,8,0,0,1,0,0.0,266.67,8.0
Kagiso Rabada,Binura Fernando,1,0,1,1,0,0,100.0,0.0,0.0
Kagiso Rabada,CV Stephen,4,7,0,0,1,0,0.0,175.0,7.0
Kagiso Rabada,Gurinder Singh,3,1,2,2,0,0,66.67,33.33,0.5
Kagiso Rabada,Harpreet Brar,3,3,0,0,0,0,0.0,100.0,3.0
Kagiso Rabada,Jacob Duffy,3,6,0,0,1,0,0.0,200.0,6.0
Kagiso Rabada,Jaydev Unadkat,2,1,1,1,0,0,50.0,50.0,1.0
Kagiso Rabada,Joel Davies,3,3,0,0,0,0,0.0,100.0,3.0
Kagiso Rabada,Josh Hazlewood,3,5,0,0,0,0,0.0,166.67,5.0
Kagiso Rabada,Kagiso Rabada,1,4,0,0,1,0,0.0,400.0,4.0
Kagiso Rabada,Karan Lal,1,0,1,1,0,0,100.0,0.0,0.0
Kagiso Rabada,Kranthi Kumar,1,0,1,1,0,0,100.0,0.0,0.0
Kagiso Rabada,Lalit Yadav,3,4,0,0,0,0,0.0,133.33,4.0
Kagiso Rabada,Malinda Pushpakumara,3,3,1,1,0,0,33.33,100.0,3.0
Kagiso Rabada,Mohammed Siraj,1,1,0,0,0,0,0.0,100.0,1.0
Kagiso Rabada,Nishan Peiris,1,4,0,0,1,0,0.0,400.0,4.0
Kagiso Rabada,Praveen Jayawickrama,2,5,0,0,1,0,0.0,250.0,5.0
Kagiso Rabada,Rasikh Dar,4,4,0,0,0,0,0.0,100.0,4.0
Kagiso Rabada,Ravindra Jadeja,3,0,2,3,0,0,100.0,0.0,0.0
Kagiso Rabada,Sahan Arachchige,1,0,1,1,0,0,100.0,0.0,0.0
Kagiso Rabada,Seekkuge Prasanna,1,0,1,1,0,0,100.0,0.0,0.0
Kagiso Rabada,Washington Sundar,5,7,0,0,0,0,0.0,140.0,7.0
Kamindu Mendis,Auqib Nabi,3,2,0,1,0,0,33.33,66.67,2.0
Kamindu Mendis,CV Stephen,4,4,0,1,0,0,25.0,100.0,4.0
Kamindu Mendis,Gurinder Singh,10,8,1,2,0,0,20.0,80.0,8.0
Kamindu Mendis,Harpreet Brar,7,18,0,0,3,0,0.0,257.14,18.0
Kamindu Mendis,KM Asif,4,6,0,0,0,0,0.0,150.0,6.0
Kamindu Mendis,Malinda Pushpakumara,11,13,1,2,0,0,18.18,118.18,13.0
Kamindu Mendis,Manisankar Murasingh,3,2,0,1,0,0,33.33,66.67,2.0
Kamindu Mendis,Nandre Burger,4,6,0,1,1,0,25.0,150.0,6.0
Kamindu Mendis,Nitish Kumar Reddy,5,7,1,3,0,1,60.0,140.0,7.0
Kamindu Mendis,Nitish Rana,2,1,1,1,0,0,50.0,50.0,1.0
Kamindu Mendis,Prabath Jayasuriya,16,17,0,5,1,0,31.25,106.25,17.0
Kamindu Mendis,Praveen Jayawickrama,9,6,0,4,0,0,44.44,66.67,6.0
Kamindu Mendis,Shiran Fernando,4,2,0,2,0,0,50.0,50.0,2.0
Kamindu Mendis,Umran Malik,1,0,1,1,0,0,100.0,0.0,0.0
Kamindu Mendis,Wanindu Hasaranga,1,1,0,0,0,0,0.0,100.0,1.0
Kamindu Mendis,Zeeshan Ansari,1,1,0,0,0,0,0.0,100.0,1.0
Kangabam Priyojit Singh,Adam Zampa,37,48,3,13,3,2,35.14,129.73,16.0
Kangabam Priyojit Singh,Aiden Markram,3,6,0,0,1,0,0.0,200.0,6.0
Kangabam Priyojit Singh,Ajay Dev Goud,44,82,0,4,3,5,9.09,186.36,82.0
Kangabam Priyojit Singh,Ajay Mandal,1,0,1,1,0,0,100.0,0.0,0.0
Kangabam Priyojit Singh,Akash Deep,32,63,0,4,3,4,12.5,196.88,63.0
Kangabam Priyojit Singh,Akash Vasisht,18,49,0,3,5,3,16.67,272.22,49.0
Kangabam Priyojit Singh,Akeal Hosein,24,39,0,4,2,1,16.67,162.5,39.0
Kangabam Priyojit Singh,Allah Ghazanfar,12,21,0,3,0,2,25.0,175.0,21.0
Kangabam Priyojit Singh,Amila Aponso,4,2,0,2,0,0,50.0,50.0,2.0
Kangabam Priyojit Singh,Anshul Kamboj,19,49,0,2,4,4,10.53,257.89,49.0
Kangabam Priyojit Singh,Anukul Roy,6,11,1,1,0,1,16.67,183.33,11.0
Kangabam Priyojit Singh,Arpit Vasavada,50,61,1,11,2,1,22.0,122.0,61.0
Kangabam Priyojit Singh,Arshdeep Singh,33,58,0,4,2,3,12.12,175.76,58.0
Kangabam Priyojit Singh,Ashok Sharma,69,118,2,9,3,5,13.04,171.01,59.0
Kangabam Priyojit Singh,Athisayaraj Davidson,7,10,1,2,0,1,28.57,142.86,10.0
Kangabam Priyojit Singh,Atit Sheth,16,33,0,5,1,3,31.25,206.25,33.0
Kangabam Priyojit Singh,Avinov Choudhary,14,27,0,2,3,0,14.29,192.86,27.0
Kangabam Priyojit Singh,Axar Patel,66,108,1,5,2,4,7.58,163.64,108.0
Kangabam Priyojit Singh,Beau Webster,4,12,0,0,1,1,0.0,300.0,12.0
Kangabam Priyojit Singh,Ben Stokes,3,7,1,1,0,1,33.33,233.33,7.0
Kangabam Priyojit Singh,Bhuvneshwar Kumar,30,49,2,6,4,2,20.0,163.33,24.5
Kangabam Priyojit Singh,Binura Fernando,24,46,0,3,0,4,12.5,191.67,46.0
Kangabam Priyojit Singh,Brad Evans,18,26,0,5,0,2,27.78,144.44,26.0
Kangabam Priyojit Singh,CV Stephen,26,46,0,8,3,2,30.77,176.92,46.0
Kangabam Priyojit Singh,Calvin Harrison,17,24,1,4,1,1,23.53,141.18,24.0
Kangabam Priyojit Singh,Cameron Green,12,29,0,1,2,2,8.33,241.67,29.0
Kangabam Priyojit Singh,Chetan Sakariya,11,21,0,0,0,1,0.0,190.91,21.0
Kangabam Priyojit Singh,Codanda Ajit Karthik,6,9,1,1,0,0,16.67,150.0,9.0
Kangabam Priyojit Singh,Darshan Nalkande,8,10,0,1,0,0,12.5,125.0,10.0
Kangabam Priyojit Singh,Dian Forrester,53,116,3,8,8,7,15.09,218.87,38.67
Kangabam Priyojit Singh,Dinuka Dilshan,7,10,0,0,0,0,0.0,142.86,10.0
Kangabam Priyojit Singh,Donovan Ferreira,9,17,0,0,2,0,0.0,188.89,17.0
Kangabam Priyojit Singh,Dushan Hemantha,23,45,0,6,3,3,26.09,195.65,45.0
Kangabam Priyojit Singh,Eshan Malinga,6,8,0,0,0,0,0.0,133.33,8.0
Kangabam Priyojit Singh,Glenton Stuurman,19,18,0,6,1,0,31.58,94.74,18.0
Kangabam Priyojit Singh,Gurinder Singh,52,68,6,16,3,3,30.77,130.77,11.33
Kangabam Priyojit Singh,Hardik Pandya,4,8,1,1,0,1,25.0,200.0,8.0
Kangabam Priyojit Singh,Harpreet Brar,25,50,2,5,3,4,20.0,200.0,25.0
Kangabam Priyojit Singh,Harsh Dubey,19,31,1,4,3,1,21.05,163.16,31.0
Kangabam Priyojit Singh,Harshal Patel,4,8,0,0,1,0,0.0,200.0,8.0
Kangabam Priyojit Singh,Harshit Rana,10,13,0,1,1,0,10.0,130.0,13.0
Kangabam Priyojit Singh,Jack Edwards,13,22,0,2,2,1,15.38,169.23,22.0
Kangabam Priyojit Singh,Jacob Bethell,5,14,1,1,0,2,20.0,280.0,14.0
Kangabam Priyojit Singh,Jacob Duffy,3,2,1,1,0,0,33.33,66.67,2.0
Kangabam Priyojit Singh,Jai Moondra,19,26,3,5,4,0,26.32,136.84,8.67
Kangabam Priyojit Singh,Jamie Overton,15,28,0,3,1,2,20.0,186.67,28.0
Kangabam Priyojit Singh,Jason Holder,7,20,0,0,2,1,0.0,285.71,20.0
Kangabam Priyojit Singh,Jasprit Bumrah,42,94,1,4,6,5,9.52,223.81,94.0
Kangabam Priyojit Singh,Jaydev Unadkat,29,64,1,2,3,5,6.9,220.69,64.0
Kangabam Priyojit Singh,Joel Davies,38,75,4,9,6,5,23.68,197.37,18.75
Kangabam Priyojit Singh,Josh Hazlewood,32,77,0,4,8,4,12.5,240.62,77.0
Kangabam Priyojit Singh,KM Asif,24,44,0,5,2,3,20.83,183.33,44.0
Kangabam Priyojit Singh,Kagiso Rabada,40,79,3,6,5,4,15.0,197.5,26.33
Kangabam Priyojit Singh,Kamindu Mendis,7,8,0,2,0,0,28.57,114.29,8.0
Kangabam Priyojit Singh,Karan Lal,24,68,0,0,6,5,0.0,283.33,68.0
Kangabam Priyojit Singh,Kranthi Kumar,25,34,3,9,1,3,36.0,136.0,11.33
Kangabam Priyojit Singh,Krunal Pandya,15,31,0,3,0,3,20.0,206.67,31.0
Kangabam Priyojit Singh,Kuldeep Yadav,53,108,4,9,4,9,16.98,203.77,27.0
Kangabam Priyojit Singh,Lalit Yadav,6,9,1,1,0,0,16.67,150.0,9.0
Kangabam Priyojit Singh,Liam Livingstone,12,18,0,0,1,0,0.0,150.0,18.0
Kangabam Priyojit Singh,Lockie Ferguson,1,1,0,0,0,0,0.0,100.0,1.0
Kangabam Priyojit Singh,Lone Nasir Muzaffar,2,2,0,0,0,0,0.0,100.0,2.0
Kangabam Priyojit Singh,Luke Wood,6,8,1,1,0,0,16.67,133.33,8.0
Kangabam Priyojit Singh,Lungi Ngidi,28,46,0,7,2,3,25.0,164.29,46.0
Kangabam Priyojit Singh,Malinda Pushpakumara,48,80,2,8,4,4,16.67,166.67,40.0
Kangabam Priyojit Singh,Manav Suthar,29,68,0,3,7,3,10.34,234.48,68.0
Kangabam Priyojit Singh,Manisankar Murasingh,51,116,1,9,6,10,17.65,227.45,116.0
Kangabam Priyojit Singh,Marcus Stoinis,9,21,0,2,1,2,22.22,233.33,21.0
Kangabam Priyojit Singh,Matheesha Pathirana,5,10,0,1,2,0,20.0,200.0,10.0
Kangabam Priyojit Singh,Matt Henry,9,14,1,2,2,0,22.22,155.56,14.0
Kangabam Priyojit Singh,Matthew Forde,8,7,0,2,0,0,25.0,87.5,7.0
Kangabam Priyojit Singh,Mitchell Marsh,65,109,1,6,7,3,9.23,167.69,109.0
Kangabam Priyojit Singh,Mitchell Starc,21,37,1,5,3,2,23.81,176.19,37.0
Kangabam Priyojit Singh,Mohammed Shami,120,215,7,23,13,12,19.17,179.17,30.71
Kangabam Priyojit Singh,Mohammed Siraj,57,145,1,5,8,12,8.77,254.39,145.0
Kangabam Priyojit Singh,Mohsin Khan,31,42,0,13,3,2,41.94,135.48,42.0
Kangabam Priyojit Singh,Mridul Surroch,34,51,1,9,2,3,26.47,150.0,51.0
Kangabam Priyojit Singh,Mukhtar Hussain,11,20,0,0,0,1,0.0,181.82,20.0
Kangabam Priyojit Singh,Murvin Abinash,5,9,1,1,0,1,20.0,180.0,9.0
Kangabam Priyojit Singh,Nathan Ellis,17,40,0,2,3,2,11.76,235.29,40.0
Kangabam Priyojit Singh,Nishan Peiris,20,41,2,4,2,3,20.0,205.0,20.5
Kangabam Priyojit Singh,Nitish Kumar Reddy,6,15,1,1,0,2,16.67,250.0,15.0
Kangabam Priyojit Singh,Nitish Rana,3,6,0,0,0,0,0.0,200.0,6.0
Kangabam Priyojit Singh,Noor Ahmad,15,38,0,1,4,2,6.67,253.33,38.0
Kangabam Priyojit Singh,Ottneil Baartman,10,18,1,2,1,1,20.0,180.0,18.0
Kangabam Priyojit Singh,Prabath Jayasuriya,7,8,0,0,0,0,0.0,114.29,8.0
Kangabam Priyojit Singh,Prashant Veer,42,48,2,12,3,1,28.57,114.29,24.0
Kangabam Priyojit Singh,Praveen Jayawickrama,50,67,4,15,7,1,30.0,134.0,16.75
Kangabam Priyojit Singh,Prince Yadav,56,109,2,6,5,6,10.71,194.64,54.5
Kangabam Priyojit Singh,Rachin Ravindra,18,34,2,5,3,1,27.78,188.89,17.0
Kangabam Priyojit Singh,Rahul Chahar,14,38,1,2,2,4,14.29,271.43,38.0
Kangabam Priyojit Singh,Raj Angad Bawa,14,24,0,2,3,0,14.29,171.43,24.0
Kangabam Priyojit Singh,Rashid Khan,103,149,5,20,8,4,19.42,144.66,29.8
Kangabam Priyojit Singh,Rasikh Dar,8,16,1,1,1,1,12.5,200.0,16.0
Kangabam Priyojit Singh,Ravi Bishnoi,27,43,0,5,3,2,18.52,159.26,43.0
Kangabam Priyojit Singh,Ravindra Jadeja,5,5,0,1,0,0,20.0,100.0,5.0
Kangabam Priyojit Singh,Riyan Parag,9,16,1,1,1,1,11.11,177.78,16.0
Kangabam Priyojit Singh,Romario Shepherd,30,66,0,9,3,6,30.0,220.0,66.0
Kangabam Priyojit Singh,Sahan Arachchige,46,71,6,13,4,4,28.26,154.35,11.83
Kangabam Priyojit Singh,Sai Kishore,3,2,1,1,0,0,33.33,66.67,2.0
Kangabam Priyojit Singh,Sairaj Patil,19,31,0,4,1,2,21.05,163.16,31.0
Kangabam Priyojit Singh,Sakib Hussain,8,17,0,0,0,1,0.0,212.5,17.0
Kangabam Priyojit Singh,Sam Curran,13,21,1,2,2,0,15.38,161.54,21.0
Kangabam Priyojit Singh,Samant Jakhar,13,20,0,1,0,1,7.69,153.85,20.0
Kangabam Priyojit Singh,Sanvir Singh,9,24,0,1,0,3,11.11,266.67,24.0
Kangabam Priyojit Singh,Saransh Jain,13,19,1,3,0,1,23.08,146.15,19.0
Kangabam Priyojit Singh,Sayan Ghosh,3,3,0,0,0,0,0.0,100.0,3.0
Kangabam Priyojit Singh,Scott Curie,16,21,0,3,1,0,18.75,131.25,21.0
Kangabam Priyojit Singh,Seekkuge Prasanna,4,8,0,0,1,0,0.0,200.0,8.0
Kangabam Priyojit Singh,Shahbaz Ahmed,28,57,1,5,4,4,17.86,203.57,57.0
Kangabam Priyojit Singh,Shardul Thakur,7,14,0,0,2,0,0.0,200.0,14.0
Kangabam Priyojit Singh,Shashank Singh,5,8,0,2,0,1,40.0,160.0,8.0
Kangabam Priyojit Singh,Shiran Fernando,39,64,3,7,6,2,17.95,164.1,21.33
Kangabam Priyojit Singh,Shivam Dube,28,48,1,5,4,1,17.86,171.43,48.0
Kangabam Priyojit Singh,Shivam Mavi,6,5,0,1,0,0,16.67,83.33,5.0
Kangabam Priyojit Singh,Shivam Shukla,24,32,0,7,1,1,29.17,133.33,32.0
Kangabam Priyojit Singh,Shubham Agarwal,64,113,2,9,10,3,14.06,176.56,56.5
Kangabam Priyojit Singh,Sonal Dinusha,3,7,0,0,1,0,0.0,233.33,7.0
Kangabam Priyojit Singh,Sonny Baker,34,70,3,6,5,5,17.65,205.88,23.33
Kangabam Priyojit Singh,Sunil Narine,129,180,3,35,14,7,27.13,139.53,60.0
Kangabam Priyojit Singh,Suryansh Shedge,2,2,0,0,0,0,0.0,100.0,2.0
Kangabam Priyojit Singh,Sushant Mishra,9,6,0,3,0,0,33.33,66.67,6.0
Kangabam Priyojit Singh,Tharindu Rathnanayake,1,0,1,1,0,0,100.0,0.0,0.0
Kangabam Priyojit Singh,Tilak Varma,8,10,0,1,0,0,12.5,125.0,10.0
Kangabam Priyojit Singh,Vaisakh Chandran,8,20,0,2,2,1,25.0,250.0,20.0
Kangabam Priyojit Singh,Varun Chakravarthy,12,24,1,2,1,2,16.67,200.0,24.0
Kangabam Priyojit Singh,Venkatesh Iyer,3,3,0,0,0,0,0.0,100.0,3.0
Kangabam Priyojit Singh,Vishen Halambage,21,38,4,6,5,1,28.57,180.95,9.5
Kangabam Priyojit Singh,Wanindu Hasaranga,18,22,2,7,1,1,38.89,122.22,11.0
Kangabam Priyojit Singh,Washington Sundar,20,38,0,1,3,1,5.0,190.0,38.0
Kangabam Priyojit Singh,Will Jacks,41,102,0,6,6,8,14.63,248.78,102.0
Kangabam Priyojit Singh,Yash Thakur,64,150,1,8,10,11,12.5,234.38,150.0
Karan Lal,Adam Zampa,27,45,2,6,4,1,22.22,166.67,22.5
Karan Lal,Ajay Dev Goud,2,1,0,1,0,0,50.0,50.0,1.0
Karan Lal,Akash Vasisht,15,23,0,2,1,1,13.33,153.33,23.0
Karan Lal,Akeal Hosein,7,8,0,1,0,0,14.29,114.29,8.0
Karan Lal,Allah Ghazanfar,2,1,0,1,0,0,50.0,50.0,1.0
Karan Lal,Amila Aponso,12,14,1,3,1,0,25.0,116.67,14.0
Karan Lal,Anukul Roy,23,43,1,5,2,3,21.74,186.96,43.0
Karan Lal,Arpit Vasavada,6,7,1,2,1,0,33.33,116.67,7.0
Karan Lal,Arshdeep Singh,10,18,1,2,3,0,20.0,180.0,18.0
Karan Lal,Ashok Sharma,11,29,1,2,1,3,18.18,263.64,29.0
Karan Lal,Athisayaraj Davidson,1,0,1,1,0,0,100.0,0.0,0.0
Karan Lal,Atit Sheth,2,0,2,2,0,0,100.0,0.0,0.0
Karan Lal,Avesh Khan,2,2,0,0,0,0,0.0,100.0,2.0
Karan Lal,Avinov Choudhary,1,6,0,0,0,1,0.0,600.0,6.0
Karan Lal,Axar Patel,13,18,0,3,1,1,23.08,138.46,18.0
Karan Lal,Ben Stokes,8,15,0,0,0,1,0.0,187.5,15.0
Karan Lal,Bhuvneshwar Kumar,19,16,4,9,1,0,47.37,84.21,4.0
Karan Lal,Brad Evans,8,13,1,3,1,1,37.5,162.5,13.0
Karan Lal,Brian Bennett,1,0,1,1,0,0,100.0,0.0,0.0
Karan Lal,CV Stephen,10,15,1,4,1,1,40.0,150.0,15.0
Karan Lal,Cameron Green,6,6,0,0,0,0,0.0,100.0,6.0
Karan Lal,Chetan Sakariya,2,5,0,0,1,0,0.0,250.0,5.0
Karan Lal,Dewald Brevis,4,4,0,1,0,0,25.0,100.0,4.0
Karan Lal,Dian Forrester,19,34,1,4,1,3,21.05,178.95,34.0
Karan Lal,Donovan Ferreira,2,5,0,0,1,0,0.0,250.0,5.0
Karan Lal,Dushan Hemantha,18,45,1,2,2,4,11.11,250.0,45.0
Karan Lal,Duvindu Tillakaratne,5,17,0,0,2,1,0.0,340.0,17.0
Karan Lal,Gangam Anikethreddy,10,14,0,2,1,0,20.0,140.0,14.0
Karan Lal,Glenn Phillips,2,0,2,2,0,0,100.0,0.0,0.0
Karan Lal,Glenton Stuurman,11,16,0,2,0,1,18.18,145.45,16.0
Karan Lal,Gurinder Singh,33,45,2,5,3,0,15.15,136.36,22.5
Karan Lal,Gurnoor Singh Brar,5,4,1,1,0,0,20.0,80.0,4.0
Karan Lal,Gus Atkinson,6,8,1,1,1,0,16.67,133.33,8.0
Karan Lal,Hardik Pandya,5,10,1,1,0,1,20.0,200.0,10.0
Karan Lal,Harpreet Brar,14,17,3,6,0,1,42.86,121.43,5.67
Karan Lal,Harsh Dubey,2,0,2,2,0,0,100.0,0.0,0.0
Karan Lal,Harshal Patel,17,31,2,3,2,1,17.65,182.35,15.5
Karan Lal,Harshit Rana,1,0,1,1,0,0,100.0,0.0,0.0
Karan Lal,Ishant Sharma,9,23,0,0,4,0,0.0,255.56,23.0
Karan Lal,Isitha Wijesundara,3,8,0,0,0,1,0.0,266.67,8.0
Karan Lal,Jack Edwards,8,22,0,0,3,1,0.0,275.0,22.0
Karan Lal,Jai Moondra,1,1,0,0,0,0,0.0,100.0,1.0
Karan Lal,Jasprit Bumrah,7,10,1,2,0,1,28.57,142.86,10.0
Karan Lal,Jaydev Unadkat,3,3,0,0,0,0,0.0,100.0,3.0
Karan Lal,Joel Davies,25,35,1,5,1,1,20.0,140.0,35.0
Karan Lal,Josh Hazlewood,9,24,1,2,5,0,22.22,266.67,24.0
Karan Lal,KM Asif,6,8,0,1,0,0,16.67,133.33,8.0
Karan Lal,Kagiso Rabada,7,10,1,3,2,0,42.86,142.86,10.0
Karan Lal,Kranthi Kumar,15,18,2,6,1,1,40.0,120.0,9.0
Karan Lal,Krishnappa Gowtham,12,15,1,2,0,0,16.67,125.0,15.0
Karan Lal,Krunal Pandya,26,51,2,5,4,3,19.23,196.15,25.5
Karan Lal,Kuldeep Yadav,8,16,1,1,1,1,12.5,200.0,16.0
Karan Lal,Lance Morris,1,0,1,1,0,0,100.0,0.0,0.0
Karan Lal,Liam Livingstone,6,9,1,3,0,1,50.0,150.0,9.0
Karan Lal,Lungi Ngidi,16,30,0,3,0,3,18.75,187.5,30.0
Karan Lal,Malinda Pushpakumara,13,15,1,4,1,0,30.77,115.38,15.0
Karan Lal,Manav Suthar,2,3,0,0,0,0,0.0,150.0,3.0
Karan Lal,Manisankar Murasingh,13,34,1,4,0,5,30.77,261.54,34.0
Karan Lal,Marcus Stoinis,4,6,0,1,1,0,25.0,150.0,6.0
Karan Lal,Matheesha Pathirana,14,13,0,4,0,0,28.57,92.86,13.0
Karan Lal,Matt Henry,3,6,0,0,1,0,0.0,200.0,6.0
Karan Lal,Mitchell Marsh,2,8,0,0,0,1,0.0,400.0,8.0
Karan Lal,Mitchell Owen,9,11,0,0,0,0,0.0,122.22,11.0
Karan Lal,Mitchell Starc,22,32,2,8,2,2,36.36,145.45,16.0
Karan Lal,Mohammed Shami,14,17,1,3,1,0,21.43,121.43,17.0
Karan Lal,Mohammed Siraj,5,4,1,1,0,0,20.0,80.0,4.0
Karan Lal,Mridul Surroch,14,23,0,0,1,0,0.0,164.29,23.0
Karan Lal,Nathan Ellis,21,24,4,10,1,2,47.62,114.29,6.0
Karan Lal,Nishan Peiris,3,4,0,0,0,0,0.0,133.33,4.0
Karan Lal,Nishant Sindhu,3,6,0,0,1,0,0.0,200.0,6.0
Karan Lal,Nitish Kumar Reddy,7,7,0,3,0,0,42.86,100.0,7.0
Karan Lal,Ottneil Baartman,11,20,1,3,2,1,27.27,181.82,20.0
Karan Lal,Pat Cummins,10,23,1,2,1,2,20.0,230.0,23.0
Karan Lal,Prabath Jayasuriya,7,8,0,0,0,0,0.0,114.29,8.0
Karan Lal,Prashant Veer,4,4,1,2,0,0,50.0,100.0,4.0
Karan Lal,Praveen Jayawickrama,31,34,1,8,1,1,25.81,109.68,34.0
Karan Lal,Rachin Ravindra,15,22,0,0,0,0,0.0,146.67,22.0
Karan Lal,Raj Angad Bawa,7,8,0,2,1,0,28.57,114.29,8.0
Karan Lal,Raj Limbani,1,1,0,0,0,0,0.0,100.0,1.0
Karan Lal,Rashid Khan,12,13,0,3,1,0,25.0,108.33,13.0
Karan Lal,Ravi Bishnoi,21,42,2,3,6,1,14.29,200.0,21.0
Karan Lal,Ravi Teja,1,1,0,0,0,0,0.0,100.0,1.0
Karan Lal,Ravindra Jadeja,4,5,0,0,0,0,0.0,125.0,5.0
Karan Lal,Romario Shepherd,8,18,0,0,1,1,0.0,225.0,18.0
Karan Lal,Sahan Arachchige,19,31,2,6,1,3,31.58,163.16,15.5
Karan Lal,Sairaj Patil,11,18,0,2,0,1,18.18,163.64,18.0
Karan Lal,Samant Jakhar,10,21,0,0,2,1,0.0,210.0,21.0
Karan Lal,Sanvir Singh,8,18,0,0,1,1,0.0,225.0,18.0
Karan Lal,Scott Curie,9,14,0,3,1,1,33.33,155.56,14.0
Karan Lal,Seekkuge Prasanna,3,3,0,0,0,0,0.0,100.0,3.0
Karan Lal,Shahbaz Ahmed,3,11,0,0,1,1,0.0,366.67,11.0
Karan Lal,Shardul Thakur,6,9,0,0,0,0,0.0,150.0,9.0
Karan Lal,Shiran Fernando,24,26,3,5,2,0,20.83,108.33,8.67
Karan Lal,Shivam Dube,3,2,0,1,0,0,33.33,66.67,2.0
Karan Lal,Shivam Shukla,3,6,0,0,1,0,0.0,200.0,6.0
Karan Lal,Shreyas Iyer,7,20,0,0,1,2,0.0,285.71,20.0
Karan Lal,Shubham Agarwal,15,23,2,4,3,0,26.67,153.33,11.5
Karan Lal,Sikandar Raza,5,9,0,1,1,0,20.0,180.0,9.0
Karan Lal,Sonny Baker,18,25,0,4,1,1,22.22,138.89,25.0
Karan Lal,Sonu Yadav,1,0,1,1,0,0,100.0,0.0,0.0
Karan Lal,Sunil Narine,9,13,0,0,0,0,0.0,144.44,13.0
Karan Lal,Sushant Mishra,3,4,1,2,1,0,66.67,133.33,4.0
Karan Lal,Tanay Thyagarajan,2,2,0,0,0,0,0.0,100.0,2.0
Karan Lal,Tilak Varma,15,28,0,3,0,2,20.0,186.67,28.0
Karan Lal,Varun Chakravarthy,27,53,4,7,1,5,25.93,196.3,13.25
Karan Lal,Venkatesh Iyer,3,4,0,2,1,0,66.67,133.33,4.0
Karan Lal,Vipraj Nigam,8,16,0,0,2,0,0.0,200.0,16.0
Karan Lal,Vishen Halambage,16,23,2,2,2,0,12.5,143.75,11.5
Karan Lal,Wanindu Hasaranga,19,14,3,9,1,0,47.37,73.68,4.67
Karan Lal,Washington Sundar,8,21,1,1,3,1,12.5,262.5,21.0
Karan Lal,Will Jacks,13,24,2,4,3,1,30.77,184.62,12.0
Karan Lal,Yash Thakur,12,17,0,2,2,0,16.67,141.67,17.0
Karan Shinde,Aiden Markram,15,25,0,3,3,0,20.0,166.67,25.0
Karan Shinde,Ajay Dev Goud,4,5,0,0,0,0,0.0,125.0,5.0
Karan Shinde,Akash Vasisht,5,10,0,0,0,1,0.0,200.0,10.0
Karan Shinde,Akeal Hosein,12,25,0,1,1,2,8.33,208.33,25.0
Karan Shinde,Anukul Roy,10,22,0,1,3,0,10.0,220.0,22.0
Karan Shinde,Arpit Vasavada,18,34,1,3,0,3,16.67,188.89,34.0
Karan Shinde,Ashok Sharma,14,19,0,1,0,1,7.14,135.71,19.0
Karan Shinde,Axar Patel,21,26,0,2,2,0,9.52,123.81,26.0
Karan Shinde,Bhuvneshwar Kumar,1,1,0,0,0,0,0.0,100.0,1.0
Karan Shinde,Binura Fernando,3,8,0,1,0,1,33.33,266.67,8.0
Karan Shinde,Brian Bennett,1,1,0,0,0,0,0.0,100.0,1.0
Karan Shinde,Dian Forrester,3,3,0,0,0,0,0.0,100.0,3.0
Karan Shinde,Dunith Wellalage,7,7,0,1,0,0,14.29,100.0,7.0
Karan Shinde,Glenton Stuurman,8,15,0,1,2,0,12.5,187.5,15.0
Karan Shinde,Gurinder Singh,25,58,0,1,2,4,4.0,232.0,58.0
Karan Shinde,Hardik Pandya,4,3,0,1,0,0,25.0,75.0,3.0
Karan Shinde,Harpreet Brar,8,8,1,1,0,0,12.5,100.0,8.0
Karan Shinde,Jasprit Bumrah,5,5,0,1,0,0,20.0,100.0,5.0
Karan Shinde,Joel Davies,20,46,0,0,3,3,0.0,230.0,46.0
Karan Shinde,Josh Hazlewood,7,16,0,0,1,1,0.0,228.57,16.0
Karan Shinde,Karan Lal,2,2,0,0,0,0,0.0,100.0,2.0
Karan Shinde,Krunal Pandya,9,15,0,0,0,1,0.0,166.67,15.0
Karan Shinde,Kuldeep Yadav,12,9,3,6,1,0,50.0,75.0,3.0
Karan Shinde,Liam Livingstone,4,1,0,3,0,0,75.0,25.0,1.0
Karan Shinde,Luke Wood,1,1,0,0,0,0,0.0,100.0,1.0
Karan Shinde,Lungi Ngidi,1,0,1,1,0,0,100.0,0.0,0.0
Karan Shinde,Malinda Pushpakumara,13,34,1,3,2,3,23.08,261.54,34.0
Karan Shinde,Manav Suthar,5,3,0,2,0,0,40.0,60.0,3.0
Karan Shinde,Matt Renshaw,5,5,0,0,0,0,0.0,100.0,5.0
Karan Shinde,Mitchell Marsh,4,6,0,1,0,0,25.0,150.0,6.0
Karan Shinde,Mohammed Shami,9,23,0,1,3,1,11.11,255.56,23.0
Karan Shinde,Mohammed Siraj,3,3,0,0,0,0,0.0,100.0,3.0
Karan Shinde,Mukhtar Hussain,6,5,0,2,0,0,33.33,83.33,5.0
Karan Shinde,Naman Dhir,8,30,0,0,2,3,0.0,375.0,30.0
Karan Shinde,Nishant Sindhu,8,18,0,0,1,1,0.0,225.0,18.0
Karan Shinde,Prabath Jayasuriya,15,21,0,4,3,0,26.67,140.0,21.0
Karan Shinde,Praveen Jayawickrama,5,6,1,2,1,0,40.0,120.0,6.0
Karan Shinde,Rachin Ravindra,9,4,2,6,0,0,66.67,44.44,2.0
Karan Shinde,Raj Angad Bawa,5,13,0,0,2,0,0.0,260.0,13.0
Karan Shinde,Ramandeep Singh,10,14,1,1,1,0,10.0,140.0,14.0
Karan Shinde,Rashid Khan,18,28,2,3,2,1,16.67,155.56,14.0
Karan Shinde,Rasikh Dar,1,1,0,0,0,0,0.0,100.0,1.0
Karan Shinde,Ravi Bishnoi,3,6,0,0,1,0,0.0,200.0,6.0
Karan Shinde,Ravindra Jadeja,2,1,1,1,0,0,50.0,50.0,1.0
Karan Shinde,Rohit Sharma,2,2,0,0,0,0,0.0,100.0,2.0
Karan Shinde,Sahan Arachchige,5,15,0,0,0,2,0.0,300.0,15.0
Karan Shinde,Sam Curran,2,2,0,0,0,0,0.0,100.0,2.0
Karan Shinde,Seekkuge Prasanna,2,2,0,0,0,0,0.0,100.0,2.0
Karan Shinde,Shiran Fernando,17,27,2,4,1,2,23.53,158.82,13.5
Karan Shinde,Shubham Agarwal,13,7,1,8,0,0,61.54,53.85,7.0
Karan Shinde,Sonny Baker,17,36,0,0,4,0,0.0,211.76,36.0
Karan Shinde,Sunil Narine,8,15,0,0,2,0,0.0,187.5,15.0
Karan Shinde,Tanay Thyagarajan,3,8,0,0,0,1,0.0,266.67,8.0
Karan Shinde,Tilak Varma,13,18,0,5,3,0,38.46,138.46,18.0
Karan Shinde,Vaisakh Chandran,1,0,1,1,0,0,100.0,0.0,0.0
Karan Shinde,Varun Chakravarthy,7,12,0,1,1,0,14.29,171.43,12.0
Karan Shinde,Vishen Halambage,2,2,0,0,0,0,0.0,100.0,2.0
Karan Shinde,Wanindu Hasaranga,4,5,0,0,0,0,0.0,125.0,5.0
Karan Shinde,Washington Sundar,24,27,0,11,1,2,45.83,112.5,27.0
Karan Shinde,Will Jacks,5,9,0,0,1,0,0.0,180.0,9.0
Kartik Sharma,Adam Zampa,23,21,0,4,0,0,17.39,91.3,21.0
Kartik Sharma,Ajay Dev Goud,5,6,0,2,1,0,40.0,120.0,6.0
Kartik Sharma,Akash Vasisht,4,4,0,0,0,0,0.0,100.0,4.0
Kartik Sharma,Akeal Hosein,16,21,2,5,1,1,31.25,131.25,10.5
Kartik Sharma,Anshul Kamboj,7,13,0,0,0,1,0.0,185.71,13.0
Kartik Sharma,Anukul Roy,9,14,0,1,1,0,11.11,155.56,14.0
Kartik Sharma,Arshdeep Singh,7,13,0,2,2,0,28.57,185.71,13.0
Kartik Sharma,Ashok Sharma,23,32,2,8,3,1,34.78,139.13,16.0
Kartik Sharma,Axar Patel,3,3,0,0,0,0,0.0,100.0,3.0
Kartik Sharma,Ben Stokes,4,4,1,1,0,0,25.0,100.0,4.0
Kartik Sharma,Bhuvneshwar Kumar,83,111,7,23,8,3,27.71,133.73,15.86
Kartik Sharma,Brian Bennett,2,2,0,0,0,0,0.0,100.0,2.0
Kartik Sharma,CV Stephen,8,10,0,0,0,0,0.0,125.0,10.0
Kartik Sharma,Cameron Green,8,15,0,1,2,0,12.5,187.5,15.0
Kartik Sharma,Duan Jansen,2,2,0,0,0,0,0.0,100.0,2.0
Kartik Sharma,Dushan Hemantha,4,4,0,1,0,0,25.0,100.0,4.0
Kartik Sharma,Gangam Anikethreddy,2,2,0,0,0,0,0.0,100.0,2.0
Kartik Sharma,Glenn Phillips,2,2,0,0,0,0,0.0,100.0,2.0
Kartik Sharma,Glenton Stuurman,6,20,0,1,3,1,16.67,333.33,20.0
Kartik Sharma,Gurinder Singh,82,132,2,10,9,4,12.2,160.98,66.0
Kartik Sharma,Gurnoor Singh Brar,9,15,0,0,1,0,0.0,166.67,15.0
Kartik Sharma,Gus Atkinson,6,11,0,1,0,1,16.67,183.33,11.0
Kartik Sharma,Hardik Pandya,20,28,0,4,1,1,20.0,140.0,28.0
Kartik Sharma,Harpreet Brar,22,30,1,6,0,1,27.27,136.36,30.0
Kartik Sharma,Harsh Dubey,13,17,0,1,0,0,7.69,130.77,17.0
Kartik Sharma,Harshal Patel,1,0,1,1,0,0,100.0,0.0,0.0
Kartik Sharma,Ishant Sharma,3,3,0,0,0,0,0.0,100.0,3.0
Kartik Sharma,Jamie Overton,50,94,2,10,5,6,20.0,188.0,47.0
Kartik Sharma,Jasprit Bumrah,13,20,3,5,0,2,38.46,153.85,6.67
Kartik Sharma,Jaydev Unadkat,7,12,0,0,1,0,0.0,171.43,12.0
Kartik Sharma,Joel Davies,6,5,1,2,0,0,33.33,83.33,5.0
Kartik Sharma,Josh Hazlewood,68,119,6,19,5,10,27.94,175.0,19.83
Kartik Sharma,KC Cariappa,61,74,4,24,2,5,39.34,121.31,18.5
Kartik Sharma,KM Asif,6,8,0,1,0,0,16.67,133.33,8.0
Kartik Sharma,Kagiso Rabada,13,31,0,1,2,1,7.69,238.46,31.0
Kartik Sharma,Kangabam Priyojit Singh,5,18,0,0,1,2,0.0,360.0,18.0
Kartik Sharma,Karan Lal,12,30,1,2,5,1,16.67,250.0,30.0
Kartik Sharma,Khaleel Ahmed,2,2,0,0,0,0,0.0,100.0,2.0
Kartik Sharma,Kranthi Kumar,83,135,1,6,10,2,7.23,162.65,135.0
Kartik Sharma,Krunal Pandya,16,20,0,1,0,0,6.25,125.0,20.0
Kartik Sharma,Kuldeep Yadav,92,148,5,13,9,3,14.13,160.87,29.6
Kartik Sharma,Lalit Yadav,3,1,0,2,0,0,66.67,33.33,1.0
Kartik Sharma,Lungi Ngidi,17,23,0,2,1,0,11.76,135.29,23.0
Kartik Sharma,Malinda Pushpakumara,145,221,5,19,11,6,13.1,152.41,44.2
Kartik Sharma,Manav Suthar,8,14,0,0,0,1,0.0,175.0,14.0
Kartik Sharma,Manisankar Murasingh,10,15,0,0,0,0,0.0,150.0,15.0
Kartik Sharma,Marcus Stoinis,3,4,0,0,0,0,0.0,133.33,4.0
Kartik Sharma,Mitchell Marsh,2,3,0,0,0,0,0.0,150.0,3.0
Kartik Sharma,Mitchell Starc,12,19,2,3,0,1,25.0,158.33,9.5
Kartik Sharma,Mohammed Siraj,26,47,1,6,1,4,23.08,180.77,47.0
Kartik Sharma,Mridul Surroch,34,62,0,6,0,5,17.65,182.35,62.0
Kartik Sharma,Mukesh Kumar,3,8,0,0,0,1,0.0,266.67,8.0
Kartik Sharma,Mukhtar Hussain,8,14,0,0,1,0,0.0,175.0,14.0
Kartik Sharma,Nathan Ellis,6,3,2,4,0,0,66.67,50.0,1.5
Kartik Sharma,Nishan Peiris,12,13,0,2,0,0,16.67,108.33,13.0
Kartik Sharma,Nishant Sindhu,6,12,0,1,0,1,16.67,200.0,12.0
Kartik Sharma,Nitish Kumar Reddy,3,4,0,0,0,0,0.0,133.33,4.0
Kartik Sharma,Nitish Rana,4,11,0,1,1,1,25.0,275.0,11.0
Kartik Sharma,Prabath Jayasuriya,14,19,0,0,0,0,0.0,135.71,19.0
Kartik Sharma,Prashant Veer,20,41,1,2,4,2,10.0,205.0,41.0
Kartik Sharma,Praveen Jayawickrama,19,29,0,0,2,0,0.0,152.63,29.0
Kartik Sharma,Rachin Ravindra,14,19,3,5,1,1,35.71,135.71,6.33
Kartik Sharma,Ramakrishna Ghosh,7,10,1,1,1,0,14.29,142.86,10.0
Kartik Sharma,Ramandeep Singh,11,18,0,0,2,0,0.0,163.64,18.0
Kartik Sharma,Ravi Bishnoi,11,19,0,2,1,1,18.18,172.73,19.0
Kartik Sharma,Ravindra Jadeja,20,39,0,1,2,1,5.0,195.0,39.0
Kartik Sharma,Riyan Parag,14,25,0,2,1,1,14.29,178.57,25.0
Kartik Sharma,Sahan Arachchige,37,58,0,8,6,1,21.62,156.76,58.0
Kartik Sharma,Sai Kishore,3,4,0,0,0,0,0.0,133.33,4.0
Kartik Sharma,Sairaj Patil,5,5,0,0,0,0,0.0,100.0,5.0
Kartik Sharma,Sakib Hussain,2,1,1,1,0,0,50.0,50.0,1.0
Kartik Sharma,Sam Curran,9,27,0,1,1,3,11.11,300.0,27.0
Kartik Sharma,Scott Curie,22,36,0,6,2,2,27.27,163.64,36.0
Kartik Sharma,Seekkuge Prasanna,2,2,0,0,0,0,0.0,100.0,2.0
Kartik Sharma,Shahbaz Ahmed,12,15,0,1,0,0,8.33,125.0,15.0
Kartik Sharma,Shiran Fernando,83,120,5,13,5,3,15.66,144.58,24.0
Kartik Sharma,Shivam Mavi,3,11,0,0,1,1,0.0,366.67,11.0
Kartik Sharma,Shivam Shukla,6,15,0,0,1,1,0.0,250.0,15.0
Kartik Sharma,Shubham Agarwal,15,14,1,4,0,0,26.67,93.33,14.0
Kartik Sharma,Sikandar Raza,13,15,1,4,1,0,30.77,115.38,15.0
Kartik Sharma,Sonny Baker,1,1,0,0,0,0,0.0,100.0,1.0
Kartik Sharma,Sunil Narine,51,76,1,15,4,5,29.41,149.02,76.0
Kartik Sharma,Suyash Sharma,4,7,0,0,0,0,0.0,175.0,7.0
Kartik Sharma,Tanay Thyagarajan,22,33,0,7,5,0,31.82,150.0,33.0
Kartik Sharma,Tharindu Rathnanayake,2,2,0,0,0,0,0.0,100.0,2.0
Kartik Sharma,Trent Boult,1,1,0,0,0,0,0.0,100.0,1.0
Kartik Sharma,Varun Chakravarthy,173,283,6,23,14,10,13.29,163.58,47.17
Kartik Sharma,Vasuki Koushik,5,6,0,0,0,0,0.0,120.0,6.0
Kartik Sharma,Vishen Halambage,30,32,3,11,1,1,36.67,106.67,10.67
Kartik Sharma,Wanindu Hasaranga,40,59,2,7,2,2,17.5,147.5,29.5
Kartik Sharma,Washington Sundar,22,30,1,2,1,0,9.09,136.36,30.0
Kartik Sharma,Will Jacks,13,17,0,2,1,0,15.38,130.77,17.0
Kartik Sharma,Yuvraj Chaudhary,14,8,0,6,0,0,42.86,57.14,8.0
Kartik Tyagi,Anukul Roy,1,0,1,1,0,0,100.0,0.0,0.0
Kartik Tyagi,Avesh Khan,8,3,1,7,0,0,87.5,37.5,3.0
Kartik Tyagi,Shardul Thakur,3,4,0,2,1,0,66.67,133.33,4.0
Kartik Tyagi,Varun Chakravarthy,2,1,0,1,0,0,50.0,50.0,1.0
Karun Nair,Adam Zampa,13,19,1,1,0,1,7.69,146.15,19.0
Karun Nair,Akeal Hosein,11,15,2,5,1,1,45.45,136.36,7.5
Karun Nair,Anukul Roy,2,4,1,1,1,0,50.0,200.0,4.0
Karun Nair,Ashok Sharma,26,30,1,6,1,0,23.08,115.38,30.0
Karun Nair,Avesh Khan,9,7,1,4,0,0,44.44,77.78,7.0
Karun Nair,Ben Stokes,3,8,0,0,0,1,0.0,266.67,8.0
Karun Nair,Bhuvneshwar Kumar,16,25,0,2,0,1,12.5,156.25,25.0
Karun Nair,Brian Bennett,5,11,0,0,0,1,0.0,220.0,11.0
Karun Nair,Cameron Green,27,47,0,8,3,3,29.63,174.07,47.0
Karun Nair,Glenn Phillips,4,5,0,0,0,0,0.0,125.0,5.0
Karun Nair,Glenton Stuurman,3,4,0,0,0,0,0.0,133.33,4.0
Karun Nair,Gurinder Singh,41,40,7,12,0,1,29.27,97.56,5.71
Karun Nair,Hardik Pandya,8,17,1,2,2,1,25.0,212.5,17.0
Karun Nair,Harpreet Brar,9,7,3,3,0,0,33.33,77.78,2.33
Karun Nair,Harsh Dubey,2,2,0,0,0,0,0.0,100.0,2.0
Karun Nair,Harshal Patel,5,15,0,1,2,1,20.0,300.0,15.0
Karun Nair,Ishant Sharma,2,2,0,0,0,0,0.0,100.0,2.0
Karun Nair,Jaydev Unadkat,3,6,0,0,1,0,0.0,200.0,6.0
Karun Nair,Joel Davies,10,14,1,4,1,1,40.0,140.0,14.0
Karun Nair,Josh Hazlewood,4,5,0,0,0,0,0.0,125.0,5.0
Karun Nair,Kagiso Rabada,4,9,0,0,1,0,0.0,225.0,9.0
Karun Nair,Kranthi Kumar,5,3,1,3,0,0,60.0,60.0,3.0
Karun Nair,Krunal Pandya,3,6,1,1,1,0,33.33,200.0,6.0
Karun Nair,Kuldeep Yadav,52,61,3,16,2,2,30.77,117.31,20.33
Karun Nair,Lalit Yadav,7,10,0,1,1,0,14.29,142.86,10.0
Karun Nair,Luke Wood,5,12,0,0,0,1,0.0,240.0,12.0
Karun Nair,Lungi Ngidi,7,12,1,3,2,0,42.86,171.43,12.0
Karun Nair,Malinda Pushpakumara,38,47,6,10,4,1,26.32,123.68,7.83
Karun Nair,Manav Suthar,2,3,0,0,0,0,0.0,150.0,3.0
Karun Nair,Marcus Stoinis,6,11,0,1,0,0,16.67,183.33,11.0
Karun Nair,Mitchell Starc,12,11,2,5,1,0,41.67,91.67,5.5
Karun Nair,Mohammed Siraj,3,4,1,1,0,0,33.33,133.33,4.0
Karun Nair,Mridul Surroch,12,25,0,4,2,2,33.33,208.33,25.0
Karun Nair,Mukhtar Hussain,9,18,0,2,1,1,22.22,200.0,18.0
Karun Nair,Nathan Ellis,10,20,1,3,1,2,30.0,200.0,20.0
Karun Nair,Nishan Peiris,4,5,1,2,1,0,50.0,125.0,5.0
Karun Nair,Nishant Sindhu,5,6,1,2,1,0,40.0,120.0,6.0
Karun Nair,Nitish Kumar Reddy,7,11,1,3,0,1,42.86,157.14,11.0
Karun Nair,Pat Cummins,3,3,0,1,0,0,33.33,100.0,3.0
Karun Nair,Prashant Veer,9,11,0,1,1,0,11.11,122.22,11.0
Karun Nair,Rachin Ravindra,4,9,0,0,0,1,0.0,225.0,9.0
Karun Nair,Ravindra Jadeja,4,1,1,3,0,0,75.0,25.0,1.0
Karun Nair,Sahan Arachchige,2,3,0,0,0,0,0.0,150.0,3.0
Karun Nair,Sairaj Patil,6,6,1,1,0,0,16.67,100.0,6.0
Karun Nair,Scott Curie,10,6,3,5,0,0,50.0,60.0,2.0
Karun Nair,Seekkuge Prasanna,4,6,0,0,0,0,0.0,150.0,6.0
Karun Nair,Shahbaz Ahmed,1,1,0,0,0,0,0.0,100.0,1.0
Karun Nair,Shardul Thakur,14,13,1,7,2,0,50.0,92.86,13.0
Karun Nair,Shiran Fernando,7,15,0,0,2,0,0.0,214.29,15.0
Karun Nair,Shivam Dube,1,1,0,0,0,0,0.0,100.0,1.0
Karun Nair,Shivam Mavi,10,13,0,1,1,0,10.0,130.0,13.0
Karun Nair,Sikandar Raza,3,6,0,0,1,0,0.0,200.0,6.0
Karun Nair,Sonny Baker,7,16,0,1,1,1,14.29,228.57,16.0
Karun Nair,Tanay Thyagarajan,11,20,2,3,3,0,27.27,181.82,10.0
Karun Nair,Vaibhav Arora,18,16,2,10,1,0,55.56,88.89,8.0
Karun Nair,Varun Chakravarthy,20,12,2,11,0,0,55.0,60.0,6.0
Karun Nair,Vishen Halambage,21,25,0,3,1,0,14.29,119.05,25.0
Karun Nair,Wanindu Hasaranga,6,9,0,3,0,1,50.0,150.0,9.0
Karun Nair,Washington Sundar,8,10,0,1,0,0,12.5,125.0,10.0
Karun Nair,Yuvraj Chaudhary,9,22,0,1,3,1,11.11,244.44,22.0
Khaleel Ahmed,CV Stephen,2,2,0,0,0,0,0.0,100.0,2.0
Khaleel Ahmed,Gurinder Singh,2,1,0,1,0,0,50.0,50.0,1.0
Khaleel Ahmed,Kranthi Kumar,3,2,0,1,0,0,33.33,66.67,2.0
Khaleel Ahmed,Kuldeep Yadav,1,1,0,0,0,0,0.0,100.0,1.0
Khaleel Ahmed,Mohammed Siraj,4,3,1,2,0,0,50.0,75.0,3.0
Khaleel Ahmed,Nitish Kumar Reddy,1,0,0,1,0,0,100.0,0.0,0.0
Khaleel Ahmed,Shiran Fernando,1,3,0,0,0,0,0.0,300.0,3.0
Khaleel Ahmed,Will Jacks,5,2,1,3,0,0,60.0,40.0,2.0
Kishan Lyngdoh,Adam Zampa,10,15,0,2,0,1,20.0,150.0,15.0
Kishan Lyngdoh,Akash Vasisht,6,7,0,0,0,0,0.0,116.67,7.0
Kishan Lyngdoh,Akeal Hosein,24,36,0,3,0,2,12.5,150.0,36.0
Kishan Lyngdoh,Anukul Roy,1,0,1,1,0,0,100.0,0.0,0.0
Kishan Lyngdoh,Ashok Sharma,45,54,0,8,0,2,17.78,120.0,54.0
Kishan Lyngdoh,Atit Sheth,9,5,1,4,0,0,44.44,55.56,5.0
Kishan Lyngdoh,Ben Stokes,7,13,0,0,0,1,0.0,185.71,13.0
Kishan Lyngdoh,Bhuvneshwar Kumar,22,55,0,1,8,1,4.55,250.0,55.0
Kishan Lyngdoh,Brian Bennett,4,9,0,0,1,0,0.0,225.0,9.0
Kishan Lyngdoh,CV Stephen,20,36,1,6,1,3,30.0,180.0,36.0
Kishan Lyngdoh,Cameron Green,5,9,0,0,1,0,0.0,180.0,9.0
Kishan Lyngdoh,Dunith Wellalage,4,8,0,1,1,0,25.0,200.0,8.0
Kishan Lyngdoh,Dushan Hemantha,4,7,0,2,0,1,50.0,175.0,7.0
Kishan Lyngdoh,Gangam Anikethreddy,3,2,1,1,0,0,33.33,66.67,2.0
Kishan Lyngdoh,Glenton Stuurman,3,3,0,0,0,0,0.0,100.0,3.0
Kishan Lyngdoh,Gurinder Singh,50,54,2,12,0,1,24.0,108.0,27.0
Kishan Lyngdoh,Gurnoor Singh Brar,2,2,0,0,0,0,0.0,100.0,2.0
Kishan Lyngdoh,Gus Atkinson,4,5,0,0,0,0,0.0,125.0,5.0
Kishan Lyngdoh,Hardik Pandya,26,62,0,5,4,5,19.23,238.46,62.0
Kishan Lyngdoh,Harpreet Brar,33,45,2,9,2,2,27.27,136.36,22.5
Kishan Lyngdoh,Harshal Patel,3,3,0,0,0,0,0.0,100.0,3.0
Kishan Lyngdoh,Ishant Sharma,10,14,0,3,0,1,30.0,140.0,14.0
Kishan Lyngdoh,Jaydev Unadkat,11,24,0,1,2,1,9.09,218.18,24.0
Kishan Lyngdoh,Joel Davies,8,10,1,3,0,0,37.5,125.0,10.0
Kishan Lyngdoh,Kagiso Rabada,1,0,1,1,0,0,100.0,0.0,0.0
Kishan Lyngdoh,Kangabam Priyojit Singh,6,13,0,0,2,0,0.0,216.67,13.0
Kishan Lyngdoh,Karan Lal,2,7,0,0,0,1,0.0,350.0,7.0
Kishan Lyngdoh,Khaleel Ahmed,4,9,0,1,0,1,25.0,225.0,9.0
Kishan Lyngdoh,Kranthi Kumar,6,6,1,2,0,0,33.33,100.0,6.0
Kishan Lyngdoh,Krunal Pandya,16,43,0,2,2,4,12.5,268.75,43.0
Kishan Lyngdoh,Kuldeep Yadav,71,84,6,20,4,2,28.17,118.31,14.0
Kishan Lyngdoh,Lalit Yadav,14,15,0,4,1,0,28.57,107.14,15.0
Kishan Lyngdoh,Liam Livingstone,3,6,0,2,0,1,66.67,200.0,6.0
Kishan Lyngdoh,Luke Wood,3,7,0,1,0,1,33.33,233.33,7.0
Kishan Lyngdoh,Lungi Ngidi,9,10,0,1,0,0,11.11,111.11,10.0
Kishan Lyngdoh,Malinda Pushpakumara,107,144,3,30,6,8,28.04,134.58,48.0
Kishan Lyngdoh,Marcus Stoinis,6,10,0,1,1,0,16.67,166.67,10.0
Kishan Lyngdoh,Mitchell Starc,4,4,0,0,0,0,0.0,100.0,4.0
Kishan Lyngdoh,Mohammed Siraj,19,32,1,7,3,2,36.84,168.42,32.0
Kishan Lyngdoh,Mridul Surroch,2,2,0,0,0,0,0.0,100.0,2.0
Kishan Lyngdoh,Mukhtar Hussain,10,23,1,1,1,2,10.0,230.0,23.0
Kishan Lyngdoh,Nitish Kumar Reddy,1,1,0,0,0,0,0.0,100.0,1.0
Kishan Lyngdoh,Pat Cummins,3,3,1,1,0,0,33.33,100.0,3.0
Kishan Lyngdoh,Prashant Veer,19,20,1,8,0,1,42.11,105.26,20.0
Kishan Lyngdoh,Rachin Ravindra,11,11,0,1,0,0,9.09,100.0,11.0
Kishan Lyngdoh,Rasikh Dar,1,1,0,0,0,0,0.0,100.0,1.0
Kishan Lyngdoh,Ravi Bishnoi,2,2,0,0,0,0,0.0,100.0,2.0
Kishan Lyngdoh,Ravindra Jadeja,21,24,1,5,1,0,23.81,114.29,24.0
Kishan Lyngdoh,Riyan Parag,7,18,0,1,3,0,14.29,257.14,18.0
Kishan Lyngdoh,Sahan Arachchige,45,82,0,12,4,6,26.67,182.22,82.0
Kishan Lyngdoh,Sairaj Patil,4,3,0,1,0,0,25.0,75.0,3.0
Kishan Lyngdoh,Sam Curran,22,30,1,5,2,1,22.73,136.36,30.0
Kishan Lyngdoh,Scott Curie,23,45,0,6,4,3,26.09,195.65,45.0
Kishan Lyngdoh,Seekkuge Prasanna,12,23,0,4,1,2,33.33,191.67,23.0
Kishan Lyngdoh,Shiran Fernando,7,14,1,2,1,1,28.57,200.0,14.0
Kishan Lyngdoh,Shivam Dube,2,2,0,0,0,0,0.0,100.0,2.0
Kishan Lyngdoh,Shivam Mavi,2,2,0,0,0,0,0.0,100.0,2.0
Kishan Lyngdoh,Suyash Sharma,11,23,0,1,1,1,9.09,209.09,23.0
Kishan Lyngdoh,Tanay Thyagarajan,23,27,1,6,0,1,26.09,117.39,27.0
Kishan Lyngdoh,Tilak Varma,1,0,1,1,0,0,100.0,0.0,0.0
Kishan Lyngdoh,Vaisakh Chandran,18,20,0,2,1,0,11.11,111.11,20.0
Kishan Lyngdoh,Varun Chakravarthy,19,26,1,3,0,1,15.79,136.84,26.0
Kishan Lyngdoh,Vishen Halambage,102,126,4,33,6,5,32.35,123.53,31.5
Kishan Lyngdoh,Wanindu Hasaranga,45,64,0,9,5,1,20.0,142.22,64.0
Kishan Lyngdoh,Washington Sundar,23,28,1,5,2,0,21.74,121.74,28.0
Kishan Lyngdoh,Will Jacks,23,41,1,4,3,2,17.39,178.26,41.0
Kishan Lyngdoh,Yuvraj Chaudhary,11,14,1,2,0,1,18.18,127.27,14.0
Kranthi Kumar,Adam Zampa,1,0,1,1,0,0,100.0,0.0,0.0
Kranthi Kumar,Adil Rashid,16,22,0,4,1,1,25.0,137.5,22.0
Kranthi Kumar,Aiden Markram,6,7,0,1,0,0,16.67,116.67,7.0
Kranthi Kumar,Ajay Dev Goud,1,1,1,1,0,0,100.0,100.0,1.0
Kranthi Kumar,Akeal Hosein,21,27,1,6,3,0,28.57,128.57,27.0
Kranthi Kumar,Allah Ghazanfar,9,22,1,2,4,0,22.22,244.44,22.0
Kranthi Kumar,Anrich Nortje,21,36,0,4,3,1,19.05,171.43,36.0
Kranthi Kumar,Anukul Roy,3,2,1,1,0,0,33.33,66.67,2.0
Kranthi Kumar,Arpit Vasavada,1,0,1,1,0,0,100.0,0.0,0.0
Kranthi Kumar,Ashok Sharma,15,17,4,4,1,0,26.67,113.33,4.25
Kranthi Kumar,Atit Sheth,3,2,0,2,0,0,66.67,66.67,2.0
Kranthi Kumar,Auqib Nabi,41,66,2,11,4,4,26.83,160.98,33.0
Kranthi Kumar,Avinov Choudhary,29,28,4,13,2,1,44.83,96.55,7.0
Kranthi Kumar,Axar Patel,11,9,1,4,0,0,36.36,81.82,9.0
Kranthi Kumar,Ben Stokes,1,0,1,1,0,0,100.0,0.0,0.0
Kranthi Kumar,Bhuvneshwar Kumar,22,26,2,8,3,0,36.36,118.18,13.0
Kranthi Kumar,Binura Fernando,10,26,0,0,1,2,0.0,260.0,26.0
Kranthi Kumar,CV Stephen,20,22,3,9,0,2,45.0,110.0,7.33
Kranthi Kumar,Chetan Sakariya,8,17,0,2,2,1,25.0,212.5,17.0
Kranthi Kumar,Corbin Bosch,1,1,0,0,0,0,0.0,100.0,1.0
Kranthi Kumar,Dian Forrester,10,16,1,2,2,0,20.0,160.0,16.0
Kranthi Kumar,Donovan Ferreira,3,7,0,1,0,1,33.33,233.33,7.0
Kranthi Kumar,Duan Jansen,2,2,0,0,0,0,0.0,100.0,2.0
Kranthi Kumar,Dushan Hemantha,4,8,1,1,0,1,25.0,200.0,8.0
Kranthi Kumar,Eshan Malinga,5,10,0,0,1,0,0.0,200.0,10.0
Kranthi Kumar,Glenn Phillips,12,15,1,2,1,0,16.67,125.0,15.0
Kranthi Kumar,Glenton Stuurman,4,3,0,1,0,0,25.0,75.0,3.0
Kranthi Kumar,Gurinder Singh,13,18,3,5,0,2,38.46,138.46,6.0
Kranthi Kumar,Gus Atkinson,8,15,0,1,2,0,12.5,187.5,15.0
Kranthi Kumar,Hardik Pandya,9,25,0,0,3,1,0.0,277.78,25.0
Kranthi Kumar,Harpreet Brar,14,15,1,3,1,0,21.43,107.14,15.0
Kranthi Kumar,Harsh Dubey,12,13,0,5,0,1,41.67,108.33,13.0
Kranthi Kumar,Harshal Patel,7,13,0,2,1,1,28.57,185.71,13.0
Kranthi Kumar,Ishant Sharma,1,1,0,0,0,0,0.0,100.0,1.0
Kranthi Kumar,Jacob Bethell,3,6,0,0,1,0,0.0,200.0,6.0
Kranthi Kumar,Jacob Duffy,2,7,0,0,0,1,0.0,350.0,7.0
Kranthi Kumar,Jacques Snyman,2,1,1,1,0,0,50.0,50.0,1.0
Kranthi Kumar,Jason Holder,14,44,0,1,2,4,7.14,314.29,44.0
Kranthi Kumar,Joel Davies,3,2,0,1,0,0,33.33,66.67,2.0
Kranthi Kumar,Josh Hazlewood,22,44,1,7,2,4,31.82,200.0,44.0
Kranthi Kumar,Kagiso Rabada,2,7,0,0,1,0,0.0,350.0,7.0
Kranthi Kumar,Khaleel Ahmed,7,10,1,1,1,0,14.29,142.86,10.0
Kranthi Kumar,Kranthi Kumar,50,76,0,16,8,3,32.0,152.0,76.0
Kranthi Kumar,Krunal Pandya,6,7,0,1,0,0,16.67,116.67,7.0
Kranthi Kumar,Kuldeep Yadav,14,32,1,2,1,3,14.29,228.57,32.0
Kranthi Kumar,Lockie Ferguson,4,8,0,1,0,1,25.0,200.0,8.0
Kranthi Kumar,Lone Nasir Muzaffar,3,2,0,1,0,0,33.33,66.67,2.0
Kranthi Kumar,Lungi Ngidi,12,26,0,0,0,2,0.0,216.67,26.0
Kranthi Kumar,Malinda Pushpakumara,16,31,0,1,0,2,6.25,193.75,31.0
Kranthi Kumar,Manav Suthar,1,1,0,0,0,0,0.0,100.0,1.0
Kranthi Kumar,Manisankar Murasingh,2,5,0,0,1,0,0.0,250.0,5.0
Kranthi Kumar,Matt Henry,5,6,0,2,1,0,40.0,120.0,6.0
Kranthi Kumar,Mitchell Marsh,2,2,0,0,0,0,0.0,100.0,2.0
Kranthi Kumar,Mitchell Starc,10,7,1,5,0,0,50.0,70.0,7.0
Kranthi Kumar,Mohammed Shami,33,52,3,6,4,1,18.18,157.58,17.33
Kranthi Kumar,Mohammed Siraj,6,7,1,3,1,0,50.0,116.67,7.0
Kranthi Kumar,Mridul Surroch,5,7,0,0,0,0,0.0,140.0,7.0
Kranthi Kumar,Mukesh Kumar,12,26,0,0,1,2,0.0,216.67,26.0
Kranthi Kumar,Mukhtar Hussain,5,9,1,1,0,1,20.0,180.0,9.0
Kranthi Kumar,Nathan Ellis,3,3,0,0,0,0,0.0,100.0,3.0
Kranthi Kumar,Nitish Kumar Reddy,67,137,2,19,8,11,28.36,204.48,68.5
Kranthi Kumar,Ottneil Baartman,4,5,0,0,0,0,0.0,125.0,5.0
Kranthi Kumar,Pat Cummins,11,8,2,5,0,0,45.45,72.73,4.0
Kranthi Kumar,Prabath Jayasuriya,11,12,0,4,0,1,36.36,109.09,12.0
Kranthi Kumar,Praveen Jayawickrama,8,9,0,1,0,0,12.5,112.5,9.0
Kranthi Kumar,Prince Yadav,23,33,4,8,5,0,34.78,143.48,8.25
Kranthi Kumar,Rachin Ravindra,4,4,0,0,0,0,0.0,100.0,4.0
Kranthi Kumar,Raj Angad Bawa,3,9,0,0,2,0,0.0,300.0,9.0
Kranthi Kumar,Ramakrishna Ghosh,5,11,0,0,0,1,0.0,220.0,11.0
Kranthi Kumar,Rashid Khan,18,29,1,3,0,2,16.67,161.11,29.0
Kranthi Kumar,Rasikh Dar,1,1,0,0,0,0,0.0,100.0,1.0
Kranthi Kumar,Ravi Bishnoi,6,6,0,1,0,0,16.67,100.0,6.0
Kranthi Kumar,Riyan Parag,1,1,0,0,0,0,0.0,100.0,1.0
Kranthi Kumar,Sairaj Patil,10,15,0,1,1,0,10.0,150.0,15.0
Kranthi Kumar,Sam Curran,6,14,1,1,1,1,16.67,233.33,14.0
Kranthi Kumar,Seekkuge Prasanna,5,5,1,2,0,0,40.0,100.0,5.0
Kranthi Kumar,Shiran Fernando,16,29,3,5,4,1,31.25,181.25,9.67
Kranthi Kumar,Shivam Dube,3,3,0,0,0,0,0.0,100.0,3.0
Kranthi Kumar,Shivam Mavi,10,12,0,1,1,0,10.0,120.0,12.0
Kranthi Kumar,Shivam Shukla,4,15,0,0,3,0,0.0,375.0,15.0
Kranthi Kumar,Shubham Agarwal,8,5,0,4,0,0,50.0,62.5,5.0
Kranthi Kumar,Sonny Baker,6,8,1,1,1,0,16.67,133.33,8.0
Kranthi Kumar,Sunil Narine,28,33,1,9,2,1,32.14,117.86,33.0
Kranthi Kumar,Umran Malik,6,6,1,1,0,0,16.67,100.0,6.0
Kranthi Kumar,Varun Chakravarthy,6,7,1,2,0,0,33.33,116.67,7.0
Kranthi Kumar,Vasuki Koushik,5,10,1,1,0,1,20.0,200.0,10.0
Kranthi Kumar,Vicky Ostwal,3,4,0,0,0,0,0.0,133.33,4.0
Kranthi Kumar,Vignesh Puthur,4,14,0,0,0,2,0.0,350.0,14.0
Kranthi Kumar,Vipraj Nigam,2,2,0,0,0,0,0.0,100.0,2.0
Kranthi Kumar,Vishen Halambage,32,58,3,5,5,2,15.62,181.25,19.33
Kranthi Kumar,Wanindu Hasaranga,11,11,3,5,0,1,45.45,100.0,3.67
Kranthi Kumar,Washington Sundar,4,3,1,1,0,0,25.0,75.0,3.0
Kranthi Kumar,Will Jacks,27,43,1,8,4,2,29.63,159.26,43.0
Kranthi Kumar,Yuzvendra Chahal,2,2,0,0,0,0,0.0,100.0,2.0
Kranthi Kumar,Zeeshan Ansari,6,11,0,1,2,0,16.67,183.33,11.0
Krishnappa Gowtham,Adam Zampa,1,1,0,0,0,0,0.0,100.0,1.0
Krishnappa Gowtham,Ben Stokes,5,6,0,0,0,0,0.0,120.0,6.0
Krishnappa Gowtham,Jofra Archer,3,4,0,0,0,0,0.0,133.33,4.0
Krishnappa Gowtham,Matt Henry,2,1,1,1,0,0,50.0,50.0,1.0
Krishnappa Gowtham,Mitchell Starc,2,3,0,0,0,0,0.0,150.0,3.0
Krishnappa Gowtham,Nathan Ellis,1,0,1,1,0,0,100.0,0.0,0.0
Krishnappa Gowtham,Prashant Veer,3,3,1,1,0,0,33.33,100.0,3.0
Krishnappa Gowtham,Praveen Jayawickrama,1,0,0,1,0,0,100.0,0.0,0.0
Krishnappa Gowtham,Sakib Hussain,2,2,0,0,0,0,0.0,100.0,2.0
Krishnappa Gowtham,Shiran Fernando,1,0,0,1,0,0,100.0,0.0,0.0
Krishnappa Gowtham,Tilak Varma,2,1,1,1,0,0,50.0,50.0,1.0
Krishnappa Gowtham,Varun Chakravarthy,6,10,0,1,0,1,16.67,166.67,10.0
Krunal Pandya,Adam Zampa,15,22,0,1,2,0,6.67,146.67,22.0
Krunal Pandya,Akash Vasisht,8,10,1,4,2,0,50.0,125.0,10.0
Krunal Pandya,Akeal Hosein,36,66,1,6,2,4,16.67,183.33,66.0
Krunal Pandya,Anukul Roy,6,7,0,2,1,0,33.33,116.67,7.0
Krunal Pandya,Arpit Vasavada,7,12,0,0,1,0,0.0,171.43,12.0
Krunal Pandya,Arshdeep Singh,1,0,1,1,0,0,100.0,0.0,0.0
Krunal Pandya,Ashok Sharma,20,15,2,9,1,0,45.0,75.0,7.5
Krunal Pandya,Atit Sheth,7,3,3,4,0,0,57.14,42.86,1.0
Krunal Pandya,Avinov Choudhary,13,20,1,3,3,0,23.08,153.85,20.0
Krunal Pandya,Axar Patel,26,23,0,9,0,1,34.62,88.46,23.0
Krunal Pandya,Bhuvneshwar Kumar,1,1,0,0,0,0,0.0,100.0,1.0
Krunal Pandya,Binura Fernando,10,20,1,1,2,1,10.0,200.0,20.0
Krunal Pandya,CV Stephen,10,13,1,1,1,0,10.0,130.0,13.0
Krunal Pandya,Chetan Sakariya,2,4,1,1,1,0,50.0,200.0,4.0
Krunal Pandya,Cooper Connolly,5,12,0,1,1,1,20.0,240.0,12.0
Krunal Pandya,Dian Forrester,20,51,0,2,2,5,10.0,255.0,51.0
Krunal Pandya,Dinuka Dilshan,7,13,0,2,1,1,28.57,185.71,13.0
Krunal Pandya,Donovan Ferreira,9,16,0,4,2,1,44.44,177.78,16.0
Krunal Pandya,Dushan Hemantha,17,22,2,8,0,2,47.06,129.41,11.0
Krunal Pandya,Gangam Anikethreddy,3,2,0,2,0,0,66.67,66.67,2.0
Krunal Pandya,Glenn Phillips,4,6,0,0,0,0,0.0,150.0,6.0
Krunal Pandya,Glenton Stuurman,4,5,0,0,0,0,0.0,125.0,5.0
Krunal Pandya,Gurinder Singh,25,17,4,10,0,0,40.0,68.0,4.25
Krunal Pandya,Hardik Pandya,8,13,0,0,0,0,0.0,162.5,13.0
Krunal Pandya,Harpreet Brar,16,24,1,2,3,0,12.5,150.0,24.0
Krunal Pandya,Harsh Dubey,6,2,2,4,0,0,66.67,33.33,1.0
Krunal Pandya,Harshal Patel,3,12,0,0,3,0,0.0,400.0,12.0
Krunal Pandya,Jacob Duffy,1,1,0,0,0,0,0.0,100.0,1.0
Krunal Pandya,Jamie Overton,5,19,0,0,2,1,0.0,380.0,19.0
Krunal Pandya,Jasprit Bumrah,7,7,1,3,1,0,42.86,100.0,7.0
Krunal Pandya,Jaydev Unadkat,1,2,0,0,0,0,0.0,200.0,2.0
Krunal Pandya,Joel Davies,8,20,0,0,2,1,0.0,250.0,20.0
Krunal Pandya,Josh Hazlewood,5,5,1,1,0,0,20.0,100.0,5.0
Krunal Pandya,Kagiso Rabada,2,1,0,1,0,0,50.0,50.0,1.0
Krunal Pandya,Karan Lal,7,16,0,1,2,0,14.29,228.57,16.0
Krunal Pandya,Kranthi Kumar,13,16,1,6,1,1,46.15,123.08,16.0
Krunal Pandya,Krishnappa Gowtham,8,21,0,2,1,2,25.0,262.5,21.0
Krunal Pandya,Kuldeep Yadav,29,41,4,10,3,2,34.48,141.38,10.25
Krunal Pandya,Liam Livingstone,4,15,0,0,2,1,0.0,375.0,15.0
Krunal Pandya,Lungi Ngidi,8,7,2,2,0,0,25.0,87.5,3.5
Krunal Pandya,Malinda Pushpakumara,23,40,1,8,6,1,34.78,173.91,40.0
Krunal Pandya,Manav Suthar,2,0,1,2,0,0,100.0,0.0,0.0
Krunal Pandya,Marcus Stoinis,8,7,0,2,0,0,25.0,87.5,7.0
Krunal Pandya,Matheesha Pathirana,22,33,0,5,1,2,22.73,150.0,33.0
Krunal Pandya,Matt Henry,3,4,0,0,0,0,0.0,133.33,4.0
Krunal Pandya,Matt Short,3,3,0,0,0,0,0.0,100.0,3.0
Krunal Pandya,Mitchell Marsh,1,1,0,0,0,0,0.0,100.0,1.0
Krunal Pandya,Mitchell Starc,24,35,3,8,2,2,33.33,145.83,11.67
Krunal Pandya,Mohammed Shami,13,25,0,1,0,2,7.69,192.31,25.0
Krunal Pandya,Mohammed Siraj,10,22,1,3,0,3,30.0,220.0,22.0
Krunal Pandya,Nathan Ellis,17,28,2,5,1,2,29.41,164.71,14.0
Krunal Pandya,Nishant Sindhu,3,2,0,1,0,0,33.33,66.67,2.0
Krunal Pandya,Nitish Kumar Reddy,7,17,0,1,2,1,14.29,242.86,17.0
Krunal Pandya,Pat Cummins,6,10,1,1,1,0,16.67,166.67,10.0
Krunal Pandya,Prabath Jayasuriya,10,11,1,4,0,1,40.0,110.0,11.0
Krunal Pandya,Prashant Veer,10,8,2,6,1,0,60.0,80.0,4.0
Krunal Pandya,Praveen Jayawickrama,9,24,0,1,2,2,11.11,266.67,24.0
Krunal Pandya,Rachin Ravindra,11,19,2,6,0,2,54.55,172.73,9.5
Krunal Pandya,Raj Angad Bawa,8,16,0,0,0,1,0.0,200.0,16.0
Krunal Pandya,Rashid Khan,9,18,0,2,2,1,22.22,200.0,18.0
Krunal Pandya,Rasikh Dar,9,9,1,4,1,0,44.44,100.0,9.0
Krunal Pandya,Ravi Bishnoi,7,14,1,1,1,1,14.29,200.0,14.0
Krunal Pandya,Ravindra Jadeja,16,26,1,3,3,0,18.75,162.5,26.0
Krunal Pandya,Sahan Arachchige,27,30,3,8,1,1,29.63,111.11,10.0
Krunal Pandya,Sairaj Patil,10,12,0,0,0,0,0.0,120.0,12.0
Krunal Pandya,Sam Curran,4,9,0,1,2,0,25.0,225.0,9.0
Krunal Pandya,Sanvir Singh,4,7,0,0,0,0,0.0,175.0,7.0
Krunal Pandya,Sayan Ghosh,4,3,0,1,0,0,25.0,75.0,3.0
Krunal Pandya,Scott Curie,1,0,1,1,0,0,100.0,0.0,0.0
Krunal Pandya,Seekkuge Prasanna,5,19,0,1,0,3,20.0,380.0,19.0
Krunal Pandya,Shahbaz Ahmed,8,13,0,2,0,1,25.0,162.5,13.0
Krunal Pandya,Shiran Fernando,16,27,1,2,2,1,12.5,168.75,27.0
Krunal Pandya,Shivam Mavi,7,16,0,2,0,2,28.57,228.57,16.0
Krunal Pandya,Shivam Shukla,3,2,0,1,0,0,33.33,66.67,2.0
Krunal Pandya,Shubham Agarwal,9,20,0,0,1,1,0.0,222.22,20.0
Krunal Pandya,Sonny Baker,12,32,0,3,1,4,25.0,266.67,32.0
Krunal Pandya,Sunil Narine,17,30,0,2,1,2,11.76,176.47,30.0
Krunal Pandya,Tanay Thyagarajan,6,10,1,1,0,1,16.67,166.67,10.0
Krunal Pandya,Tilak Varma,4,5,0,0,0,0,0.0,125.0,5.0
Krunal Pandya,Vaisakh Chandran,1,1,0,0,0,0,0.0,100.0,1.0
Krunal Pandya,Vishen Halambage,9,13,2,3,0,1,33.33,144.44,6.5
Krunal Pandya,Wanindu Hasaranga,16,21,2,6,0,2,37.5,131.25,10.5
Krunal Pandya,Washington Sundar,23,34,1,6,3,1,26.09,147.83,34.0
Kuldeep Yadav,Adam Zampa,9,7,0,5,0,0,55.56,77.78,7.0
Kuldeep Yadav,Arpit Vasavada,10,11,0,3,0,0,30.0,110.0,11.0
Kuldeep Yadav,Atit Sheth,4,2,1,3,0,0,75.0,50.0,2.0
Kuldeep Yadav,Axar Patel,9,6,1,4,0,0,44.44,66.67,6.0
Kuldeep Yadav,Bhuvneshwar Kumar,14,10,2,8,1,0,57.14,71.43,5.0
Kuldeep Yadav,Brian Bennett,3,3,0,0,0,0,0.0,100.0,3.0
Kuldeep Yadav,CV Stephen,10,5,2,7,0,0,70.0,50.0,2.5
Kuldeep Yadav,Cameron Green,5,8,0,1,1,0,20.0,160.0,8.0
Kuldeep Yadav,Dian Forrester,8,7,0,4,0,0,50.0,87.5,7.0
Kuldeep Yadav,Donovan Ferreira,3,1,0,2,0,0,66.67,33.33,1.0
Kuldeep Yadav,Dushan Hemantha,4,4,0,1,0,0,25.0,100.0,4.0
Kuldeep Yadav,Gurinder Singh,1,0,1,1,0,0,100.0,0.0,0.0
Kuldeep Yadav,Hardik Pandya,4,4,1,3,1,0,75.0,100.0,4.0
Kuldeep Yadav,Harpreet Brar,8,6,0,4,0,0,50.0,75.0,6.0
Kuldeep Yadav,Harsh Dubey,1,0,1,1,0,0,100.0,0.0,0.0
Kuldeep Yadav,Harshal Patel,4,0,2,4,0,0,100.0,0.0,0.0
Kuldeep Yadav,Ishant Sharma,1,0,1,1,0,0,100.0,0.0,0.0
Kuldeep Yadav,Jamie Overton,3,3,0,1,0,0,33.33,100.0,3.0
Kuldeep Yadav,Jason Holder,2,3,0,1,0,0,50.0,150.0,3.0
Kuldeep Yadav,Joel Davies,1,0,1,1,0,0,100.0,0.0,0.0
Kuldeep Yadav,Josh Hazlewood,6,5,0,2,0,0,33.33,83.33,5.0
Kuldeep Yadav,Kranthi Kumar,7,16,0,1,1,1,14.29,228.57,16.0
Kuldeep Yadav,Lalit Yadav,4,6,1,2,1,0,50.0,150.0,6.0
Kuldeep Yadav,Lungi Ngidi,7,8,2,3,1,0,42.86,114.29,4.0
Kuldeep Yadav,Malinda Pushpakumara,6,3,2,3,0,0,50.0,50.0,1.5
Kuldeep Yadav,Matheesha Pathirana,11,6,1,7,0,0,63.64,54.55,6.0
Kuldeep Yadav,Matt Henry,3,0,1,3,0,0,100.0,0.0,0.0
Kuldeep Yadav,Mitchell Starc,7,6,2,4,0,0,57.14,85.71,3.0
Kuldeep Yadav,Mohammed Shami,13,19,1,5,3,0,38.46,146.15,19.0
Kuldeep Yadav,Mohammed Siraj,14,4,1,12,0,0,85.71,28.57,4.0
Kuldeep Yadav,Mridul Surroch,2,3,0,0,0,0,0.0,150.0,3.0
Kuldeep Yadav,Nathan Ellis,14,18,2,7,0,2,50.0,128.57,9.0
Kuldeep Yadav,Nitish Kumar Reddy,7,6,1,3,0,0,42.86,85.71,6.0
Kuldeep Yadav,Noor Ahmad,3,5,1,1,1,0,33.33,166.67,5.0
Kuldeep Yadav,Ottneil Baartman,2,2,0,1,0,0,50.0,100.0,2.0
Kuldeep Yadav,Prashant Veer,2,3,0,0,0,0,0.0,150.0,3.0
Kuldeep Yadav,Praveen Jayawickrama,3,6,1,2,0,1,66.67,200.0,6.0
Kuldeep Yadav,Rashid Khan,16,20,0,5,1,0,31.25,125.0,20.0
Kuldeep Yadav,Ravi Bishnoi,3,2,0,1,0,0,33.33,66.67,2.0
Kuldeep Yadav,Sahan Arachchige,13,10,1,7,0,0,53.85,76.92,10.0
Kuldeep Yadav,Sam Curran,9,7,0,3,0,0,33.33,77.78,7.0
Kuldeep Yadav,Sanvir Singh,3,5,0,0,0,0,0.0,166.67,5.0
Kuldeep Yadav,Scott Curie,10,7,1,4,0,0,40.0,70.0,7.0
Kuldeep Yadav,Seekkuge Prasanna,8,8,0,2,0,0,25.0,100.0,8.0
Kuldeep Yadav,Shahbaz Ahmed,6,6,0,3,0,0,50.0,100.0,6.0
Kuldeep Yadav,Sonny Baker,3,4,0,0,0,0,0.0,133.33,4.0
Kuldeep Yadav,Sunil Narine,3,0,1,3,0,0,100.0,0.0,0.0
Kuldeep Yadav,Suryansh Shedge,5,11,0,1,2,0,20.0,220.0,11.0
Kuldeep Yadav,Vishen Halambage,8,10,1,1,0,0,12.5,125.0,10.0
Kuldeep Yadav,Wanindu Hasaranga,5,4,0,4,1,0,80.0,80.0,4.0
Kuldeep Yadav,Will Jacks,2,0,1,2,0,0,100.0,0.0,0.0
Kumar Kushagra,Abdul Samad,3,2,0,1,0,0,33.33,66.67,2.0
Kumar Kushagra,Abhishek Sharma,2,6,1,1,0,1,50.0,300.0,6.0
Kumar Kushagra,Adam Zampa,4,11,0,1,1,1,25.0,275.0,11.0
Kumar Kushagra,Akeal Hosein,21,50,1,6,4,4,28.57,238.1,50.0
Kumar Kushagra,Allah Ghazanfar,10,15,0,4,1,1,40.0,150.0,15.0
Kumar Kushagra,Amila Aponso,4,5,0,0,0,0,0.0,125.0,5.0
Kumar Kushagra,Anrich Nortje,15,21,0,4,0,1,26.67,140.0,21.0
Kumar Kushagra,Anukul Roy,14,8,0,6,0,0,42.86,57.14,8.0
Kumar Kushagra,Arjun Tendulkar,5,3,0,3,0,0,60.0,60.0,3.0
Kumar Kushagra,Arshdeep Singh,9,17,0,5,1,2,55.56,188.89,17.0
Kumar Kushagra,Ashok Sharma,46,66,5,12,3,3,26.09,143.48,13.2
Kumar Kushagra,Atit Sheth,48,62,1,6,2,1,12.5,129.17,62.0
Kumar Kushagra,Auqib Nabi,14,19,1,6,2,1,42.86,135.71,19.0
Kumar Kushagra,Avesh Khan,15,29,1,6,5,1,40.0,193.33,29.0
Kumar Kushagra,Avinov Choudhary,44,63,1,16,3,4,36.36,143.18,63.0
Kumar Kushagra,Ben Stokes,12,20,0,3,1,1,25.0,166.67,20.0
Kumar Kushagra,Bhuvneshwar Kumar,25,30,2,10,2,1,40.0,120.0,15.0
Kumar Kushagra,Brian Bennett,3,3,0,1,0,0,33.33,100.0,3.0
Kumar Kushagra,CV Stephen,24,31,1,7,1,2,29.17,129.17,31.0
Kumar Kushagra,Cameron Green,18,27,0,5,0,2,27.78,150.0,27.0
Kumar Kushagra,Codanda Ajit Karthik,2,1,1,1,0,0,50.0,50.0,1.0
Kumar Kushagra,Corbin Bosch,16,26,1,3,2,1,18.75,162.5,26.0
Kumar Kushagra,Darshan Nalkande,7,18,0,2,1,2,28.57,257.14,18.0
Kumar Kushagra,Deepak Chahar,7,8,0,1,0,0,14.29,114.29,8.0
Kumar Kushagra,Delano Potgieter,3,3,0,1,0,0,33.33,100.0,3.0
Kumar Kushagra,Dian Forrester,11,15,1,5,1,1,45.45,136.36,15.0
Kumar Kushagra,Dinuka Dilshan,2,1,0,1,0,0,50.0,50.0,1.0
Kumar Kushagra,Dushan Hemantha,52,88,1,15,4,6,28.85,169.23,88.0
Kumar Kushagra,Glenton Stuurman,8,8,0,3,1,0,37.5,100.0,8.0
Kumar Kushagra,Gurinder Singh,10,27,1,1,4,1,10.0,270.0,27.0
Kumar Kushagra,Gus Atkinson,12,9,2,5,0,0,41.67,75.0,4.5
Kumar Kushagra,Hardik Pandya,10,11,1,2,0,0,20.0,110.0,11.0
Kumar Kushagra,Harpreet Brar,23,22,3,8,1,0,34.78,95.65,7.33
Kumar Kushagra,Harsh Dubey,28,51,1,13,5,4,46.43,182.14,51.0
Kumar Kushagra,Harshit Rana,12,12,0,3,0,0,25.0,100.0,12.0
Kumar Kushagra,Jacob Duffy,4,6,0,1,1,0,25.0,150.0,6.0
Kumar Kushagra,Jamie Overton,1,0,1,1,0,0,100.0,0.0,0.0
Kumar Kushagra,Jason Holder,5,9,1,1,0,1,20.0,180.0,9.0
Kumar Kushagra,Joel Davies,4,6,1,1,1,0,25.0,150.0,6.0
Kumar Kushagra,Jofra Archer,5,10,0,0,0,1,0.0,200.0,10.0
Kumar Kushagra,Josh Hazlewood,29,50,0,9,4,3,31.03,172.41,50.0
Kumar Kushagra,KC Cariappa,6,6,0,1,0,0,16.67,100.0,6.0
Kumar Kushagra,Kagiso Rabada,18,29,0,1,0,1,5.56,161.11,29.0
Kumar Kushagra,Karan Lal,2,5,0,0,1,0,0.0,250.0,5.0
Kumar Kushagra,Khaleel Ahmed,7,18,0,1,0,2,14.29,257.14,18.0
Kumar Kushagra,Kranthi Kumar,29,29,0,13,1,1,44.83,100.0,29.0
Kumar Kushagra,Krunal Pandya,21,21,0,8,1,0,38.1,100.0,21.0
Kumar Kushagra,Kuldeep Yadav,38,60,2,11,5,2,28.95,157.89,30.0
Kumar Kushagra,Lalit Yadav,3,7,0,1,0,1,33.33,233.33,7.0
Kumar Kushagra,Liam Livingstone,13,28,0,1,1,2,7.69,215.38,28.0
Kumar Kushagra,Lockie Ferguson,9,12,0,2,0,0,22.22,133.33,12.0
Kumar Kushagra,Malinda Pushpakumara,15,8,4,10,0,0,66.67,53.33,2.0
Kumar Kushagra,Manisankar Murasingh,8,11,0,0,0,0,0.0,137.5,11.0
Kumar Kushagra,Matthew Forde,4,3,0,2,0,0,50.0,75.0,3.0
Kumar Kushagra,Mohammed Siraj,109,134,5,30,8,2,27.52,122.94,26.8
Kumar Kushagra,Mohsin Khan,1,0,1,1,0,0,100.0,0.0,0.0
Kumar Kushagra,Mukesh Kumar,11,34,0,1,1,4,9.09,309.09,34.0
Kumar Kushagra,Nathan Ellis,1,0,1,1,0,0,100.0,0.0,0.0
Kumar Kushagra,Nishan Peiris,3,4,0,0,0,0,0.0,133.33,4.0
Kumar Kushagra,Nitish Kumar Reddy,25,45,0,2,4,1,8.0,180.0,45.0
Kumar Kushagra,Prabath Jayasuriya,2,2,0,1,0,0,50.0,100.0,2.0
Kumar Kushagra,Prashant Veer,5,8,0,2,0,1,40.0,160.0,8.0
Kumar Kushagra,Praveen Jayawickrama,7,5,2,5,1,0,71.43,71.43,2.5
Kumar Kushagra,Prince Yadav,2,5,0,0,1,0,0.0,250.0,5.0
Kumar Kushagra,Ramakrishna Ghosh,10,27,0,1,1,3,10.0,270.0,27.0
Kumar Kushagra,Rasikh Dar,36,58,0,8,3,3,22.22,161.11,58.0
Kumar Kushagra,Ravi Bishnoi,25,34,1,9,2,2,36.0,136.0,34.0
Kumar Kushagra,Ravindra Jadeja,11,11,0,2,0,0,18.18,100.0,11.0
Kumar Kushagra,Riyan Parag,9,7,0,2,0,0,22.22,77.78,7.0
Kumar Kushagra,Sahan Arachchige,55,91,3,16,8,4,29.09,165.45,30.33
Kumar Kushagra,Sakib Hussain,12,27,0,3,1,3,25.0,225.0,27.0
Kumar Kushagra,Sam Curran,22,38,1,5,3,1,22.73,172.73,38.0
Kumar Kushagra,Samant Jakhar,3,2,1,1,0,0,33.33,66.67,2.0
Kumar Kushagra,Scott Curie,7,8,2,3,1,0,42.86,114.29,4.0
Kumar Kushagra,Shardul Thakur,3,3,0,1,0,0,33.33,100.0,3.0
Kumar Kushagra,Shiran Fernando,15,29,0,1,1,1,6.67,193.33,29.0
Kumar Kushagra,Shivam Dube,4,5,0,0,0,0,0.0,125.0,5.0
Kumar Kushagra,Shivam Mavi,12,29,0,2,4,1,16.67,241.67,29.0
Kumar Kushagra,Shivang Kumar,4,2,0,2,0,0,50.0,50.0,2.0
Kumar Kushagra,Sonny Baker,22,23,5,9,1,1,40.91,104.55,4.6
Kumar Kushagra,Sunil Narine,11,12,0,4,0,1,36.36,109.09,12.0
Kumar Kushagra,Suryansh Shedge,6,8,0,1,0,0,16.67,133.33,8.0
Kumar Kushagra,Suyash Sharma,3,4,0,1,0,0,33.33,133.33,4.0
Kumar Kushagra,Tanay Thyagarajan,5,9,0,0,1,0,0.0,180.0,9.0
Kumar Kushagra,Vaibhav Arora,17,31,0,3,3,1,17.65,182.35,31.0
Kumar Kushagra,Varun Chakravarthy,34,38,3,15,2,1,44.12,111.76,12.67
Kumar Kushagra,Vishen Halambage,15,7,3,9,0,0,60.0,46.67,2.33
Kumar Kushagra,Wanindu Hasaranga,25,29,2,12,1,1,48.0,116.0,14.5
Kumar Kushagra,Washington Sundar,22,40,2,8,1,4,36.36,181.82,20.0
Kumar Kushagra,Will Jacks,27,32,4,10,3,1,37.04,118.52,8.0
Kunal Chandela,Aaron Hardie,4,11,0,0,0,1,0.0,275.0,11.0
Kunal Chandela,Adam Zampa,14,12,2,4,0,0,28.57,85.71,6.0
Kunal Chandela,Akash Vasisht,4,5,1,1,0,0,25.0,125.0,5.0
Kunal Chandela,Akeal Hosein,32,61,1,3,5,2,9.38,190.62,61.0
Kunal Chandela,Amila Aponso,12,31,1,2,2,3,16.67,258.33,31.0
Kunal Chandela,Ankit Kumar,0,1,0,0,0,0,0.0,0.0,1.0
Kunal Chandela,Anrich Nortje,2,1,0,1,0,0,50.0,50.0,1.0
Kunal Chandela,Anshul Kamboj,7,11,0,1,1,0,14.29,157.14,11.0
Kunal Chandela,Arjun Tendulkar,19,39,0,4,2,3,21.05,205.26,39.0
Kunal Chandela,Arpit Vasavada,16,34,1,5,0,4,31.25,212.5,34.0
Kunal Chandela,Arshdeep Singh,12,18,1,6,2,1,50.0,150.0,18.0
Kunal Chandela,Ashok Sharma,19,20,1,9,0,2,47.37,105.26,20.0
Kunal Chandela,Atit Sheth,10,13,1,5,1,1,50.0,130.0,13.0
Kunal Chandela,Axar Patel,5,9,1,1,1,0,20.0,180.0,9.0
Kunal Chandela,Ben Stokes,24,43,1,7,4,2,29.17,179.17,43.0
Kunal Chandela,Bhuvneshwar Kumar,59,78,2,23,4,4,38.98,132.2,39.0
Kunal Chandela,Binura Fernando,19,38,0,4,3,2,21.05,200.0,38.0
Kunal Chandela,Cameron Green,24,33,0,7,1,2,29.17,137.5,33.0
Kunal Chandela,Chama Milind,3,4,0,0,0,0,0.0,133.33,4.0
Kunal Chandela,Chetan Sakariya,14,22,2,5,2,1,35.71,157.14,11.0
Kunal Chandela,Codanda Ajit Karthik,15,20,0,7,0,2,46.67,133.33,20.0
Kunal Chandela,Cooper Connolly,3,3,0,0,0,0,0.0,100.0,3.0
Kunal Chandela,Darshan Nalkande,4,9,0,1,1,0,25.0,225.0,9.0
Kunal Chandela,Deepak Chahar,7,20,1,1,1,2,14.29,285.71,20.0
Kunal Chandela,Deepak Hooda,12,23,1,5,0,3,41.67,191.67,23.0
Kunal Chandela,Dinuka Dilshan,5,16,0,0,0,2,0.0,320.0,16.0
Kunal Chandela,Dushan Hemantha,24,65,1,4,4,6,16.67,270.83,65.0
Kunal Chandela,Glenn Phillips,16,39,0,2,2,3,12.5,243.75,39.0
Kunal Chandela,Glenton Stuurman,3,3,0,0,0,0,0.0,100.0,3.0
Kunal Chandela,Gurinder Singh,29,37,0,5,1,0,17.24,127.59,37.0
Kunal Chandela,Hardik Pandya,5,7,2,3,0,1,60.0,140.0,3.5
Kunal Chandela,Harsh Dubey,16,19,1,3,2,0,18.75,118.75,19.0
Kunal Chandela,Ishant Sharma,9,13,0,1,1,0,11.11,144.44,13.0
Kunal Chandela,Jacob Bethell,5,11,0,0,0,1,0.0,220.0,11.0
Kunal Chandela,Jacques Snyman,2,2,0,0,0,0,0.0,100.0,2.0
Kunal Chandela,Jamie Overton,60,87,3,20,5,5,33.33,145.0,29.0
Kunal Chandela,Jason Holder,11,24,1,1,1,2,9.09,218.18,24.0
Kunal Chandela,Jaydev Unadkat,6,13,0,1,1,1,16.67,216.67,13.0
Kunal Chandela,Josh Hazlewood,78,113,4,30,9,7,38.46,144.87,28.25
Kunal Chandela,KC Cariappa,45,83,2,12,4,7,26.67,184.44,41.5
Kunal Chandela,KL Rahul,3,7,0,1,0,1,33.33,233.33,7.0
Kunal Chandela,KM Asif,12,22,0,3,2,1,25.0,183.33,22.0
Kunal Chandela,Kagiso Rabada,10,13,0,2,1,0,20.0,130.0,13.0
Kunal Chandela,Kranthi Kumar,14,11,1,3,0,0,21.43,78.57,11.0
Kunal Chandela,Krunal Pandya,18,43,1,2,3,3,11.11,238.89,43.0
Kunal Chandela,Kuldeep Yadav,18,21,1,6,2,0,33.33,116.67,21.0
Kunal Chandela,Lalit Yadav,4,3,0,1,0,0,25.0,75.0,3.0
Kunal Chandela,Liam Livingstone,8,5,1,4,0,0,50.0,62.5,5.0
Kunal Chandela,Lone Nasir Muzaffar,2,3,0,0,0,0,0.0,150.0,3.0
Kunal Chandela,Malinda Pushpakumara,7,13,0,1,0,1,14.29,185.71,13.0
Kunal Chandela,Manav Suthar,18,18,1,6,1,0,33.33,100.0,18.0
Kunal Chandela,Manisankar Murasingh,15,23,0,2,2,0,13.33,153.33,23.0
Kunal Chandela,Marcus Stoinis,22,54,0,1,6,2,4.55,245.45,54.0
Kunal Chandela,Matt Henry,18,28,0,7,3,1,38.89,155.56,28.0
Kunal Chandela,Matt Short,1,0,1,1,0,0,100.0,0.0,0.0
Kunal Chandela,Mitchell Marsh,16,29,0,2,4,0,12.5,181.25,29.0
Kunal Chandela,Mitchell Starc,5,8,0,0,0,0,0.0,160.0,8.0
Kunal Chandela,Mohammed Shami,35,48,0,9,1,2,25.71,137.14,48.0
Kunal Chandela,Mohammed Siraj,14,33,0,1,1,3,7.14,235.71,33.0
Kunal Chandela,Mukhtar Hussain,1,1,0,0,0,0,0.0,100.0,1.0
Kunal Chandela,Nathan Ellis,16,11,1,7,0,0,43.75,68.75,11.0
Kunal Chandela,Nishan Peiris,17,34,2,4,4,1,23.53,200.0,17.0
Kunal Chandela,Nishant Sindhu,2,7,0,0,0,1,0.0,350.0,7.0
Kunal Chandela,Noor Ahmad,16,33,0,2,1,3,12.5,206.25,33.0
Kunal Chandela,Pat Cummins,5,7,0,1,1,0,20.0,140.0,7.0
Kunal Chandela,Prabath Jayasuriya,23,36,0,3,3,1,13.04,156.52,36.0
Kunal Chandela,Prashant Veer,42,58,1,15,3,4,35.71,138.1,58.0
Kunal Chandela,Praveen Jayawickrama,32,69,1,4,7,3,12.5,215.62,69.0
Kunal Chandela,Prince Yadav,12,24,1,1,4,0,8.33,200.0,24.0
Kunal Chandela,Rachin Ravindra,3,4,0,0,0,0,0.0,133.33,4.0
Kunal Chandela,Ramandeep Singh,37,91,0,0,7,6,0.0,245.95,91.0
Kunal Chandela,Rashid Khan,16,8,1,8,0,0,50.0,50.0,8.0
Kunal Chandela,Ravi Bishnoi,13,51,0,0,6,3,0.0,392.31,51.0
Kunal Chandela,Ravindra Jadeja,3,9,0,0,0,1,0.0,300.0,9.0
Kunal Chandela,Sahan Arachchige,44,66,1,10,2,4,22.73,150.0,66.0
Kunal Chandela,Sairaj Patil,19,23,0,8,1,1,42.11,121.05,23.0
Kunal Chandela,Sakib Hussain,9,21,0,2,0,2,22.22,233.33,21.0
Kunal Chandela,Sam Curran,31,70,2,7,6,5,22.58,225.81,35.0
Kunal Chandela,Sanvir Singh,1,1,0,0,0,0,0.0,100.0,1.0
Kunal Chandela,Shahbaz Ahmed,9,13,1,2,2,0,22.22,144.44,13.0
Kunal Chandela,Shiran Fernando,34,63,2,8,3,4,23.53,185.29,31.5
Kunal Chandela,Shivam Dube,32,51,2,13,5,3,40.62,159.38,25.5
Kunal Chandela,Shivam Shukla,3,4,0,1,0,0,33.33,133.33,4.0
Kunal Chandela,Shubham Agarwal,13,18,0,3,2,0,23.08,138.46,18.0
Kunal Chandela,Sikandar Raza,7,19,0,1,2,1,14.29,271.43,19.0
Kunal Chandela,Sunil Narine,75,117,6,29,6,9,38.67,156.0,19.5
Kunal Chandela,Suryansh Shedge,2,2,0,0,0,0,0.0,100.0,2.0
Kunal Chandela,Tharindu Rathnanayake,3,5,0,1,1,0,33.33,166.67,5.0
Kunal Chandela,Trent Boult,1,0,1,1,0,0,100.0,0.0,0.0
Kunal Chandela,Vaisakh Chandran,11,20,0,1,0,2,9.09,181.82,20.0
Kunal Chandela,Varun Chakravarthy,14,31,0,3,3,2,21.43,221.43,31.0
Kunal Chandela,Vicky Ostwal,10,11,0,2,1,0,20.0,110.0,11.0
Kunal Chandela,Vignesh Puthur,12,10,1,6,1,0,50.0,83.33,10.0
Kunal Chandela,Wanindu Hasaranga,6,12,0,0,0,1,0.0,200.0,12.0
Kunal Chandela,Washington Sundar,8,7,1,2,0,0,25.0,87.5,7.0
Kunal Chandela,Yuvraj Chaudhary,15,29,0,2,1,1,13.33,193.33,29.0
Kusal Mendis,Abhishek Sharma,5,9,1,1,1,0,20.0,180.0,9.0
Kusal Mendis,Arshdeep Singh,19,20,1,4,0,0,21.05,105.26,20.0
Kusal Mendis,Corbin Bosch,7,10,0,2,0,1,28.57,142.86,10.0
Kusal Mendis,Dian Forrester,8,10,1,2,0,0,25.0,125.0,10.0
Kusal Mendis,Harpreet Brar,8,10,0,1,0,0,12.5,125.0,10.0
Kusal Mendis,Harsh Dubey,21,40,0,2,2,2,9.52,190.48,40.0
Kusal Mendis,Jai Moondra,3,4,0,0,0,0,0.0,133.33,4.0
Kusal Mendis,Nishan Peiris,15,16,0,3,0,0,20.0,106.67,16.0
Kusal Mendis,Prashant Veer,10,14,1,4,0,1,40.0,140.0,14.0
Kusal Mendis,Ravi Bishnoi,19,32,0,2,0,2,10.53,168.42,32.0
Kusal Mendis,Ravindra Jadeja,13,29,0,3,1,3,23.08,223.08,29.0
Kusal Mendis,Seekkuge Prasanna,13,25,0,2,3,1,15.38,192.31,25.0
Kusal Mendis,Vishen Halambage,25,28,4,10,1,1,40.0,112.0,7.0
Lalit Yadav,Abhishek Sharma,2,3,0,0,0,0,0.0,150.0,3.0
Lalit Yadav,Adam Zampa,59,77,1,13,4,1,22.03,130.51,77.0
Lalit Yadav,Adil Rashid,8,19,1,2,1,2,25.0,237.5,19.0
Lalit Yadav,Akash Deep,3,2,1,1,0,0,33.33,66.67,2.0
Lalit Yadav,Akash Vasisht,14,23,0,2,0,1,14.29,164.29,23.0
Lalit Yadav,Akeal Hosein,55,89,1,11,5,4,20.0,161.82,89.0
Lalit Yadav,Allah Ghazanfar,28,53,2,6,4,3,21.43,189.29,26.5
Lalit Yadav,Amila Aponso,6,9,0,0,0,0,0.0,150.0,9.0
Lalit Yadav,Anshul Kamboj,3,10,0,0,2,0,0.0,333.33,10.0
Lalit Yadav,Anukul Roy,14,17,0,4,2,0,28.57,121.43,17.0
Lalit Yadav,Arpit Vasavada,27,46,1,4,3,2,14.81,170.37,46.0
Lalit Yadav,Arshdeep Singh,52,98,2,9,4,7,17.31,188.46,49.0
Lalit Yadav,Ashok Sharma,64,117,2,10,10,5,15.62,182.81,58.5
Lalit Yadav,Atit Sheth,51,100,2,10,10,5,19.61,196.08,50.0
Lalit Yadav,Avesh Khan,13,27,0,1,1,2,7.69,207.69,27.0
Lalit Yadav,Avinov Choudhary,29,47,2,6,3,2,20.69,162.07,23.5
Lalit Yadav,Axar Patel,114,170,1,18,15,2,15.79,149.12,170.0
Lalit Yadav,Ayush Mhatre,1,1,0,0,0,0,0.0,100.0,1.0
Lalit Yadav,Ben Stokes,21,47,0,2,6,1,9.52,223.81,47.0
Lalit Yadav,Bhuvneshwar Kumar,42,58,2,6,2,2,14.29,138.1,29.0
Lalit Yadav,Binura Fernando,23,28,3,7,1,1,30.43,121.74,9.33
Lalit Yadav,Brad Evans,4,3,0,1,0,0,25.0,75.0,3.0
Lalit Yadav,Brian Bennett,4,4,0,0,0,0,0.0,100.0,4.0
Lalit Yadav,CV Stephen,47,60,3,7,3,1,14.89,127.66,20.0
Lalit Yadav,Calvin Harrison,1,1,0,0,0,0,0.0,100.0,1.0
Lalit Yadav,Cameron Green,16,32,0,2,5,0,12.5,200.0,32.0
Lalit Yadav,Chetan Sakariya,12,35,1,1,1,4,8.33,291.67,35.0
Lalit Yadav,Codanda Ajit Karthik,15,23,1,5,2,1,33.33,153.33,23.0
Lalit Yadav,Corbin Bosch,7,6,0,2,0,0,28.57,85.71,6.0
Lalit Yadav,Darshan Nalkande,8,28,0,0,0,3,0.0,350.0,28.0
Lalit Yadav,Delano Potgieter,2,2,0,0,0,0,0.0,100.0,2.0
Lalit Yadav,Dewald Brevis,2,1,0,1,0,0,50.0,50.0,1.0
Lalit Yadav,Dian Forrester,70,90,4,19,5,3,27.14,128.57,22.5
Lalit Yadav,Dinuka Dilshan,7,18,0,0,1,1,0.0,257.14,18.0
Lalit Yadav,Donovan Ferreira,5,6,0,2,1,0,40.0,120.0,6.0
Lalit Yadav,Dushan Hemantha,83,115,2,19,5,5,22.89,138.55,57.5
Lalit Yadav,Eshan Malinga,9,20,1,1,2,1,11.11,222.22,20.0
Lalit Yadav,Gangam Anikethreddy,3,8,0,0,0,1,0.0,266.67,8.0
Lalit Yadav,Glenn Phillips,13,23,0,4,3,0,30.77,176.92,23.0
Lalit Yadav,Glenton Stuurman,29,42,0,2,1,1,6.9,144.83,42.0
Lalit Yadav,Gurinder Singh,102,140,7,30,9,5,29.41,137.25,20.0
Lalit Yadav,Gurnoor Singh Brar,5,16,0,0,2,1,0.0,320.0,16.0
Lalit Yadav,Gus Atkinson,23,37,1,2,1,1,8.7,160.87,37.0
Lalit Yadav,Hardik Pandya,33,70,2,3,5,4,9.09,212.12,35.0
Lalit Yadav,Harpreet Brar,67,127,4,16,5,10,23.88,189.55,31.75
Lalit Yadav,Harsh Dubey,54,82,3,14,4,4,25.93,151.85,27.33
Lalit Yadav,Harshal Patel,14,23,0,2,0,2,14.29,164.29,23.0
Lalit Yadav,Harshit Rana,15,45,0,2,3,4,13.33,300.0,45.0
Lalit Yadav,Ishant Sharma,3,2,0,1,0,0,33.33,66.67,2.0
Lalit Yadav,Jacob Duffy,23,40,0,2,2,2,8.7,173.91,40.0
Lalit Yadav,Jamie Overton,11,17,1,2,0,1,18.18,154.55,17.0
Lalit Yadav,Jason Holder,18,24,2,5,1,1,27.78,133.33,12.0
Lalit Yadav,Jasprit Bumrah,42,52,2,10,4,0,23.81,123.81,26.0
Lalit Yadav,Jaydev Unadkat,14,31,0,0,1,2,0.0,221.43,31.0
Lalit Yadav,Joel Davies,58,88,2,11,6,3,18.97,151.72,44.0
Lalit Yadav,Jofra Archer,9,24,0,2,4,1,22.22,266.67,24.0
Lalit Yadav,Josh Hazlewood,22,39,1,6,3,2,27.27,177.27,39.0
Lalit Yadav,KM Asif,10,16,2,2,1,1,20.0,160.0,8.0
Lalit Yadav,Kagiso Rabada,8,12,1,2,2,0,25.0,150.0,12.0
Lalit Yadav,Karan Lal,4,5,0,0,0,0,0.0,125.0,5.0
Lalit Yadav,Khaleel Ahmed,10,19,0,1,1,1,10.0,190.0,19.0
Lalit Yadav,Kranthi Kumar,38,67,1,5,5,2,13.16,176.32,67.0
Lalit Yadav,Krishnappa Gowtham,4,5,0,0,0,0,0.0,125.0,5.0
Lalit Yadav,Krunal Pandya,32,48,0,3,3,1,9.38,150.0,48.0
Lalit Yadav,Kuldeep Yadav,62,101,3,14,6,4,22.58,162.9,33.67
Lalit Yadav,Lalit Yadav,4,4,0,0,0,0,0.0,100.0,4.0
Lalit Yadav,Lance Morris,4,11,0,1,1,1,25.0,275.0,11.0
Lalit Yadav,Liam Livingstone,10,9,0,3,0,0,30.0,90.0,9.0
Lalit Yadav,Lone Nasir Muzaffar,2,3,0,0,0,0,0.0,150.0,3.0
Lalit Yadav,Lungi Ngidi,28,44,3,5,3,1,17.86,157.14,14.67
Lalit Yadav,Malinda Pushpakumara,86,110,2,19,9,1,22.09,127.91,55.0
Lalit Yadav,Manav Suthar,20,42,0,2,2,3,10.0,210.0,42.0
Lalit Yadav,Manisankar Murasingh,4,8,0,1,0,1,25.0,200.0,8.0
Lalit Yadav,Marcus Stoinis,19,37,1,1,2,2,5.26,194.74,37.0
Lalit Yadav,Matheesha Pathirana,16,21,0,3,2,0,18.75,131.25,21.0
Lalit Yadav,Matt Henry,9,21,0,2,1,2,22.22,233.33,21.0
Lalit Yadav,Matt Short,8,8,0,1,0,0,12.5,100.0,8.0
Lalit Yadav,Matthew Forde,11,18,1,3,1,1,27.27,163.64,18.0
Lalit Yadav,Mitchell Marsh,27,44,0,2,5,0,7.41,162.96,44.0
Lalit Yadav,Mitchell Starc,49,85,2,7,5,4,14.29,173.47,42.5
Lalit Yadav,Mohamed Shiraz,4,7,0,2,0,1,50.0,175.0,7.0
Lalit Yadav,Mohammed Shami,104,196,5,16,9,12,15.38,188.46,39.2
Lalit Yadav,Mohammed Siraj,83,125,2,21,6,6,25.3,150.6,62.5
Lalit Yadav,Mohsin Khan,8,7,0,1,0,0,12.5,87.5,7.0
Lalit Yadav,Mridul Surroch,48,68,1,4,2,2,8.33,141.67,68.0
Lalit Yadav,Mukhtar Hussain,9,13,1,3,0,1,33.33,144.44,13.0
Lalit Yadav,Nandre Burger,5,5,0,0,0,0,0.0,100.0,5.0
Lalit Yadav,Nathan Ellis,20,33,3,5,3,1,25.0,165.0,11.0
Lalit Yadav,Nishan Peiris,19,27,0,3,3,0,15.79,142.11,27.0
Lalit Yadav,Nishant Sindhu,10,16,0,1,1,0,10.0,160.0,16.0
Lalit Yadav,Nitish Kumar Reddy,29,45,0,3,2,1,10.34,155.17,45.0
Lalit Yadav,Nitish Rana,12,18,0,1,1,0,8.33,150.0,18.0
Lalit Yadav,Noor Ahmad,7,6,1,3,0,0,42.86,85.71,6.0
Lalit Yadav,Ottneil Baartman,16,19,1,5,2,0,31.25,118.75,19.0
Lalit Yadav,Pat Cummins,31,54,1,6,3,3,19.35,174.19,54.0
Lalit Yadav,Prabath Jayasuriya,46,83,2,7,3,6,15.22,180.43,41.5
Lalit Yadav,Prashant Veer,31,49,1,3,0,2,9.68,158.06,49.0
Lalit Yadav,Praveen Jayawickrama,86,116,3,21,3,6,24.42,134.88,38.67
Lalit Yadav,Prince Yadav,17,23,0,0,0,0,0.0,135.29,23.0
Lalit Yadav,Rachin Ravindra,8,8,0,2,0,0,25.0,100.0,8.0
Lalit Yadav,Raj Angad Bawa,26,44,1,2,2,2,7.69,169.23,44.0
Lalit Yadav,Raj Limbani,3,4,0,0,0,0,0.0,133.33,4.0
Lalit Yadav,Ramandeep Singh,2,2,0,0,0,0,0.0,100.0,2.0
Lalit Yadav,Rashid Khan,116,202,5,18,14,9,15.52,174.14,40.4
Lalit Yadav,Rasikh Dar,12,22,2,4,2,1,33.33,183.33,11.0
Lalit Yadav,Ravi Bishnoi,38,66,1,3,2,3,7.89,173.68,66.0
Lalit Yadav,Ravi Teja,22,34,0,2,1,2,9.09,154.55,34.0
Lalit Yadav,Ravindra Jadeja,50,84,1,10,6,4,20.0,168.0,84.0
Lalit Yadav,Riyan Parag,10,17,0,0,0,1,0.0,170.0,17.0
Lalit Yadav,Sahan Arachchige,108,155,2,18,7,4,16.67,143.52,77.5
Lalit Yadav,Sai Kishore,4,5,1,2,1,0,50.0,125.0,5.0
Lalit Yadav,Sairaj Patil,22,37,0,3,3,1,13.64,168.18,37.0
Lalit Yadav,Sakib Hussain,1,1,0,0,0,0,0.0,100.0,1.0
Lalit Yadav,Sam Curran,18,49,0,2,4,4,11.11,272.22,49.0
Lalit Yadav,Samant Jakhar,3,2,0,1,0,0,33.33,66.67,2.0
Lalit Yadav,Sandeep Warrier,1,1,0,0,0,0,0.0,100.0,1.0
Lalit Yadav,Sanvir Singh,6,16,0,1,2,1,16.67,266.67,16.0
Lalit Yadav,Scott Curie,38,70,0,6,3,4,15.79,184.21,70.0
Lalit Yadav,Seekkuge Prasanna,25,36,0,7,4,1,28.0,144.0,36.0
Lalit Yadav,Shahbaz Ahmed,15,22,1,4,1,1,26.67,146.67,22.0
Lalit Yadav,Shardul Thakur,5,20,0,0,0,3,0.0,400.0,20.0
Lalit Yadav,Shiran Fernando,90,198,3,9,9,13,10.0,220.0,66.0
Lalit Yadav,Shivam Dube,49,102,2,5,6,5,10.2,208.16,51.0
Lalit Yadav,Shivam Shukla,7,8,0,3,1,0,42.86,114.29,8.0
Lalit Yadav,Shubham Agarwal,31,42,1,6,3,0,19.35,135.48,42.0
Lalit Yadav,Sonal Dinusha,7,9,0,1,0,0,14.29,128.57,9.0
Lalit Yadav,Sonny Baker,14,19,0,1,1,0,7.14,135.71,19.0
Lalit Yadav,Sonu Yadav,17,31,0,3,1,2,17.65,182.35,31.0
Lalit Yadav,Sunil Narine,101,136,3,17,10,2,16.83,134.65,45.33
Lalit Yadav,Suryansh Shedge,23,45,0,4,2,2,17.39,195.65,45.0
Lalit Yadav,Tanay Thyagarajan,7,11,0,1,0,1,14.29,157.14,11.0
Lalit Yadav,Tharindu Rathnanayake,7,9,0,1,1,0,14.29,128.57,9.0
Lalit Yadav,Tilak Varma,16,15,0,4,0,0,25.0,93.75,15.0
Lalit Yadav,Umesh Yadav,6,19,0,0,1,2,0.0,316.67,19.0
Lalit Yadav,Vaisakh Chandran,9,16,0,0,1,0,0.0,177.78,16.0
Lalit Yadav,Varun Chakravarthy,46,64,3,9,6,1,19.57,139.13,21.33
Lalit Yadav,Vidwath Kaverappa,14,21,0,0,2,0,0.0,150.0,21.0
Lalit Yadav,Vipraj Nigam,29,50,0,4,1,4,13.79,172.41,50.0
Lalit Yadav,Vishen Halambage,60,116,4,11,12,4,18.33,193.33,29.0
Lalit Yadav,Wanindu Hasaranga,53,80,3,7,5,2,13.21,150.94,26.67
Lalit Yadav,Washington Sundar,51,90,3,7,6,5,13.73,176.47,30.0
Lalit Yadav,Will Jacks,32,54,0,1,0,3,3.12,168.75,54.0
Lalit Yadav,Yash Thakur,23,34,1,4,1,2,17.39,147.83,34.0
Lalit Yadav,Yuvraj Chaudhary,4,8,0,1,0,1,25.0,200.0,8.0
Lasith Embuldeniya,Duan Jansen,4,9,1,1,0,1,25.0,225.0,9.0
Liam Livingstone,Aaron Hardie,6,14,0,0,2,0,0.0,233.33,14.0
Liam Livingstone,Abdul Samad,2,1,0,1,0,0,50.0,50.0,1.0
Liam Livingstone,Adam Zampa,3,3,0,0,0,0,0.0,100.0,3.0
Liam Livingstone,Ajay Dev Goud,6,13,1,1,0,1,16.67,216.67,13.0
Liam Livingstone,Akash Vasisht,4,1,0,3,0,0,75.0,25.0,1.0
Liam Livingstone,Akeal Hosein,35,72,0,2,6,3,5.71,205.71,72.0
Liam Livingstone,Allah Ghazanfar,4,1,0,3,0,0,75.0,25.0,1.0
Liam Livingstone,Anukul Roy,8,11,0,1,1,0,12.5,137.5,11.0
Liam Livingstone,Arjun Tendulkar,8,15,1,4,2,1,50.0,187.5,15.0
Liam Livingstone,Arpit Vasavada,12,14,1,4,2,0,33.33,116.67,14.0
Liam Livingstone,Arshdeep Singh,16,22,0,5,1,1,31.25,137.5,22.0
Liam Livingstone,Ashok Sharma,37,53,2,7,5,0,18.92,143.24,26.5
Liam Livingstone,Avesh Khan,4,5,0,0,0,0,0.0,125.0,5.0
Liam Livingstone,Axar Patel,10,11,2,3,0,0,30.0,110.0,5.5
Liam Livingstone,Bhuvneshwar Kumar,7,7,1,1,0,0,14.29,100.0,7.0
Liam Livingstone,Brian Bennett,7,20,1,1,1,2,14.29,285.71,20.0
Liam Livingstone,CV Stephen,3,6,0,0,1,0,0.0,200.0,6.0
Liam Livingstone,Cameron Green,3,3,0,0,0,0,0.0,100.0,3.0
Liam Livingstone,Dian Forrester,14,21,0,2,0,1,14.29,150.0,21.0
Liam Livingstone,Gangam Anikethreddy,8,17,0,1,0,2,12.5,212.5,17.0
Liam Livingstone,Glenn Phillips,5,3,0,2,0,0,40.0,60.0,3.0
Liam Livingstone,Glenton Stuurman,12,13,1,4,0,1,33.33,108.33,13.0
Liam Livingstone,Gurinder Singh,35,63,3,8,3,4,22.86,180.0,21.0
Liam Livingstone,Gus Atkinson,11,8,0,3,0,0,27.27,72.73,8.0
Liam Livingstone,Hardik Pandya,18,8,3,13,1,0,72.22,44.44,2.67
Liam Livingstone,Jamie Overton,2,3,0,0,0,0,0.0,150.0,3.0
Liam Livingstone,Jasprit Bumrah,10,6,1,4,0,0,40.0,60.0,6.0
Liam Livingstone,Joel Davies,26,43,0,4,3,2,15.38,165.38,43.0
Liam Livingstone,Josh Hazlewood,4,2,0,2,0,0,50.0,50.0,2.0
Liam Livingstone,KC Cariappa,6,4,0,2,0,0,33.33,66.67,4.0
Liam Livingstone,Karan Lal,11,13,0,3,1,0,27.27,118.18,13.0
Liam Livingstone,Khaleel Ahmed,6,8,1,2,1,0,33.33,133.33,8.0
Liam Livingstone,Kranthi Kumar,10,11,1,2,0,0,20.0,110.0,11.0
Liam Livingstone,Krunal Pandya,22,46,1,5,3,3,22.73,209.09,46.0
Liam Livingstone,Kuldeep Yadav,42,59,2,8,6,0,19.05,140.48,29.5
Liam Livingstone,Lalit Yadav,3,4,0,0,0,0,0.0,133.33,4.0
Liam Livingstone,Liam Livingstone,3,6,0,0,1,0,0.0,200.0,6.0
Liam Livingstone,Lungi Ngidi,8,8,0,1,0,0,12.5,100.0,8.0
Liam Livingstone,Malinda Pushpakumara,9,13,1,2,1,0,22.22,144.44,13.0
Liam Livingstone,Manav Suthar,8,9,0,1,0,0,12.5,112.5,9.0
Liam Livingstone,Matt Short,2,2,0,0,0,0,0.0,100.0,2.0
Liam Livingstone,Mitchell Marsh,3,2,0,1,0,0,33.33,66.67,2.0
Liam Livingstone,Mitchell Starc,6,8,0,0,0,0,0.0,133.33,8.0
Liam Livingstone,Mohammed Shami,18,18,0,6,0,0,33.33,100.0,18.0
Liam Livingstone,Mridul Surroch,22,43,0,4,0,4,18.18,195.45,43.0
Liam Livingstone,Mukhtar Hussain,1,0,1,1,0,0,100.0,0.0,0.0
Liam Livingstone,Nathan Ellis,5,5,0,0,0,0,0.0,100.0,5.0
Liam Livingstone,Nitish Kumar Reddy,4,5,0,0,0,0,0.0,125.0,5.0
Liam Livingstone,Ottneil Baartman,3,5,0,0,0,0,0.0,166.67,5.0
Liam Livingstone,Prashant Veer,1,0,1,1,0,0,100.0,0.0,0.0
Liam Livingstone,Praveen Jayawickrama,11,12,0,2,0,0,18.18,109.09,12.0
Liam Livingstone,Raj Angad Bawa,14,33,1,2,3,2,14.29,235.71,33.0
Liam Livingstone,Rashid Khan,19,29,0,1,1,1,5.26,152.63,29.0
Liam Livingstone,Rasikh Dar,24,49,0,2,2,3,8.33,204.17,49.0
Liam Livingstone,Ravi Bishnoi,5,9,0,1,0,1,20.0,180.0,9.0
Liam Livingstone,Ravindra Jadeja,3,11,0,0,1,1,0.0,366.67,11.0
Liam Livingstone,Riyan Parag,3,2,1,1,0,0,33.33,66.67,2.0
Liam Livingstone,Sahan Arachchige,11,18,1,3,1,1,27.27,163.64,18.0
Liam Livingstone,Sairaj Patil,2,7,0,0,0,1,0.0,350.0,7.0
Liam Livingstone,Sakib Hussain,15,29,0,1,1,2,6.67,193.33,29.0
Liam Livingstone,Sam Curran,12,17,0,2,0,1,16.67,141.67,17.0
Liam Livingstone,Sayan Ghosh,5,7,1,2,1,0,40.0,140.0,7.0
Liam Livingstone,Scott Curie,6,8,0,0,0,0,0.0,133.33,8.0
Liam Livingstone,Seekkuge Prasanna,3,3,0,0,0,0,0.0,100.0,3.0
Liam Livingstone,Shahbaz Ahmed,2,2,0,0,0,0,0.0,100.0,2.0
Liam Livingstone,Shardul Thakur,14,27,2,3,0,3,21.43,192.86,13.5
Liam Livingstone,Shiran Fernando,34,57,3,8,4,3,23.53,167.65,19.0
Liam Livingstone,Shivam Dube,13,19,1,1,1,0,7.69,146.15,19.0
Liam Livingstone,Shubham Agarwal,4,5,0,0,0,0,0.0,125.0,5.0
Liam Livingstone,Sikandar Raza,2,5,0,0,1,0,0.0,250.0,5.0
Liam Livingstone,Sonny Baker,1,0,1,1,0,0,100.0,0.0,0.0
Liam Livingstone,Sunil Narine,10,14,1,4,1,1,40.0,140.0,14.0
Liam Livingstone,Tanay Thyagarajan,4,13,0,1,0,2,25.0,325.0,13.0
Liam Livingstone,Tilak Varma,9,17,0,2,1,1,22.22,188.89,17.0
Liam Livingstone,Vaibhav Arora,3,7,0,0,1,0,0.0,233.33,7.0
Liam Livingstone,Vaisakh Chandran,6,15,0,0,0,1,0.0,250.0,15.0
Liam Livingstone,Varun Chakravarthy,20,32,0,6,2,2,30.0,160.0,32.0
Liam Livingstone,Vishen Halambage,9,13,1,2,1,0,22.22,144.44,13.0
Liam Livingstone,Wanindu Hasaranga,4,7,1,1,1,0,25.0,175.0,7.0
Liam Livingstone,Washington Sundar,17,35,0,3,3,2,17.65,205.88,35.0
Liam Livingstone,Will Jacks,5,13,0,1,3,0,20.0,260.0,13.0
Lockie Ferguson,Jacob Duffy,4,4,0,2,0,0,50.0,100.0,4.0
Lockie Ferguson,Jasprit Bumrah,6,10,0,0,0,0,0.0,166.67,10.0
Lockie Ferguson,Kuldeep Yadav,2,1,0,1,0,0,50.0,50.0,1.0
Lockie Ferguson,Lungi Ngidi,2,1,1,1,0,0,50.0,50.0,1.0
Lockie Ferguson,Mridul Surroch,7,13,0,0,0,1,0.0,185.71,13.0
Lockie Ferguson,Nitish Kumar Reddy,1,1,0,0,0,0,0.0,100.0,1.0
Lone Nasir Muzaffar,Dian Forrester,1,2,0,0,0,0,0.0,200.0,2.0
Lone Nasir Muzaffar,Lalit Yadav,3,4,0,0,0,0,0.0,133.33,4.0
Lone Nasir Muzaffar,Lungi Ngidi,3,4,0,0,0,0,0.0,133.33,4.0
Lone Nasir Muzaffar,Samant Jakhar,2,2,0,0,0,0,0.0,100.0,2.0
Luhan dre pretorious,Aaron Hardie,4,5,0,0,0,0,0.0,125.0,5.0
Luhan dre pretorious,Adam Zampa,6,6,0,2,0,0,33.33,100.0,6.0
Luhan dre pretorious,Ajay Dev Goud,3,5,0,0,0,0,0.0,166.67,5.0
Luhan dre pretorious,Akeal Hosein,21,47,1,4,6,2,19.05,223.81,47.0
Luhan dre pretorious,Allah Ghazanfar,2,3,0,1,0,0,50.0,150.0,3.0
Luhan dre pretorious,Amila Aponso,7,19,0,1,0,2,14.29,271.43,19.0
Luhan dre pretorious,Anukul Roy,1,1,0,0,0,0,0.0,100.0,1.0
Luhan dre pretorious,Arpit Vasavada,1,0,1,1,0,0,100.0,0.0,0.0
Luhan dre pretorious,Arshdeep Singh,6,10,0,1,0,0,16.67,166.67,10.0
Luhan dre pretorious,Ashok Sharma,36,61,1,7,3,3,19.44,169.44,61.0
Luhan dre pretorious,Avesh Khan,7,11,0,0,1,0,0.0,157.14,11.0
Luhan dre pretorious,Bhuvneshwar Kumar,30,51,3,6,4,2,20.0,170.0,17.0
Luhan dre pretorious,Brad Evans,4,10,0,0,0,1,0.0,250.0,10.0
Luhan dre pretorious,CV Stephen,1,1,0,0,0,0,0.0,100.0,1.0
Luhan dre pretorious,Cameron Green,5,11,0,0,2,0,0.0,220.0,11.0
Luhan dre pretorious,Carlos Brathwaite,13,21,0,3,3,0,23.08,161.54,21.0
Luhan dre pretorious,Cooper Connolly,2,7,0,0,0,1,0.0,350.0,7.0
Luhan dre pretorious,Corbin Bosch,7,7,1,3,1,0,42.86,100.0,7.0
Luhan dre pretorious,Deepak Chahar,15,25,0,1,1,0,6.67,166.67,25.0
Luhan dre pretorious,Dian Forrester,8,12,1,2,1,0,25.0,150.0,12.0
Luhan dre pretorious,Dinuka Dilshan,3,4,0,1,0,0,33.33,133.33,4.0
Luhan dre pretorious,Dushan Hemantha,6,9,0,0,0,0,0.0,150.0,9.0
Luhan dre pretorious,Eshan Malinga,5,2,2,3,0,0,60.0,40.0,1.0
Luhan dre pretorious,Gangam Anikethreddy,7,10,0,0,0,0,0.0,142.86,10.0
Luhan dre pretorious,Glenton Stuurman,32,46,1,9,3,2,28.12,143.75,46.0
Luhan dre pretorious,Gurinder Singh,45,40,2,20,1,2,44.44,88.89,20.0
Luhan dre pretorious,Gus Atkinson,20,26,1,3,0,1,15.0,130.0,26.0
Luhan dre pretorious,Hardik Pandya,5,4,0,2,0,0,40.0,80.0,4.0
Luhan dre pretorious,Harpreet Brar,2,4,0,0,0,0,0.0,200.0,4.0
Luhan dre pretorious,Harsh Dubey,6,7,0,2,1,0,33.33,116.67,7.0
Luhan dre pretorious,Harshal Patel,7,11,0,1,0,1,14.29,157.14,11.0
Luhan dre pretorious,Ishant Sharma,6,10,1,1,0,1,16.67,166.67,10.0
Luhan dre pretorious,Jacob Duffy,8,10,1,1,1,0,12.5,125.0,10.0
Luhan dre pretorious,Jamie Overton,5,6,0,0,0,0,0.0,120.0,6.0
Luhan dre pretorious,Jason Holder,3,2,1,1,0,0,33.33,66.67,2.0
Luhan dre pretorious,Jasprit Bumrah,3,13,0,0,0,2,0.0,433.33,13.0
Luhan dre pretorious,Jaydev Unadkat,3,8,0,0,1,0,0.0,266.67,8.0
Luhan dre pretorious,Joel Davies,14,14,1,4,1,0,28.57,100.0,14.0
Luhan dre pretorious,Josh Hazlewood,20,41,2,4,1,4,20.0,205.0,20.5
Luhan dre pretorious,KM Asif,17,11,2,8,0,0,47.06,64.71,5.5
Luhan dre pretorious,Kagiso Rabada,27,38,1,5,3,1,18.52,140.74,38.0
Luhan dre pretorious,Karan Lal,3,2,0,1,0,0,33.33,66.67,2.0
Luhan dre pretorious,Karan Shinde,3,4,0,0,0,0,0.0,133.33,4.0
Luhan dre pretorious,Khaleel Ahmed,12,12,1,2,0,0,16.67,100.0,12.0
Luhan dre pretorious,Kranthi Kumar,2,1,1,1,0,0,50.0,50.0,1.0
Luhan dre pretorious,Krunal Pandya,8,12,0,1,1,0,12.5,150.0,12.0
Luhan dre pretorious,Kuldeep Yadav,38,60,1,4,5,0,10.53,157.89,60.0
Luhan dre pretorious,Lalit Yadav,4,3,0,2,0,0,50.0,75.0,3.0
Luhan dre pretorious,Lone Nasir Muzaffar,5,7,0,0,0,0,0.0,140.0,7.0
Luhan dre pretorious,Luke Wood,9,9,0,2,0,0,22.22,100.0,9.0
Luhan dre pretorious,Lungi Ngidi,8,8,0,2,0,0,25.0,100.0,8.0
Luhan dre pretorious,Malinda Pushpakumara,2,2,1,1,0,0,50.0,100.0,2.0
Luhan dre pretorious,Manisankar Murasingh,23,27,0,5,0,1,21.74,117.39,27.0
Luhan dre pretorious,Matt Henry,5,2,1,3,0,0,60.0,40.0,2.0
Luhan dre pretorious,Matt Short,10,16,0,0,0,0,0.0,160.0,16.0
Luhan dre pretorious,Mitchell Starc,13,14,1,4,1,0,30.77,107.69,14.0
Luhan dre pretorious,Mohammed Shami,7,11,2,4,0,1,57.14,157.14,5.5
Luhan dre pretorious,Mohammed Siraj,8,7,1,3,0,0,37.5,87.5,7.0
Luhan dre pretorious,Mohsin Khan,9,16,2,5,2,1,55.56,177.78,8.0
Luhan dre pretorious,Mridul Surroch,8,6,1,3,0,0,37.5,75.0,6.0
Luhan dre pretorious,Mukhtar Hussain,14,17,0,2,1,0,14.29,121.43,17.0
Luhan dre pretorious,Nishan Peiris,6,7,1,2,1,0,33.33,116.67,7.0
Luhan dre pretorious,Nitish Kumar Reddy,6,4,0,2,0,0,33.33,66.67,4.0
Luhan dre pretorious,Noor Ahmad,14,18,2,7,2,1,50.0,128.57,9.0
Luhan dre pretorious,Pat Cummins,1,0,1,1,0,0,100.0,0.0,0.0
Luhan dre pretorious,Prabath Jayasuriya,16,25,1,5,0,2,31.25,156.25,25.0
Luhan dre pretorious,Prashant Veer,1,1,0,0,0,0,0.0,100.0,1.0
Luhan dre pretorious,Praveen Jayawickrama,15,33,0,3,2,2,20.0,220.0,33.0
Luhan dre pretorious,Raj Angad Bawa,7,15,0,1,1,1,14.29,214.29,15.0
Luhan dre pretorious,Ravi Bishnoi,6,6,0,2,0,0,33.33,100.0,6.0
Luhan dre pretorious,Ravindra Jadeja,4,9,0,0,1,0,0.0,225.0,9.0
Luhan dre pretorious,Sahan Arachchige,9,15,3,4,3,0,44.44,166.67,5.0
Luhan dre pretorious,Sakib Hussain,1,0,1,1,0,0,100.0,0.0,0.0
Luhan dre pretorious,Sam Curran,10,11,0,2,1,0,20.0,110.0,11.0
Luhan dre pretorious,Sandeep Warrier,4,4,0,1,0,0,25.0,100.0,4.0
Luhan dre pretorious,Sayan Ghosh,7,9,0,2,1,0,28.57,128.57,9.0
Luhan dre pretorious,Scott Curie,20,29,0,2,0,1,10.0,145.0,29.0
Luhan dre pretorious,Shahbaz Ahmed,11,17,0,4,1,1,36.36,154.55,17.0
Luhan dre pretorious,Shardul Thakur,6,10,0,4,1,1,66.67,166.67,10.0
Luhan dre pretorious,Shiran Fernando,38,53,0,9,5,1,23.68,139.47,53.0
Luhan dre pretorious,Shivam Dube,34,36,3,7,1,0,20.59,105.88,12.0
Luhan dre pretorious,Sonny Baker,2,2,0,0,0,0,0.0,100.0,2.0
Luhan dre pretorious,Tanay Thyagarajan,4,4,0,1,0,0,25.0,100.0,4.0
Luhan dre pretorious,Tilak Varma,2,1,1,1,0,0,50.0,50.0,1.0
Luhan dre pretorious,Umesh Yadav,1,1,0,0,0,0,0.0,100.0,1.0
Luhan dre pretorious,Varun Chakravarthy,23,38,4,4,1,1,17.39,165.22,9.5
Luhan dre pretorious,Vishen Halambage,3,1,1,2,0,0,66.67,33.33,1.0
Luhan dre pretorious,Washington Sundar,27,51,1,5,3,3,18.52,188.89,51.0
Luke Wood,Adam Zampa,9,9,1,3,0,0,33.33,100.0,9.0
Luke Wood,Ajay Dev Goud,2,1,0,1,0,0,50.0,50.0,1.0
Luke Wood,Bhuvneshwar Kumar,1,1,0,0,0,0,0.0,100.0,1.0
Luke Wood,Harshal Patel,2,3,0,0,0,0,0.0,150.0,3.0
Luke Wood,Joel Davies,1,0,1,1,0,0,100.0,0.0,0.0
Luke Wood,Matheesha Pathirana,9,8,0,2,0,0,22.22,88.89,8.0
Luke Wood,Mitchell Starc,2,1,0,1,0,0,50.0,50.0,1.0
Luke Wood,Mridul Surroch,1,0,1,1,0,0,100.0,0.0,0.0
Luke Wood,Nathan Ellis,4,4,0,0,0,0,0.0,100.0,4.0
Luke Wood,Prashant Veer,3,2,0,1,0,0,33.33,66.67,2.0
Luke Wood,Praveen Jayawickrama,3,4,0,0,0,0,0.0,133.33,4.0
Luke Wood,Sahan Arachchige,1,0,0,1,0,0,100.0,0.0,0.0
Luke Wood,Shiran Fernando,5,7,0,0,0,0,0.0,140.0,7.0
Luke Wood,Shivam Dube,3,3,0,0,0,0,0.0,100.0,3.0
Luke Wood,Sonny Baker,2,2,0,0,0,0,0.0,100.0,2.0
Luke Wood,Vishen Halambage,1,0,1,1,0,0,100.0,0.0,0.0
Lungi Ngidi,Adam Zampa,1,1,0,0,0,0,0.0,100.0,1.0
Lungi Ngidi,Atit Sheth,2,0,1,2,0,0,100.0,0.0,0.0
Lungi Ngidi,Bhuvneshwar Kumar,2,2,0,0,0,0,0.0,100.0,2.0
Lungi Ngidi,CV Stephen,5,12,0,1,1,1,20.0,240.0,12.0
Lungi Ngidi,Dushan Hemantha,1,1,0,0,0,0,0.0,100.0,1.0
Lungi Ngidi,Gurinder Singh,2,2,1,1,0,0,50.0,100.0,2.0
Lungi Ngidi,Gus Atkinson,3,1,1,2,0,0,66.67,33.33,1.0
Lungi Ngidi,Hardik Pandya,3,4,0,0,0,0,0.0,133.33,4.0
Lungi Ngidi,Harpreet Brar,1,1,0,0,0,0,0.0,100.0,1.0
Lungi Ngidi,Kranthi Kumar,1,0,1,1,0,0,100.0,0.0,0.0
Lungi Ngidi,Kuldeep Yadav,3,4,0,0,0,0,0.0,133.33,4.0
Lungi Ngidi,Malinda Pushpakumara,9,9,1,2,0,0,22.22,100.0,9.0
Lungi Ngidi,Mitchell Starc,5,1,1,4,0,0,80.0,20.0,1.0
Lungi Ngidi,Mohammed Siraj,2,1,1,1,0,0,50.0,50.0,1.0
Lungi Ngidi,Nathan Ellis,3,3,0,0,0,0,0.0,100.0,3.0
Lungi Ngidi,Pat Cummins,7,9,0,1,0,0,14.29,128.57,9.0
Lungi Ngidi,Ravindra Jadeja,1,1,0,0,0,0,0.0,100.0,1.0
Lungi Ngidi,Sairaj Patil,1,1,0,0,0,0,0.0,100.0,1.0
Lungi Ngidi,Shiran Fernando,4,0,2,4,0,0,100.0,0.0,0.0
Lungi Ngidi,Shubham Agarwal,1,0,1,1,0,0,100.0,0.0,0.0
Lungi Ngidi,Vishen Halambage,2,4,0,0,0,0,0.0,200.0,4.0
Lungi Ngidi,Will Jacks,2,1,1,1,0,0,50.0,50.0,1.0
Maheesh Theekshana,Vishen Halambage,1,1,0,0,0,0,0.0,100.0,1.0
Malinda Pushpakumara,Adam Zampa,10,16,0,2,0,1,20.0,160.0,16.0
Malinda Pushpakumara,Akeal Hosein,5,8,0,0,0,0,0.0,160.0,8.0
Malinda Pushpakumara,Arshdeep Singh,6,11,0,0,1,0,0.0,183.33,11.0
Malinda Pushpakumara,Ashok Sharma,6,8,0,0,0,0,0.0,133.33,8.0
Malinda Pushpakumara,Atit Sheth,2,2,0,0,0,0,0.0,100.0,2.0
Malinda Pushpakumara,Axar Patel,5,9,0,0,1,0,0.0,180.0,9.0
Malinda Pushpakumara,Bhuvneshwar Kumar,8,4,1,5,0,0,62.5,50.0,4.0
Malinda Pushpakumara,Corbin Bosch,3,3,0,0,0,0,0.0,100.0,3.0
Malinda Pushpakumara,Dian Forrester,2,1,0,1,0,0,50.0,50.0,1.0
Malinda Pushpakumara,Dushan Hemantha,3,4,1,2,1,0,66.67,133.33,4.0
Malinda Pushpakumara,Gurinder Singh,7,7,0,1,0,0,14.29,100.0,7.0
Malinda Pushpakumara,Hardik Pandya,10,5,1,6,0,0,60.0,50.0,5.0
Malinda Pushpakumara,Harsh Dubey,7,5,0,2,0,0,28.57,71.43,5.0
Malinda Pushpakumara,Jasprit Bumrah,10,10,0,1,0,0,10.0,100.0,10.0
Malinda Pushpakumara,Kagiso Rabada,1,2,0,0,0,0,0.0,200.0,2.0
Malinda Pushpakumara,Kuldeep Yadav,7,7,0,0,0,0,0.0,100.0,7.0
Malinda Pushpakumara,Manav Suthar,4,0,0,4,0,0,100.0,0.0,0.0
Malinda Pushpakumara,Manisankar Murasingh,1,0,1,1,0,0,100.0,0.0,0.0
Malinda Pushpakumara,Mitchell Starc,3,2,2,2,0,0,66.67,66.67,1.0
Malinda Pushpakumara,Mohammed Shami,6,10,1,1,0,1,16.67,166.67,10.0
Malinda Pushpakumara,Mohammed Siraj,2,3,0,0,0,0,0.0,150.0,3.0
Malinda Pushpakumara,Mridul Surroch,1,1,0,0,0,0,0.0,100.0,1.0
Malinda Pushpakumara,Mukhtar Hussain,3,3,1,1,0,0,33.33,100.0,3.0
Malinda Pushpakumara,Nishan Peiris,4,5,0,0,0,0,0.0,125.0,5.0
Malinda Pushpakumara,Nitish Kumar Reddy,2,2,0,0,0,0,0.0,100.0,2.0
Malinda Pushpakumara,Prabath Jayasuriya,7,8,0,1,0,0,14.29,114.29,8.0
Malinda Pushpakumara,Praveen Jayawickrama,6,4,1,2,0,0,33.33,66.67,4.0
Malinda Pushpakumara,Prince Yadav,4,8,1,1,0,1,25.0,200.0,8.0
Malinda Pushpakumara,Rashid Khan,6,4,2,2,0,0,33.33,66.67,2.0
Malinda Pushpakumara,Ravi Bishnoi,1,0,0,1,0,0,100.0,0.0,0.0
Malinda Pushpakumara,Sahan Arachchige,3,1,0,2,0,0,66.67,33.33,1.0
Malinda Pushpakumara,Sam Curran,3,3,0,0,0,0,0.0,100.0,3.0
Malinda Pushpakumara,Seekkuge Prasanna,1,0,1,1,0,0,100.0,0.0,0.0
Malinda Pushpakumara,Shiran Fernando,13,15,2,6,2,0,46.15,115.38,7.5
Malinda Pushpakumara,Shubham Agarwal,1,0,1,1,0,0,100.0,0.0,0.0
Malinda Pushpakumara,Sunil Narine,8,12,0,2,1,0,25.0,150.0,12.0
Malinda Pushpakumara,Tanay Thyagarajan,1,0,1,1,0,0,100.0,0.0,0.0
Malinda Pushpakumara,Tilak Varma,1,1,0,0,0,0,0.0,100.0,1.0
Malinda Pushpakumara,Vishen Halambage,8,6,3,5,0,0,62.5,75.0,2.0
Malinda Pushpakumara,Washington Sundar,7,8,0,1,0,0,14.29,114.29,8.0
Malinda Pushpakumara,Yash Thakur,2,0,1,2,0,0,100.0,0.0,0.0
Malinda Pushpakumara,Yuvraj Chaudhary,1,0,1,1,0,0,100.0,0.0,0.0
Manav Suthar,Ashok Sharma,3,6,1,2,0,1,66.67,200.0,6.0
Manav Suthar,Matt Henry,1,1,0,0,0,0,0.0,100.0,1.0
Manav Suthar,Mohammed Siraj,3,5,1,1,1,0,33.33,166.67,5.0
Manav Suthar,Ravi Bishnoi,2,0,2,2,0,0,100.0,0.0,0.0
Manav Suthar,Rohit Sharma,1,0,0,1,0,0,100.0,0.0,0.0
Manav Suthar,Sam Curran,3,3,0,2,0,0,66.67,100.0,3.0
Manav Suthar,Samant Jakhar,2,0,1,2,0,0,100.0,0.0,0.0
Manav Suthar,Scott Curie,3,1,0,2,0,0,66.67,33.33,1.0
Manav Suthar,Shreyas Iyer,1,0,1,1,0,0,100.0,0.0,0.0
Manav Suthar,Vignesh Puthur,1,4,0,0,1,0,0.0,400.0,4.0
Manav Suthar,Vishen Halambage,4,1,1,3,0,0,75.0,25.0,1.0
Manisankar Murasingh,Abhishek Sharma,1,0,1,1,0,0,100.0,0.0,0.0
Manisankar Murasingh,Adam Zampa,9,11,1,1,0,0,11.11,122.22,11.0
Manisankar Murasingh,Adil Rashid,1,1,0,0,0,0,0.0,100.0,1.0
Manisankar Murasingh,Akeal Hosein,9,14,1,3,2,0,33.33,155.56,14.0
Manisankar Murasingh,Allah Ghazanfar,10,16,2,3,2,0,30.0,160.0,8.0
Manisankar Murasingh,Anshul Kamboj,6,9,0,1,1,0,16.67,150.0,9.0
Manisankar Murasingh,Anukul Roy,6,11,0,1,2,0,16.67,183.33,11.0
Manisankar Murasingh,Arshdeep Singh,2,5,0,0,1,0,0.0,250.0,5.0
Manisankar Murasingh,Ashok Sharma,19,30,0,3,2,1,15.79,157.89,30.0
Manisankar Murasingh,Atit Sheth,16,28,1,3,1,2,18.75,175.0,28.0
Manisankar Murasingh,Ben Stokes,1,1,0,0,0,0,0.0,100.0,1.0
Manisankar Murasingh,Bhuvneshwar Kumar,16,22,1,9,4,0,56.25,137.5,22.0
Manisankar Murasingh,Binura Fernando,1,0,1,1,0,0,100.0,0.0,0.0
Manisankar Murasingh,Blessing Muzarbani,10,20,0,2,2,1,20.0,200.0,20.0
Manisankar Murasingh,CV Stephen,10,19,0,2,2,1,20.0,190.0,19.0
Manisankar Murasingh,Chama Milind,2,5,0,0,1,0,0.0,250.0,5.0
Manisankar Murasingh,Dian Forrester,7,9,0,1,1,0,14.29,128.57,9.0
Manisankar Murasingh,Dushan Hemantha,9,17,0,0,2,0,0.0,188.89,17.0
Manisankar Murasingh,Eshan Malinga,2,2,0,0,0,0,0.0,100.0,2.0
Manisankar Murasingh,Glenn Phillips,6,14,0,0,0,1,0.0,233.33,14.0
Manisankar Murasingh,Gus Atkinson,2,2,0,0,0,0,0.0,100.0,2.0
Manisankar Murasingh,Hardik Pandya,2,7,0,0,0,1,0.0,350.0,7.0
Manisankar Murasingh,Harpreet Brar,11,14,1,2,1,0,18.18,127.27,14.0
Manisankar Murasingh,Harsh Dubey,9,13,1,3,1,0,33.33,144.44,13.0
Manisankar Murasingh,Jacob Bethell,2,1,0,1,0,0,50.0,50.0,1.0
Manisankar Murasingh,Jacob Duffy,4,7,1,1,1,0,25.0,175.0,7.0
Manisankar Murasingh,Jasprit Bumrah,10,22,0,3,0,3,30.0,220.0,22.0
Manisankar Murasingh,Josh Hazlewood,2,0,1,2,0,0,100.0,0.0,0.0
Manisankar Murasingh,KM Asif,20,36,1,7,2,3,35.0,180.0,36.0
Manisankar Murasingh,Kagiso Rabada,9,23,0,0,1,2,0.0,255.56,23.0
Manisankar Murasingh,Karan Lal,6,11,0,0,0,1,0.0,183.33,11.0
Manisankar Murasingh,Kranthi Kumar,11,24,0,3,3,1,27.27,218.18,24.0
Manisankar Murasingh,Krunal Pandya,4,3,0,2,0,0,50.0,75.0,3.0
Manisankar Murasingh,Kuldeep Yadav,9,12,1,3,0,1,33.33,133.33,12.0
Manisankar Murasingh,Lungi Ngidi,10,14,1,3,1,0,30.0,140.0,14.0
Manisankar Murasingh,Malinda Pushpakumara,7,16,0,1,1,1,14.29,228.57,16.0
Manisankar Murasingh,Manisankar Murasingh,5,3,0,2,0,0,40.0,60.0,3.0
Manisankar Murasingh,Matheesha Pathirana,1,1,0,0,0,0,0.0,100.0,1.0
Manisankar Murasingh,Matt Henry,5,4,0,1,0,0,20.0,80.0,4.0
Manisankar Murasingh,Mitchell Marsh,3,4,0,0,0,0,0.0,133.33,4.0
Manisankar Murasingh,Mitchell Starc,21,28,2,5,2,0,23.81,133.33,14.0
Manisankar Murasingh,Mohammed Shami,6,14,0,0,2,0,0.0,233.33,14.0
Manisankar Murasingh,Mohammed Siraj,8,7,2,4,1,0,50.0,87.5,3.5
Manisankar Murasingh,Nathan Ellis,10,17,1,1,1,0,10.0,170.0,17.0
Manisankar Murasingh,Nishan Peiris,6,2,1,4,0,0,66.67,33.33,2.0
Manisankar Murasingh,Nitish Kumar Reddy,2,1,1,1,0,0,50.0,50.0,1.0
Manisankar Murasingh,Ottneil Baartman,3,12,1,1,0,2,33.33,400.0,12.0
Manisankar Murasingh,Pat Cummins,6,8,1,1,1,0,16.67,133.33,8.0
Manisankar Murasingh,Prashant Veer,6,7,0,1,0,0,16.67,116.67,7.0
Manisankar Murasingh,Praveen Jayawickrama,5,11,0,0,0,1,0.0,220.0,11.0
Manisankar Murasingh,Ravi Bishnoi,3,2,0,1,0,0,33.33,66.67,2.0
Manisankar Murasingh,Ravindra Jadeja,2,0,1,2,0,0,100.0,0.0,0.0
Manisankar Murasingh,Romario Shepherd,2,2,0,0,0,0,0.0,100.0,2.0
Manisankar Murasingh,Sahan Arachchige,9,22,1,3,0,3,33.33,244.44,22.0
Manisankar Murasingh,Sairaj Patil,4,8,1,1,0,1,25.0,200.0,8.0
Manisankar Murasingh,Sakib Hussain,2,2,0,0,0,0,0.0,100.0,2.0
Manisankar Murasingh,Sakibul Gani,3,5,0,1,1,0,33.33,166.67,5.0
Manisankar Murasingh,Sam Curran,11,22,1,2,0,2,18.18,200.0,22.0
Manisankar Murasingh,Sanvir Singh,4,4,0,0,0,0,0.0,100.0,4.0
Manisankar Murasingh,Scott Curie,3,6,0,0,1,0,0.0,200.0,6.0
Manisankar Murasingh,Shahbaz Ahmed,2,2,0,0,0,0,0.0,100.0,2.0
Manisankar Murasingh,Shiran Fernando,2,0,1,2,0,0,100.0,0.0,0.0
Manisankar Murasingh,Shivam Shukla,8,17,1,2,2,1,25.0,212.5,17.0
Manisankar Murasingh,Shivang Kumar,1,2,0,0,0,0,0.0,200.0,2.0
Manisankar Murasingh,Sikandar Raza,2,5,0,0,1,0,0.0,250.0,5.0
Manisankar Murasingh,Sunil Narine,3,4,0,0,0,0,0.0,133.33,4.0
Manisankar Murasingh,Tanay Thyagarajan,5,3,2,3,0,0,60.0,60.0,1.5
Manisankar Murasingh,Vipraj Nigam,2,5,0,0,1,0,0.0,250.0,5.0
Manisankar Murasingh,Vishen Halambage,4,7,0,2,0,1,50.0,175.0,7.0
Manisankar Murasingh,Yash Thakur,1,1,0,0,0,0,0.0,100.0,1.0
Manish Pandey,Adam Zampa,9,14,0,3,1,1,33.33,155.56,14.0
Manish Pandey,Akash Vasisht,6,14,0,1,3,0,16.67,233.33,14.0
Manish Pandey,Akeal Hosein,17,36,1,2,6,0,11.76,211.76,36.0
Manish Pandey,Arjun Tendulkar,14,20,1,5,2,1,35.71,142.86,20.0
Manish Pandey,Arshdeep Singh,9,8,2,4,1,0,44.44,88.89,4.0
Manish Pandey,Ashok Sharma,6,8,1,3,0,1,50.0,133.33,8.0
Manish Pandey,Atit Sheth,10,9,1,2,0,0,20.0,90.0,9.0
Manish Pandey,Avinov Choudhary,7,16,1,1,0,2,14.29,228.57,16.0
Manish Pandey,Axar Patel,6,6,0,2,0,0,33.33,100.0,6.0
Manish Pandey,CV Stephen,8,11,0,1,1,0,12.5,137.5,11.0
Manish Pandey,Codanda Ajit Karthik,10,10,0,5,1,0,50.0,100.0,10.0
Manish Pandey,Delano Potgieter,4,7,0,0,1,0,0.0,175.0,7.0
Manish Pandey,Dian Forrester,1,0,1,1,0,0,100.0,0.0,0.0
Manish Pandey,Dinuka Dilshan,6,7,0,2,1,0,33.33,116.67,7.0
Manish Pandey,Donovan Ferreira,4,5,0,1,0,0,25.0,125.0,5.0
Manish Pandey,Eshan Malinga,6,6,0,1,0,0,16.67,100.0,6.0
Manish Pandey,Gurinder Singh,8,3,0,5,0,0,62.5,37.5,3.0
Manish Pandey,Gus Atkinson,3,5,0,1,1,0,33.33,166.67,5.0
Manish Pandey,Harpreet Brar,10,14,0,1,1,0,10.0,140.0,14.0
Manish Pandey,Harsh Dubey,3,11,0,0,1,1,0.0,366.67,11.0
Manish Pandey,Ishant Sharma,2,2,0,0,0,0,0.0,100.0,2.0
Manish Pandey,Jamie Overton,4,5,0,1,0,0,25.0,125.0,5.0
Manish Pandey,Jasprit Bumrah,3,1,0,2,0,0,66.67,33.33,1.0
Manish Pandey,Joel Davies,3,4,0,0,0,0,0.0,133.33,4.0
Manish Pandey,Kagiso Rabada,2,0,1,2,0,0,100.0,0.0,0.0
Manish Pandey,Khaleel Ahmed,4,8,0,1,0,1,25.0,200.0,8.0
Manish Pandey,Kranthi Kumar,4,5,1,1,0,0,25.0,125.0,5.0
Manish Pandey,Krunal Pandya,8,11,0,0,1,0,0.0,137.5,11.0
Manish Pandey,Kuldeep Yadav,4,5,0,0,0,0,0.0,125.0,5.0
Manish Pandey,Lockie Ferguson,2,1,0,1,0,0,50.0,50.0,1.0
Manish Pandey,Lungi Ngidi,1,1,0,0,0,0,0.0,100.0,1.0
Manish Pandey,Mitchell Starc,2,2,0,0,0,0,0.0,100.0,2.0
Manish Pandey,Mohammed Shami,11,29,0,1,3,1,9.09,263.64,29.0
Manish Pandey,Mohammed Siraj,9,9,0,1,0,0,11.11,100.0,9.0
Manish Pandey,Mridul Surroch,1,1,0,0,0,0,0.0,100.0,1.0
Manish Pandey,Nishan Peiris,6,10,0,2,0,1,33.33,166.67,10.0
Manish Pandey,Nitish Kumar Reddy,8,9,1,2,0,0,25.0,112.5,9.0
Manish Pandey,Prabath Jayasuriya,6,6,1,3,1,0,50.0,100.0,6.0
Manish Pandey,Prashant Veer,6,20,1,2,2,2,33.33,333.33,20.0
Manish Pandey,Rachin Ravindra,6,6,0,0,0,0,0.0,100.0,6.0
Manish Pandey,Rashid Khan,10,15,0,1,1,0,10.0,150.0,15.0
Manish Pandey,Sahan Arachchige,6,10,0,2,0,1,33.33,166.67,10.0
Manish Pandey,Sanvir Singh,3,8,0,0,0,1,0.0,266.67,8.0
Manish Pandey,Shiran Fernando,7,10,1,2,0,1,28.57,142.86,10.0
Manish Pandey,Shivam Mavi,4,3,1,1,0,0,25.0,75.0,3.0
Manish Pandey,Shubham Agarwal,6,10,1,2,0,1,33.33,166.67,10.0
Manish Pandey,Sunil Narine,2,6,1,1,0,1,50.0,300.0,6.0
Manish Pandey,Tharindu Rathnanayake,3,3,0,1,0,0,33.33,100.0,3.0
Manish Pandey,Tilak Varma,1,1,0,0,0,0,0.0,100.0,1.0
Manish Pandey,Vishen Halambage,1,0,1,1,0,0,100.0,0.0,0.0
Manish Pandey,Wanindu Hasaranga,15,12,3,6,1,0,40.0,80.0,4.0
Manish Pandey,Will Jacks,17,22,0,1,1,0,5.88,129.41,22.0
Manish Pandey,Yuzvendra Chahal,9,10,0,2,0,0,22.22,111.11,10.0
Marco Jansen,Adam Zampa,4,9,0,1,2,0,25.0,225.0,9.0
Marco Jansen,Aiden Markram,3,1,0,2,0,0,66.67,33.33,1.0
Marco Jansen,Akeal Hosein,4,4,0,2,0,0,50.0,100.0,4.0
Marco Jansen,Mohammed Shami,1,0,1,1,0,0,100.0,0.0,0.0
Marco Jansen,Yuzvendra Chahal,2,4,1,1,1,0,50.0,200.0,4.0
Marcus Stoinis,Abhishek Sharma,4,6,0,1,1,0,25.0,150.0,6.0
Marcus Stoinis,Akeal Hosein,24,25,0,3,0,0,12.5,104.17,25.0
Marcus Stoinis,Arpit Vasavada,2,7,0,0,0,1,0.0,350.0,7.0
Marcus Stoinis,Arshdeep Singh,15,30,1,2,2,2,13.33,200.0,30.0
Marcus Stoinis,Ashok Sharma,18,24,0,2,1,0,11.11,133.33,24.0
Marcus Stoinis,Ashwin Das,3,4,0,0,0,0,0.0,133.33,4.0
Marcus Stoinis,Atit Sheth,10,11,0,3,0,0,30.0,110.0,11.0
Marcus Stoinis,Avesh Khan,9,13,1,2,2,0,22.22,144.44,13.0
Marcus Stoinis,Avinov Choudhary,2,5,0,0,0,0,0.0,250.0,5.0
Marcus Stoinis,Axar Patel,7,4,1,4,0,0,57.14,57.14,4.0
Marcus Stoinis,Bhuvneshwar Kumar,4,6,1,1,1,0,25.0,150.0,6.0
Marcus Stoinis,Binura Fernando,2,3,0,0,0,0,0.0,150.0,3.0
Marcus Stoinis,Corbin Bosch,9,23,1,1,1,2,11.11,255.56,23.0
Marcus Stoinis,Dian Forrester,3,6,0,0,1,0,0.0,200.0,6.0
Marcus Stoinis,Dushan Hemantha,5,4,1,1,0,0,20.0,80.0,4.0
Marcus Stoinis,Gurinder Singh,9,17,0,1,1,1,11.11,188.89,17.0
Marcus Stoinis,Hardik Pandya,3,4,0,0,0,0,0.0,133.33,4.0
Marcus Stoinis,Harsh Dubey,3,3,0,0,0,0,0.0,100.0,3.0
Marcus Stoinis,Isitha Wijesundara,1,0,1,1,0,0,100.0,0.0,0.0
Marcus Stoinis,Jamie Overton,4,7,0,1,1,0,25.0,175.0,7.0
Marcus Stoinis,Jason Holder,4,8,0,1,0,1,25.0,200.0,8.0
Marcus Stoinis,KM Asif,3,4,0,0,0,0,0.0,133.33,4.0
Marcus Stoinis,Kangabam Priyojit Singh,3,3,0,0,0,0,0.0,100.0,3.0
Marcus Stoinis,Khaleel Ahmed,10,23,0,2,3,1,20.0,230.0,23.0
Marcus Stoinis,Krunal Pandya,5,1,1,4,0,0,80.0,20.0,1.0
Marcus Stoinis,Kuldeep Yadav,23,23,1,4,0,0,17.39,100.0,23.0
Marcus Stoinis,Lalit Yadav,13,30,0,4,2,3,30.77,230.77,30.0
Marcus Stoinis,Malinda Pushpakumara,4,6,0,1,1,0,25.0,150.0,6.0
Marcus Stoinis,Manisankar Murasingh,8,14,0,0,1,0,0.0,175.0,14.0
Marcus Stoinis,Matt Henry,5,6,0,0,0,0,0.0,120.0,6.0
Marcus Stoinis,Mitchell Marsh,3,2,0,1,0,0,33.33,66.67,2.0
Marcus Stoinis,Mitchell Starc,9,25,1,1,0,3,11.11,277.78,25.0
Marcus Stoinis,Mohammed Siraj,7,5,1,2,0,0,28.57,71.43,5.0
Marcus Stoinis,Mridul Surroch,7,6,1,3,0,0,42.86,85.71,6.0
Marcus Stoinis,Mukhtar Hussain,5,8,1,1,1,0,20.0,160.0,8.0
Marcus Stoinis,Nitish Kumar Reddy,1,1,0,0,0,0,0.0,100.0,1.0
Marcus Stoinis,Praveen Jayawickrama,12,14,0,4,0,1,33.33,116.67,14.0
Marcus Stoinis,Prince Yadav,1,4,0,0,1,0,0.0,400.0,4.0
Marcus Stoinis,Raj Limbani,2,1,0,1,0,0,50.0,50.0,1.0
Marcus Stoinis,Rashid Khan,1,1,0,0,0,0,0.0,100.0,1.0
Marcus Stoinis,Ravi Teja,4,11,0,0,0,1,0.0,275.0,11.0
Marcus Stoinis,Riyan Parag,2,2,0,0,0,0,0.0,100.0,2.0
Marcus Stoinis,Sahan Arachchige,9,12,1,3,0,1,33.33,133.33,12.0
Marcus Stoinis,Sairaj Patil,1,1,0,0,0,0,0.0,100.0,1.0
Marcus Stoinis,Scott Curie,5,9,0,1,1,0,20.0,180.0,9.0
Marcus Stoinis,Seekkuge Prasanna,2,1,0,1,0,0,50.0,50.0,1.0
Marcus Stoinis,Shiran Fernando,10,12,1,3,1,0,30.0,120.0,12.0
Marcus Stoinis,Sonny Baker,6,0,0,6,0,0,100.0,0.0,0.0
Marcus Stoinis,Sunil Narine,4,4,0,0,0,0,0.0,100.0,4.0
Marcus Stoinis,Tilak Varma,7,19,0,0,0,2,0.0,271.43,19.0
Marcus Stoinis,Vishen Halambage,7,7,3,3,1,0,42.86,100.0,2.33
Marcus Stoinis,Washington Sundar,16,26,0,0,1,0,0.0,162.5,26.0
Marcus Stoinis,Will Jacks,1,1,0,0,0,0,0.0,100.0,1.0
Marcus Stoinis,Yuvraj Chaudhary,7,9,0,3,0,1,42.86,128.57,9.0
Matheesha Pathirana,Akeal Hosein,1,1,0,0,0,0,0.0,100.0,1.0
Matheesha Pathirana,Anukul Roy,1,2,0,0,0,0,0.0,200.0,2.0
Matheesha Pathirana,Harsh Dubey,3,10,1,1,1,1,33.33,333.33,10.0
Matheesha Pathirana,Prabath Jayasuriya,2,3,0,0,0,0,0.0,150.0,3.0
Matheesha Pathirana,Varun Chakravarthy,3,2,0,1,0,0,33.33,66.67,2.0
Matt Henry,Adam Zampa,1,0,0,1,0,0,100.0,0.0,0.0
Matt Henry,Adil Rashid,1,1,0,0,0,0,0.0,100.0,1.0
Matt Henry,Bhuvneshwar Kumar,6,4,1,3,0,0,50.0,66.67,4.0
Matt Henry,Jamie Overton,5,4,1,4,1,0,80.0,80.0,4.0
Matt Henry,Josh Hazlewood,5,1,0,4,0,0,80.0,20.0,1.0
Matt Henry,KC Cariappa,4,5,0,2,1,0,50.0,125.0,5.0
Matt Henry,Mitchell Starc,1,0,1,1,0,0,100.0,0.0,0.0
Matt Henry,Mohammed Siraj,1,0,1,1,0,0,100.0,0.0,0.0
Matt Henry,Prabath Jayasuriya,1,0,1,1,0,0,100.0,0.0,0.0
Matt Henry,Ramandeep Singh,3,1,0,2,0,0,66.67,33.33,1.0
Matt Henry,Shivam Shukla,2,1,0,1,0,0,50.0,50.0,1.0
Matt Henry,Varun Chakravarthy,2,1,1,1,0,0,50.0,50.0,1.0
Matt Renshaw,Adam Zampa,3,9,0,0,0,1,0.0,300.0,9.0
Matt Renshaw,Ashok Sharma,6,7,1,1,0,0,16.67,116.67,7.0
Matt Renshaw,Gangam Anikethreddy,4,6,1,1,0,0,25.0,150.0,6.0
Matt Renshaw,Gurinder Singh,6,4,1,2,0,0,33.33,66.67,4.0
Matt Renshaw,Khaleel Ahmed,15,37,0,0,5,1,0.0,246.67,37.0
Matt Renshaw,Kranthi Kumar,1,0,1,1,0,0,100.0,0.0,0.0
Matt Renshaw,Krunal Pandya,4,7,0,0,0,0,0.0,175.0,7.0
Matt Renshaw,Kuldeep Yadav,2,2,0,0,0,0,0.0,100.0,2.0
Matt Renshaw,Lalit Yadav,3,5,0,1,1,0,33.33,166.67,5.0
Matt Renshaw,Lungi Ngidi,6,22,0,1,2,2,16.67,366.67,22.0
Matt Renshaw,Malinda Pushpakumara,8,18,0,1,0,2,12.5,225.0,18.0
Matt Renshaw,Mridul Surroch,4,4,0,0,0,0,0.0,100.0,4.0
Matt Renshaw,Nitish Kumar Reddy,4,13,0,0,1,1,0.0,325.0,13.0
Matt Renshaw,Shubham Agarwal,4,9,0,0,0,1,0.0,225.0,9.0
Matt Renshaw,Sonny Baker,4,6,0,0,0,0,0.0,150.0,6.0
Matt Renshaw,Varun Chakravarthy,2,0,0,2,0,0,100.0,0.0,0.0
Matt Renshaw,Vishen Halambage,6,13,0,3,0,2,50.0,216.67,13.0
Matt Short,Ajay Dev Goud,17,21,0,2,1,0,11.76,123.53,21.0
Matt Short,Akash Vasisht,11,41,1,1,2,5,9.09,372.73,41.0
Matt Short,Akeal Hosein,22,33,1,7,3,1,31.82,150.0,33.0
Matt Short,Anukul Roy,3,2,0,1,0,0,33.33,66.67,2.0
Matt Short,Arpit Vasavada,11,9,1,4,0,0,36.36,81.82,9.0
Matt Short,Ashok Sharma,52,55,5,8,0,0,15.38,105.77,11.0
Matt Short,Ashwin Das,7,17,0,1,0,2,14.29,242.86,17.0
Matt Short,Axar Patel,4,3,0,1,0,0,25.0,75.0,3.0
Matt Short,Bhuvneshwar Kumar,14,13,0,2,0,0,14.29,92.86,13.0
Matt Short,Brian Bennett,7,8,0,0,0,0,0.0,114.29,8.0
Matt Short,CV Stephen,6,5,0,2,0,0,33.33,83.33,5.0
Matt Short,Dian Forrester,30,54,2,2,3,2,6.67,180.0,27.0
Matt Short,Dunith Wellalage,4,5,0,0,0,0,0.0,125.0,5.0
Matt Short,Glenn Phillips,5,7,0,0,0,0,0.0,140.0,7.0
Matt Short,Glenton Stuurman,26,25,0,7,1,0,26.92,96.15,25.0
Matt Short,Gurinder Singh,35,56,2,10,5,2,28.57,160.0,28.0
Matt Short,Hardik Pandya,8,6,1,2,0,0,25.0,75.0,6.0
Matt Short,Harpreet Brar,19,22,0,4,2,0,21.05,115.79,22.0
Matt Short,Harsh Dubey,5,7,0,1,1,0,20.0,140.0,7.0
Matt Short,Harshal Patel,4,4,0,0,0,0,0.0,100.0,4.0
Matt Short,Joel Davies,28,20,7,13,0,0,46.43,71.43,2.86
Matt Short,Josh Hazlewood,16,25,0,2,1,1,12.5,156.25,25.0
Matt Short,Kagiso Rabada,1,0,1,1,0,0,100.0,0.0,0.0
Matt Short,Karan Lal,12,21,0,1,3,0,8.33,175.0,21.0
Matt Short,Khaleel Ahmed,11,12,0,2,0,0,18.18,109.09,12.0
Matt Short,Krunal Pandya,1,1,0,0,0,0,0.0,100.0,1.0
Matt Short,Kuldeep Yadav,66,108,3,15,3,7,22.73,163.64,36.0
Matt Short,Lalit Yadav,10,15,0,2,0,0,20.0,150.0,15.0
Matt Short,Liam Livingstone,8,17,0,0,1,1,0.0,212.5,17.0
Matt Short,Luke Wood,12,25,0,1,1,2,8.33,208.33,25.0
Matt Short,Lungi Ngidi,4,5,1,2,1,0,50.0,125.0,5.0
Matt Short,Malinda Pushpakumara,28,51,1,7,3,4,25.0,182.14,51.0
Matt Short,Mitchell Marsh,10,9,0,2,0,0,20.0,90.0,9.0
Matt Short,Mohammed Shami,13,20,0,0,1,0,0.0,153.85,20.0
Matt Short,Mohammed Siraj,25,39,1,3,0,2,12.0,156.0,39.0
Matt Short,Mridul Surroch,9,17,0,1,3,0,11.11,188.89,17.0
Matt Short,Mukhtar Hussain,28,33,0,5,1,0,17.86,117.86,33.0
Matt Short,Nishant Sindhu,2,10,0,0,1,1,0.0,500.0,10.0
Matt Short,Nitish Kumar Reddy,8,8,0,1,0,0,12.5,100.0,8.0
Matt Short,Prabath Jayasuriya,8,15,0,1,2,0,12.5,187.5,15.0
Matt Short,Praveen Jayawickrama,27,42,0,4,1,2,14.81,155.56,42.0
Matt Short,Rachin Ravindra,26,25,1,8,0,1,30.77,96.15,25.0
Matt Short,Raj Angad Bawa,12,19,0,1,0,1,8.33,158.33,19.0
Matt Short,Rashid Khan,17,27,2,5,1,2,29.41,158.82,13.5
Matt Short,Rasikh Dar,12,22,1,2,1,1,16.67,183.33,22.0
Matt Short,Ravindra Jadeja,6,9,0,1,1,0,16.67,150.0,9.0
Matt Short,Riyan Parag,5,15,0,0,1,1,0.0,300.0,15.0
Matt Short,Rohit Sharma,5,12,0,0,2,0,0.0,240.0,12.0
Matt Short,Sahan Arachchige,35,28,2,14,1,0,40.0,80.0,14.0
Matt Short,Sai Kishore,10,15,0,1,1,0,10.0,150.0,15.0
Matt Short,Sam Curran,9,13,0,0,0,0,0.0,144.44,13.0
Matt Short,Samant Jakhar,3,4,0,0,0,0,0.0,133.33,4.0
Matt Short,Scott Curie,8,19,1,2,2,1,25.0,237.5,19.0
Matt Short,Seekkuge Prasanna,4,6,0,1,1,0,25.0,150.0,6.0
Matt Short,Senitha Halambage,7,5,0,2,0,0,28.57,71.43,5.0
Matt Short,Shardul Thakur,3,3,0,0,0,0,0.0,100.0,3.0
Matt Short,Shiran Fernando,23,34,1,3,3,0,13.04,147.83,34.0
Matt Short,Shivam Dube,45,79,2,6,6,2,13.33,175.56,39.5
Matt Short,Shubham Agarwal,19,43,1,2,4,2,10.53,226.32,43.0
Matt Short,Sonny Baker,22,35,0,5,3,1,22.73,159.09,35.0
Matt Short,Suryansh Shedge,4,4,0,0,0,0,0.0,100.0,4.0
Matt Short,Tanay Thyagarajan,7,8,0,0,0,0,0.0,114.29,8.0
Matt Short,Tilak Varma,5,5,1,2,0,0,40.0,100.0,5.0
Matt Short,Vaisakh Chandran,8,14,0,1,2,0,12.5,175.0,14.0
Matt Short,Varun Chakravarthy,26,46,2,7,3,3,26.92,176.92,23.0
Matt Short,Venkatesh Iyer,4,6,0,1,0,0,25.0,150.0,6.0
Matt Short,Vishen Halambage,14,19,2,5,1,1,35.71,135.71,9.5
Matt Short,Wanindu Hasaranga,9,17,0,1,1,1,11.11,188.89,17.0
Matt Short,Washington Sundar,16,21,2,5,1,1,31.25,131.25,10.5
Matt Short,Will Jacks,18,17,1,7,1,0,38.89,94.44,17.0
Matthew Forde,Anshul Kamboj,2,8,0,0,0,1,0.0,400.0,8.0
Matthew Forde,Ashok Sharma,3,2,0,1,0,0,33.33,66.67,2.0
Matthew Forde,Corbin Bosch,1,1,0,0,0,0,0.0,100.0,1.0
Matthew Forde,Lance Morris,4,3,0,2,0,0,50.0,75.0,3.0
Matthew Forde,Ravi Bishnoi,2,1,0,1,0,0,50.0,50.0,1.0
Matthew Forde,Ravindra Jadeja,2,2,0,0,0,0,0.0,100.0,2.0
Matthew Forde,Sonu Yadav,2,3,0,0,0,0,0.0,150.0,3.0
Matthew Forde,Tripuresh Singh,5,6,0,0,0,0,0.0,120.0,6.0
Matthew Forde,Vishen Halambage,4,10,0,0,0,1,0.0,250.0,10.0
Mayank Agarwal,Ashok Sharma,10,24,0,2,2,2,20.0,240.0,24.0
Mayank Agarwal,CV Stephen,2,0,1,2,0,0,100.0,0.0,0.0
Mayank Agarwal,Kuldeep Yadav,3,0,1,3,0,0,100.0,0.0,0.0
Mayank Agarwal,Rachin Ravindra,10,17,1,5,0,2,50.0,170.0,17.0
Mayank Agarwal,Rasikh Dar,8,1,1,7,0,0,87.5,12.5,1.0
Mayank Agarwal,Senitha Halambage,4,8,0,1,0,1,25.0,200.0,8.0
Mayank Markande,Anukul Roy,4,7,0,1,1,0,25.0,175.0,7.0
Mayank Markande,Cameron Green,2,1,0,1,0,0,50.0,50.0,1.0
Mayank Markande,Josh Hazlewood,1,0,0,1,0,0,100.0,0.0,0.0
Mayank Markande,KC Cariappa,7,6,0,6,0,1,85.71,85.71,6.0
Mayank Markande,Liam Livingstone,1,0,1,1,0,0,100.0,0.0,0.0
Mayank Markande,Shardul Thakur,5,0,0,5,0,0,100.0,0.0,0.0
Mayank Markande,Vaibhav Arora,1,0,1,1,0,0,100.0,0.0,0.0
Mayank Markande,Varun Chakravarthy,5,2,0,4,0,0,80.0,40.0,2.0
Mitchell Marsh,Adam Zampa,20,31,0,1,0,2,5.0,155.0,31.0
Mitchell Marsh,Ajay Mandal,2,2,0,0,0,0,0.0,100.0,2.0
Mitchell Marsh,Akash Vasisht,10,15,0,0,1,0,0.0,150.0,15.0
Mitchell Marsh,Akeal Hosein,12,24,0,0,2,1,0.0,200.0,24.0
Mitchell Marsh,Anrich Nortje,2,1,1,1,0,0,50.0,50.0,1.0
Mitchell Marsh,Anshul Kamboj,4,4,1,1,0,0,25.0,100.0,4.0
Mitchell Marsh,Arjun Tendulkar,8,10,0,3,1,0,37.5,125.0,10.0
Mitchell Marsh,Arshdeep Singh,12,11,1,3,0,0,25.0,91.67,11.0
Mitchell Marsh,Ashok Sharma,71,120,4,12,10,4,16.9,169.01,30.0
Mitchell Marsh,Atit Sheth,14,28,0,3,1,2,21.43,200.0,28.0
Mitchell Marsh,Avinov Choudhary,8,9,0,1,0,0,12.5,112.5,9.0
Mitchell Marsh,Axar Patel,6,3,0,3,0,0,50.0,50.0,3.0
Mitchell Marsh,Ben Stokes,4,4,0,1,0,0,25.0,100.0,4.0
Mitchell Marsh,Bhuvneshwar Kumar,47,63,0,10,1,3,21.28,134.04,63.0
Mitchell Marsh,Brian Bennett,9,26,1,1,4,1,11.11,288.89,26.0
Mitchell Marsh,CV Stephen,9,15,0,2,0,1,22.22,166.67,15.0
Mitchell Marsh,Cameron Green,2,2,0,0,0,0,0.0,100.0,2.0
Mitchell Marsh,Chama Milind,3,2,0,1,0,0,33.33,66.67,2.0
Mitchell Marsh,Dasun Shanaka,11,16,0,0,0,0,0.0,145.45,16.0
Mitchell Marsh,Dian Forrester,10,24,0,1,0,3,10.0,240.0,24.0
Mitchell Marsh,Duan Jansen,7,10,0,2,0,1,28.57,142.86,10.0
Mitchell Marsh,Duvindu Tillakaratne,10,20,0,4,1,2,40.0,200.0,20.0
Mitchell Marsh,Glenn Phillips,12,21,0,0,1,0,0.0,175.0,21.0
Mitchell Marsh,Glenton Stuurman,11,15,0,2,0,1,18.18,136.36,15.0
Mitchell Marsh,Gurinder Singh,59,75,5,14,2,3,23.73,127.12,15.0
Mitchell Marsh,Gurnoor Singh Brar,5,9,1,1,1,0,20.0,180.0,9.0
Mitchell Marsh,Gus Atkinson,4,5,0,0,0,0,0.0,125.0,5.0
Mitchell Marsh,Hardik Pandya,30,47,0,5,4,1,16.67,156.67,47.0
Mitchell Marsh,Harpreet Brar,14,15,4,8,1,1,57.14,107.14,3.75
Mitchell Marsh,Harsh Dubey,7,8,1,2,0,0,28.57,114.29,8.0
Mitchell Marsh,Harshal Patel,8,16,0,0,0,1,0.0,200.0,16.0
Mitchell Marsh,Ishant Sharma,7,12,0,0,0,1,0.0,171.43,12.0
Mitchell Marsh,Isitha Wijesundara,7,14,0,0,2,0,0.0,200.0,14.0
Mitchell Marsh,Jacob Duffy,9,10,0,5,1,0,55.56,111.11,10.0
Mitchell Marsh,Jamie Overton,7,16,0,0,3,0,0.0,228.57,16.0
Mitchell Marsh,Jasprit Bumrah,44,57,4,12,3,1,27.27,129.55,14.25
Mitchell Marsh,Jaydev Unadkat,3,4,0,0,0,0,0.0,133.33,4.0
Mitchell Marsh,Joel Davies,31,37,1,7,0,2,22.58,119.35,37.0
Mitchell Marsh,Jofra Archer,3,2,0,1,0,0,33.33,66.67,2.0
Mitchell Marsh,Josh Hazlewood,6,2,1,4,0,0,66.67,33.33,2.0
Mitchell Marsh,KC Cariappa,5,4,0,2,0,0,40.0,80.0,4.0
Mitchell Marsh,Kagiso Rabada,5,11,1,1,0,1,20.0,220.0,11.0
Mitchell Marsh,Karan Lal,17,26,0,1,1,1,5.88,152.94,26.0
Mitchell Marsh,Kranthi Kumar,41,54,3,11,3,2,26.83,131.71,18.0
Mitchell Marsh,Krunal Pandya,11,11,1,2,0,0,18.18,100.0,11.0
Mitchell Marsh,Kuldeep Yadav,119,155,10,24,8,4,20.17,130.25,15.5
Mitchell Marsh,Lalit Yadav,7,11,0,1,1,0,14.29,157.14,11.0
Mitchell Marsh,Liam Livingstone,9,11,0,1,1,0,11.11,122.22,11.0
Mitchell Marsh,Lungi Ngidi,4,5,0,0,0,0,0.0,125.0,5.0
Mitchell Marsh,Maheesh Theekshana,5,8,0,2,0,1,40.0,160.0,8.0
Mitchell Marsh,Malinda Pushpakumara,72,97,6,22,6,3,30.56,134.72,16.17
Mitchell Marsh,Manav Suthar,16,19,2,7,1,1,43.75,118.75,9.5
Mitchell Marsh,Marcus Stoinis,18,37,1,2,3,2,11.11,205.56,37.0
Mitchell Marsh,Matt Henry,2,1,0,1,0,0,50.0,50.0,1.0
Mitchell Marsh,Mitchell Starc,7,7,1,2,0,0,28.57,100.0,7.0
Mitchell Marsh,Mohammed Shami,12,18,1,3,0,1,25.0,150.0,18.0
Mitchell Marsh,Mohammed Siraj,6,8,1,1,1,0,16.67,133.33,8.0
Mitchell Marsh,Mohsin Khan,16,17,1,5,1,0,31.25,106.25,17.0
Mitchell Marsh,Mridul Surroch,25,31,3,8,0,2,32.0,124.0,10.33
Mitchell Marsh,Mukhtar Hussain,8,9,0,2,1,0,25.0,112.5,9.0
Mitchell Marsh,Nathan Ellis,9,11,0,1,0,0,11.11,122.22,11.0
Mitchell Marsh,Nishan Peiris,4,2,0,3,0,0,75.0,50.0,2.0
Mitchell Marsh,Nitish Kumar Reddy,15,32,0,1,2,1,6.67,213.33,32.0
Mitchell Marsh,Noor Ahmad,11,11,0,3,1,0,27.27,100.0,11.0
Mitchell Marsh,Pat Cummins,15,18,0,4,0,1,26.67,120.0,18.0
Mitchell Marsh,Prabath Jayasuriya,6,15,0,0,1,1,0.0,250.0,15.0
Mitchell Marsh,Prashant Veer,1,1,0,0,0,0,0.0,100.0,1.0
Mitchell Marsh,Praveen Jayawickrama,10,10,0,2,0,0,20.0,100.0,10.0
Mitchell Marsh,Rachin Ravindra,10,6,1,5,0,0,50.0,60.0,6.0
Mitchell Marsh,Raj Angad Bawa,4,6,0,0,0,0,0.0,150.0,6.0
Mitchell Marsh,Raj Limbani,5,14,0,0,3,0,0.0,280.0,14.0
Mitchell Marsh,Ramandeep Singh,5,7,0,1,1,0,20.0,140.0,7.0
Mitchell Marsh,Rasikh Dar,13,26,0,1,4,0,7.69,200.0,26.0
Mitchell Marsh,Ravi Bishnoi,3,2,0,1,0,0,33.33,66.67,2.0
Mitchell Marsh,Ravindra Jadeja,52,84,4,14,9,3,26.92,161.54,21.0
Mitchell Marsh,Rohit Sharma,4,8,0,0,0,0,0.0,200.0,8.0
Mitchell Marsh,Sahan Arachchige,23,29,2,4,1,1,17.39,126.09,14.5
Mitchell Marsh,Sai Kishore,7,13,0,1,0,1,14.29,185.71,13.0
Mitchell Marsh,Sairaj Patil,10,22,1,1,2,1,10.0,220.0,22.0
Mitchell Marsh,Sam Curran,2,2,1,1,0,0,50.0,100.0,2.0
Mitchell Marsh,Scott Curie,29,42,0,7,1,2,24.14,144.83,42.0
Mitchell Marsh,Seekkuge Prasanna,10,16,0,1,1,0,10.0,160.0,16.0
Mitchell Marsh,Shahbaz Ahmed,3,6,0,0,0,0,0.0,200.0,6.0
Mitchell Marsh,Shiran Fernando,21,27,2,5,1,1,23.81,128.57,13.5
Mitchell Marsh,Shivam Dube,14,37,0,0,2,3,0.0,264.29,37.0
Mitchell Marsh,Shubham Agarwal,42,67,2,12,4,3,28.57,159.52,33.5
Mitchell Marsh,Sikandar Raza,1,1,0,0,0,0,0.0,100.0,1.0
Mitchell Marsh,Sunil Narine,43,54,1,18,2,4,41.86,125.58,54.0
Mitchell Marsh,Tanay Thyagarajan,6,9,0,1,1,0,16.67,150.0,9.0
Mitchell Marsh,Tharindu Rathnanayake,10,10,0,3,1,0,30.0,100.0,10.0
Mitchell Marsh,Tilak Varma,4,5,0,0,0,0,0.0,125.0,5.0
Mitchell Marsh,Trent Boult,9,9,0,4,1,0,44.44,100.0,9.0
Mitchell Marsh,Varun Chakravarthy,84,126,4,17,8,4,20.24,150.0,31.5
Mitchell Marsh,Vasuki Koushik,2,3,0,0,0,0,0.0,150.0,3.0
Mitchell Marsh,Vignesh Puthur,3,1,1,2,0,0,66.67,33.33,1.0
Mitchell Marsh,Vishen Halambage,69,98,2,11,3,2,15.94,142.03,49.0
Mitchell Marsh,Wanindu Hasaranga,17,31,0,4,1,2,23.53,182.35,31.0
Mitchell Marsh,Washington Sundar,39,62,0,5,3,2,12.82,158.97,62.0
Mitchell Marsh,Will Jacks,37,46,0,8,1,1,21.62,124.32,46.0
Mitchell Marsh,Yuvraj Chaudhary,9,12,0,2,0,0,22.22,133.33,12.0
Mitchell Owen,Akeal Hosein,1,1,0,0,0,0,0.0,100.0,1.0
Mitchell Owen,Allah Ghazanfar,1,0,1,1,0,0,100.0,0.0,0.0
Mitchell Starc,Akash Vasisht,4,5,0,1,0,0,25.0,125.0,5.0
Mitchell Starc,Akeal Hosein,2,6,1,1,0,1,50.0,300.0,6.0
Mitchell Starc,Atit Sheth,1,0,1,1,0,0,100.0,0.0,0.0
Mitchell Starc,Bhuvneshwar Kumar,1,0,1,1,0,0,100.0,0.0,0.0
Mitchell Starc,Brian Bennett,2,6,0,1,0,1,50.0,300.0,6.0
Mitchell Starc,CV Stephen,6,0,4,6,0,0,100.0,0.0,0.0
Mitchell Starc,Corbin Bosch,1,1,0,0,0,0,0.0,100.0,1.0
Mitchell Starc,Deepak Hooda,7,7,0,2,0,0,28.57,100.0,7.0
Mitchell Starc,Glenton Stuurman,4,9,0,0,0,0,0.0,225.0,9.0
Mitchell Starc,Gurinder Singh,7,9,0,1,0,0,14.29,128.57,9.0
Mitchell Starc,Hardik Pandya,2,0,1,2,0,0,100.0,0.0,0.0
Mitchell Starc,Harpreet Brar,5,6,0,1,0,0,20.0,120.0,6.0
Mitchell Starc,Jasprit Bumrah,3,3,1,1,0,0,33.33,100.0,3.0
Mitchell Starc,KM Asif,2,0,1,2,0,0,100.0,0.0,0.0
Mitchell Starc,Krishnappa Gowtham,1,1,0,0,0,0,0.0,100.0,1.0
Mitchell Starc,Kuldeep Yadav,6,5,1,3,0,0,50.0,83.33,5.0
Mitchell Starc,Malinda Pushpakumara,11,10,0,7,0,1,63.64,90.91,10.0
Mitchell Starc,Mohammed Shami,2,1,1,1,0,0,50.0,50.0,1.0
Mitchell Starc,Mohammed Siraj,8,9,3,4,0,1,50.0,112.5,3.0
Mitchell Starc,Mridul Surroch,5,5,1,1,0,0,20.0,100.0,5.0
Mitchell Starc,Nishan Peiris,11,9,0,4,0,0,36.36,81.82,9.0
Mitchell Starc,Ottneil Baartman,3,0,1,3,0,0,100.0,0.0,0.0
Mitchell Starc,Prabath Jayasuriya,9,9,1,2,0,0,22.22,100.0,9.0
Mitchell Starc,Praveen Jayawickrama,3,8,0,0,0,1,0.0,266.67,8.0
Mitchell Starc,Rachin Ravindra,1,2,0,0,0,0,0.0,200.0,2.0
Mitchell Starc,Riyan Parag,5,11,0,0,1,0,0.0,220.0,11.0
Mitchell Starc,Sahan Arachchige,2,0,1,2,0,0,100.0,0.0,0.0
Mitchell Starc,Sam Curran,2,2,0,0,0,0,0.0,100.0,2.0
Mitchell Starc,Shiran Fernando,14,16,2,4,0,0,28.57,114.29,8.0
Mitchell Starc,Shubham Agarwal,4,5,0,1,0,0,25.0,125.0,5.0
Mitchell Starc,Sonny Baker,2,2,0,0,0,0,0.0,100.0,2.0
Mitchell Starc,Varun Chakravarthy,1,0,1,1,0,0,100.0,0.0,0.0
Mitchell Starc,Vishen Halambage,2,0,1,2,0,0,100.0,0.0,0.0
Mitchell Starc,Wanindu Hasaranga,3,2,0,1,0,0,33.33,66.67,2.0
Mitchell Starc,Washington Sundar,1,0,1,1,0,0,100.0,0.0,0.0
Mitchell Starc,Will Jacks,4,7,1,2,0,1,50.0,175.0,7.0
Mohammed Shami,Akeal Hosein,1,0,1,1,0,0,100.0,0.0,0.0
Mohammed Shami,Anshul Kamboj,1,1,0,0,0,0,0.0,100.0,1.0
Mohammed Shami,Ashok Sharma,9,8,1,2,0,0,22.22,88.89,8.0
Mohammed Shami,Axar Patel,1,0,1,1,0,0,100.0,0.0,0.0
Mohammed Shami,Ben Stokes,2,2,1,1,0,0,50.0,100.0,2.0
Mohammed Shami,CV Stephen,5,5,0,2,0,0,40.0,100.0,5.0
Mohammed Shami,Dunith Wellalage,5,6,0,1,0,0,20.0,120.0,6.0
Mohammed Shami,Dushan Hemantha,2,6,1,1,0,1,50.0,300.0,6.0
Mohammed Shami,Gurinder Singh,5,5,1,1,0,0,20.0,100.0,5.0
Mohammed Shami,Hardik Pandya,1,1,0,0,0,0,0.0,100.0,1.0
Mohammed Shami,Harpreet Brar,3,3,0,0,0,0,0.0,100.0,3.0
Mohammed Shami,Jamie Overton,3,2,1,1,0,0,33.33,66.67,2.0
Mohammed Shami,Kagiso Rabada,1,1,0,0,0,0,0.0,100.0,1.0
Mohammed Shami,Kranthi Kumar,1,1,0,0,0,0,0.0,100.0,1.0
Mohammed Shami,Kuldeep Yadav,3,3,0,0,0,0,0.0,100.0,3.0
Mohammed Shami,Malinda Pushpakumara,6,6,2,3,1,0,50.0,100.0,3.0
Mohammed Shami,Marcus Stoinis,1,0,1,1,0,0,100.0,0.0,0.0
Mohammed Shami,Mitchell Starc,5,4,1,1,0,0,20.0,80.0,4.0
Mohammed Shami,Nathan Ellis,2,1,0,1,0,0,50.0,50.0,1.0
Mohammed Shami,Pat Cummins,1,0,1,1,0,0,100.0,0.0,0.0
Mohammed Shami,Prashant Veer,3,1,1,2,0,0,66.67,33.33,1.0
Mohammed Shami,Raj Angad Bawa,1,0,1,1,0,0,100.0,0.0,0.0
Mohammed Shami,Ramandeep Singh,5,2,0,3,0,0,60.0,40.0,2.0
Mohammed Shami,Ravindra Jadeja,5,3,1,2,0,0,40.0,60.0,3.0
Mohammed Shami,Scott Curie,6,6,1,1,0,0,16.67,100.0,6.0
Mohammed Shami,Shiran Fernando,5,6,0,0,0,0,0.0,120.0,6.0
Mohammed Shami,Sikandar Raza,1,0,1,1,0,0,100.0,0.0,0.0
Mohammed Shami,Sunil Narine,2,1,0,1,0,0,50.0,50.0,1.0
Mohammed Shami,Tanay Thyagarajan,3,4,0,0,0,0,0.0,133.33,4.0
Mohammed Shami,Varun Chakravarthy,5,4,1,2,0,0,40.0,80.0,4.0
Mohammed Shami,Vishen Halambage,5,3,2,2,0,0,40.0,60.0,1.5
Mohammed Shami,Wanindu Hasaranga,5,3,0,3,0,0,60.0,60.0,3.0
Mohammed Shami,Will Jacks,1,1,0,0,0,0,0.0,100.0,1.0
Mohammed Siraj,Adam Zampa,2,3,0,0,0,0,0.0,150.0,3.0
Mohammed Siraj,Akeal Hosein,3,4,0,0,0,0,0.0,133.33,4.0
Mohammed Siraj,Allah Ghazanfar,2,1,1,1,0,0,50.0,50.0,1.0
Mohammed Siraj,Anshul Kamboj,2,2,1,1,0,0,50.0,100.0,2.0
Mohammed Siraj,Arpit Vasavada,5,5,0,0,0,0,0.0,100.0,5.0
Mohammed Siraj,Arshdeep Singh,4,5,0,0,0,0,0.0,125.0,5.0
Mohammed Siraj,Ashok Sharma,13,12,0,2,0,0,15.38,92.31,12.0
Mohammed Siraj,Axar Patel,8,15,0,0,0,1,0.0,187.5,15.0
Mohammed Siraj,Darshan Nalkande,1,0,1,1,0,0,100.0,0.0,0.0
Mohammed Siraj,Dian Forrester,1,1,0,0,0,0,0.0,100.0,1.0
Mohammed Siraj,Dushan Hemantha,1,1,0,0,0,0,0.0,100.0,1.0
Mohammed Siraj,Eshan Malinga,2,3,0,0,0,0,0.0,150.0,3.0
Mohammed Siraj,Glenton Stuurman,5,7,1,1,1,0,20.0,140.0,7.0
Mohammed Siraj,Gurinder Singh,1,2,0,0,0,0,0.0,200.0,2.0
Mohammed Siraj,Harpreet Brar,1,1,0,0,0,0,0.0,100.0,1.0
Mohammed Siraj,Harsh Dubey,3,3,0,0,0,0,0.0,100.0,3.0
Mohammed Siraj,Jacob Duffy,8,6,0,3,0,0,37.5,75.0,6.0
Mohammed Siraj,Joel Davies,2,1,0,1,0,0,50.0,50.0,1.0
Mohammed Siraj,Josh Hazlewood,1,1,0,0,0,0,0.0,100.0,1.0
Mohammed Siraj,KM Asif,3,4,0,0,0,0,0.0,133.33,4.0
Mohammed Siraj,Kuldeep Yadav,12,15,0,3,0,0,25.0,125.0,15.0
Mohammed Siraj,Malinda Pushpakumara,3,2,2,2,0,0,66.67,66.67,1.0
Mohammed Siraj,Mitchell Marsh,2,3,0,0,0,0,0.0,150.0,3.0
Mohammed Siraj,Mitchell Starc,6,3,2,4,0,0,66.67,50.0,1.5
Mohammed Siraj,Mohammed Shami,3,2,1,1,0,0,33.33,66.67,2.0
Mohammed Siraj,Mohammed Siraj,1,2,0,0,0,0,0.0,200.0,2.0
Mohammed Siraj,Nishan Peiris,1,0,1,1,0,0,100.0,0.0,0.0
Mohammed Siraj,Pat Cummins,1,0,1,1,0,0,100.0,0.0,0.0
Mohammed Siraj,Prashant Veer,1,1,0,0,0,0,0.0,100.0,1.0
Mohammed Siraj,Raj Angad Bawa,6,6,1,1,0,0,16.67,100.0,6.0
Mohammed Siraj,Rashid Khan,7,10,0,0,0,0,0.0,142.86,10.0
Mohammed Siraj,Rasikh Dar,1,0,1,1,0,0,100.0,0.0,0.0
Mohammed Siraj,Riyan Parag,2,0,1,2,0,0,100.0,0.0,0.0
Mohammed Siraj,Sahan Arachchige,4,4,1,1,0,0,25.0,100.0,4.0
Mohammed Siraj,Sam Curran,1,0,0,1,0,0,100.0,0.0,0.0
Mohammed Siraj,Shiran Fernando,26,28,3,6,0,0,23.08,107.69,9.33
Mohammed Siraj,Shivam Dube,2,3,0,0,0,0,0.0,150.0,3.0
Mohammed Siraj,Sunil Narine,6,10,0,1,0,0,16.67,166.67,10.0
Mohsin Khan,Akeal Hosein,2,2,0,0,0,0,0.0,100.0,2.0
Mohsin Khan,Ashok Sharma,1,0,1,1,0,0,100.0,0.0,0.0
Mohsin Khan,CV Stephen,3,5,0,0,0,0,0.0,166.67,5.0
Mohsin Khan,Hardik Pandya,7,3,2,5,0,0,71.43,42.86,1.5
Mohsin Khan,Harpreet Brar,3,4,0,0,0,0,0.0,133.33,4.0
Mohsin Khan,Harsh Dubey,5,4,0,2,0,0,40.0,80.0,4.0
Mohsin Khan,Seekkuge Prasanna,3,1,2,2,0,0,66.67,33.33,0.5
Mohsin Khan,Tripuresh Singh,1,0,1,1,0,0,100.0,0.0,0.0
Mohsin Khan,Vishen Halambage,5,1,2,4,0,0,80.0,20.0,0.5
Mohsin Khan,Washington Sundar,6,6,1,2,0,0,33.33,100.0,6.0
Mridul Surroch,Adam Zampa,5,6,0,0,0,0,0.0,120.0,6.0
Mridul Surroch,Adil Rashid,5,2,2,3,0,0,60.0,40.0,1.0
Mridul Surroch,Aiden Markram,9,21,0,2,1,1,22.22,233.33,21.0
Mridul Surroch,Ajay Dev Goud,1,2,0,0,0,0,0.0,200.0,2.0
Mridul Surroch,Akash Deep,3,4,0,0,0,0,0.0,133.33,4.0
Mridul Surroch,Akash Vasisht,17,31,0,3,2,2,17.65,182.35,31.0
Mridul Surroch,Akeal Hosein,8,11,0,1,1,0,12.5,137.5,11.0
Mridul Surroch,Allah Ghazanfar,7,13,0,0,0,1,0.0,185.71,13.0
Mridul Surroch,Ankit Kumar,6,21,0,0,2,1,0.0,350.0,21.0
Mridul Surroch,Anukul Roy,8,16,0,1,1,1,12.5,200.0,16.0
Mridul Surroch,Arpit Vasavada,5,4,0,1,0,0,20.0,80.0,4.0
Mridul Surroch,Arshdeep Singh,14,25,0,4,1,2,28.57,178.57,25.0
Mridul Surroch,Ashok Sharma,14,33,0,1,4,1,7.14,235.71,33.0
Mridul Surroch,Atit Sheth,5,1,2,4,0,0,80.0,20.0,0.5
Mridul Surroch,Avinov Choudhary,12,24,1,2,1,2,16.67,200.0,24.0
Mridul Surroch,Axar Patel,12,19,1,1,1,0,8.33,158.33,19.0
Mridul Surroch,Ben Stokes,5,11,0,2,1,1,40.0,220.0,11.0
Mridul Surroch,Bhuvneshwar Kumar,12,15,3,5,1,1,41.67,125.0,5.0
Mridul Surroch,Binura Fernando,7,15,1,1,2,0,14.29,214.29,15.0
Mridul Surroch,Brian Bennett,6,9,0,0,0,0,0.0,150.0,9.0
Mridul Surroch,CV Stephen,16,31,1,3,1,2,18.75,193.75,31.0
Mridul Surroch,Cameron Green,11,17,2,3,1,1,27.27,154.55,8.5
Mridul Surroch,Chetan Sakariya,19,20,2,5,1,0,26.32,105.26,10.0
Mridul Surroch,Dian Forrester,15,22,0,4,0,1,26.67,146.67,22.0
Mridul Surroch,Donovan Ferreira,26,54,0,5,2,4,19.23,207.69,54.0
Mridul Surroch,Dunith Wellalage,3,2,0,1,0,0,33.33,66.67,2.0
Mridul Surroch,Dushan Hemantha,12,34,0,1,4,2,8.33,283.33,34.0
Mridul Surroch,Duvindu Tillakaratne,5,7,1,1,1,0,20.0,140.0,7.0
Mridul Surroch,Eshan Malinga,1,1,0,0,0,0,0.0,100.0,1.0
Mridul Surroch,Glenn Phillips,17,26,1,2,1,1,11.76,152.94,26.0
Mridul Surroch,Glenton Stuurman,3,5,0,1,1,0,33.33,166.67,5.0
Mridul Surroch,Gurinder Singh,10,21,0,4,1,2,40.0,210.0,21.0
Mridul Surroch,Gus Atkinson,12,16,0,3,2,0,25.0,133.33,16.0
Mridul Surroch,Hardik Pandya,18,37,3,5,2,3,27.78,205.56,12.33
Mridul Surroch,Harpreet Brar,9,9,1,3,1,0,33.33,100.0,9.0
Mridul Surroch,Ishant Sharma,2,0,1,2,0,0,100.0,0.0,0.0
Mridul Surroch,Ismat Alam,5,6,0,1,0,0,20.0,120.0,6.0
Mridul Surroch,Jacob Duffy,3,7,1,1,0,1,33.33,233.33,7.0
Mridul Surroch,Jacques Snyman,4,3,0,2,0,0,50.0,75.0,3.0
Mridul Surroch,Jamie Overton,3,3,0,0,0,0,0.0,100.0,3.0
Mridul Surroch,Jason Holder,9,8,1,5,1,0,55.56,88.89,8.0
Mridul Surroch,Jaydev Unadkat,2,4,1,1,1,0,50.0,200.0,4.0
Mridul Surroch,Joel Davies,14,13,0,6,0,0,42.86,92.86,13.0
Mridul Surroch,Josh Hazlewood,12,26,1,1,1,2,8.33,216.67,26.0
Mridul Surroch,KM Asif,3,3,0,1,0,0,33.33,100.0,3.0
Mridul Surroch,Karan Lal,3,3,0,0,0,0,0.0,100.0,3.0
Mridul Surroch,Kranthi Kumar,35,59,3,10,4,3,28.57,168.57,19.67
Mridul Surroch,Krunal Pandya,8,16,1,1,1,1,12.5,200.0,16.0
Mridul Surroch,Kuldeep Yadav,8,9,0,4,0,1,50.0,112.5,9.0
Mridul Surroch,Lalit Yadav,9,28,0,1,3,2,11.11,311.11,28.0
Mridul Surroch,Lockie Ferguson,9,22,0,2,1,2,22.22,244.44,22.0
Mridul Surroch,Lone Nasir Muzaffar,2,3,0,0,0,0,0.0,150.0,3.0
Mridul Surroch,Lungi Ngidi,2,2,0,0,0,0,0.0,100.0,2.0
Mridul Surroch,Maheesh Theekshana,3,3,0,1,0,0,33.33,100.0,3.0
Mridul Surroch,Malinda Pushpakumara,13,18,3,5,1,1,38.46,138.46,6.0
Mridul Surroch,Manisankar Murasingh,11,6,0,5,0,0,45.45,54.55,6.0
Mridul Surroch,Marcus Stoinis,10,34,0,0,3,3,0.0,340.0,34.0
Mridul Surroch,Matt Henry,3,1,1,2,0,0,66.67,33.33,1.0
Mridul Surroch,Matthew Forde,8,9,0,3,1,0,37.5,112.5,9.0
Mridul Surroch,Mitchell Starc,8,6,2,6,1,0,75.0,75.0,3.0
Mridul Surroch,Mohammed Shami,11,29,0,1,3,1,9.09,263.64,29.0
Mridul Surroch,Mohammed Siraj,15,16,1,5,0,1,33.33,106.67,16.0
Mridul Surroch,Mohsin Khan,10,29,0,1,1,3,10.0,290.0,29.0
Mridul Surroch,Mridul Surroch,5,1,1,4,0,0,80.0,20.0,1.0
Mridul Surroch,Mukhtar Hussain,5,13,0,0,1,1,0.0,260.0,13.0
Mridul Surroch,Nimesh Vimukthi,4,7,1,1,1,0,25.0,175.0,7.0
Mridul Surroch,Nishan Peiris,8,3,0,5,0,0,62.5,37.5,3.0
Mridul Surroch,Nishant Sindhu,1,1,0,0,0,0,0.0,100.0,1.0
Mridul Surroch,Nitish Kumar Reddy,5,11,0,0,0,1,0.0,220.0,11.0
Mridul Surroch,Noor Ahmad,20,18,0,4,0,0,20.0,90.0,18.0
Mridul Surroch,Ottneil Baartman,13,16,0,3,2,0,23.08,123.08,16.0
Mridul Surroch,Pat Cummins,11,19,0,2,1,0,18.18,172.73,19.0
Mridul Surroch,Prabath Jayasuriya,8,7,0,2,0,0,25.0,87.5,7.0
Mridul Surroch,Prashant Veer,1,1,0,0,0,0,0.0,100.0,1.0
Mridul Surroch,Praveen Jayawickrama,16,18,1,4,1,0,25.0,112.5,18.0
Mridul Surroch,Prince Yadav,10,40,0,2,4,4,20.0,400.0,40.0
Mridul Surroch,Rachin Ravindra,5,7,0,0,0,0,0.0,140.0,7.0
Mridul Surroch,Raj Angad Bawa,6,9,0,2,1,0,33.33,150.0,9.0
Mridul Surroch,Raj Limbani,4,5,0,0,0,0,0.0,125.0,5.0
Mridul Surroch,Rashid Khan,9,15,1,1,1,0,11.11,166.67,15.0
Mridul Surroch,Ravi Bishnoi,3,3,0,0,0,0,0.0,100.0,3.0
Mridul Surroch,Ravi Teja,1,0,1,1,0,0,100.0,0.0,0.0
Mridul Surroch,Ravindra Jadeja,20,28,0,4,2,1,20.0,140.0,28.0
Mridul Surroch,Sahan Arachchige,10,6,2,4,0,0,40.0,60.0,3.0
Mridul Surroch,Sakib Hussain,4,17,0,1,1,2,25.0,425.0,17.0
Mridul Surroch,Sam Curran,6,10,0,1,1,0,16.67,166.67,10.0
Mridul Surroch,Sanvir Singh,3,1,0,2,0,0,66.67,33.33,1.0
Mridul Surroch,Seekkuge Prasanna,7,13,1,2,2,0,28.57,185.71,13.0
Mridul Surroch,Shiran Fernando,14,20,3,5,0,2,35.71,142.86,6.67
Mridul Surroch,Shivam Dube,1,0,1,1,0,0,100.0,0.0,0.0
Mridul Surroch,Shivam Shukla,2,2,0,0,0,0,0.0,100.0,2.0
Mridul Surroch,Shubham Agarwal,2,0,2,2,0,0,100.0,0.0,0.0
Mridul Surroch,Sonny Baker,9,12,1,2,1,0,22.22,133.33,12.0
Mridul Surroch,Sunil Narine,7,11,0,1,0,1,14.29,157.14,11.0
Mridul Surroch,Varun Chakravarthy,10,14,0,0,0,0,0.0,140.0,14.0
Mridul Surroch,Vidwath Kaverappa,6,14,1,2,0,2,33.33,233.33,14.0
Mridul Surroch,Vishen Halambage,35,40,1,11,1,2,31.43,114.29,40.0
Mridul Surroch,Wanindu Hasaranga,17,26,1,5,1,2,29.41,152.94,26.0
Mridul Surroch,Washington Sundar,8,20,0,1,2,1,12.5,250.0,20.0
Mridul Surroch,Will Jacks,13,12,0,5,1,0,38.46,92.31,12.0
Mridul Surroch,Yash Thakur,2,2,0,0,0,0,0.0,100.0,2.0
Mridul Surroch,Yuvraj Chaudhary,8,27,0,0,1,3,0.0,337.5,27.0
Mridul Surroch,Yuzvendra Chahal,2,5,0,0,0,0,0.0,250.0,5.0
Mukesh Choudhary,Jaydev Unadkat,4,1,1,3,0,0,75.0,25.0,1.0
Mukesh Choudhary,Will Jacks,2,1,0,1,0,0,50.0,50.0,1.0
Mukesh Kumar,Anrich Nortje,6,5,1,4,1,0,66.67,83.33,5.0
Mukesh Kumar,Avinov Choudhary,1,0,0,1,0,0,100.0,0.0,0.0
Mukesh Kumar,Nitish Kumar Reddy,2,2,0,0,0,0,0.0,100.0,2.0
Mukesh Kumar,Will Jacks,5,3,0,2,0,0,40.0,60.0,3.0
Mukhtar Hussain,Adam Zampa,1,1,0,0,0,0,0.0,100.0,1.0
Mukhtar Hussain,Ajay Dev Goud,1,1,0,0,0,0,0.0,100.0,1.0
Mukhtar Hussain,Akash Vasisht,2,1,1,1,0,0,50.0,50.0,1.0
Mukhtar Hussain,Bhuvneshwar Kumar,1,0,1,1,0,0,100.0,0.0,0.0
Mukhtar Hussain,Harshal Patel,1,1,0,0,0,0,0.0,100.0,1.0
Mukhtar Hussain,Joel Davies,1,1,0,0,0,0,0.0,100.0,1.0
Mukhtar Hussain,Lungi Ngidi,3,4,0,0,0,0,0.0,133.33,4.0
Mukhtar Hussain,Mitchell Starc,4,7,1,1,1,0,25.0,175.0,7.0
Mukhtar Hussain,Mohammed Siraj,4,6,1,1,0,0,25.0,150.0,6.0
Mukhtar Hussain,Mridul Surroch,2,3,0,0,0,0,0.0,150.0,3.0
Mukhtar Hussain,Nathan Ellis,3,3,1,1,0,0,33.33,100.0,3.0
Mukhtar Hussain,Nitish Rana,1,1,0,0,0,0,0.0,100.0,1.0
Mukhtar Hussain,Praveen Jayawickrama,3,5,0,0,0,0,0.0,166.67,5.0
Mukhtar Hussain,Sonny Baker,2,1,1,1,0,0,50.0,50.0,1.0
Mukul Choudhary,Abhishek Sharma,3,8,0,0,0,1,0.0,266.67,8.0
Mukul Choudhary,Adam Zampa,3,4,0,0,0,0,0.0,133.33,4.0
Mukul Choudhary,Adil Rashid,7,8,0,0,0,0,0.0,114.29,8.0
Mukul Choudhary,Aiden Markram,12,21,1,2,2,1,16.67,175.0,21.0
Mukul Choudhary,Ajay Dev Goud,10,19,0,2,1,1,20.0,190.0,19.0
Mukul Choudhary,Akash Vasisht,33,58,3,5,3,3,15.15,175.76,19.33
Mukul Choudhary,Akeal Hosein,63,95,2,11,3,5,17.46,150.79,47.5
Mukul Choudhary,Allah Ghazanfar,10,12,0,2,1,0,20.0,120.0,12.0
Mukul Choudhary,Amila Aponso,9,14,1,1,2,0,11.11,155.56,14.0
Mukul Choudhary,Anrich Nortje,55,110,2,9,8,7,16.36,200.0,55.0
Mukul Choudhary,Anshul Kamboj,11,14,0,3,2,0,27.27,127.27,14.0
Mukul Choudhary,Anukul Roy,22,43,0,2,4,0,9.09,195.45,43.0
Mukul Choudhary,Arpit Vasavada,25,36,2,4,1,1,16.0,144.0,18.0
Mukul Choudhary,Arshdeep Singh,45,57,1,10,2,0,22.22,126.67,57.0
Mukul Choudhary,Ashok Sharma,74,110,0,8,3,4,10.81,148.65,110.0
Mukul Choudhary,Atit Sheth,41,89,0,3,6,5,7.32,217.07,89.0
Mukul Choudhary,Auqib Nabi,72,120,2,19,9,6,26.39,166.67,60.0
Mukul Choudhary,Avesh Khan,10,16,0,1,0,1,10.0,160.0,16.0
Mukul Choudhary,Avinov Choudhary,73,109,4,24,6,8,32.88,149.32,27.25
Mukul Choudhary,Axar Patel,88,129,4,15,3,6,17.05,146.59,32.25
Mukul Choudhary,Ben Stokes,13,19,0,0,1,0,0.0,146.15,19.0
Mukul Choudhary,Bhuvneshwar Kumar,29,47,1,3,3,1,10.34,162.07,47.0
Mukul Choudhary,Binura Fernando,4,4,0,1,0,0,25.0,100.0,4.0
Mukul Choudhary,Brian Bennett,5,11,0,0,0,1,0.0,220.0,11.0
Mukul Choudhary,CV Stephen,41,50,4,12,2,2,29.27,121.95,12.5
Mukul Choudhary,Corbin Bosch,17,25,0,0,2,0,0.0,147.06,25.0
Mukul Choudhary,Deepak Chahar,4,2,0,2,0,0,50.0,50.0,2.0
Mukul Choudhary,Delano Potgieter,12,34,0,2,6,1,16.67,283.33,34.0
Mukul Choudhary,Dian Forrester,39,63,0,4,4,2,10.26,161.54,63.0
Mukul Choudhary,Dunith Wellalage,2,1,0,1,0,0,50.0,50.0,1.0
Mukul Choudhary,Dushan Hemantha,77,103,3,15,4,3,19.48,133.77,34.33
Mukul Choudhary,Glenn Phillips,18,25,0,2,2,0,11.11,138.89,25.0
Mukul Choudhary,Glenton Stuurman,6,12,0,0,1,0,0.0,200.0,12.0
Mukul Choudhary,Gurinder Singh,56,97,2,8,4,5,14.29,173.21,48.5
Mukul Choudhary,Gurnoor Singh Brar,7,19,0,1,1,2,14.29,271.43,19.0
Mukul Choudhary,Gus Atkinson,10,12,1,2,0,0,20.0,120.0,12.0
Mukul Choudhary,Hardik Pandya,57,98,0,18,6,6,31.58,171.93,98.0
Mukul Choudhary,Harpreet Brar,34,53,0,3,1,3,8.82,155.88,53.0
Mukul Choudhary,Harsh Dubey,52,81,0,9,6,3,17.31,155.77,81.0
Mukul Choudhary,Harshal Patel,18,36,0,2,3,1,11.11,200.0,36.0
Mukul Choudhary,Harshit Rana,5,7,0,1,0,0,20.0,140.0,7.0
Mukul Choudhary,Jacob Bethell,4,4,1,1,0,0,25.0,100.0,4.0
Mukul Choudhary,Jacob Duffy,5,5,0,1,0,0,20.0,100.0,5.0
Mukul Choudhary,Jacques Snyman,1,1,0,0,0,0,0.0,100.0,1.0
Mukul Choudhary,Jamie Overton,4,7,0,2,0,1,50.0,175.0,7.0
Mukul Choudhary,Jason Holder,3,3,0,0,0,0,0.0,100.0,3.0
Mukul Choudhary,Jasprit Bumrah,30,44,1,7,1,3,23.33,146.67,44.0
Mukul Choudhary,Jaydev Unadkat,15,22,1,1,0,1,6.67,146.67,22.0
Mukul Choudhary,Joel Davies,37,44,3,7,1,1,18.92,118.92,14.67
Mukul Choudhary,Jofra Archer,21,42,0,0,3,2,0.0,200.0,42.0
Mukul Choudhary,Josh Hazlewood,28,37,1,6,4,0,21.43,132.14,37.0
Mukul Choudhary,KM Asif,19,31,0,4,1,2,21.05,163.16,31.0
Mukul Choudhary,Kagiso Rabada,22,45,1,2,3,2,9.09,204.55,45.0
Mukul Choudhary,Kangabam Priyojit Singh,4,9,0,1,0,1,25.0,225.0,9.0
Mukul Choudhary,Karan Lal,15,24,0,2,3,0,13.33,160.0,24.0
Mukul Choudhary,Khaleel Ahmed,4,11,0,0,2,0,0.0,275.0,11.0
Mukul Choudhary,Kranthi Kumar,92,147,2,28,8,9,30.43,159.78,73.5
Mukul Choudhary,Krishnappa Gowtham,1,1,0,0,0,0,0.0,100.0,1.0
Mukul Choudhary,Krunal Pandya,53,81,1,10,1,4,18.87,152.83,81.0
Mukul Choudhary,Kuldeep Yadav,70,111,0,10,3,4,14.29,158.57,111.0
Mukul Choudhary,Lalit Yadav,14,15,0,3,0,0,21.43,107.14,15.0
Mukul Choudhary,Liam Livingstone,3,5,1,1,1,0,33.33,166.67,5.0
Mukul Choudhary,Lone Nasir Muzaffar,9,13,0,3,2,0,33.33,144.44,13.0
Mukul Choudhary,Luke Wood,8,11,0,1,1,0,12.5,137.5,11.0
Mukul Choudhary,Lungi Ngidi,20,25,0,5,1,1,25.0,125.0,25.0
Mukul Choudhary,Malinda Pushpakumara,52,72,6,17,2,5,32.69,138.46,12.0
Mukul Choudhary,Manav Suthar,15,24,0,2,0,1,13.33,160.0,24.0
Mukul Choudhary,Manisankar Murasingh,27,43,0,3,2,1,11.11,159.26,43.0
Mukul Choudhary,Matheesha Pathirana,3,2,0,1,0,0,33.33,66.67,2.0
Mukul Choudhary,Matt Henry,15,33,0,2,3,2,13.33,220.0,33.0
Mukul Choudhary,Matt Renshaw,3,3,0,0,0,0,0.0,100.0,3.0
Mukul Choudhary,Mitchell Marsh,14,27,0,1,2,1,7.14,192.86,27.0
Mukul Choudhary,Mohammed Shami,39,46,3,8,3,0,20.51,117.95,15.33
Mukul Choudhary,Mohammed Siraj,63,81,3,15,4,2,23.81,128.57,27.0
Mukul Choudhary,Mridul Surroch,30,46,0,8,2,3,26.67,153.33,46.0
Mukul Choudhary,Mukesh Kumar,8,16,1,1,3,0,12.5,200.0,16.0
Mukul Choudhary,Mukhtar Hussain,19,45,1,3,2,4,15.79,236.84,45.0
Mukul Choudhary,Naman Dhir,7,10,0,3,0,1,42.86,142.86,10.0
Mukul Choudhary,Nathan Ellis,3,5,0,0,0,0,0.0,166.67,5.0
Mukul Choudhary,Nishan Peiris,8,14,0,0,0,1,0.0,175.0,14.0
Mukul Choudhary,Nishant Sindhu,1,0,1,1,0,0,100.0,0.0,0.0
Mukul Choudhary,Nitish Kumar Reddy,70,144,2,6,6,10,8.57,205.71,72.0
Mukul Choudhary,Nitish Rana,3,5,0,0,0,0,0.0,166.67,5.0
Mukul Choudhary,Ottneil Baartman,3,8,0,0,0,1,0.0,266.67,8.0
Mukul Choudhary,Pat Cummins,38,54,0,6,2,2,15.79,142.11,54.0
Mukul Choudhary,Prabath Jayasuriya,35,66,0,6,3,4,17.14,188.57,66.0
Mukul Choudhary,Praveen Jayawickrama,29,37,1,9,2,1,31.03,127.59,37.0
Mukul Choudhary,Prince Yadav,23,36,0,3,3,1,13.04,156.52,36.0
Mukul Choudhary,Rachin Ravindra,1,1,0,0,0,0,0.0,100.0,1.0
Mukul Choudhary,Raj Angad Bawa,13,31,1,3,3,2,23.08,238.46,31.0
Mukul Choudhary,Ramakrishna Ghosh,4,4,0,0,0,0,0.0,100.0,4.0
Mukul Choudhary,Rashid Khan,76,119,4,9,7,4,11.84,156.58,29.75
Mukul Choudhary,Rasikh Dar,6,9,0,0,0,0,0.0,150.0,9.0
Mukul Choudhary,Ravi Bishnoi,41,62,0,5,4,0,12.2,151.22,62.0
Mukul Choudhary,Ravi Teja,10,13,0,3,1,0,30.0,130.0,13.0
Mukul Choudhary,Ravindra Jadeja,50,79,3,7,4,3,14.0,158.0,26.33
Mukul Choudhary,Riyan Parag,18,27,1,5,2,1,27.78,150.0,27.0
Mukul Choudhary,Rohit Sharma,2,3,0,0,0,0,0.0,150.0,3.0
Mukul Choudhary,Sahan Arachchige,56,73,3,12,3,2,21.43,130.36,24.33
Mukul Choudhary,Sairaj Patil,13,15,0,0,0,0,0.0,115.38,15.0
Mukul Choudhary,Sakib Hussain,9,9,0,1,0,0,11.11,100.0,9.0
Mukul Choudhary,Sam Curran,20,40,1,2,2,2,10.0,200.0,40.0
Mukul Choudhary,Sanvir Singh,10,17,0,1,1,0,10.0,170.0,17.0
Mukul Choudhary,Scott Curie,9,10,2,4,0,1,44.44,111.11,5.0
Mukul Choudhary,Seekkuge Prasanna,7,12,1,2,2,0,28.57,171.43,12.0
Mukul Choudhary,Shahbaz Ahmed,2,2,1,1,0,0,50.0,100.0,2.0
Mukul Choudhary,Shardul Thakur,7,12,1,1,0,1,14.29,171.43,12.0
Mukul Choudhary,Shiran Fernando,35,46,5,8,1,2,22.86,131.43,9.2
Mukul Choudhary,Shivam Dube,9,14,0,0,1,0,0.0,155.56,14.0
Mukul Choudhary,Shivam Mavi,22,37,2,3,2,2,13.64,168.18,18.5
Mukul Choudhary,Shivam Shukla,11,16,0,1,0,0,9.09,145.45,16.0
Mukul Choudhary,Shubham Agarwal,27,30,1,7,1,1,25.93,111.11,30.0
Mukul Choudhary,Sikandar Raza,2,1,1,1,0,0,50.0,50.0,1.0
Mukul Choudhary,Sonny Baker,15,27,2,2,1,1,13.33,180.0,13.5
Mukul Choudhary,Sunil Narine,71,81,3,18,1,3,25.35,114.08,27.0
Mukul Choudhary,Suryansh Shedge,3,13,0,0,1,1,0.0,433.33,13.0
Mukul Choudhary,Tanay Thyagarajan,10,15,1,4,3,0,40.0,150.0,15.0
Mukul Choudhary,Tharindu Rathnanayake,11,16,0,4,1,1,36.36,145.45,16.0
Mukul Choudhary,Tilak Varma,17,27,0,0,0,0,0.0,158.82,27.0
Mukul Choudhary,Vaisakh Chandran,3,4,0,0,0,0,0.0,133.33,4.0
Mukul Choudhary,Varun Chakravarthy,27,33,1,3,1,0,11.11,122.22,33.0
Mukul Choudhary,Venkatesh Iyer,2,3,0,0,0,0,0.0,150.0,3.0
Mukul Choudhary,Vipraj Nigam,5,11,0,0,2,0,0.0,220.0,11.0
Mukul Choudhary,Vishen Halambage,53,65,0,12,4,1,22.64,122.64,65.0
Mukul Choudhary,Wanindu Hasaranga,44,63,1,7,4,1,15.91,143.18,63.0
Mukul Choudhary,Washington Sundar,79,153,3,12,7,10,15.19,193.67,51.0
Mukul Choudhary,Will Jacks,51,71,4,10,2,3,19.61,139.22,17.75
Mukul Choudhary,Yuvraj Chaudhary,7,9,0,0,0,0,0.0,128.57,9.0
Mukul Choudhary,Zeeshan Ansari,17,28,0,3,1,2,17.65,164.71,28.0
Murvin Abinash,Seekkuge Prasanna,1,2,0,0,0,0,0.0,200.0,2.0
Murvin Abinash,Tanay Thyagarajan,1,1,0,0,0,0,0.0,100.0,1.0
Naman Dhir,Aiden Markram,2,1,1,1,0,0,50.0,50.0,1.0
Naman Dhir,Akeal Hosein,30,36,0,11,2,2,36.67,120.0,36.0
Naman Dhir,Anshul Kamboj,6,10,0,0,0,0,0.0,166.67,10.0
Naman Dhir,Arjun Tendulkar,25,40,0,9,4,2,36.0,160.0,40.0
Naman Dhir,Arshdeep Singh,15,21,0,3,1,1,20.0,140.0,21.0
Naman Dhir,Ashok Sharma,23,29,2,7,1,1,30.43,126.09,14.5
Naman Dhir,Atit Sheth,4,11,1,1,1,1,25.0,275.0,11.0
Naman Dhir,Avinov Choudhary,4,12,0,1,1,1,25.0,300.0,12.0
Naman Dhir,Bhuvneshwar Kumar,4,4,0,0,0,0,0.0,100.0,4.0
Naman Dhir,Brad Evans,8,6,1,7,0,1,87.5,75.0,6.0
Naman Dhir,CV Stephen,11,9,1,4,0,0,36.36,81.82,9.0
Naman Dhir,Corbin Bosch,8,12,0,0,0,0,0.0,150.0,12.0
Naman Dhir,Dasun Shanaka,3,3,0,0,0,0,0.0,100.0,3.0
Naman Dhir,Deepak Hooda,4,6,0,3,0,1,75.0,150.0,6.0
Naman Dhir,Dian Forrester,10,9,1,3,0,0,30.0,90.0,9.0
Naman Dhir,Donovan Ferreira,4,11,0,0,0,1,0.0,275.0,11.0
Naman Dhir,Duan Jansen,4,3,0,1,0,0,25.0,75.0,3.0
Naman Dhir,Dushan Hemantha,6,15,0,1,0,2,16.67,250.0,15.0
Naman Dhir,Gurinder Singh,5,8,1,1,1,0,20.0,160.0,8.0
Naman Dhir,Harpreet Brar,20,23,1,5,1,0,25.0,115.0,23.0
Naman Dhir,Harsh Dubey,2,10,0,0,1,1,0.0,500.0,10.0
Naman Dhir,Harshal Patel,4,9,0,2,0,1,50.0,225.0,9.0
Naman Dhir,Harshit Rana,3,1,0,2,0,0,66.67,33.33,1.0
Naman Dhir,Jasprit Bumrah,11,11,2,6,2,0,54.55,100.0,5.5
Naman Dhir,Josh Hazlewood,9,10,0,1,0,0,11.11,111.11,10.0
Naman Dhir,KL Rahul,4,13,0,1,0,2,25.0,325.0,13.0
Naman Dhir,KM Asif,10,15,0,1,1,0,10.0,150.0,15.0
Naman Dhir,Kranthi Kumar,18,29,1,5,3,1,27.78,161.11,29.0
Naman Dhir,Kuldeep Yadav,14,23,0,5,2,1,35.71,164.29,23.0
Naman Dhir,Liam Livingstone,10,19,0,0,2,0,0.0,190.0,19.0
Naman Dhir,Malinda Pushpakumara,13,17,0,5,1,0,38.46,130.77,17.0
Naman Dhir,Manav Suthar,1,1,0,0,0,0,0.0,100.0,1.0
Naman Dhir,Manisankar Murasingh,10,13,0,0,0,0,0.0,130.0,13.0
Naman Dhir,Matt Henry,12,25,0,3,1,2,25.0,208.33,25.0
Naman Dhir,Mitchell Marsh,12,17,0,2,2,0,16.67,141.67,17.0
Naman Dhir,Mohammed Shami,20,22,0,7,2,0,35.0,110.0,22.0
Naman Dhir,Mohammed Siraj,7,7,0,1,0,0,14.29,100.0,7.0
Naman Dhir,Mridul Surroch,13,14,1,2,0,0,15.38,107.69,14.0
Naman Dhir,Nishan Peiris,6,21,1,1,0,3,16.67,350.0,21.0
Naman Dhir,Nitish Kumar Reddy,7,6,0,2,0,0,28.57,85.71,6.0
Naman Dhir,Pat Cummins,2,2,0,0,0,0,0.0,100.0,2.0
Naman Dhir,Prashant Veer,3,4,2,2,1,0,66.67,133.33,2.0
Naman Dhir,Praveen Jayawickrama,8,10,0,1,0,0,12.5,125.0,10.0
Naman Dhir,Rachin Ravindra,7,6,0,1,0,0,14.29,85.71,6.0
Naman Dhir,Rasikh Dar,2,1,0,1,0,0,50.0,50.0,1.0
Naman Dhir,Ravi Bishnoi,7,15,1,1,3,0,14.29,214.29,15.0
Naman Dhir,Riyan Parag,5,18,0,0,2,1,0.0,360.0,18.0
Naman Dhir,Sahan Arachchige,8,3,0,6,0,0,75.0,37.5,3.0
Naman Dhir,Sairaj Patil,6,6,0,1,0,0,16.67,100.0,6.0
Naman Dhir,Sanvir Singh,3,2,0,2,0,0,66.67,66.67,2.0
Naman Dhir,Seekkuge Prasanna,1,0,1,1,0,0,100.0,0.0,0.0
Naman Dhir,Shahbaz Ahmed,2,1,0,1,0,0,50.0,50.0,1.0
Naman Dhir,Shiran Fernando,5,7,0,0,0,0,0.0,140.0,7.0
Naman Dhir,Shubham Agarwal,3,6,0,0,1,0,0.0,200.0,6.0
Naman Dhir,Sonny Baker,4,8,0,0,1,0,0.0,200.0,8.0
Naman Dhir,Tanay Thyagarajan,6,11,0,0,1,0,0.0,183.33,11.0
Naman Dhir,Tilak Varma,2,3,0,0,0,0,0.0,150.0,3.0
Naman Dhir,Vaisakh Chandran,3,2,1,1,0,0,33.33,66.67,2.0
Naman Dhir,Vasuki Koushik,2,3,0,0,0,0,0.0,150.0,3.0
Naman Dhir,Vignesh Puthur,22,28,2,11,2,2,50.0,127.27,14.0
Naman Dhir,Wanindu Hasaranga,4,6,0,0,0,0,0.0,150.0,6.0
Naman Dhir,Washington Sundar,14,26,0,4,2,2,28.57,185.71,26.0
Naman Dhir,Will Jacks,4,9,0,0,0,1,0.0,225.0,9.0
Nandre Burger,Jaydev Unadkat,2,6,0,1,0,1,50.0,300.0,6.0
Nandre Burger,Will Jacks,2,0,1,2,0,0,100.0,0.0,0.0
Nathan Ellis,Akash Vasisht,1,0,1,1,0,0,100.0,0.0,0.0
Nathan Ellis,Akeal Hosein,2,1,1,1,0,0,50.0,50.0,1.0
Nathan Ellis,Atit Sheth,3,4,0,0,0,0,0.0,133.33,4.0
Nathan Ellis,CV Stephen,4,1,2,3,0,0,75.0,25.0,0.5
Nathan Ellis,Gurinder Singh,5,3,1,2,0,0,40.0,60.0,3.0
Nathan Ellis,Harpreet Brar,4,10,0,0,0,1,0.0,250.0,10.0
Nathan Ellis,Karan Lal,3,4,0,0,0,0,0.0,133.33,4.0
Nathan Ellis,Lungi Ngidi,2,0,1,2,0,0,100.0,0.0,0.0
Nathan Ellis,Pat Cummins,1,1,0,0,0,0,0.0,100.0,1.0
Nathan Ellis,Prabath Jayasuriya,2,0,1,2,0,0,100.0,0.0,0.0
Nathan Ellis,Rachin Ravindra,4,3,1,2,0,0,50.0,75.0,3.0
Nathan Ellis,Rasikh Dar,4,14,1,1,0,2,25.0,350.0,14.0
Nathan Ellis,Sahan Arachchige,1,0,1,1,0,0,100.0,0.0,0.0
Nathan Ellis,Sakib Hussain,2,0,1,2,0,0,100.0,0.0,0.0
Nathan Ellis,Shiran Fernando,7,8,0,4,1,0,57.14,114.29,8.0
Nathan Ellis,Tanay Thyagarajan,1,2,0,0,0,0,0.0,200.0,2.0
Nathan Ellis,Wanindu Hasaranga,3,1,1,2,0,0,66.67,33.33,1.0
Nathan Ellis,Washington Sundar,3,0,1,3,0,0,100.0,0.0,0.0
Nathan Ellis,Will Jacks,3,4,0,0,0,0,0.0,133.33,4.0
Nehal Wadhera,Abdul Samad,2,5,0,0,1,0,0.0,250.0,5.0
Nehal Wadhera,Anukul Roy,8,15,0,2,1,1,25.0,187.5,15.0
Nehal Wadhera,Avesh Khan,12,15,0,5,1,0,41.67,125.0,15.0
Nehal Wadhera,Cameron Green,18,21,0,7,1,1,38.89,116.67,21.0
Nehal Wadhera,Shardul Thakur,6,6,0,1,0,0,16.67,100.0,6.0
Nehal Wadhera,Vaibhav Arora,6,15,0,2,2,1,33.33,250.0,15.0
Nehal Wadhera,Varun Chakravarthy,13,11,3,6,1,0,46.15,84.62,3.67
Nehal Wadhera,Washington Sundar,5,5,2,3,1,0,60.0,100.0,2.5
Nicholas Pooran,Ajay Dev Goud,1,0,1,1,0,0,100.0,0.0,0.0
Nicholas Pooran,Akash Vasisht,9,21,1,1,1,2,11.11,233.33,21.0
Nicholas Pooran,Akeal Hosein,1,1,0,0,0,0,0.0,100.0,1.0
Nicholas Pooran,Anukul Roy,1,1,0,0,0,0,0.0,100.0,1.0
Nicholas Pooran,Ashok Sharma,9,10,0,2,0,0,22.22,111.11,10.0
Nicholas Pooran,Bhuvneshwar Kumar,5,7,0,1,0,0,20.0,140.0,7.0
Nicholas Pooran,CV Stephen,3,4,0,0,0,0,0.0,133.33,4.0
Nicholas Pooran,Cameron Green,7,12,0,2,2,0,28.57,171.43,12.0
Nicholas Pooran,Corbin Bosch,3,4,0,0,0,0,0.0,133.33,4.0
Nicholas Pooran,Dushan Hemantha,2,1,0,1,0,0,50.0,50.0,1.0
Nicholas Pooran,Gurinder Singh,3,7,0,1,0,1,33.33,233.33,7.0
Nicholas Pooran,Hardik Pandya,3,3,0,0,0,0,0.0,100.0,3.0
Nicholas Pooran,Harpreet Brar,1,1,0,0,0,0,0.0,100.0,1.0
Nicholas Pooran,Harsh Dubey,4,10,0,0,0,1,0.0,250.0,10.0
Nicholas Pooran,Ishant Sharma,2,2,0,0,0,0,0.0,100.0,2.0
Nicholas Pooran,Joel Davies,5,8,1,1,1,0,20.0,160.0,8.0
Nicholas Pooran,Josh Hazlewood,9,12,1,1,0,0,11.11,133.33,12.0
Nicholas Pooran,Kranthi Kumar,13,8,2,8,1,0,61.54,61.54,4.0
Nicholas Pooran,Krunal Pandya,4,9,1,1,2,0,25.0,225.0,9.0
Nicholas Pooran,Kuldeep Yadav,6,16,0,0,1,1,0.0,266.67,16.0
Nicholas Pooran,Lalit Yadav,9,14,0,1,0,1,11.11,155.56,14.0
Nicholas Pooran,Malinda Pushpakumara,14,26,0,0,1,1,0.0,185.71,26.0
Nicholas Pooran,Manav Suthar,13,10,1,7,0,0,53.85,76.92,10.0
Nicholas Pooran,Marcus Stoinis,3,5,0,0,0,0,0.0,166.67,5.0
Nicholas Pooran,Mitchell Starc,3,0,1,3,0,0,100.0,0.0,0.0
Nicholas Pooran,Mohammed Shami,1,0,1,1,0,0,100.0,0.0,0.0
Nicholas Pooran,Mohammed Siraj,11,19,0,4,0,2,36.36,172.73,19.0
Nicholas Pooran,Nathan Ellis,4,9,1,1,0,1,25.0,225.0,9.0
Nicholas Pooran,Nishan Peiris,13,21,1,6,1,2,46.15,161.54,21.0
Nicholas Pooran,Prabath Jayasuriya,3,7,0,0,1,0,0.0,233.33,7.0
Nicholas Pooran,Prince Yadav,5,8,1,2,1,0,40.0,160.0,8.0
Nicholas Pooran,Rachin Ravindra,7,15,0,1,1,1,14.29,214.29,15.0
Nicholas Pooran,Sahan Arachchige,16,23,1,4,0,2,25.0,143.75,23.0
Nicholas Pooran,Scott Curie,1,0,1,1,0,0,100.0,0.0,0.0
Nicholas Pooran,Seekkuge Prasanna,2,2,1,1,0,0,50.0,100.0,2.0
Nicholas Pooran,Shiran Fernando,1,0,1,1,0,0,100.0,0.0,0.0
Nicholas Pooran,Shivam Dube,4,4,0,1,0,0,25.0,100.0,4.0
Nicholas Pooran,Shubham Agarwal,3,4,0,0,0,0,0.0,133.33,4.0
Nicholas Pooran,Sonny Baker,3,0,0,3,0,0,100.0,0.0,0.0
Nicholas Pooran,Sunil Narine,3,7,0,0,1,0,0.0,233.33,7.0
Nicholas Pooran,Suryansh Shedge,5,13,0,1,3,0,20.0,260.0,13.0
Nicholas Pooran,Vishen Halambage,19,22,0,7,0,1,36.84,115.79,22.0
Nicholas Pooran,Washington Sundar,2,1,1,1,0,0,50.0,50.0,1.0
Nicholas Pooran,Will Jacks,2,2,0,0,0,0,0.0,100.0,2.0
Nicholas Pooran,Yuvraj Chaudhary,2,6,1,1,0,1,50.0,300.0,6.0
Nimesh Vimukthi,Vishen Halambage,1,0,1,1,0,0,100.0,0.0,0.0
Nishan Peiris,Adam Zampa,1,0,1,1,0,0,100.0,0.0,0.0
Nishan Peiris,Akash Vasisht,3,5,0,0,0,0,0.0,166.67,5.0
Nishan Peiris,Akeal Hosein,3,1,0,2,0,0,66.67,33.33,1.0
Nishan Peiris,Arshdeep Singh,3,2,0,1,0,0,33.33,66.67,2.0
Nishan Peiris,Ashok Sharma,8,1,2,7,0,0,87.5,12.5,0.5
Nishan Peiris,Atit Sheth,5,13,0,0,1,1,0.0,260.0,13.0
Nishan Peiris,Dushan Hemantha,1,0,1,1,0,0,100.0,0.0,0.0
Nishan Peiris,Gurinder Singh,3,1,0,2,0,0,66.67,33.33,1.0
Nishan Peiris,Harpreet Brar,2,8,0,0,2,0,0.0,400.0,8.0
Nishan Peiris,Ishant Sharma,3,0,1,3,0,0,100.0,0.0,0.0
Nishan Peiris,Malinda Pushpakumara,6,3,2,4,0,0,66.67,50.0,1.5
Nishan Peiris,Mohammed Siraj,4,10,0,0,2,0,0.0,250.0,10.0
Nishan Peiris,Mukhtar Hussain,1,1,0,0,0,0,0.0,100.0,1.0
Nishan Peiris,Pat Cummins,1,0,1,1,0,0,100.0,0.0,0.0
Nishan Peiris,Prabath Jayasuriya,1,0,1,1,0,0,100.0,0.0,0.0
Nishan Peiris,Ravi Bishnoi,2,1,0,1,0,0,50.0,50.0,1.0
Nishan Peiris,Sahan Arachchige,6,8,0,4,2,0,66.67,133.33,8.0
Nishan Peiris,Sam Curran,2,0,0,2,0,0,100.0,0.0,0.0
Nishan Peiris,Seekkuge Prasanna,5,5,1,2,0,0,40.0,100.0,5.0
Nishan Peiris,Shiran Fernando,2,4,1,1,1,0,50.0,200.0,4.0
Nishan Peiris,Shubham Agarwal,1,1,0,0,0,0,0.0,100.0,1.0
Nishan Peiris,Sonny Baker,3,5,0,1,1,0,33.33,166.67,5.0
Nishan Peiris,Vishen Halambage,3,4,0,0,0,0,0.0,133.33,4.0
Nishan Peiris,Wanindu Hasaranga,1,1,0,0,0,0,0.0,100.0,1.0
Nishant Sindhu,Aaron Hardie,4,4,0,1,0,0,25.0,100.0,4.0
Nishant Sindhu,Adam Zampa,11,18,3,4,2,1,36.36,163.64,6.0
Nishant Sindhu,Akash Vasisht,6,13,1,1,1,1,16.67,216.67,13.0
Nishant Sindhu,Akeal Hosein,4,5,1,1,0,0,25.0,125.0,5.0
Nishant Sindhu,Anshul Kamboj,9,18,0,2,1,1,22.22,200.0,18.0
Nishant Sindhu,Anukul Roy,15,24,1,6,1,2,40.0,160.0,24.0
Nishant Sindhu,Arjun Tendulkar,2,6,1,1,0,1,50.0,300.0,6.0
Nishant Sindhu,Ashok Sharma,17,20,0,3,1,0,17.65,117.65,20.0
Nishant Sindhu,Axar Patel,8,10,1,1,0,0,12.5,125.0,10.0
Nishant Sindhu,Bhuvneshwar Kumar,7,10,1,2,1,0,28.57,142.86,10.0
Nishant Sindhu,Brian Bennett,7,6,0,1,0,0,14.29,85.71,6.0
Nishant Sindhu,Dushan Hemantha,4,6,1,2,1,0,50.0,150.0,6.0
Nishant Sindhu,Gangam Anikethreddy,4,8,0,0,0,0,0.0,200.0,8.0
Nishant Sindhu,Gurinder Singh,7,8,0,0,0,0,0.0,114.29,8.0
Nishant Sindhu,Gurnoor Singh Brar,7,14,0,2,1,1,28.57,200.0,14.0
Nishant Sindhu,Gus Atkinson,1,1,0,0,0,0,0.0,100.0,1.0
Nishant Sindhu,Hardik Pandya,5,4,0,2,0,0,40.0,80.0,4.0
Nishant Sindhu,Kagiso Rabada,3,2,0,2,0,0,66.67,66.67,2.0
Nishant Sindhu,Kranthi Kumar,4,13,0,1,0,2,25.0,325.0,13.0
Nishant Sindhu,Krunal Pandya,5,8,0,3,0,1,60.0,160.0,8.0
Nishant Sindhu,Kuldeep Yadav,16,24,0,1,0,1,6.25,150.0,24.0
Nishant Sindhu,Lalit Yadav,1,0,1,1,0,0,100.0,0.0,0.0
Nishant Sindhu,Luke Wood,5,4,0,1,0,0,20.0,80.0,4.0
Nishant Sindhu,Lungi Ngidi,4,1,1,3,0,0,75.0,25.0,1.0
Nishant Sindhu,Malinda Pushpakumara,15,18,1,6,0,1,40.0,120.0,18.0
Nishant Sindhu,Matheesha Pathirana,9,15,0,1,2,0,11.11,166.67,15.0
Nishant Sindhu,Matt Henry,4,7,0,2,0,1,50.0,175.0,7.0
Nishant Sindhu,Mitchell Starc,6,13,1,2,1,1,33.33,216.67,13.0
Nishant Sindhu,Mukhtar Hussain,7,10,1,1,0,0,14.29,142.86,10.0
Nishant Sindhu,Nathan Ellis,5,11,0,0,1,0,0.0,220.0,11.0
Nishant Sindhu,Prashant Veer,6,6,0,1,0,0,16.67,100.0,6.0
Nishant Sindhu,Rachin Ravindra,6,14,0,1,1,1,16.67,233.33,14.0
Nishant Sindhu,Rashid Khan,4,3,0,1,0,0,25.0,75.0,3.0
Nishant Sindhu,Ravindra Jadeja,3,4,0,0,0,0,0.0,133.33,4.0
Nishant Sindhu,Sahan Arachchige,5,6,0,2,1,0,40.0,120.0,6.0
Nishant Sindhu,Sairaj Patil,4,4,0,0,0,0,0.0,100.0,4.0
Nishant Sindhu,Sayan Ghosh,3,2,0,1,0,0,33.33,66.67,2.0
Nishant Sindhu,Scott Curie,2,2,0,0,0,0,0.0,100.0,2.0
Nishant Sindhu,Shahbaz Ahmed,4,9,0,0,1,0,0.0,225.0,9.0
Nishant Sindhu,Shardul Thakur,10,14,0,2,1,0,20.0,140.0,14.0
Nishant Sindhu,Sonny Baker,3,0,1,3,0,0,100.0,0.0,0.0
Nishant Sindhu,Sunil Narine,6,8,0,0,0,0,0.0,133.33,8.0
Nishant Sindhu,Vaisakh Chandran,4,6,0,0,0,0,0.0,150.0,6.0
Nishant Sindhu,Varun Chakravarthy,12,20,1,1,2,0,8.33,166.67,20.0
Nishant Sindhu,Vishen Halambage,17,21,1,2,1,0,11.76,123.53,21.0
Nishant Sindhu,Wanindu Hasaranga,3,4,0,0,0,0,0.0,133.33,4.0
Nishant Sindhu,Washington Sundar,5,6,1,1,0,0,20.0,120.0,6.0
Nitish Kumar Reddy,Adam Zampa,4,5,0,0,0,0,0.0,125.0,5.0
Nitish Kumar Reddy,Adil Rashid,1,1,0,0,0,0,0.0,100.0,1.0
Nitish Kumar Reddy,Anrich Nortje,5,3,0,2,0,0,40.0,60.0,3.0
Nitish Kumar Reddy,Anshul Kamboj,1,1,0,0,0,0,0.0,100.0,1.0
Nitish Kumar Reddy,Anukul Roy,2,2,1,1,0,0,50.0,100.0,2.0
Nitish Kumar Reddy,Arshdeep Singh,12,23,0,3,2,1,25.0,191.67,23.0
Nitish Kumar Reddy,Ashok Sharma,17,35,2,2,2,2,11.76,205.88,17.5
Nitish Kumar Reddy,Ashwin Das,6,12,0,1,2,0,16.67,200.0,12.0
Nitish Kumar Reddy,Auqib Nabi,8,12,1,3,0,1,37.5,150.0,12.0
Nitish Kumar Reddy,Avinov Choudhary,26,23,4,15,0,2,57.69,88.46,5.75
Nitish Kumar Reddy,Bhuvneshwar Kumar,4,11,1,1,1,1,25.0,275.0,11.0
Nitish Kumar Reddy,Brian Bennett,9,15,0,1,2,0,11.11,166.67,15.0
Nitish Kumar Reddy,CV Stephen,24,50,0,4,6,2,16.67,208.33,50.0
Nitish Kumar Reddy,Cameron Green,4,9,0,0,0,1,0.0,225.0,9.0
Nitish Kumar Reddy,Chetan Sakariya,13,31,0,3,1,3,23.08,238.46,31.0
Nitish Kumar Reddy,Corbin Bosch,10,17,1,1,0,1,10.0,170.0,17.0
Nitish Kumar Reddy,Darshan Nalkande,1,1,0,0,0,0,0.0,100.0,1.0
Nitish Kumar Reddy,Deepak Hooda,2,4,0,0,0,0,0.0,200.0,4.0
Nitish Kumar Reddy,Dian Forrester,19,40,0,2,3,2,10.53,210.53,40.0
Nitish Kumar Reddy,Donovan Ferreira,13,18,0,2,1,0,15.38,138.46,18.0
Nitish Kumar Reddy,Gurinder Singh,18,23,2,5,2,0,27.78,127.78,11.5
Nitish Kumar Reddy,Hardik Pandya,11,17,0,0,1,0,0.0,154.55,17.0
Nitish Kumar Reddy,Harpreet Brar,16,28,1,3,1,2,18.75,175.0,28.0
Nitish Kumar Reddy,Harsh Dubey,2,2,0,0,0,0,0.0,100.0,2.0
Nitish Kumar Reddy,Harshal Patel,11,20,0,3,4,0,27.27,181.82,20.0
Nitish Kumar Reddy,Jacob Duffy,6,8,1,1,0,0,16.67,133.33,8.0
Nitish Kumar Reddy,Jacques Snyman,1,1,0,0,0,0,0.0,100.0,1.0
Nitish Kumar Reddy,Jamie Overton,3,8,0,0,1,0,0.0,266.67,8.0
Nitish Kumar Reddy,Jason Holder,3,2,0,1,0,0,33.33,66.67,2.0
Nitish Kumar Reddy,Jaydev Unadkat,4,8,0,1,1,0,25.0,200.0,8.0
Nitish Kumar Reddy,Jofra Archer,9,10,1,3,1,0,33.33,111.11,10.0
Nitish Kumar Reddy,Josh Hazlewood,18,45,2,3,3,4,16.67,250.0,22.5
Nitish Kumar Reddy,Kagiso Rabada,6,12,0,2,1,1,33.33,200.0,12.0
Nitish Kumar Reddy,Karan Lal,3,6,0,0,0,0,0.0,200.0,6.0
Nitish Kumar Reddy,Kranthi Kumar,17,26,2,4,2,1,23.53,152.94,13.0
Nitish Kumar Reddy,Krunal Pandya,7,9,0,1,0,0,14.29,128.57,9.0
Nitish Kumar Reddy,Kuldeep Yadav,8,14,1,3,1,1,37.5,175.0,14.0
Nitish Kumar Reddy,Liam Livingstone,12,27,0,2,1,2,16.67,225.0,27.0
Nitish Kumar Reddy,Lockie Ferguson,6,4,0,2,0,0,33.33,66.67,4.0
Nitish Kumar Reddy,Malinda Pushpakumara,40,82,0,6,6,4,15.0,205.0,82.0
Nitish Kumar Reddy,Manav Suthar,1,0,1,1,0,0,100.0,0.0,0.0
Nitish Kumar Reddy,Marcus Stoinis,1,0,1,1,0,0,100.0,0.0,0.0
Nitish Kumar Reddy,Matt Henry,7,7,0,1,0,0,14.29,100.0,7.0
Nitish Kumar Reddy,Mitchell Starc,7,15,2,3,0,2,42.86,214.29,7.5
Nitish Kumar Reddy,Mohsin Khan,1,0,1,1,0,0,100.0,0.0,0.0
Nitish Kumar Reddy,Mukhtar Hussain,2,2,0,0,0,0,0.0,100.0,2.0
Nitish Kumar Reddy,Naman Dhir,3,5,0,0,0,0,0.0,166.67,5.0
Nitish Kumar Reddy,Nishan Peiris,3,5,0,0,0,0,0.0,166.67,5.0
Nitish Kumar Reddy,Nitish Kumar Reddy,20,25,1,6,2,1,30.0,125.0,25.0
Nitish Kumar Reddy,Pat Cummins,8,14,1,3,0,1,37.5,175.0,14.0
Nitish Kumar Reddy,Prabath Jayasuriya,11,16,3,3,2,0,27.27,145.45,5.33
Nitish Kumar Reddy,Praveen Jayawickrama,9,16,0,1,1,1,11.11,177.78,16.0
Nitish Kumar Reddy,Prince Yadav,3,2,2,2,0,0,66.67,66.67,1.0
Nitish Kumar Reddy,Rachin Ravindra,9,21,1,1,2,1,11.11,233.33,21.0
Nitish Kumar Reddy,Rashid Khan,5,3,1,2,0,0,40.0,60.0,3.0
Nitish Kumar Reddy,Ravi Bishnoi,12,24,1,1,2,1,8.33,200.0,24.0
Nitish Kumar Reddy,Ravindra Jadeja,11,11,1,5,1,0,45.45,100.0,11.0
Nitish Kumar Reddy,Sahan Arachchige,3,9,0,0,2,0,0.0,300.0,9.0
Nitish Kumar Reddy,Sam Curran,7,9,0,1,1,0,14.29,128.57,9.0
Nitish Kumar Reddy,Sanvir Singh,13,21,0,2,1,0,15.38,161.54,21.0
Nitish Kumar Reddy,Scott Curie,7,10,0,1,1,0,14.29,142.86,10.0
Nitish Kumar Reddy,Seekkuge Prasanna,9,18,1,2,1,1,22.22,200.0,18.0
Nitish Kumar Reddy,Shiran Fernando,7,28,0,0,2,3,0.0,400.0,28.0
Nitish Kumar Reddy,Shivam Shukla,3,1,1,2,0,0,66.67,33.33,1.0
Nitish Kumar Reddy,Sikandar Raza,3,4,0,0,0,0,0.0,133.33,4.0
Nitish Kumar Reddy,Sonny Baker,2,0,1,2,0,0,100.0,0.0,0.0
Nitish Kumar Reddy,Varun Chakravarthy,4,9,0,0,0,1,0.0,225.0,9.0
Nitish Kumar Reddy,Vishen Halambage,13,7,2,8,0,0,61.54,53.85,3.5
Nitish Kumar Reddy,Wanindu Hasaranga,17,17,1,4,0,0,23.53,100.0,17.0
Nitish Kumar Reddy,Washington Sundar,1,1,0,0,0,0,0.0,100.0,1.0
Nitish Kumar Reddy,Will Jacks,8,15,1,3,1,1,37.5,187.5,15.0
Nitish Kumar Reddy,Yuzvendra Chahal,4,2,0,2,0,0,50.0,50.0,2.0
Nitish Kumar Reddy,Zeeshan Ansari,2,6,0,0,1,0,0.0,300.0,6.0
Nitish Rana,Adam Zampa,22,39,0,2,3,1,9.09,177.27,39.0
Nitish Rana,Adil Rashid,3,7,1,1,0,1,33.33,233.33,7.0
Nitish Rana,Aiden Markram,4,5,0,2,1,0,50.0,125.0,5.0
Nitish Rana,Ajay Dev Goud,30,47,2,9,4,2,30.0,156.67,23.5
Nitish Rana,Akash Vasisht,16,28,0,0,2,1,0.0,175.0,28.0
Nitish Rana,Akeal Hosein,6,7,0,1,0,0,16.67,116.67,7.0
Nitish Rana,Anukul Roy,4,10,1,1,1,0,25.0,250.0,10.0
Nitish Rana,Arpit Vasavada,3,11,0,0,1,1,0.0,366.67,11.0
Nitish Rana,Ashok Sharma,28,38,1,7,3,1,25.0,135.71,38.0
Nitish Rana,Atit Sheth,7,8,0,1,0,0,14.29,114.29,8.0
Nitish Rana,Axar Patel,3,4,0,0,0,0,0.0,133.33,4.0
Nitish Rana,Bhuvneshwar Kumar,18,22,2,8,0,2,44.44,122.22,11.0
Nitish Rana,Brad Evans,28,47,2,8,3,3,28.57,167.86,23.5
Nitish Rana,Brian Bennett,4,4,0,1,0,0,25.0,100.0,4.0
Nitish Rana,CV Stephen,2,3,0,0,0,0,0.0,150.0,3.0
Nitish Rana,Cameron Green,7,10,0,0,0,0,0.0,142.86,10.0
Nitish Rana,Chetan Sakariya,4,1,0,3,0,0,75.0,25.0,1.0
Nitish Rana,Darshan Nalkande,6,7,0,0,0,0,0.0,116.67,7.0
Nitish Rana,Dian Forrester,3,5,1,1,1,0,33.33,166.67,5.0
Nitish Rana,Dushan Hemantha,38,55,3,12,4,3,31.58,144.74,18.33
Nitish Rana,Gangam Anikethreddy,13,18,0,5,1,1,38.46,138.46,18.0
Nitish Rana,Glenton Stuurman,8,9,2,3,1,0,37.5,112.5,4.5
Nitish Rana,Gurinder Singh,23,34,2,4,1,2,17.39,147.83,17.0
Nitish Rana,Hardik Pandya,4,9,0,0,1,0,0.0,225.0,9.0
Nitish Rana,Harpreet Brar,11,16,1,2,2,0,18.18,145.45,16.0
Nitish Rana,Harsh Dubey,8,10,1,3,1,0,37.5,125.0,10.0
Nitish Rana,Ishant Sharma,6,7,0,0,0,0,0.0,116.67,7.0
Nitish Rana,Jacques Snyman,1,1,0,0,0,0,0.0,100.0,1.0
Nitish Rana,Jamie Overton,4,7,0,0,1,0,0.0,175.0,7.0
Nitish Rana,Jason Holder,5,14,0,0,1,1,0.0,280.0,14.0
Nitish Rana,Jasprit Bumrah,2,0,0,2,0,0,100.0,0.0,0.0
Nitish Rana,Joel Davies,15,10,0,5,0,0,33.33,66.67,10.0
Nitish Rana,Jofra Archer,9,28,0,1,5,1,11.11,311.11,28.0
Nitish Rana,Josh Hazlewood,24,43,0,3,2,3,12.5,179.17,43.0
Nitish Rana,Kagiso Rabada,9,13,0,2,0,1,22.22,144.44,13.0
Nitish Rana,Kamindu Mendis,4,7,0,0,0,0,0.0,175.0,7.0
Nitish Rana,Karan Lal,6,5,1,2,0,0,33.33,83.33,5.0
Nitish Rana,Khaleel Ahmed,10,13,0,2,1,0,20.0,130.0,13.0
Nitish Rana,Kranthi Kumar,16,18,2,6,0,0,37.5,112.5,9.0
Nitish Rana,Krunal Pandya,11,21,0,0,1,1,0.0,190.91,21.0
Nitish Rana,Kuldeep Yadav,16,24,3,7,5,0,43.75,150.0,8.0
Nitish Rana,Liam Livingstone,15,25,0,3,3,0,20.0,166.67,25.0
Nitish Rana,Lungi Ngidi,10,16,0,3,1,1,30.0,160.0,16.0
Nitish Rana,Malinda Pushpakumara,10,4,1,6,0,0,60.0,40.0,4.0
Nitish Rana,Manav Suthar,15,18,1,4,0,1,26.67,120.0,18.0
Nitish Rana,Manisankar Murasingh,4,5,0,2,1,0,50.0,125.0,5.0
Nitish Rana,Marcus Stoinis,5,12,0,1,1,1,20.0,240.0,12.0
Nitish Rana,Mitchell Starc,4,4,0,2,0,0,50.0,100.0,4.0
Nitish Rana,Mohammed Shami,1,1,0,0,0,0,0.0,100.0,1.0
Nitish Rana,Mohammed Siraj,36,83,1,5,7,5,13.89,230.56,83.0
Nitish Rana,Mohsin Khan,4,11,0,0,2,0,0.0,275.0,11.0
Nitish Rana,Mridul Surroch,9,11,0,2,0,0,22.22,122.22,11.0
Nitish Rana,Mukhtar Hussain,3,7,0,0,1,0,0.0,233.33,7.0
Nitish Rana,Nathan Ellis,11,21,1,2,1,1,18.18,190.91,21.0
Nitish Rana,Nishan Peiris,9,12,0,2,1,0,22.22,133.33,12.0
Nitish Rana,Nishant Sindhu,6,18,0,1,2,1,16.67,300.0,18.0
Nitish Rana,Nitish Kumar Reddy,1,0,1,1,0,0,100.0,0.0,0.0
Nitish Rana,Prabath Jayasuriya,3,1,1,2,0,0,66.67,33.33,1.0
Nitish Rana,Prashant Veer,11,16,2,4,1,1,36.36,145.45,8.0
Nitish Rana,Praveen Jayawickrama,30,33,2,10,0,2,33.33,110.0,16.5
Nitish Rana,Rachin Ravindra,21,36,0,3,1,2,14.29,171.43,36.0
Nitish Rana,Raj Angad Bawa,3,3,0,1,0,0,33.33,100.0,3.0
Nitish Rana,Rashid Khan,4,4,1,1,0,0,25.0,100.0,4.0
Nitish Rana,Rasikh Dar,9,11,1,2,1,0,22.22,122.22,11.0
Nitish Rana,Ravindra Jadeja,6,12,0,1,0,1,16.67,200.0,12.0
Nitish Rana,Riyan Parag,6,12,0,0,2,0,0.0,200.0,12.0
Nitish Rana,Sahan Arachchige,46,86,2,11,8,4,23.91,186.96,43.0
Nitish Rana,Sai Kishore,2,7,0,0,0,1,0.0,350.0,7.0
Nitish Rana,Sam Curran,16,27,1,2,2,0,12.5,168.75,27.0
Nitish Rana,Samant Jakhar,8,5,0,3,0,0,37.5,62.5,5.0
Nitish Rana,Sanvir Singh,4,8,0,1,0,1,25.0,200.0,8.0
Nitish Rana,Scott Curie,11,16,3,5,0,2,45.45,145.45,5.33
Nitish Rana,Senitha Halambage,4,9,1,1,2,0,25.0,225.0,9.0
Nitish Rana,Shahbaz Ahmed,2,0,2,2,0,0,100.0,0.0,0.0
Nitish Rana,Shiran Fernando,24,27,2,6,0,0,25.0,112.5,13.5
Nitish Rana,Shivam Dube,14,21,2,9,3,1,64.29,150.0,10.5
Nitish Rana,Shreyas Iyer,2,5,0,0,1,0,0.0,250.0,5.0
Nitish Rana,Shubham Agarwal,7,4,1,3,0,0,42.86,57.14,4.0
Nitish Rana,Sikandar Raza,6,17,0,0,2,1,0.0,283.33,17.0
Nitish Rana,Sunil Narine,14,23,0,3,2,1,21.43,164.29,23.0
Nitish Rana,Suyash Sharma,1,1,0,0,0,0,0.0,100.0,1.0
Nitish Rana,Tanay Thyagarajan,7,11,0,1,0,0,14.29,157.14,11.0
Nitish Rana,Tilak Varma,12,14,0,3,1,0,25.0,116.67,14.0
Nitish Rana,Varun Chakravarthy,13,16,0,4,0,1,30.77,123.08,16.0
Nitish Rana,Vishen Halambage,11,17,1,2,0,1,18.18,154.55,17.0
Nitish Rana,Wanindu Hasaranga,14,15,0,3,0,0,21.43,107.14,15.0
Nitish Rana,Washington Sundar,5,4,1,2,0,0,40.0,80.0,4.0
Noor Ahmad,Ben Stokes,1,0,1,1,0,0,100.0,0.0,0.0
Noor Ahmad,Bhuvneshwar Kumar,1,1,0,0,0,0,0.0,100.0,1.0
Noor Ahmad,CV Stephen,3,4,1,1,0,0,33.33,133.33,4.0
Noor Ahmad,Gurinder Singh,1,0,1,1,0,0,100.0,0.0,0.0
Noor Ahmad,Hardik Pandya,1,2,0,0,0,0,0.0,200.0,2.0
Noor Ahmad,Matt Henry,5,8,0,3,0,1,60.0,160.0,8.0
Noor Ahmad,Mohammed Shami,7,0,0,7,0,0,100.0,0.0,0.0
Noor Ahmad,Mukhtar Hussain,1,0,1,1,0,0,100.0,0.0,0.0
Noor Ahmad,Shiran Fernando,3,3,0,1,0,0,33.33,100.0,3.0
Noor Ahmad,Tanay Thyagarajan,2,4,1,1,1,0,50.0,200.0,4.0
Noor Ahmad,Vignesh Puthur,4,0,1,4,0,0,100.0,0.0,0.0
Noor Ahmad,Washington Sundar,5,12,1,1,2,0,20.0,240.0,12.0
Nuwan Thushara,Bhuvneshwar Kumar,1,0,1,1,0,0,100.0,0.0,0.0
Nuwan Thushara,Jamie Overton,1,0,0,1,0,0,100.0,0.0,0.0
Nuwan Thushara,Josh Hazlewood,3,3,0,1,0,0,33.33,100.0,3.0
Nuwan Thushara,Sunil Narine,3,0,0,3,0,0,100.0,0.0,0.0
Ottneil Baartman,Bhuvneshwar Kumar,5,4,0,1,0,0,20.0,80.0,4.0
Ottneil Baartman,Corbin Bosch,3,2,0,1,0,0,33.33,66.67,2.0
Ottneil Baartman,Kangabam Priyojit Singh,4,6,0,1,0,0,25.0,150.0,6.0
Ottneil Baartman,Sam Curran,3,6,0,0,1,0,0.0,200.0,6.0
Ottneil Baartman,Vishen Halambage,6,7,0,1,0,0,16.67,116.67,7.0
Pat Cummins,Abdul Samad,2,1,1,1,0,0,50.0,50.0,1.0
Pat Cummins,Akeal Hosein,1,1,0,0,0,0,0.0,100.0,1.0
Pat Cummins,Anukul Roy,1,1,0,0,0,0,0.0,100.0,1.0
Pat Cummins,Arshdeep Singh,3,1,1,2,0,0,66.67,33.33,1.0
Pat Cummins,Ashok Sharma,10,9,1,4,0,0,40.0,90.0,9.0
Pat Cummins,Atit Sheth,1,0,1,1,0,0,100.0,0.0,0.0
Pat Cummins,Axar Patel,5,9,0,0,0,0,0.0,180.0,9.0
Pat Cummins,Binura Fernando,2,1,1,1,0,0,50.0,50.0,1.0
Pat Cummins,Corbin Bosch,0,1,0,0,0,0,0.0,0.0,1.0
Pat Cummins,Dian Forrester,2,2,0,0,0,0,0.0,100.0,2.0
Pat Cummins,Dinuka Dilshan,3,6,0,0,1,0,0.0,200.0,6.0
Pat Cummins,Gurinder Singh,2,1,1,1,0,0,50.0,50.0,1.0
Pat Cummins,Gus Atkinson,1,1,0,0,0,0,0.0,100.0,1.0
Pat Cummins,Harpreet Brar,1,1,0,0,0,0,0.0,100.0,1.0
Pat Cummins,Ishant Sharma,1,0,1,1,0,0,100.0,0.0,0.0
Pat Cummins,Jacob Duffy,3,4,0,0,0,0,0.0,133.33,4.0
Pat Cummins,Jamie Overton,1,2,0,0,0,0,0.0,200.0,2.0
Pat Cummins,Jason Holder,2,1,1,1,0,0,50.0,50.0,1.0
Pat Cummins,Jaydev Unadkat,3,5,0,1,1,0,33.33,166.67,5.0
Pat Cummins,Josh Hazlewood,2,0,1,2,0,0,100.0,0.0,0.0
Pat Cummins,Kranthi Kumar,5,9,0,1,0,1,20.0,180.0,9.0
Pat Cummins,Kuldeep Yadav,5,3,2,2,0,0,40.0,60.0,1.5
Pat Cummins,Lungi Ngidi,1,0,1,1,0,0,100.0,0.0,0.0
Pat Cummins,Malinda Pushpakumara,5,5,1,2,0,0,40.0,100.0,5.0
Pat Cummins,Matheesha Pathirana,1,1,0,0,0,0,0.0,100.0,1.0
Pat Cummins,Matt Henry,2,2,0,0,0,0,0.0,100.0,2.0
Pat Cummins,Mitchell Marsh,1,0,1,1,0,0,100.0,0.0,0.0
Pat Cummins,Mitchell Starc,1,1,0,0,0,0,0.0,100.0,1.0
Pat Cummins,Mohammed Shami,1,0,1,1,0,0,100.0,0.0,0.0
Pat Cummins,Mohammed Siraj,1,1,0,0,0,0,0.0,100.0,1.0
Pat Cummins,Prashant Veer,2,1,1,1,0,0,50.0,50.0,1.0
Pat Cummins,Rashid Khan,4,2,1,2,0,0,50.0,50.0,2.0
Pat Cummins,Seekkuge Prasanna,1,0,1,1,0,0,100.0,0.0,0.0
Pat Cummins,Shahbaz Ahmed,3,2,0,1,0,0,33.33,66.67,2.0
Pat Cummins,Shardul Thakur,1,0,1,1,0,0,100.0,0.0,0.0
Pat Cummins,Shiran Fernando,5,13,0,0,1,1,0.0,260.0,13.0
Pat Cummins,Sonny Baker,1,1,0,0,0,0,0.0,100.0,1.0
Pat Cummins,Sunil Narine,7,8,1,1,0,0,14.29,114.29,8.0
Pat Cummins,Varun Chakravarthy,7,8,1,4,0,1,57.14,114.29,8.0
Pat Cummins,Washington Sundar,2,1,1,1,0,0,50.0,50.0,1.0
Pathum Nissanka,Adam Zampa,63,111,3,15,12,4,23.81,176.19,37.0
Pathum Nissanka,Adil Rashid,9,20,0,0,1,1,0.0,222.22,20.0
Pathum Nissanka,Ajay Dev Goud,10,15,0,3,0,1,30.0,150.0,15.0
Pathum Nissanka,Akash Deep,11,19,0,2,2,0,18.18,172.73,19.0
Pathum Nissanka,Akash Vasisht,6,5,1,2,0,0,33.33,83.33,5.0
Pathum Nissanka,Akeal Hosein,61,85,4,12,3,2,19.67,139.34,21.25
Pathum Nissanka,Allah Ghazanfar,24,49,1,5,1,4,20.83,204.17,49.0
Pathum Nissanka,Anrich Nortje,21,19,3,14,0,2,66.67,90.48,6.33
Pathum Nissanka,Anshul Kamboj,28,40,0,0,1,0,0.0,142.86,40.0
Pathum Nissanka,Anukul Roy,16,22,1,2,0,0,12.5,137.5,22.0
Pathum Nissanka,Arpit Vasavada,2,3,0,0,0,0,0.0,150.0,3.0
Pathum Nissanka,Arshdeep Singh,101,151,3,15,9,4,14.85,149.5,50.33
Pathum Nissanka,Ashok Sharma,73,88,3,16,3,3,21.92,120.55,29.33
Pathum Nissanka,Atit Sheth,62,77,1,3,0,0,4.84,124.19,77.0
Pathum Nissanka,Auqib Nabi,38,60,2,11,5,3,28.95,157.89,30.0
Pathum Nissanka,Avinov Choudhary,98,117,3,36,4,5,36.73,119.39,39.0
Pathum Nissanka,Axar Patel,16,20,0,1,0,0,6.25,125.0,20.0
Pathum Nissanka,Ben Stokes,50,97,0,1,4,5,2.0,194.0,97.0
Pathum Nissanka,Bhuvneshwar Kumar,35,60,0,5,2,3,14.29,171.43,60.0
Pathum Nissanka,Binura Fernando,13,19,1,4,1,1,30.77,146.15,19.0
Pathum Nissanka,Brad Evans,8,6,0,3,0,0,37.5,75.0,6.0
Pathum Nissanka,Brian Bennett,4,9,0,1,0,1,25.0,225.0,9.0
Pathum Nissanka,CV Stephen,25,30,0,4,0,0,16.0,120.0,30.0
Pathum Nissanka,Cameron Green,14,21,0,0,1,0,0.0,150.0,21.0
Pathum Nissanka,Chama Milind,6,8,0,0,0,0,0.0,133.33,8.0
Pathum Nissanka,Chetan Sakariya,17,27,0,1,0,1,5.88,158.82,27.0
Pathum Nissanka,Cooper Connolly,8,9,0,0,0,0,0.0,112.5,9.0
Pathum Nissanka,Corbin Bosch,16,26,1,2,1,1,12.5,162.5,26.0
Pathum Nissanka,Deepak Chahar,12,15,0,2,0,0,16.67,125.0,15.0
Pathum Nissanka,Dian Forrester,94,138,3,17,8,3,18.09,146.81,46.0
Pathum Nissanka,Donovan Ferreira,23,36,0,1,1,0,4.35,156.52,36.0
Pathum Nissanka,Dushan Hemantha,135,189,7,20,9,4,14.81,140.0,27.0
Pathum Nissanka,Eshan Malinga,9,13,0,0,1,0,0.0,144.44,13.0
Pathum Nissanka,Glenn Phillips,18,20,0,3,0,0,16.67,111.11,20.0
Pathum Nissanka,Gurinder Singh,60,69,2,21,4,2,35.0,115.0,34.5
Pathum Nissanka,Gurnoor Singh Brar,11,17,1,2,1,0,18.18,154.55,17.0
Pathum Nissanka,Gus Atkinson,20,21,1,5,0,0,25.0,105.0,21.0
Pathum Nissanka,Hardik Pandya,31,58,1,4,7,1,12.9,187.1,58.0
Pathum Nissanka,Harpreet Brar,40,51,1,8,1,1,20.0,127.5,51.0
Pathum Nissanka,Harsh Dubey,39,60,0,10,3,3,25.64,153.85,60.0
Pathum Nissanka,Harshal Patel,50,74,2,9,3,2,18.0,148.0,37.0
Pathum Nissanka,Harshit Rana,27,49,0,0,3,2,0.0,181.48,49.0
Pathum Nissanka,Jacob Duffy,13,9,3,5,0,0,38.46,69.23,3.0
Pathum Nissanka,Jamie Overton,24,32,1,3,3,0,12.5,133.33,32.0
Pathum Nissanka,Jason Holder,19,31,0,1,0,1,5.26,163.16,31.0
Pathum Nissanka,Jasprit Bumrah,31,73,1,4,8,3,12.9,235.48,73.0
Pathum Nissanka,Jaydev Unadkat,17,28,2,6,2,2,35.29,164.71,14.0
Pathum Nissanka,Jofra Archer,15,16,1,3,1,0,20.0,106.67,16.0
Pathum Nissanka,Josh Hazlewood,11,27,1,2,1,3,18.18,245.45,27.0
Pathum Nissanka,KM Asif,10,15,0,1,1,0,10.0,150.0,15.0
Pathum Nissanka,Kagiso Rabada,3,3,0,0,0,0,0.0,100.0,3.0
Pathum Nissanka,Karan Lal,4,4,0,1,0,0,25.0,100.0,4.0
Pathum Nissanka,Khaleel Ahmed,18,40,1,5,3,3,27.78,222.22,40.0
Pathum Nissanka,Kranthi Kumar,59,50,8,28,3,0,47.46,84.75,6.25
Pathum Nissanka,Krishnappa Gowtham,10,10,1,2,0,0,20.0,100.0,10.0
Pathum Nissanka,Krunal Pandya,37,55,1,3,3,1,8.11,148.65,55.0
Pathum Nissanka,Kuldeep Yadav,47,63,2,10,2,2,21.28,134.04,31.5
Pathum Nissanka,Lalit Yadav,7,12,1,1,1,0,14.29,171.43,12.0
Pathum Nissanka,Lungi Ngidi,18,23,1,2,0,0,11.11,127.78,23.0
Pathum Nissanka,Malinda Pushpakumara,25,26,2,4,0,0,16.0,104.0,13.0
Pathum Nissanka,Manav Suthar,22,40,0,6,1,3,27.27,181.82,40.0
Pathum Nissanka,Manisankar Murasingh,52,71,2,4,3,0,7.69,136.54,35.5
Pathum Nissanka,Marcus Stoinis,8,9,0,2,0,0,25.0,112.5,9.0
Pathum Nissanka,Matheesha Pathirana,8,10,0,0,0,0,0.0,125.0,10.0
Pathum Nissanka,Matt Henry,12,15,0,1,0,0,8.33,125.0,15.0
Pathum Nissanka,Mitchell Marsh,10,12,0,2,1,0,20.0,120.0,12.0
Pathum Nissanka,Mitchell Starc,50,75,3,12,0,5,24.0,150.0,25.0
Pathum Nissanka,Mohammed Shami,18,35,1,3,1,3,16.67,194.44,35.0
Pathum Nissanka,Mohammed Siraj,154,218,3,24,7,5,15.58,141.56,72.67
Pathum Nissanka,Mridul Surroch,21,33,0,6,2,1,28.57,157.14,33.0
Pathum Nissanka,Mukesh Kumar,16,27,0,4,3,1,25.0,168.75,27.0
Pathum Nissanka,Mukhtar Hussain,4,4,0,1,0,0,25.0,100.0,4.0
Pathum Nissanka,Nandre Burger,3,6,0,0,1,0,0.0,200.0,6.0
Pathum Nissanka,Nathan Ellis,24,29,1,4,0,1,16.67,120.83,29.0
Pathum Nissanka,Nishant Sindhu,8,3,0,5,0,0,62.5,37.5,3.0
Pathum Nissanka,Nitish Kumar Reddy,36,58,0,5,4,2,13.89,161.11,58.0
Pathum Nissanka,Nitish Rana,27,49,1,3,2,3,11.11,181.48,49.0
Pathum Nissanka,Noor Ahmad,27,36,1,9,2,1,33.33,133.33,36.0
Pathum Nissanka,Pat Cummins,32,55,1,2,5,0,6.25,171.88,55.0
Pathum Nissanka,Prabath Jayasuriya,60,73,2,17,3,2,28.33,121.67,36.5
Pathum Nissanka,Prashant Veer,72,116,0,22,7,7,30.56,161.11,116.0
Pathum Nissanka,Praveen Jayawickrama,66,104,4,18,12,3,27.27,157.58,26.0
Pathum Nissanka,Prince Yadav,9,7,0,2,0,0,22.22,77.78,7.0
Pathum Nissanka,Rachin Ravindra,4,10,0,0,2,0,0.0,250.0,10.0
Pathum Nissanka,Rahul Chahar,13,16,0,1,0,0,7.69,123.08,16.0
Pathum Nissanka,Raj Angad Bawa,11,42,0,0,3,4,0.0,381.82,42.0
Pathum Nissanka,Ramakrishna Ghosh,15,19,1,3,0,1,20.0,126.67,19.0
Pathum Nissanka,Rashid Khan,19,20,3,6,1,0,31.58,105.26,6.67
Pathum Nissanka,Rasikh Dar,12,17,0,3,2,0,25.0,141.67,17.0
Pathum Nissanka,Ravi Bishnoi,65,94,0,1,2,1,1.54,144.62,94.0
Pathum Nissanka,Ravindra Jadeja,37,64,2,7,8,0,18.92,172.97,32.0
Pathum Nissanka,Riyan Parag,10,12,0,2,0,0,20.0,120.0,12.0
Pathum Nissanka,Sahan Arachchige,159,190,5,37,5,5,23.27,119.5,38.0
Pathum Nissanka,Sairaj Patil,30,52,0,1,3,1,3.33,173.33,52.0
Pathum Nissanka,Sakib Hussain,14,16,0,1,0,0,7.14,114.29,16.0
Pathum Nissanka,Sam Curran,8,6,0,2,0,0,25.0,75.0,6.0
Pathum Nissanka,Samant Jakhar,23,43,0,2,4,1,8.7,186.96,43.0
Pathum Nissanka,Sandeep Warrier,7,9,0,0,0,0,0.0,128.57,9.0
Pathum Nissanka,Sanvir Singh,24,34,1,5,2,1,20.83,141.67,34.0
Pathum Nissanka,Scott Curie,3,2,0,1,0,0,33.33,66.67,2.0
Pathum Nissanka,Shahbaz Ahmed,59,94,1,3,2,3,5.08,159.32,94.0
Pathum Nissanka,Shashank Singh,2,3,0,0,0,0,0.0,150.0,3.0
Pathum Nissanka,Shiran Fernando,35,47,2,4,1,0,11.43,134.29,23.5
Pathum Nissanka,Shivam Dube,4,5,0,0,0,0,0.0,125.0,5.0
Pathum Nissanka,Shivam Mavi,23,22,0,8,0,0,34.78,95.65,22.0
Pathum Nissanka,Shubham Agarwal,8,8,1,3,1,0,37.5,100.0,8.0
Pathum Nissanka,Sonny Baker,8,13,0,0,0,0,0.0,162.5,13.0
Pathum Nissanka,Sunil Narine,13,19,0,1,1,0,7.69,146.15,19.0
Pathum Nissanka,Tanay Thyagarajan,2,1,1,1,0,0,50.0,50.0,1.0
Pathum Nissanka,Tharindu Rathnanayake,7,12,0,0,0,0,0.0,171.43,12.0
Pathum Nissanka,Tilak Varma,11,13,0,6,0,1,54.55,118.18,13.0
Pathum Nissanka,Varun Chakravarthy,38,46,3,10,0,2,26.32,121.05,15.33
Pathum Nissanka,Venkatesh Iyer,2,7,0,0,0,1,0.0,350.0,7.0
Pathum Nissanka,Vignesh Puthur,1,0,1,1,0,0,100.0,0.0,0.0
Pathum Nissanka,Vipraj Nigam,5,6,0,0,0,0,0.0,120.0,6.0
Pathum Nissanka,Vishen Halambage,40,50,1,7,2,0,17.5,125.0,50.0
Pathum Nissanka,Wanindu Hasaranga,38,50,1,3,0,0,7.89,131.58,50.0
Pathum Nissanka,Washington Sundar,31,47,1,6,5,0,19.35,151.61,47.0
Pathum Nissanka,Will Jacks,59,72,3,11,2,1,18.64,122.03,24.0
Pathum Nissanka,Yash Thakur,25,35,1,3,0,1,12.0,140.0,35.0
Pathum Nissanka,Yuvraj Chaudhary,4,13,0,1,0,2,25.0,325.0,13.0
Pathum Nissanka,Zeeshan Ansari,14,10,1,7,1,0,50.0,71.43,10.0
Phil Salt,Akash Vasisht,7,18,0,1,2,1,14.29,257.14,18.0
Phil Salt,Akeal Hosein,4,4,0,1,0,0,25.0,100.0,4.0
Phil Salt,Arshdeep Singh,8,12,1,4,0,1,50.0,150.0,12.0
Phil Salt,Ashok Sharma,3,2,0,1,0,0,33.33,66.67,2.0
Phil Salt,Atit Sheth,4,9,1,1,0,1,25.0,225.0,9.0
Phil Salt,Avinov Choudhary,4,9,1,1,2,0,25.0,225.0,9.0
Phil Salt,Axar Patel,19,33,1,4,2,2,21.05,173.68,33.0
Phil Salt,Bhuvneshwar Kumar,23,48,2,2,2,3,8.7,208.7,24.0
Phil Salt,Binura Fernando,14,11,1,5,0,0,35.71,78.57,11.0
Phil Salt,Brian Bennett,4,3,1,2,0,0,50.0,75.0,3.0
Phil Salt,CV Stephen,3,5,0,1,1,0,33.33,166.67,5.0
Phil Salt,Delano Potgieter,7,7,0,1,0,0,14.29,100.0,7.0
Phil Salt,Donovan Ferreira,5,13,0,0,0,1,0.0,260.0,13.0
Phil Salt,Glenn Phillips,13,12,0,2,0,0,15.38,92.31,12.0
Phil Salt,Gurinder Singh,5,11,1,2,1,1,40.0,220.0,11.0
Phil Salt,Hardik Pandya,29,43,0,6,2,2,20.69,148.28,43.0
Phil Salt,Harpreet Brar,3,11,0,0,1,1,0.0,366.67,11.0
Phil Salt,Ishant Sharma,6,18,0,1,1,2,16.67,300.0,18.0
Phil Salt,Jacob Duffy,3,0,1,3,0,0,100.0,0.0,0.0
Phil Salt,Jamie Overton,10,29,0,0,3,2,0.0,290.0,29.0
Phil Salt,Jasprit Bumrah,5,12,0,1,1,1,20.0,240.0,12.0
Phil Salt,Josh Hazlewood,7,4,1,3,0,0,42.86,57.14,4.0
Phil Salt,KM Asif,12,12,0,7,0,1,58.33,100.0,12.0
Phil Salt,Kranthi Kumar,6,10,0,3,0,1,50.0,166.67,10.0
Phil Salt,Krishnappa Gowtham,9,3,0,6,0,0,66.67,33.33,3.0
Phil Salt,Lalit Yadav,4,5,0,0,0,0,0.0,125.0,5.0
Phil Salt,Lockie Ferguson,3,5,0,0,0,0,0.0,166.67,5.0
Phil Salt,Lungi Ngidi,6,14,0,1,1,1,16.67,233.33,14.0
Phil Salt,Mohammed Shami,8,18,1,2,0,2,25.0,225.0,18.0
Phil Salt,Mohammed Siraj,13,11,0,5,1,0,38.46,84.62,11.0
Phil Salt,Mridul Surroch,10,14,0,1,1,0,10.0,140.0,14.0
Phil Salt,Nathan Ellis,15,32,2,5,2,3,33.33,213.33,16.0
Phil Salt,Nitish Kumar Reddy,2,1,1,1,0,0,50.0,50.0,1.0
Phil Salt,Noor Ahmad,9,17,0,1,1,0,11.11,188.89,17.0
Phil Salt,Pat Cummins,18,27,0,3,1,1,16.67,150.0,27.0
Phil Salt,Prabath Jayasuriya,9,13,1,3,2,0,33.33,144.44,13.0
Phil Salt,Prashant Veer,8,16,0,2,0,2,25.0,200.0,16.0
Phil Salt,Prince Yadav,21,41,0,2,3,2,9.52,195.24,41.0
Phil Salt,Rashid Khan,18,25,0,7,1,2,38.89,138.89,25.0
Phil Salt,Ravi Teja,9,13,1,1,1,0,11.11,144.44,13.0
Phil Salt,Ravindra Jadeja,13,32,0,0,3,2,0.0,246.15,32.0
Phil Salt,Rohit Sharma,4,5,0,1,0,0,25.0,125.0,5.0
Phil Salt,Sahan Arachchige,5,10,1,1,1,0,20.0,200.0,10.0
Phil Salt,Sairaj Patil,16,22,0,3,0,1,18.75,137.5,22.0
Phil Salt,Sam Curran,5,19,0,0,1,2,0.0,380.0,19.0
Phil Salt,Shahbaz Ahmed,15,28,1,4,3,1,26.67,186.67,28.0
Phil Salt,Shiran Fernando,4,3,0,1,0,0,25.0,75.0,3.0
Phil Salt,Shivam Mavi,22,29,2,4,0,2,18.18,131.82,14.5
Phil Salt,Sunil Narine,3,2,0,1,0,0,33.33,66.67,2.0
Phil Salt,Suryansh Shedge,5,15,0,1,2,1,20.0,300.0,15.0
Phil Salt,Tanay Thyagarajan,3,9,0,0,2,0,0.0,300.0,9.0
Phil Salt,Vishen Halambage,7,8,0,1,0,0,14.29,114.29,8.0
Phil Salt,Wanindu Hasaranga,7,8,0,2,1,0,28.57,114.29,8.0
Phil Salt,Will Jacks,8,6,1,2,0,0,25.0,75.0,6.0
Phil Salt,Yuvraj Chaudhary,2,5,0,0,1,0,0.0,250.0,5.0
Prabath Jayasuriya,Adam Zampa,5,7,1,1,1,0,20.0,140.0,7.0
Prabath Jayasuriya,Allah Ghazanfar,2,3,0,0,0,0,0.0,150.0,3.0
Prabath Jayasuriya,Arshdeep Singh,2,2,0,0,0,0,0.0,100.0,2.0
Prabath Jayasuriya,Ashok Sharma,9,16,1,1,0,1,11.11,177.78,16.0
Prabath Jayasuriya,Bhuvneshwar Kumar,2,2,0,0,0,0,0.0,100.0,2.0
Prabath Jayasuriya,Brad Evans,1,0,1,1,0,0,100.0,0.0,0.0
Prabath Jayasuriya,CV Stephen,5,2,1,3,0,0,60.0,40.0,2.0
Prabath Jayasuriya,Eshan Malinga,3,1,0,2,0,0,66.67,33.33,1.0
Prabath Jayasuriya,Gurinder Singh,2,1,0,1,0,0,50.0,50.0,1.0
Prabath Jayasuriya,Harpreet Brar,3,1,0,2,0,0,66.67,33.33,1.0
Prabath Jayasuriya,Harshal Patel,1,1,0,0,0,0,0.0,100.0,1.0
Prabath Jayasuriya,Jacob Duffy,2,2,0,0,0,0,0.0,100.0,2.0
Prabath Jayasuriya,Jamie Overton,2,3,0,0,0,0,0.0,150.0,3.0
Prabath Jayasuriya,Jasprit Bumrah,6,11,1,1,0,1,16.67,183.33,11.0
Prabath Jayasuriya,Josh Hazlewood,2,1,0,1,0,0,50.0,50.0,1.0
Prabath Jayasuriya,Kuldeep Yadav,4,5,1,1,0,0,25.0,125.0,5.0
Prabath Jayasuriya,Malinda Pushpakumara,2,0,2,2,0,0,100.0,0.0,0.0
Prabath Jayasuriya,Matheesha Pathirana,2,2,0,0,0,0,0.0,100.0,2.0
Prabath Jayasuriya,Matt Henry,2,7,0,0,0,1,0.0,350.0,7.0
Prabath Jayasuriya,Mitchell Starc,9,12,0,0,0,0,0.0,133.33,12.0
Prabath Jayasuriya,Nathan Ellis,4,4,0,0,0,0,0.0,100.0,4.0
Prabath Jayasuriya,Nishan Peiris,2,0,1,2,0,0,100.0,0.0,0.0
Prabath Jayasuriya,Nitish Kumar Reddy,4,5,0,0,0,0,0.0,125.0,5.0
Prabath Jayasuriya,Prashant Veer,1,0,0,1,0,0,100.0,0.0,0.0
Prabath Jayasuriya,Praveen Jayawickrama,1,0,1,1,0,0,100.0,0.0,0.0
Prabath Jayasuriya,Ravindra Jadeja,4,1,1,3,0,0,75.0,25.0,1.0
Prabath Jayasuriya,Sairaj Patil,2,1,0,1,0,0,50.0,50.0,1.0
Prabath Jayasuriya,Sam Curran,2,0,1,2,0,0,100.0,0.0,0.0
Prabath Jayasuriya,Scott Curie,4,4,0,1,0,0,25.0,100.0,4.0
Prabath Jayasuriya,Shiran Fernando,5,0,2,5,0,0,100.0,0.0,0.0
Prabath Jayasuriya,Shivam Shukla,1,0,0,1,0,0,100.0,0.0,0.0
Prabath Jayasuriya,Wanindu Hasaranga,2,0,0,2,0,0,100.0,0.0,0.0
Prabath Jayasuriya,Will Jacks,1,0,1,1,0,0,100.0,0.0,0.0
Prashant Solanki,Anukul Roy,2,5,0,0,1,0,0.0,250.0,5.0
Prashant Solanki,Avesh Khan,5,9,0,1,0,1,20.0,180.0,9.0
Prashant Solanki,Cameron Green,4,1,0,3,0,0,75.0,25.0,1.0
Prashant Solanki,Shardul Thakur,4,1,0,3,0,0,75.0,25.0,1.0
Prashant Solanki,Vaibhav Arora,7,10,0,2,1,0,28.57,142.86,10.0
Prashant Veer,Abhishek Sharma,3,2,0,1,0,0,33.33,66.67,2.0
Prashant Veer,Adam Zampa,4,2,0,2,0,0,50.0,50.0,2.0
Prashant Veer,Aiden Markram,8,18,0,1,2,1,12.5,225.0,18.0
Prashant Veer,Akash Vasisht,3,12,1,1,0,2,33.33,400.0,12.0
Prashant Veer,Akeal Hosein,8,16,0,2,1,1,25.0,200.0,16.0
Prashant Veer,Allah Ghazanfar,6,12,0,1,2,0,16.67,200.0,12.0
Prashant Veer,Anukul Roy,6,9,1,3,0,1,50.0,150.0,9.0
Prashant Veer,Arjun Tendulkar,5,4,0,1,0,0,20.0,80.0,4.0
Prashant Veer,Arpit Vasavada,3,13,0,0,0,2,0.0,433.33,13.0
Prashant Veer,Arshdeep Singh,12,12,2,4,1,0,33.33,100.0,6.0
Prashant Veer,Ashok Sharma,16,28,1,3,3,1,18.75,175.0,28.0
Prashant Veer,Atit Sheth,6,10,0,1,1,0,16.67,166.67,10.0
Prashant Veer,Ben Stokes,5,11,0,2,0,1,40.0,220.0,11.0
Prashant Veer,Bhuvneshwar Kumar,13,17,0,3,2,0,23.08,130.77,17.0
Prashant Veer,CV Stephen,27,31,1,12,2,1,44.44,114.81,31.0
Prashant Veer,Cameron Green,3,2,0,1,0,0,33.33,66.67,2.0
Prashant Veer,Deepak Chahar,2,3,0,0,0,0,0.0,150.0,3.0
Prashant Veer,Dushan Hemantha,10,12,2,4,0,1,40.0,120.0,6.0
Prashant Veer,Glenton Stuurman,2,2,0,0,0,0,0.0,100.0,2.0
Prashant Veer,Gurinder Singh,8,5,1,3,0,0,37.5,62.5,5.0
Prashant Veer,Gus Atkinson,4,7,0,1,1,0,25.0,175.0,7.0
Prashant Veer,Hardik Pandya,10,17,1,1,2,0,10.0,170.0,17.0
Prashant Veer,Harpreet Brar,10,18,1,4,0,2,40.0,180.0,18.0
Prashant Veer,Harsh Dubey,4,6,1,2,1,0,50.0,150.0,6.0
Prashant Veer,Jasprit Bumrah,1,1,0,0,0,0,0.0,100.0,1.0
Prashant Veer,Joel Davies,8,3,0,5,0,0,62.5,37.5,3.0
Prashant Veer,Jofra Archer,4,10,0,0,0,1,0.0,250.0,10.0
Prashant Veer,Josh Hazlewood,8,9,0,1,0,0,12.5,112.5,9.0
Prashant Veer,KM Asif,8,7,1,4,1,0,50.0,87.5,7.0
Prashant Veer,Kagiso Rabada,14,19,0,2,1,0,14.29,135.71,19.0
Prashant Veer,Kranthi Kumar,6,11,0,1,0,1,16.67,183.33,11.0
Prashant Veer,Kuldeep Yadav,8,15,3,3,1,1,37.5,187.5,5.0
Prashant Veer,Lalit Yadav,1,0,1,1,0,0,100.0,0.0,0.0
Prashant Veer,Lungi Ngidi,1,1,0,0,0,0,0.0,100.0,1.0
Prashant Veer,Malinda Pushpakumara,25,27,2,8,2,0,32.0,108.0,13.5
Prashant Veer,Matt Henry,3,8,0,0,0,1,0.0,266.67,8.0
Prashant Veer,Matt Renshaw,2,7,0,0,0,1,0.0,350.0,7.0
Prashant Veer,Mohammed Shami,6,4,2,2,0,0,33.33,66.67,2.0
Prashant Veer,Mohammed Siraj,13,26,1,2,0,3,15.38,200.0,26.0
Prashant Veer,Mukhtar Hussain,3,1,0,2,0,0,66.67,33.33,1.0
Prashant Veer,Nishant Sindhu,3,7,0,0,1,0,0.0,233.33,7.0
Prashant Veer,Nitish Kumar Reddy,3,5,0,1,1,0,33.33,166.67,5.0
Prashant Veer,Pat Cummins,14,20,2,5,0,1,35.71,142.86,10.0
Prashant Veer,Prabath Jayasuriya,3,7,0,1,0,1,33.33,233.33,7.0
Prashant Veer,Praveen Jayawickrama,7,15,1,2,0,2,28.57,214.29,15.0
Prashant Veer,Rachin Ravindra,2,2,0,0,0,0,0.0,100.0,2.0
Prashant Veer,Rashid Khan,5,7,0,1,0,0,20.0,140.0,7.0
Prashant Veer,Ravi Bishnoi,5,6,0,0,0,0,0.0,120.0,6.0
Prashant Veer,Ravi Teja,1,0,1,1,0,0,100.0,0.0,0.0
Prashant Veer,Ravindra Jadeja,11,11,0,3,1,0,27.27,100.0,11.0
Prashant Veer,Riyan Parag,2,8,0,0,2,0,0.0,400.0,8.0
Prashant Veer,Sahan Arachchige,22,14,2,13,1,0,59.09,63.64,7.0
Prashant Veer,Sakib Hussain,4,7,1,2,0,1,50.0,175.0,7.0
Prashant Veer,Sam Curran,3,4,0,0,0,0,0.0,133.33,4.0
Prashant Veer,Scott Curie,15,15,0,3,0,0,20.0,100.0,15.0
Prashant Veer,Senitha Halambage,2,1,1,1,0,0,50.0,50.0,1.0
Prashant Veer,Shardul Thakur,1,1,0,0,0,0,0.0,100.0,1.0
Prashant Veer,Shiran Fernando,22,44,3,5,2,4,22.73,200.0,14.67
Prashant Veer,Shubham Agarwal,3,2,1,2,0,0,66.67,66.67,2.0
Prashant Veer,Sikandar Raza,3,6,0,0,1,0,0.0,200.0,6.0
Prashant Veer,Sonny Baker,4,4,0,1,0,0,25.0,100.0,4.0
Prashant Veer,Sunil Narine,3,4,0,0,0,0,0.0,133.33,4.0
Prashant Veer,Suryansh Shedge,3,6,0,1,1,0,33.33,200.0,6.0
Prashant Veer,Tanay Thyagarajan,3,3,0,0,0,0,0.0,100.0,3.0
Prashant Veer,Tilak Varma,5,7,0,0,0,0,0.0,140.0,7.0
Prashant Veer,Vaisakh Chandran,7,11,0,0,1,0,0.0,157.14,11.0
Prashant Veer,Varun Chakravarthy,5,3,1,2,0,0,40.0,60.0,3.0
Prashant Veer,Vicky Ostwal,1,1,0,0,0,0,0.0,100.0,1.0
Prashant Veer,Vignesh Puthur,4,3,1,2,0,0,50.0,75.0,3.0
Prashant Veer,Vishen Halambage,12,14,3,6,1,1,50.0,116.67,4.67
Prashant Veer,Wanindu Hasaranga,12,19,0,3,3,0,25.0,158.33,19.0
Prashant Veer,Washington Sundar,2,1,0,1,0,0,50.0,50.0,1.0
Prashant Veer,Will Jacks,1,1,0,0,0,0,0.0,100.0,1.0
Prashant Veer,Yuzvendra Chahal,2,2,0,0,0,0,0.0,100.0,2.0
Prasidh Krishna,Shubham Agarwal,1,0,1,1,0,0,100.0,0.0,0.0
Praveen Jayawickrama,Adil Rashid,1,4,0,0,1,0,0.0,400.0,4.0
Praveen Jayawickrama,Akash Vasisht,2,6,0,1,0,1,50.0,300.0,6.0
Praveen Jayawickrama,Akeal Hosein,6,1,2,5,0,0,83.33,16.67,0.5
Praveen Jayawickrama,Arshdeep Singh,3,2,2,2,0,0,66.67,66.67,1.0
Praveen Jayawickrama,Ashok Sharma,4,2,0,2,0,0,50.0,50.0,2.0
Praveen Jayawickrama,Ben Stokes,1,1,0,0,0,0,0.0,100.0,1.0
Praveen Jayawickrama,CV Stephen,7,6,1,2,0,0,28.57,85.71,6.0
Praveen Jayawickrama,Cameron Green,2,5,0,0,1,0,0.0,250.0,5.0
Praveen Jayawickrama,Harpreet Brar,4,6,1,3,0,1,75.0,150.0,6.0
Praveen Jayawickrama,Harsh Dubey,4,5,0,1,0,0,25.0,125.0,5.0
Praveen Jayawickrama,Harshal Patel,1,0,1,1,0,0,100.0,0.0,0.0
Praveen Jayawickrama,Jasprit Bumrah,3,2,1,1,0,0,33.33,66.67,2.0
Praveen Jayawickrama,Joel Davies,3,3,0,1,0,0,33.33,100.0,3.0
Praveen Jayawickrama,Kranthi Kumar,3,3,0,0,0,0,0.0,100.0,3.0
Praveen Jayawickrama,Kuldeep Yadav,2,1,1,1,0,0,50.0,50.0,1.0
Praveen Jayawickrama,Malinda Pushpakumara,9,6,1,4,0,0,44.44,66.67,6.0
Praveen Jayawickrama,Matt Henry,3,1,0,2,0,0,66.67,33.33,1.0
Praveen Jayawickrama,Mitchell Starc,2,7,0,0,0,1,0.0,350.0,7.0
Praveen Jayawickrama,Mridul Surroch,1,1,0,0,0,0,0.0,100.0,1.0
Praveen Jayawickrama,Nishan Peiris,1,0,1,1,0,0,100.0,0.0,0.0
Praveen Jayawickrama,Nitish Kumar Reddy,2,3,0,0,0,0,0.0,150.0,3.0
Praveen Jayawickrama,Rachin Ravindra,2,1,1,1,0,0,50.0,50.0,1.0
Praveen Jayawickrama,Rasikh Dar,2,2,1,1,0,0,50.0,100.0,2.0
Praveen Jayawickrama,Ravi Bishnoi,2,0,0,2,0,0,100.0,0.0,0.0
Praveen Jayawickrama,Sahan Arachchige,2,0,2,2,0,0,100.0,0.0,0.0
Praveen Jayawickrama,Sairaj Patil,4,3,1,2,0,0,50.0,75.0,3.0
Praveen Jayawickrama,Sam Curran,1,1,0,0,0,0,0.0,100.0,1.0
Praveen Jayawickrama,Samant Jakhar,2,0,2,2,0,0,100.0,0.0,0.0
Praveen Jayawickrama,Scott Curie,2,3,1,1,0,0,50.0,150.0,3.0
Praveen Jayawickrama,Seekkuge Prasanna,1,0,0,1,0,0,100.0,0.0,0.0
Praveen Jayawickrama,Shiran Fernando,6,4,1,4,0,0,66.67,66.67,4.0
Praveen Jayawickrama,Shivam Mavi,4,4,0,1,0,0,25.0,100.0,4.0
Praveen Jayawickrama,Shivam Shukla,2,4,1,1,1,0,50.0,200.0,4.0
Praveen Jayawickrama,Shubham Agarwal,1,0,1,1,0,0,100.0,0.0,0.0
Praveen Jayawickrama,Sonny Baker,1,0,1,1,0,0,100.0,0.0,0.0
Praveen Jayawickrama,Varun Chakravarthy,1,6,0,0,0,1,0.0,600.0,6.0
Praveen Jayawickrama,Vishen Halambage,8,6,1,4,0,0,50.0,75.0,6.0
Praveen Jayawickrama,Wanindu Hasaranga,8,2,1,6,0,0,75.0,25.0,2.0
Praveen Jayawickrama,Washington Sundar,1,2,0,0,0,0,0.0,200.0,2.0
Prince Yadav,Akeal Hosein,2,0,0,2,0,0,100.0,0.0,0.0
Prince Yadav,Arshdeep Singh,1,1,0,0,0,0,0.0,100.0,1.0
Prince Yadav,Ashok Sharma,6,11,1,1,1,0,16.67,183.33,11.0
Prince Yadav,Ben Stokes,4,6,0,0,0,0,0.0,150.0,6.0
Prince Yadav,CV Stephen,1,1,0,0,0,0,0.0,100.0,1.0
Prince Yadav,Dushan Hemantha,1,1,0,0,0,0,0.0,100.0,1.0
Prince Yadav,Jai Moondra,3,4,0,0,0,0,0.0,133.33,4.0
Prince Yadav,Jaydev Unadkat,2,2,1,1,0,0,50.0,100.0,2.0
Prince Yadav,Krunal Pandya,3,5,0,0,0,0,0.0,166.67,5.0
Prince Yadav,Kuldeep Yadav,4,5,0,0,0,0,0.0,125.0,5.0
Prince Yadav,Malinda Pushpakumara,5,3,1,2,0,0,40.0,60.0,3.0
Prince Yadav,Marcus Stoinis,1,0,1,1,0,0,100.0,0.0,0.0
Prince Yadav,Mohammed Siraj,3,2,0,1,0,0,33.33,66.67,2.0
Prince Yadav,Sahan Arachchige,2,2,0,0,0,0,0.0,100.0,2.0
Prince Yadav,Sam Curran,1,1,0,0,0,0,0.0,100.0,1.0
Prince Yadav,Scott Curie,2,0,1,2,0,0,100.0,0.0,0.0
Prince Yadav,Shardul Thakur,2,0,0,2,0,0,100.0,0.0,0.0
Prince Yadav,Shiran Fernando,8,13,0,0,1,0,0.0,162.5,13.0
Prince Yadav,Suyash Sharma,1,1,0,0,0,0,0.0,100.0,1.0
Prince Yadav,Varun Chakravarthy,1,1,0,0,0,0,0.0,100.0,1.0
Prince Yadav,Vishen Halambage,5,1,2,4,0,0,80.0,20.0,0.5
Prithvi Shaw,Abhishek Sharma,1,0,0,1,0,0,100.0,0.0,0.0
Prithvi Shaw,Adil Rashid,12,16,0,3,1,0,25.0,133.33,16.0
Prithvi Shaw,Akeal Hosein,12,16,1,7,2,1,58.33,133.33,16.0
Prithvi Shaw,Anrich Nortje,10,12,1,3,0,1,30.0,120.0,12.0
Prithvi Shaw,Anukul Roy,2,4,0,0,0,0,0.0,200.0,4.0
Prithvi Shaw,Arpit Vasavada,5,2,1,3,0,0,60.0,40.0,2.0
Prithvi Shaw,Arshdeep Singh,4,3,0,1,0,0,25.0,75.0,3.0
Prithvi Shaw,Ashok Sharma,2,2,0,0,0,0,0.0,100.0,2.0
Prithvi Shaw,Atit Sheth,9,21,0,0,2,1,0.0,233.33,21.0
Prithvi Shaw,Avinov Choudhary,15,20,0,8,1,2,53.33,133.33,20.0
Prithvi Shaw,Bhuvneshwar Kumar,8,13,0,1,0,1,12.5,162.5,13.0
Prithvi Shaw,CV Stephen,2,0,1,2,0,0,100.0,0.0,0.0
Prithvi Shaw,Chetan Sakariya,1,1,0,0,0,0,0.0,100.0,1.0
Prithvi Shaw,Dian Forrester,1,1,0,0,0,0,0.0,100.0,1.0
Prithvi Shaw,Donovan Ferreira,1,1,0,0,0,0,0.0,100.0,1.0
Prithvi Shaw,Dushan Hemantha,11,20,1,3,3,0,27.27,181.82,20.0
Prithvi Shaw,Glenn Phillips,9,9,0,4,1,0,44.44,100.0,9.0
Prithvi Shaw,Gurinder Singh,2,1,0,1,0,0,50.0,50.0,1.0
Prithvi Shaw,Hardik Pandya,7,6,0,1,0,0,14.29,85.71,6.0
Prithvi Shaw,Harpreet Brar,4,4,2,3,1,0,75.0,100.0,2.0
Prithvi Shaw,Harsh Dubey,6,9,0,1,1,0,16.67,150.0,9.0
Prithvi Shaw,Harshit Rana,4,11,0,1,1,1,25.0,275.0,11.0
Prithvi Shaw,Ishant Sharma,2,0,1,2,0,0,100.0,0.0,0.0
Prithvi Shaw,Jasprit Bumrah,3,1,1,2,0,0,66.67,33.33,1.0
Prithvi Shaw,Jaydev Unadkat,15,31,0,2,2,2,13.33,206.67,31.0
Prithvi Shaw,Jofra Archer,14,18,1,3,2,0,21.43,128.57,18.0
Prithvi Shaw,Josh Hazlewood,2,1,1,1,0,0,50.0,50.0,1.0
Prithvi Shaw,Kagiso Rabada,6,20,0,1,0,3,16.67,333.33,20.0
Prithvi Shaw,Kranthi Kumar,9,19,0,4,1,2,44.44,211.11,19.0
Prithvi Shaw,Krunal Pandya,5,9,0,1,1,0,20.0,180.0,9.0
Prithvi Shaw,Lalit Yadav,10,22,0,1,2,1,10.0,220.0,22.0
Prithvi Shaw,Lungi Ngidi,5,14,0,2,0,2,40.0,280.0,14.0
Prithvi Shaw,Malinda Pushpakumara,1,1,0,0,0,0,0.0,100.0,1.0
Prithvi Shaw,Marcus Stoinis,1,0,1,1,0,0,100.0,0.0,0.0
Prithvi Shaw,Matt Short,3,9,0,0,1,0,0.0,300.0,9.0
Prithvi Shaw,Mitchell Marsh,7,10,0,1,1,0,14.29,142.86,10.0
Prithvi Shaw,Mitchell Starc,4,4,1,1,0,0,25.0,100.0,4.0
Prithvi Shaw,Mohammed Shami,14,23,1,3,0,2,21.43,164.29,23.0
Prithvi Shaw,Mohammed Siraj,16,24,1,7,2,1,43.75,150.0,24.0
Prithvi Shaw,Pat Cummins,11,26,0,2,2,2,18.18,236.36,26.0
Prithvi Shaw,Prabath Jayasuriya,4,8,1,2,0,1,50.0,200.0,8.0
Prithvi Shaw,Prashant Veer,4,7,0,0,1,0,0.0,175.0,7.0
Prithvi Shaw,Praveen Jayawickrama,2,2,0,0,0,0,0.0,100.0,2.0
Prithvi Shaw,Rasikh Dar,5,7,1,1,1,0,20.0,140.0,7.0
Prithvi Shaw,Ravindra Jadeja,15,23,2,4,2,0,26.67,153.33,11.5
Prithvi Shaw,Riyan Parag,3,8,0,0,0,1,0.0,266.67,8.0
Prithvi Shaw,Sahan Arachchige,16,40,0,1,5,1,6.25,250.0,40.0
Prithvi Shaw,Sanvir Singh,4,7,0,0,1,0,0.0,175.0,7.0
Prithvi Shaw,Sayan Ghosh,4,6,0,0,0,0,0.0,150.0,6.0
Prithvi Shaw,Shivam Shukla,3,8,0,0,0,1,0.0,266.67,8.0
Prithvi Shaw,Tharindu Rathnanayake,15,28,0,4,2,1,26.67,186.67,28.0
Prithvi Shaw,Umesh Yadav,2,4,0,0,0,0,0.0,200.0,4.0
Prithvi Shaw,Varun Chakravarthy,2,2,1,1,0,0,50.0,100.0,2.0
Prithvi Shaw,Vipraj Nigam,3,6,0,0,1,0,0.0,200.0,6.0
Prithvi Shaw,Vishen Halambage,15,28,1,4,1,2,26.67,186.67,28.0
Prithvi Shaw,Washington Sundar,15,21,1,7,0,2,46.67,140.0,21.0
Prithvi Shaw,Will Jacks,5,5,0,3,1,0,60.0,100.0,5.0
Quinton de Kock,Adam Zampa,7,10,0,1,0,0,14.29,142.86,10.0
Quinton de Kock,Adil Rashid,5,8,1,1,1,0,20.0,160.0,8.0
Quinton de Kock,Akash Vasisht,3,2,1,1,0,0,33.33,66.67,2.0
Quinton de Kock,Akeal Hosein,24,28,1,6,1,1,25.0,116.67,28.0
Quinton de Kock,Allah Ghazanfar,5,5,1,1,0,0,20.0,100.0,5.0
Quinton de Kock,Arjun Tendulkar,8,28,0,0,0,4,0.0,350.0,28.0
Quinton de Kock,Arpit Vasavada,4,7,0,0,1,0,0.0,175.0,7.0
Quinton de Kock,Arshdeep Singh,21,23,0,2,0,0,9.52,109.52,23.0
Quinton de Kock,Ashok Sharma,52,70,2,8,2,2,15.38,134.62,35.0
Quinton de Kock,Ashwin Das,1,0,1,1,0,0,100.0,0.0,0.0
Quinton de Kock,Atit Sheth,10,7,1,3,0,0,30.0,70.0,7.0
Quinton de Kock,Avinov Choudhary,6,10,0,1,1,0,16.67,166.67,10.0
Quinton de Kock,Bhuvneshwar Kumar,5,7,1,2,1,0,40.0,140.0,7.0
Quinton de Kock,Binura Fernando,9,9,1,2,0,0,22.22,100.0,9.0
Quinton de Kock,CV Stephen,17,25,0,4,0,2,23.53,147.06,25.0
Quinton de Kock,Chetan Sakariya,13,17,0,1,0,0,7.69,130.77,17.0
Quinton de Kock,Darshan Nalkande,8,11,0,3,0,1,37.5,137.5,11.0
Quinton de Kock,Delano Potgieter,9,18,0,2,2,1,22.22,200.0,18.0
Quinton de Kock,Dian Forrester,21,18,2,8,1,0,38.1,85.71,9.0
Quinton de Kock,Donovan Ferreira,6,7,1,1,0,0,16.67,116.67,7.0
Quinton de Kock,Dushan Hemantha,6,12,0,0,0,1,0.0,200.0,12.0
Quinton de Kock,Eshan Malinga,3,8,0,0,0,1,0.0,266.67,8.0
Quinton de Kock,Glenn Phillips,5,4,1,1,0,0,20.0,80.0,4.0
Quinton de Kock,Glenton Stuurman,22,40,0,2,4,1,9.09,181.82,40.0
Quinton de Kock,Gurinder Singh,26,35,0,4,1,2,15.38,134.62,35.0
Quinton de Kock,Gus Atkinson,9,19,0,2,0,2,22.22,211.11,19.0
Quinton de Kock,Hardik Pandya,2,1,1,1,0,0,50.0,50.0,1.0
Quinton de Kock,Harpreet Brar,27,38,2,7,1,2,25.93,140.74,19.0
Quinton de Kock,Harsh Dubey,16,28,0,4,2,2,25.0,175.0,28.0
Quinton de Kock,Harshal Patel,23,29,0,5,2,0,21.74,126.09,29.0
Quinton de Kock,Harshit Rana,5,12,0,1,1,1,20.0,240.0,12.0
Quinton de Kock,Jacob Bethell,10,15,0,2,2,0,20.0,150.0,15.0
Quinton de Kock,Jacob Duffy,10,10,1,3,0,0,30.0,100.0,10.0
Quinton de Kock,Jamie Overton,4,4,0,1,0,0,25.0,100.0,4.0
Quinton de Kock,Jason Holder,10,16,0,2,1,1,20.0,160.0,16.0
Quinton de Kock,Joel Davies,23,48,0,5,1,5,21.74,208.7,48.0
Quinton de Kock,Jofra Archer,4,12,0,0,1,1,0.0,300.0,12.0
Quinton de Kock,Josh Hazlewood,9,10,0,3,1,0,33.33,111.11,10.0
Quinton de Kock,Kagiso Rabada,6,8,0,1,1,0,16.67,133.33,8.0
Quinton de Kock,Khaleel Ahmed,27,50,2,4,2,3,14.81,185.19,25.0
Quinton de Kock,Krunal Pandya,6,8,1,1,1,0,16.67,133.33,8.0
Quinton de Kock,Kuldeep Yadav,35,60,1,8,5,3,22.86,171.43,60.0
Quinton de Kock,Lalit Yadav,8,11,1,2,0,0,25.0,137.5,11.0
Quinton de Kock,Lockie Ferguson,4,1,2,3,0,0,75.0,25.0,0.5
Quinton de Kock,Lungi Ngidi,25,37,0,6,1,3,24.0,148.0,37.0
Quinton de Kock,Malinda Pushpakumara,8,7,2,2,0,0,25.0,87.5,3.5
Quinton de Kock,Manisankar Murasingh,24,35,1,3,1,1,12.5,145.83,35.0
Quinton de Kock,Mitchell Marsh,6,13,0,0,0,1,0.0,216.67,13.0
Quinton de Kock,Mitchell Starc,6,8,0,0,0,0,0.0,133.33,8.0
Quinton de Kock,Mohammed Shami,14,21,1,2,1,1,14.29,150.0,21.0
Quinton de Kock,Mohammed Siraj,26,42,2,8,1,3,30.77,161.54,21.0
Quinton de Kock,Mridul Surroch,21,55,0,3,2,5,14.29,261.9,55.0
Quinton de Kock,Mukesh Kumar,6,2,0,5,0,0,83.33,33.33,2.0
Quinton de Kock,Mukhtar Hussain,16,22,2,2,1,0,12.5,137.5,11.0
Quinton de Kock,Nitish Kumar Reddy,18,46,0,0,4,3,0.0,255.56,46.0
Quinton de Kock,Noor Ahmad,6,7,1,2,1,0,33.33,116.67,7.0
Quinton de Kock,Ottneil Baartman,1,0,1,1,0,0,100.0,0.0,0.0
Quinton de Kock,Prabath Jayasuriya,12,20,0,0,2,0,0.0,166.67,20.0
Quinton de Kock,Prashant Veer,1,4,0,0,1,0,0.0,400.0,4.0
Quinton de Kock,Praveen Jayawickrama,14,24,1,3,2,1,21.43,171.43,24.0
Quinton de Kock,Prince Yadav,4,7,0,0,0,0,0.0,175.0,7.0
Quinton de Kock,Rachin Ravindra,6,6,0,1,0,0,16.67,100.0,6.0
Quinton de Kock,Rahul Chahar,5,12,0,0,2,0,0.0,240.0,12.0
Quinton de Kock,Raj Angad Bawa,4,4,1,1,0,0,25.0,100.0,4.0
Quinton de Kock,Ramakrishna Ghosh,4,10,0,0,2,0,0.0,250.0,10.0
Quinton de Kock,Rasikh Dar,4,6,0,0,0,0,0.0,150.0,6.0
Quinton de Kock,Ravi Bishnoi,19,43,0,4,6,2,21.05,226.32,43.0
Quinton de Kock,Riyan Parag,3,4,0,0,0,0,0.0,133.33,4.0
Quinton de Kock,Sahan Arachchige,16,17,2,7,1,1,43.75,106.25,8.5
Quinton de Kock,Sakib Hussain,3,2,2,2,0,0,66.67,66.67,1.0
Quinton de Kock,Sam Curran,14,17,0,2,1,0,14.29,121.43,17.0
Quinton de Kock,Samant Jakhar,6,17,0,1,2,1,16.67,283.33,17.0
Quinton de Kock,Sanvir Singh,2,2,0,0,0,0,0.0,100.0,2.0
Quinton de Kock,Scott Curie,2,10,0,0,1,1,0.0,500.0,10.0
Quinton de Kock,Seekkuge Prasanna,1,0,1,1,0,0,100.0,0.0,0.0
Quinton de Kock,Shahbaz Ahmed,15,22,1,7,3,1,46.67,146.67,22.0
Quinton de Kock,Shiran Fernando,29,41,5,10,2,2,34.48,141.38,8.2
Quinton de Kock,Shivam Dube,15,30,0,1,0,2,6.67,200.0,30.0
Quinton de Kock,Shivam Mavi,3,2,1,1,0,0,33.33,66.67,2.0
Quinton de Kock,Shivam Shukla,3,3,0,0,0,0,0.0,100.0,3.0
Quinton de Kock,Shubham Agarwal,5,12,0,0,0,1,0.0,240.0,12.0
Quinton de Kock,Sonny Baker,6,6,2,3,1,0,50.0,100.0,3.0
Quinton de Kock,Sunil Narine,5,9,1,2,0,1,40.0,180.0,9.0
Quinton de Kock,Tanay Thyagarajan,2,2,1,1,0,0,50.0,100.0,2.0
Quinton de Kock,Tharindu Rathnanayake,12,11,1,3,0,0,25.0,91.67,11.0
Quinton de Kock,Umran Malik,5,8,0,1,1,0,20.0,160.0,8.0
Quinton de Kock,Vaisakh Chandran,7,6,0,1,0,0,14.29,85.71,6.0
Quinton de Kock,Varun Chakravarthy,7,14,1,2,1,1,28.57,200.0,14.0
Quinton de Kock,Vipraj Nigam,3,4,0,0,0,0,0.0,133.33,4.0
Quinton de Kock,Vishen Halambage,11,11,2,2,0,0,18.18,100.0,5.5
Quinton de Kock,Wanindu Hasaranga,12,19,0,0,2,0,0.0,158.33,19.0
Quinton de Kock,Washington Sundar,28,49,2,4,3,2,14.29,175.0,24.5
Quinton de Kock,Will Jacks,38,51,1,9,1,2,23.68,134.21,51.0
Quinton de Kock,Yuvraj Chaudhary,5,5,0,1,0,0,20.0,100.0,5.0
Rachin Ravindra,Adam Zampa,3,2,1,1,0,0,33.33,66.67,2.0
Rachin Ravindra,Akeal Hosein,12,18,0,2,0,1,16.67,150.0,18.0
Rachin Ravindra,Anukul Roy,14,14,2,7,0,1,50.0,100.0,7.0
Rachin Ravindra,Arpit Vasavada,6,10,1,2,0,1,33.33,166.67,10.0
Rachin Ravindra,Ashok Sharma,6,13,0,1,1,1,16.67,216.67,13.0
Rachin Ravindra,Avesh Khan,24,58,1,4,7,3,16.67,241.67,58.0
Rachin Ravindra,Axar Patel,5,8,0,0,1,0,0.0,160.0,8.0
Rachin Ravindra,Bhuvneshwar Kumar,8,8,0,1,0,0,12.5,100.0,8.0
Rachin Ravindra,Cameron Green,11,19,0,2,0,2,18.18,172.73,19.0
Rachin Ravindra,Dian Forrester,11,34,0,1,1,4,9.09,309.09,34.0
Rachin Ravindra,Gangam Anikethreddy,3,3,1,1,0,0,33.33,100.0,3.0
Rachin Ravindra,Glenton Stuurman,8,9,2,3,1,0,37.5,112.5,4.5
Rachin Ravindra,Gurinder Singh,10,23,1,2,3,1,20.0,230.0,23.0
Rachin Ravindra,Jasprit Bumrah,1,1,0,0,0,0,0.0,100.0,1.0
Rachin Ravindra,Joel Davies,15,13,3,10,1,1,66.67,86.67,4.33
Rachin Ravindra,Josh Hazlewood,4,4,0,0,0,0,0.0,100.0,4.0
Rachin Ravindra,Karan Lal,8,20,0,0,0,2,0.0,250.0,20.0
Rachin Ravindra,Khaleel Ahmed,3,4,1,1,0,0,33.33,133.33,4.0
Rachin Ravindra,Kranthi Kumar,3,3,0,1,0,0,33.33,100.0,3.0
Rachin Ravindra,Krunal Pandya,2,4,0,0,0,0,0.0,200.0,4.0
Rachin Ravindra,Kuldeep Yadav,16,15,4,6,1,0,37.5,93.75,3.75
Rachin Ravindra,Lungi Ngidi,5,4,0,2,0,0,40.0,80.0,4.0
Rachin Ravindra,Manav Suthar,18,24,0,3,2,0,16.67,133.33,24.0
Rachin Ravindra,Marcus Stoinis,6,9,0,1,1,0,16.67,150.0,9.0
Rachin Ravindra,Mitchell Starc,6,12,0,2,1,1,33.33,200.0,12.0
Rachin Ravindra,Mohammed Shami,6,4,0,2,0,0,33.33,66.67,4.0
Rachin Ravindra,Mohammed Siraj,5,5,1,1,0,0,20.0,100.0,5.0
Rachin Ravindra,Mohsin Khan,5,7,0,1,1,0,20.0,140.0,7.0
Rachin Ravindra,Mridul Surroch,4,2,0,2,0,0,50.0,50.0,2.0
Rachin Ravindra,Nathan Ellis,7,16,0,1,1,1,14.29,228.57,16.0
Rachin Ravindra,Nitish Kumar Reddy,5,7,0,1,1,0,20.0,140.0,7.0
Rachin Ravindra,Ottneil Baartman,5,8,0,0,0,0,0.0,160.0,8.0
Rachin Ravindra,Prashant Veer,5,10,1,1,2,0,20.0,200.0,10.0
Rachin Ravindra,Raj Angad Bawa,13,9,0,7,0,0,53.85,69.23,9.0
Rachin Ravindra,Rashid Khan,4,8,0,1,0,1,25.0,200.0,8.0
Rachin Ravindra,Rasikh Dar,1,0,1,1,0,0,100.0,0.0,0.0
Rachin Ravindra,Ravindra Jadeja,6,5,1,2,0,0,33.33,83.33,5.0
Rachin Ravindra,Riyan Parag,4,4,0,1,0,0,25.0,100.0,4.0
Rachin Ravindra,Sairaj Patil,2,4,0,0,0,0,0.0,200.0,4.0
Rachin Ravindra,Samant Jakhar,9,8,1,3,0,0,33.33,88.89,8.0
Rachin Ravindra,Sayan Ghosh,2,1,1,1,0,0,50.0,50.0,1.0
Rachin Ravindra,Scott Curie,9,10,0,0,0,0,0.0,111.11,10.0
Rachin Ravindra,Seekkuge Prasanna,2,1,1,1,0,0,50.0,50.0,1.0
Rachin Ravindra,Shahbaz Ahmed,2,2,0,0,0,0,0.0,100.0,2.0
Rachin Ravindra,Shardul Thakur,38,66,0,12,5,4,31.58,173.68,66.0
Rachin Ravindra,Shiran Fernando,2,4,1,1,1,0,50.0,200.0,4.0
Rachin Ravindra,Sonny Baker,1,1,0,0,0,0,0.0,100.0,1.0
Rachin Ravindra,Sunil Narine,7,6,1,4,1,0,57.14,85.71,6.0
Rachin Ravindra,Tanay Thyagarajan,2,2,0,0,0,0,0.0,100.0,2.0
Rachin Ravindra,Vaibhav Arora,35,50,5,13,2,3,37.14,142.86,10.0
Rachin Ravindra,Varun Chakravarthy,22,38,2,8,2,3,36.36,172.73,19.0
Rachin Ravindra,Venkatesh Iyer,3,1,0,2,0,0,66.67,33.33,1.0
Rachin Ravindra,Vishen Halambage,10,26,0,1,1,2,10.0,260.0,26.0
Rachin Ravindra,Washington Sundar,18,23,0,3,1,0,16.67,127.78,23.0
Rachin Ravindra,Will Jacks,2,7,0,0,1,0,0.0,350.0,7.0
Rachin Ravindra,Yash Thakur,4,7,0,0,1,0,0.0,175.0,7.0
Rachin Ravindra,Yuvraj Chaudhary,5,2,1,3,0,0,60.0,40.0,2.0
Rahmanullah Gurbaz,Aaron Hardie,1,1,0,0,0,0,0.0,100.0,1.0
Rahmanullah Gurbaz,Akeal Hosein,3,4,0,0,0,0,0.0,133.33,4.0
Rahmanullah Gurbaz,Glenton Stuurman,12,19,2,2,1,1,16.67,158.33,9.5
Rahmanullah Gurbaz,Gus Atkinson,5,9,0,0,1,0,0.0,180.0,9.0
Rahmanullah Gurbaz,Kagiso Rabada,9,11,0,2,0,0,22.22,122.22,11.0
Rahmanullah Gurbaz,Mitchell Starc,2,2,0,0,0,0,0.0,100.0,2.0
Rahmanullah Gurbaz,Mukhtar Hussain,3,3,0,0,0,0,0.0,100.0,3.0
Rahmanullah Gurbaz,Raj Angad Bawa,7,11,0,1,1,0,14.29,157.14,11.0
Rahmanullah Gurbaz,Sairaj Patil,8,8,1,1,0,0,12.5,100.0,8.0
Rahmanullah Gurbaz,Sayan Ghosh,4,5,1,2,1,0,50.0,125.0,5.0
Rahmanullah Gurbaz,Shahbaz Ahmed,3,4,0,0,0,0,0.0,133.33,4.0
Rahmanullah Gurbaz,Shivam Dube,5,8,1,2,1,0,40.0,160.0,8.0
Rahmanullah Gurbaz,Varun Chakravarthy,4,3,1,1,0,0,25.0,75.0,3.0
Rahmanullah Gurbaz,Washington Sundar,6,6,1,1,0,0,16.67,100.0,6.0
Rahul Chahar,Prabath Jayasuriya,2,3,0,0,0,0,0.0,150.0,3.0
Rahul Chahar,Seekkuge Prasanna,3,2,0,1,0,0,33.33,66.67,2.0
Rahul Chahar,Vishen Halambage,1,0,1,1,0,0,100.0,0.0,0.0
Rahul Tripathi,Adam Zampa,35,45,2,12,4,1,34.29,128.57,22.5
Rahul Tripathi,Adil Rashid,2,2,0,0,0,0,0.0,100.0,2.0
Rahul Tripathi,Akeal Hosein,71,109,1,11,5,5,15.49,153.52,109.0
Rahul Tripathi,Allah Ghazanfar,12,10,0,4,0,0,33.33,83.33,10.0
Rahul Tripathi,Amila Aponso,8,20,0,0,2,1,0.0,250.0,20.0
Rahul Tripathi,Anshul Kamboj,13,13,0,1,0,0,7.69,100.0,13.0
Rahul Tripathi,Arshdeep Singh,65,84,0,9,3,1,13.85,129.23,84.0
Rahul Tripathi,Ashok Sharma,88,127,2,12,4,5,13.64,144.32,63.5
Rahul Tripathi,Ashwin Das,6,7,1,2,1,0,33.33,116.67,7.0
Rahul Tripathi,Atit Sheth,30,58,0,4,4,3,13.33,193.33,58.0
Rahul Tripathi,Avesh Khan,28,47,0,1,1,1,3.57,167.86,47.0
Rahul Tripathi,Avinov Choudhary,9,11,1,5,2,0,55.56,122.22,11.0
Rahul Tripathi,Axar Patel,1,0,1,1,0,0,100.0,0.0,0.0
Rahul Tripathi,Ben Stokes,10,18,0,1,1,1,10.0,180.0,18.0
Rahul Tripathi,Bhuvneshwar Kumar,26,32,2,5,2,0,19.23,123.08,16.0
Rahul Tripathi,Brad Evans,4,8,0,0,1,0,0.0,200.0,8.0
Rahul Tripathi,Charith Asalanka,9,14,0,1,0,1,11.11,155.56,14.0
Rahul Tripathi,Chetan Sakariya,21,20,1,6,0,0,28.57,95.24,20.0
Rahul Tripathi,Codanda Ajit Karthik,25,43,0,7,2,3,28.0,172.0,43.0
Rahul Tripathi,Cooper Connolly,7,6,1,1,0,0,14.29,85.71,6.0
Rahul Tripathi,Corbin Bosch,7,21,0,0,1,2,0.0,300.0,21.0
Rahul Tripathi,Darshan Nalkande,4,4,0,1,0,0,25.0,100.0,4.0
Rahul Tripathi,Dasun Shanaka,20,22,0,5,1,0,25.0,110.0,22.0
Rahul Tripathi,Delano Potgieter,5,8,0,0,1,0,0.0,160.0,8.0
Rahul Tripathi,Dewald Brevis,1,0,1,1,0,0,100.0,0.0,0.0
Rahul Tripathi,Dian Forrester,38,62,0,5,2,3,13.16,163.16,62.0
Rahul Tripathi,Dinuka Dilshan,7,17,0,1,1,1,14.29,242.86,17.0
Rahul Tripathi,Dushan Hemantha,18,21,0,4,1,0,22.22,116.67,21.0
Rahul Tripathi,Eshan Malinga,1,1,0,0,0,0,0.0,100.0,1.0
Rahul Tripathi,Gangam Anikethreddy,2,2,0,0,0,0,0.0,100.0,2.0
Rahul Tripathi,Glenn Phillips,6,7,0,0,0,0,0.0,116.67,7.0
Rahul Tripathi,Gurinder Singh,52,78,1,10,7,2,19.23,150.0,78.0
Rahul Tripathi,Gus Atkinson,11,13,1,1,0,0,9.09,118.18,13.0
Rahul Tripathi,Hardik Pandya,30,26,4,12,0,0,40.0,86.67,6.5
Rahul Tripathi,Harpreet Brar,31,45,3,9,2,3,29.03,145.16,15.0
Rahul Tripathi,Harsh Dubey,60,94,2,14,6,5,23.33,156.67,47.0
Rahul Tripathi,Harshal Patel,13,19,0,2,2,0,15.38,146.15,19.0
Rahul Tripathi,Harshit Rana,14,35,0,1,4,2,7.14,250.0,35.0
Rahul Tripathi,Jacob Duffy,23,28,1,6,1,0,26.09,121.74,28.0
Rahul Tripathi,Jamie Overton,7,11,1,1,1,0,14.29,157.14,11.0
Rahul Tripathi,Jason Holder,18,20,2,5,1,0,27.78,111.11,10.0
Rahul Tripathi,Jasprit Bumrah,17,29,0,2,1,2,11.76,170.59,29.0
Rahul Tripathi,Jaydev Unadkat,3,3,0,0,0,0,0.0,100.0,3.0
Rahul Tripathi,Josh Hazlewood,31,60,1,2,4,2,6.45,193.55,60.0
Rahul Tripathi,KM Asif,67,78,2,16,3,1,23.88,116.42,39.0
Rahul Tripathi,Kagiso Rabada,10,16,1,1,1,0,10.0,160.0,16.0
Rahul Tripathi,Karan Lal,5,15,1,1,2,1,20.0,300.0,15.0
Rahul Tripathi,Khaleel Ahmed,9,14,0,0,0,0,0.0,155.56,14.0
Rahul Tripathi,Kranthi Kumar,49,68,3,12,6,1,24.49,138.78,22.67
Rahul Tripathi,Krunal Pandya,9,13,0,3,2,0,33.33,144.44,13.0
Rahul Tripathi,Kuldeep Yadav,67,86,2,18,4,3,26.87,128.36,43.0
Rahul Tripathi,Liam Livingstone,3,4,0,0,0,0,0.0,133.33,4.0
Rahul Tripathi,Lungi Ngidi,27,47,0,3,3,1,11.11,174.07,47.0
Rahul Tripathi,Malinda Pushpakumara,9,12,1,3,2,0,33.33,133.33,12.0
Rahul Tripathi,Manisankar Murasingh,76,115,0,11,2,4,14.47,151.32,115.0
Rahul Tripathi,Matheesha Pathirana,4,14,0,0,1,1,0.0,350.0,14.0
Rahul Tripathi,Matt Henry,17,28,0,2,2,1,11.76,164.71,28.0
Rahul Tripathi,Mitchell Starc,33,38,4,9,2,1,27.27,115.15,9.5
Rahul Tripathi,Mohammed Siraj,50,71,4,11,4,2,22.0,142.0,17.75
Rahul Tripathi,Mridul Surroch,30,54,0,1,2,2,3.33,180.0,54.0
Rahul Tripathi,Nathan Ellis,11,16,0,3,0,1,27.27,145.45,16.0
Rahul Tripathi,Nishan Peiris,32,58,0,4,8,0,12.5,181.25,58.0
Rahul Tripathi,Nitish Kumar Reddy,7,16,0,0,2,0,0.0,228.57,16.0
Rahul Tripathi,Nitish Rana,29,47,0,0,4,0,0.0,162.07,47.0
Rahul Tripathi,Noor Ahmad,7,7,1,2,0,0,28.57,100.0,7.0
Rahul Tripathi,Pat Cummins,10,12,1,3,1,0,30.0,120.0,12.0
Rahul Tripathi,Prabath Jayasuriya,47,61,3,17,3,3,36.17,129.79,20.33
Rahul Tripathi,Prashant Veer,14,9,2,7,0,0,50.0,64.29,4.5
Rahul Tripathi,Praveen Jayawickrama,50,59,2,19,4,2,38.0,118.0,29.5
Rahul Tripathi,Rashid Khan,13,15,0,2,1,0,15.38,115.38,15.0
Rahul Tripathi,Rasikh Dar,11,16,1,2,0,1,18.18,145.45,16.0
Rahul Tripathi,Ravi Bishnoi,49,64,4,11,1,3,22.45,130.61,16.0
Rahul Tripathi,Ravindra Jadeja,19,19,1,3,0,0,15.79,100.0,19.0
Rahul Tripathi,Riyan Parag,2,3,0,0,0,0,0.0,150.0,3.0
Rahul Tripathi,Sahan Arachchige,21,21,3,7,1,0,33.33,100.0,7.0
Rahul Tripathi,Sairaj Patil,6,10,0,0,0,0,0.0,166.67,10.0
Rahul Tripathi,Sam Curran,11,15,0,3,1,0,27.27,136.36,15.0
Rahul Tripathi,Sanvir Singh,13,16,1,4,0,1,30.77,123.08,16.0
Rahul Tripathi,Seekkuge Prasanna,2,4,0,0,0,0,0.0,200.0,4.0
Rahul Tripathi,Shahbaz Ahmed,19,24,0,1,1,0,5.26,126.32,24.0
Rahul Tripathi,Shiran Fernando,59,73,3,18,4,2,30.51,123.73,24.33
Rahul Tripathi,Sonny Baker,12,16,1,1,1,0,8.33,133.33,16.0
Rahul Tripathi,Suryansh Shedge,1,6,0,0,0,1,0.0,600.0,6.0
Rahul Tripathi,Tanay Thyagarajan,5,4,0,1,0,0,20.0,80.0,4.0
Rahul Tripathi,Tharindu Rathnanayake,14,18,0,1,0,0,7.14,128.57,18.0
Rahul Tripathi,Vaisakh Chandran,3,4,0,0,0,0,0.0,133.33,4.0
Rahul Tripathi,Varun Chakravarthy,14,12,2,7,0,1,50.0,85.71,6.0
Rahul Tripathi,Vasuki Koushik,2,1,1,1,0,0,50.0,50.0,1.0
Rahul Tripathi,Vipraj Nigam,12,15,0,4,2,0,33.33,125.0,15.0
Rahul Tripathi,Virat Kohli,3,3,0,1,0,0,33.33,100.0,3.0
Rahul Tripathi,Vishen Halambage,32,32,3,11,1,1,34.38,100.0,10.67
Rahul Tripathi,Wanindu Hasaranga,22,18,1,9,0,1,40.91,81.82,18.0
Rahul Tripathi,Washington Sundar,58,104,1,12,5,7,20.69,179.31,104.0
Rahul Tripathi,Will Jacks,50,79,0,8,7,2,16.0,158.0,79.0
Raj Angad Bawa,Adam Zampa,5,6,1,1,0,0,20.0,120.0,6.0
Raj Angad Bawa,Akash Vasisht,6,12,0,4,0,2,66.67,200.0,12.0
Raj Angad Bawa,Arpit Vasavada,3,6,1,2,0,1,66.67,200.0,6.0
Raj Angad Bawa,Ashok Sharma,3,1,2,2,0,0,66.67,33.33,0.5
Raj Angad Bawa,Axar Patel,6,18,0,0,2,1,0.0,300.0,18.0
Raj Angad Bawa,Bhuvneshwar Kumar,5,14,0,0,1,1,0.0,280.0,14.0
Raj Angad Bawa,CV Stephen,5,9,0,2,0,1,40.0,180.0,9.0
Raj Angad Bawa,Corbin Bosch,2,1,1,1,0,0,50.0,50.0,1.0
Raj Angad Bawa,Dian Forrester,4,7,1,2,0,1,50.0,175.0,7.0
Raj Angad Bawa,Harpreet Brar,6,4,1,2,0,0,33.33,66.67,4.0
Raj Angad Bawa,Josh Hazlewood,3,13,0,0,0,2,0.0,433.33,13.0
Raj Angad Bawa,Kagiso Rabada,3,1,1,2,0,0,66.67,33.33,1.0
Raj Angad Bawa,Karan Lal,3,1,1,2,0,0,66.67,33.33,1.0
Raj Angad Bawa,Krunal Pandya,5,5,0,2,0,0,40.0,100.0,5.0
Raj Angad Bawa,Kuldeep Yadav,2,1,1,1,0,0,50.0,50.0,1.0
Raj Angad Bawa,Lalit Yadav,3,1,2,2,0,0,66.67,33.33,0.5
Raj Angad Bawa,Liam Livingstone,9,14,1,3,2,0,33.33,155.56,14.0
Raj Angad Bawa,Luke Wood,1,0,1,1,0,0,100.0,0.0,0.0
Raj Angad Bawa,Malinda Pushpakumara,10,20,0,3,2,1,30.0,200.0,20.0
Raj Angad Bawa,Marcus Stoinis,2,2,1,1,0,0,50.0,100.0,2.0
Raj Angad Bawa,Mitchell Marsh,2,4,0,0,0,0,0.0,200.0,4.0
Raj Angad Bawa,Mitchell Starc,2,1,0,1,0,0,50.0,50.0,1.0
Raj Angad Bawa,Mohammed Shami,3,3,0,1,0,0,33.33,100.0,3.0
Raj Angad Bawa,Mukhtar Hussain,4,8,0,1,0,1,25.0,200.0,8.0
Raj Angad Bawa,Nathan Ellis,9,16,0,2,1,1,22.22,177.78,16.0
Raj Angad Bawa,Nishan Peiris,1,1,0,0,0,0,0.0,100.0,1.0
Raj Angad Bawa,Nitish Kumar Reddy,2,1,1,1,0,0,50.0,50.0,1.0
Raj Angad Bawa,Prashant Veer,3,2,1,1,0,0,33.33,66.67,2.0
Raj Angad Bawa,Praveen Jayawickrama,5,7,0,1,0,0,20.0,140.0,7.0
Raj Angad Bawa,Prince Yadav,3,7,0,0,1,0,0.0,233.33,7.0
Raj Angad Bawa,Rachin Ravindra,5,11,0,0,0,1,0.0,220.0,11.0
Raj Angad Bawa,Rashid Khan,3,10,0,0,0,1,0.0,333.33,10.0
Raj Angad Bawa,Rasikh Dar,3,2,0,1,0,0,33.33,66.67,2.0
Raj Angad Bawa,Ravindra Jadeja,1,1,0,0,0,0,0.0,100.0,1.0
Raj Angad Bawa,Sahan Arachchige,9,28,0,1,3,2,11.11,311.11,28.0
Raj Angad Bawa,Sairaj Patil,3,2,1,1,0,0,33.33,66.67,2.0
Raj Angad Bawa,Sam Curran,7,3,0,5,0,0,71.43,42.86,3.0
Raj Angad Bawa,Samant Jakhar,2,1,0,1,0,0,50.0,50.0,1.0
Raj Angad Bawa,Scott Curie,11,24,0,1,3,0,9.09,218.18,24.0
Raj Angad Bawa,Seekkuge Prasanna,4,6,0,0,0,0,0.0,150.0,6.0
Raj Angad Bawa,Senitha Halambage,7,17,0,2,2,1,28.57,242.86,17.0
Raj Angad Bawa,Shahbaz Ahmed,3,4,0,0,0,0,0.0,133.33,4.0
Raj Angad Bawa,Shubham Agarwal,5,7,0,3,0,1,60.0,140.0,7.0
Raj Angad Bawa,Sonny Baker,14,20,2,4,3,0,28.57,142.86,10.0
Raj Angad Bawa,Sunil Narine,13,28,0,2,3,1,15.38,215.38,28.0
Raj Angad Bawa,Suryansh Shedge,2,5,0,0,1,0,0.0,250.0,5.0
Raj Angad Bawa,Varun Chakravarthy,6,9,2,3,2,0,50.0,150.0,4.5
Raj Angad Bawa,Vishen Halambage,18,18,4,8,2,0,44.44,100.0,4.5
Raj Angad Bawa,Wanindu Hasaranga,3,1,1,2,0,0,66.67,33.33,1.0
Raj Angad Bawa,Washington Sundar,3,3,0,1,0,0,33.33,100.0,3.0
Raj Angad Bawa,Will Jacks,4,6,2,3,0,1,75.0,150.0,3.0
Raj Limbani,Ashish Singh,2,1,1,1,0,0,50.0,50.0,1.0
Ramakrishna Ghosh,Aiden Markram,4,18,0,0,1,2,0.0,450.0,18.0
Ramakrishna Ghosh,Akeal Hosein,5,6,1,2,1,0,40.0,120.0,6.0
Ramakrishna Ghosh,Anrich Nortje,2,1,1,1,0,0,50.0,50.0,1.0
Ramakrishna Ghosh,Arjun Tendulkar,5,7,0,1,1,0,20.0,140.0,7.0
Ramakrishna Ghosh,Auqib Nabi,2,5,0,0,1,0,0.0,250.0,5.0
Ramakrishna Ghosh,Avinov Choudhary,5,1,0,4,0,0,80.0,20.0,1.0
Ramakrishna Ghosh,Harsh Dubey,2,2,1,1,0,0,50.0,100.0,2.0
Ramakrishna Ghosh,Kranthi Kumar,2,7,0,0,0,1,0.0,350.0,7.0
Ramakrishna Ghosh,Mohammed Shami,5,15,0,1,0,2,20.0,300.0,15.0
Ramakrishna Ghosh,Prince Yadav,3,2,0,1,0,0,33.33,66.67,2.0
Ramakrishna Ghosh,Vicky Ostwal,12,19,0,4,2,1,33.33,158.33,19.0
Ramandeep Singh,Adam Zampa,16,32,0,0,1,1,0.0,200.0,32.0
Ramandeep Singh,Aiden Markram,33,52,1,8,3,3,24.24,157.58,52.0
Ramandeep Singh,Akash Vasisht,3,4,0,0,0,0,0.0,133.33,4.0
Ramandeep Singh,Akeal Hosein,41,51,2,11,3,2,26.83,124.39,25.5
Ramandeep Singh,Anrich Nortje,1,1,0,0,0,0,0.0,100.0,1.0
Ramandeep Singh,Anukul Roy,5,7,0,1,1,0,20.0,140.0,7.0
Ramandeep Singh,Arjun Tendulkar,9,12,0,2,0,1,22.22,133.33,12.0
Ramandeep Singh,Athisayaraj Davidson,3,4,0,0,0,0,0.0,133.33,4.0
Ramandeep Singh,Auqib Nabi,3,11,0,0,1,1,0.0,366.67,11.0
Ramandeep Singh,Avinov Choudhary,2,1,1,1,0,0,50.0,50.0,1.0
Ramandeep Singh,Azmatullah Omarzai,6,14,0,0,1,1,0.0,233.33,14.0
Ramandeep Singh,Ben Stokes,2,2,0,0,0,0,0.0,100.0,2.0
Ramandeep Singh,Craig Overton,3,3,0,0,0,0,0.0,100.0,3.0
Ramandeep Singh,Darshan Nalkande,2,2,0,0,0,0,0.0,100.0,2.0
Ramandeep Singh,Dian Forrester,8,7,0,2,0,0,25.0,87.5,7.0
Ramandeep Singh,Dinuka Dilshan,2,6,1,1,0,1,50.0,300.0,6.0
Ramandeep Singh,Dushan Hemantha,4,7,0,1,1,0,25.0,175.0,7.0
Ramandeep Singh,George Linde,3,8,0,0,0,1,0.0,266.67,8.0
Ramandeep Singh,Gurinder Singh,4,3,1,2,0,0,50.0,75.0,3.0
Ramandeep Singh,Hardik Pandya,5,7,0,1,0,0,20.0,140.0,7.0
Ramandeep Singh,Harpreet Brar,5,4,1,4,1,0,80.0,80.0,4.0
Ramandeep Singh,Harsh Dubey,10,12,0,3,0,1,30.0,120.0,12.0
Ramandeep Singh,Harshal Patel,4,8,0,0,1,0,0.0,200.0,8.0
Ramandeep Singh,Ishant Sharma,2,5,0,0,1,0,0.0,250.0,5.0
Ramandeep Singh,Jai Moondra,3,5,1,1,1,0,33.33,166.67,5.0
Ramandeep Singh,Jamie Overton,11,14,0,3,0,1,27.27,127.27,14.0
Ramandeep Singh,Jason Holder,5,12,1,1,1,1,20.0,240.0,12.0
Ramandeep Singh,Jasprit Bumrah,4,10,1,2,1,1,50.0,250.0,10.0
Ramandeep Singh,Josh Hazlewood,3,4,0,0,0,0,0.0,133.33,4.0
Ramandeep Singh,Kagiso Rabada,5,14,0,0,0,1,0.0,280.0,14.0
Ramandeep Singh,Kamindu Mendis,10,16,0,4,1,1,40.0,160.0,16.0
Ramandeep Singh,Kranthi Kumar,10,17,2,2,2,0,20.0,170.0,8.5
Ramandeep Singh,Krunal Pandya,3,5,0,0,0,0,0.0,166.67,5.0
Ramandeep Singh,Kuldeep Yadav,5,18,1,1,1,2,20.0,360.0,18.0
Ramandeep Singh,Lungi Ngidi,3,6,0,2,0,1,66.67,200.0,6.0
Ramandeep Singh,Manisankar Murasingh,9,13,0,2,0,1,22.22,144.44,13.0
Ramandeep Singh,Marcus Stoinis,1,0,1,1,0,0,100.0,0.0,0.0
Ramandeep Singh,Matt Henry,51,88,2,5,5,4,9.8,172.55,44.0
Ramandeep Singh,Mayank Markande,5,7,1,1,1,0,20.0,140.0,7.0
Ramandeep Singh,Mitchell Starc,8,9,0,3,0,0,37.5,112.5,9.0
Ramandeep Singh,Mohammed Shami,15,31,1,3,1,3,20.0,206.67,31.0
Ramandeep Singh,Mohammed Siraj,1,1,0,0,0,0,0.0,100.0,1.0
Ramandeep Singh,Mridul Surroch,4,8,0,1,0,1,25.0,200.0,8.0
Ramandeep Singh,Nishan Peiris,1,1,0,0,0,0,0.0,100.0,1.0
Ramandeep Singh,Nitish Kumar Reddy,5,10,0,1,0,1,20.0,200.0,10.0
Ramandeep Singh,Nuwan Thushara,26,64,0,2,7,3,7.69,246.15,64.0
Ramandeep Singh,Prabath Jayasuriya,15,32,0,3,1,3,20.0,213.33,32.0
Ramandeep Singh,Prashant Veer,5,4,1,2,0,0,40.0,80.0,4.0
Ramandeep Singh,Praveen Jayawickrama,9,17,2,3,2,1,33.33,188.89,8.5
Ramandeep Singh,Ravi Bishnoi,5,5,0,1,0,0,20.0,100.0,5.0
Ramandeep Singh,Ravindra Jadeja,1,6,0,0,0,1,0.0,600.0,6.0
Ramandeep Singh,Sahan Arachchige,4,6,1,1,1,0,25.0,150.0,6.0
Ramandeep Singh,Sairaj Patil,8,14,0,1,0,1,12.5,175.0,14.0
Ramandeep Singh,Sam Curran,1,1,0,0,0,0,0.0,100.0,1.0
Ramandeep Singh,Sanvir Singh,2,7,0,0,0,1,0.0,350.0,7.0
Ramandeep Singh,Shahbaz Ahmed,3,6,0,0,1,0,0.0,200.0,6.0
Ramandeep Singh,Shardul Thakur,2,4,0,0,0,0,0.0,200.0,4.0
Ramandeep Singh,Shiran Fernando,15,24,3,4,2,1,26.67,160.0,8.0
Ramandeep Singh,Shivam Shukla,6,15,0,1,3,0,16.67,250.0,15.0
Ramandeep Singh,Shubham Agarwal,3,5,0,1,1,0,33.33,166.67,5.0
Ramandeep Singh,Sikandar Raza,4,10,1,2,1,1,50.0,250.0,10.0
Ramandeep Singh,Sonal Dinusha,4,6,0,0,0,0,0.0,150.0,6.0
Ramandeep Singh,Sonny Baker,5,14,2,2,0,2,40.0,280.0,7.0
Ramandeep Singh,Sonu Yadav,6,15,0,0,1,1,0.0,250.0,15.0
Ramandeep Singh,Sunil Narine,3,3,1,1,0,0,33.33,100.0,3.0
Ramandeep Singh,Tanay Thyagarajan,21,36,2,6,5,1,28.57,171.43,18.0
Ramandeep Singh,Tripuresh Singh,5,13,0,1,1,1,20.0,260.0,13.0
Ramandeep Singh,Varun Chakravarthy,5,8,1,2,0,1,40.0,160.0,8.0
Ramandeep Singh,Vignesh Puthur,40,66,0,9,5,3,22.5,165.0,66.0
Ramandeep Singh,Vishen Halambage,1,1,0,0,0,0,0.0,100.0,1.0
Ramandeep Singh,Wanindu Hasaranga,1,1,0,0,0,0,0.0,100.0,1.0
Ramandeep Singh,Washington Sundar,11,17,1,5,3,0,45.45,154.55,17.0
Rashid Khan,Abhishek Sharma,4,3,0,1,0,0,25.0,75.0,3.0
Rashid Khan,Akash Vasisht,1,0,1,1,0,0,100.0,0.0,0.0
Rashid Khan,Akeal Hosein,3,4,1,1,0,0,33.33,133.33,4.0
Rashid Khan,Anshul Kamboj,2,2,0,0,0,0,0.0,100.0,2.0
Rashid Khan,Arshdeep Singh,2,2,0,0,0,0,0.0,100.0,2.0
Rashid Khan,Ashok Sharma,1,0,1,1,0,0,100.0,0.0,0.0
Rashid Khan,Atit Sheth,2,4,0,0,0,0,0.0,200.0,4.0
Rashid Khan,Axar Patel,1,0,1,1,0,0,100.0,0.0,0.0
Rashid Khan,Ben Stokes,5,7,0,0,0,0,0.0,140.0,7.0
Rashid Khan,Bhuvneshwar Kumar,2,1,0,1,0,0,50.0,50.0,1.0
Rashid Khan,Brian Bennett,3,8,1,1,0,1,33.33,266.67,8.0
Rashid Khan,Corbin Bosch,1,1,0,0,0,0,0.0,100.0,1.0
Rashid Khan,Dushan Hemantha,1,0,1,1,0,0,100.0,0.0,0.0
Rashid Khan,Glenn Phillips,1,0,1,1,0,0,100.0,0.0,0.0
Rashid Khan,Gurinder Singh,10,11,0,1,0,0,10.0,110.0,11.0
Rashid Khan,Gus Atkinson,3,5,0,1,1,0,33.33,166.67,5.0
Rashid Khan,Hardik Pandya,1,0,1,1,0,0,100.0,0.0,0.0
Rashid Khan,Harpreet Brar,2,2,1,1,0,0,50.0,100.0,2.0
Rashid Khan,Jai Moondra,2,2,0,0,0,0,0.0,100.0,2.0
Rashid Khan,Kagiso Rabada,6,9,2,3,0,1,50.0,150.0,4.5
Rashid Khan,Kranthi Kumar,2,1,1,1,0,0,50.0,50.0,1.0
Rashid Khan,Krunal Pandya,4,4,0,1,0,0,25.0,100.0,4.0
Rashid Khan,Kuldeep Yadav,9,12,2,2,0,1,22.22,133.33,6.0
Rashid Khan,Malinda Pushpakumara,10,12,4,6,1,1,60.0,120.0,3.0
Rashid Khan,Mitchell Starc,2,2,0,0,0,0,0.0,100.0,2.0
Rashid Khan,Nathan Ellis,1,1,0,0,0,0,0.0,100.0,1.0
Rashid Khan,Pat Cummins,1,0,1,1,0,0,100.0,0.0,0.0
Rashid Khan,Rachin Ravindra,4,5,0,0,0,0,0.0,125.0,5.0
Rashid Khan,Ravindra Jadeja,7,1,0,6,0,0,85.71,14.29,1.0
Rashid Khan,Sahan Arachchige,2,5,0,0,1,0,0.0,250.0,5.0
Rashid Khan,Sairaj Patil,2,2,0,0,0,0,0.0,100.0,2.0
Rashid Khan,Scott Curie,1,0,1,1,0,0,100.0,0.0,0.0
Rashid Khan,Shiran Fernando,17,24,1,1,1,0,5.88,141.18,24.0
Rashid Khan,Sikandar Raza,3,1,1,2,0,0,66.67,33.33,1.0
Rashid Khan,Suyash Sharma,2,0,1,2,0,0,100.0,0.0,0.0
Rashid Khan,Varun Chakravarthy,13,29,1,1,0,3,7.69,223.08,29.0
Rashid Khan,Vishen Halambage,1,1,0,0,0,0,0.0,100.0,1.0
Rashid Khan,Wanindu Hasaranga,2,5,0,0,1,0,0.0,250.0,5.0
Rasikh Dar,Anukul Roy,2,2,0,1,0,0,50.0,100.0,2.0
Rasikh Dar,Arshdeep Singh,2,3,0,0,0,0,0.0,150.0,3.0
Rasikh Dar,Axar Patel,1,1,0,0,0,0,0.0,100.0,1.0
Rasikh Dar,Dian Forrester,9,20,1,1,1,1,11.11,222.22,20.0
Rasikh Dar,Harpreet Brar,3,7,1,1,0,1,33.33,233.33,7.0
Rasikh Dar,Harshal Patel,3,5,0,0,0,0,0.0,166.67,5.0
Rasikh Dar,Malinda Pushpakumara,1,0,1,1,0,0,100.0,0.0,0.0
Rasikh Dar,Matheesha Pathirana,5,5,1,1,0,0,20.0,100.0,5.0
Rasikh Dar,Matt Henry,1,0,1,1,0,0,100.0,0.0,0.0
Rasikh Dar,Mitchell Starc,3,4,0,0,0,0,0.0,133.33,4.0
Rasikh Dar,Praveen Jayawickrama,1,0,1,1,0,0,100.0,0.0,0.0
Rasikh Dar,Samant Jakhar,2,1,0,1,0,0,50.0,50.0,1.0
Rasikh Dar,Scott Curie,2,1,1,1,0,0,50.0,50.0,1.0
Rasikh Dar,Sunil Narine,0,1,0,0,0,0,0.0,0.0,1.0
Rasikh Dar,Tanay Thyagarajan,1,0,1,1,0,0,100.0,0.0,0.0
Rasikh Dar,Wanindu Hasaranga,2,2,0,0,0,0,0.0,100.0,2.0
Rasikh Dar,Will Jacks,2,2,0,0,0,0,0.0,100.0,2.0
Ravi Bishnoi,Ajay Dev Goud,2,0,1,2,0,0,100.0,0.0,0.0
Ravi Bishnoi,Akash Vasisht,2,0,1,2,0,0,100.0,0.0,0.0
Ravi Bishnoi,Akeal Hosein,3,1,2,2,0,0,66.67,33.33,0.5
Ravi Bishnoi,Arshdeep Singh,3,4,0,0,0,0,0.0,133.33,4.0
Ravi Bishnoi,Ashok Sharma,5,3,2,3,0,0,60.0,60.0,1.5
Ravi Bishnoi,Brad Evans,1,0,1,1,0,0,100.0,0.0,0.0
Ravi Bishnoi,CV Stephen,4,3,0,1,0,0,25.0,75.0,3.0
Ravi Bishnoi,Cameron Green,1,0,1,1,0,0,100.0,0.0,0.0
Ravi Bishnoi,Chama Milind,1,0,1,1,0,0,100.0,0.0,0.0
Ravi Bishnoi,Gurinder Singh,2,0,1,2,0,0,100.0,0.0,0.0
Ravi Bishnoi,Gus Atkinson,2,0,1,2,0,0,100.0,0.0,0.0
Ravi Bishnoi,Harpreet Brar,2,4,0,0,0,0,0.0,200.0,4.0
Ravi Bishnoi,Harsh Dubey,2,2,1,1,0,0,50.0,100.0,2.0
Ravi Bishnoi,KM Asif,1,2,0,0,0,0,0.0,200.0,2.0
Ravi Bishnoi,Kranthi Kumar,1,0,1,1,0,0,100.0,0.0,0.0
Ravi Bishnoi,Kuldeep Yadav,3,4,0,0,0,0,0.0,133.33,4.0
Ravi Bishnoi,Malinda Pushpakumara,1,1,0,0,0,0,0.0,100.0,1.0
Ravi Bishnoi,Manav Suthar,3,1,2,2,0,0,66.67,33.33,0.5
Ravi Bishnoi,Mitchell Starc,2,1,1,1,0,0,50.0,50.0,1.0
Ravi Bishnoi,Pat Cummins,2,4,1,1,1,0,50.0,200.0,4.0
Ravi Bishnoi,Prabath Jayasuriya,2,1,1,1,0,0,50.0,50.0,1.0
Ravi Bishnoi,Prashant Veer,2,3,0,0,0,0,0.0,150.0,3.0
Ravi Bishnoi,Raj Angad Bawa,2,3,0,0,0,0,0.0,150.0,3.0
Ravi Bishnoi,Sahan Arachchige,4,1,0,3,0,0,75.0,25.0,1.0
Ravi Bishnoi,Sanvir Singh,3,1,1,2,0,0,66.67,33.33,1.0
Ravi Bishnoi,Shiran Fernando,4,4,0,1,0,0,25.0,100.0,4.0
Ravi Bishnoi,Shivam Shukla,1,0,0,1,0,0,100.0,0.0,0.0
Ravi Bishnoi,Shreyas Iyer,2,0,1,2,0,0,100.0,0.0,0.0
Ravi Bishnoi,Tilak Varma,1,1,0,0,0,0,0.0,100.0,1.0
Ravi Bishnoi,Wanindu Hasaranga,3,0,2,3,0,0,100.0,0.0,0.0
Ravi Bishnoi,Washington Sundar,1,1,0,0,0,0,0.0,100.0,1.0
Ravi Bishnoi,Will Jacks,2,0,0,2,0,0,100.0,0.0,0.0
Ravi Singh,Ashok Sharma,11,13,0,3,1,0,27.27,118.18,13.0
Ravi Singh,Avinov Choudhary,19,30,1,6,1,2,31.58,157.89,30.0
Ravi Singh,Dushan Hemantha,29,34,2,5,1,0,17.24,117.24,17.0
Ravi Singh,Isitha Wijesundara,1,0,1,1,0,0,100.0,0.0,0.0
Ravi Singh,Kranthi Kumar,3,3,0,0,0,0,0.0,100.0,3.0
Ravi Singh,Mohammed Siraj,21,28,1,5,3,0,23.81,133.33,28.0
Ravi Singh,Sahan Arachchige,17,25,0,3,1,1,17.65,147.06,25.0
Ravi Singh,Sonny Baker,6,10,1,2,0,1,33.33,166.67,10.0
Ravi Teja,Ashok Sharma,2,1,1,1,0,0,50.0,50.0,1.0
Ravi Teja,Mitchell Starc,2,6,1,1,0,1,50.0,300.0,6.0
Ravi Teja,Rasikh Dar,1,0,0,1,0,0,100.0,0.0,0.0
Ravindra Jadeja,Abhishek Sharma,2,7,0,0,0,1,0.0,350.0,7.0
Ravindra Jadeja,Adam Zampa,16,33,2,6,1,3,37.5,206.25,16.5
Ravindra Jadeja,Aiden Markram,8,11,0,2,0,1,25.0,137.5,11.0
Ravindra Jadeja,Akash Deep,7,9,0,3,0,1,42.86,128.57,9.0
Ravindra Jadeja,Akeal Hosein,30,27,0,13,1,1,43.33,90.0,27.0
Ravindra Jadeja,Anshul Kamboj,27,50,0,2,1,3,7.41,185.19,50.0
Ravindra Jadeja,Anukul Roy,11,14,1,2,1,0,18.18,127.27,14.0
Ravindra Jadeja,Arjun Tendulkar,10,10,0,3,1,0,30.0,100.0,10.0
Ravindra Jadeja,Arpit Vasavada,1,0,1,1,0,0,100.0,0.0,0.0
Ravindra Jadeja,Arshdeep Singh,9,9,0,2,0,0,22.22,100.0,9.0
Ravindra Jadeja,Ashok Sharma,32,52,1,3,0,3,9.38,162.5,52.0
Ravindra Jadeja,Ashwin Das,2,1,0,1,0,0,50.0,50.0,1.0
Ravindra Jadeja,Atit Sheth,2,1,0,1,0,0,50.0,50.0,1.0
Ravindra Jadeja,Avinov Choudhary,9,19,1,2,2,1,22.22,211.11,19.0
Ravindra Jadeja,Axar Patel,5,12,1,1,1,1,20.0,240.0,12.0
Ravindra Jadeja,Ben Stokes,15,20,1,6,1,1,40.0,133.33,20.0
Ravindra Jadeja,Bhuvneshwar Kumar,25,35,0,10,2,2,40.0,140.0,35.0
Ravindra Jadeja,CV Stephen,5,4,0,1,0,0,20.0,80.0,4.0
Ravindra Jadeja,Calvin Harrison,11,14,1,4,0,1,36.36,127.27,14.0
Ravindra Jadeja,Cooper Connolly,9,11,0,4,0,1,44.44,122.22,11.0
Ravindra Jadeja,Darshan Nalkande,4,5,0,0,0,0,0.0,125.0,5.0
Ravindra Jadeja,Deepak Chahar,5,1,1,4,0,0,80.0,20.0,1.0
Ravindra Jadeja,Deepak Hooda,2,1,0,1,0,0,50.0,50.0,1.0
Ravindra Jadeja,Dian Forrester,11,18,1,6,1,2,54.55,163.64,18.0
Ravindra Jadeja,Dinuka Dilshan,3,5,0,0,0,0,0.0,166.67,5.0
Ravindra Jadeja,Dushan Hemantha,9,15,0,4,0,2,44.44,166.67,15.0
Ravindra Jadeja,Gangam Anikethreddy,12,4,1,8,0,0,66.67,33.33,4.0
Ravindra Jadeja,Glenton Stuurman,6,3,1,3,0,0,50.0,50.0,3.0
Ravindra Jadeja,Gurinder Singh,50,72,0,14,1,4,28.0,144.0,72.0
Ravindra Jadeja,Gus Atkinson,9,11,0,2,1,0,22.22,122.22,11.0
Ravindra Jadeja,Harpreet Brar,10,14,0,2,0,1,20.0,140.0,14.0
Ravindra Jadeja,Harsh Dubey,17,23,2,4,0,1,23.53,135.29,11.5
Ravindra Jadeja,Harshal Patel,7,9,0,3,0,1,42.86,128.57,9.0
Ravindra Jadeja,Ishant Sharma,1,1,0,0,0,0,0.0,100.0,1.0
Ravindra Jadeja,Isitha Wijesundara,4,6,0,1,1,0,25.0,150.0,6.0
Ravindra Jadeja,Jacob Bethell,7,5,1,4,0,0,57.14,71.43,5.0
Ravindra Jadeja,Jason Holder,11,16,0,1,0,0,9.09,145.45,16.0
Ravindra Jadeja,Jasprit Bumrah,6,9,1,1,0,0,16.67,150.0,9.0
Ravindra Jadeja,Joel Davies,35,80,2,8,1,8,22.86,228.57,40.0
Ravindra Jadeja,Josh Hazlewood,14,24,2,6,1,2,42.86,171.43,12.0
Ravindra Jadeja,KL Rahul,3,5,0,1,1,0,33.33,166.67,5.0
Ravindra Jadeja,KM Asif,15,20,0,4,1,1,26.67,133.33,20.0
Ravindra Jadeja,Kagiso Rabada,14,15,1,1,0,0,7.14,107.14,15.0
Ravindra Jadeja,Karan Lal,19,33,0,5,3,2,26.32,173.68,33.0
Ravindra Jadeja,Kranthi Kumar,22,39,0,2,1,2,9.09,177.27,39.0
Ravindra Jadeja,Krunal Pandya,14,32,1,3,5,1,21.43,228.57,32.0
Ravindra Jadeja,Kuldeep Yadav,10,18,1,2,0,2,20.0,180.0,18.0
Ravindra Jadeja,Lalit Yadav,3,8,0,0,0,1,0.0,266.67,8.0
Ravindra Jadeja,Lone Nasir Muzaffar,4,9,0,0,1,0,0.0,225.0,9.0
Ravindra Jadeja,Lungi Ngidi,9,15,1,4,0,2,44.44,166.67,15.0
Ravindra Jadeja,Malinda Pushpakumara,9,15,3,4,1,1,44.44,166.67,5.0
Ravindra Jadeja,Manav Suthar,12,17,0,0,0,0,0.0,141.67,17.0
Ravindra Jadeja,Manisankar Murasingh,22,57,0,2,4,4,9.09,259.09,57.0
Ravindra Jadeja,Matthew Forde,9,16,0,0,1,0,0.0,177.78,16.0
Ravindra Jadeja,Mitchell Marsh,6,6,0,1,0,0,16.67,100.0,6.0
Ravindra Jadeja,Mitchell Starc,10,15,0,2,2,0,20.0,150.0,15.0
Ravindra Jadeja,Mohammed Shami,8,14,1,2,1,1,25.0,175.0,14.0
Ravindra Jadeja,Mohammed Siraj,14,21,1,4,0,2,28.57,150.0,21.0
Ravindra Jadeja,Mohsin Khan,8,5,0,4,0,0,50.0,62.5,5.0
Ravindra Jadeja,Mridul Surroch,18,14,1,6,0,0,33.33,77.78,14.0
Ravindra Jadeja,Nimesh Vimukthi,5,2,0,3,0,0,60.0,40.0,2.0
Ravindra Jadeja,Nishan Peiris,10,11,1,1,0,0,10.0,110.0,11.0
Ravindra Jadeja,Nitish Kumar Reddy,9,21,0,2,2,1,22.22,233.33,21.0
Ravindra Jadeja,Noor Ahmad,15,18,1,6,1,1,40.0,120.0,18.0
Ravindra Jadeja,Pat Cummins,1,1,0,0,0,0,0.0,100.0,1.0
Ravindra Jadeja,Prabath Jayasuriya,12,19,2,3,1,1,25.0,158.33,9.5
Ravindra Jadeja,Prashant Veer,20,29,0,6,1,2,30.0,145.0,29.0
Ravindra Jadeja,Praveen Jayawickrama,22,29,6,12,0,3,54.55,131.82,4.83
Ravindra Jadeja,Prince Yadav,16,22,0,3,0,1,18.75,137.5,22.0
Ravindra Jadeja,Rahul Chahar,2,2,0,1,0,0,50.0,100.0,2.0
Ravindra Jadeja,Raj Angad Bawa,4,8,0,0,1,0,0.0,200.0,8.0
Ravindra Jadeja,Rashid Khan,22,33,1,4,4,0,18.18,150.0,33.0
Ravindra Jadeja,Rasikh Dar,1,0,1,1,0,0,100.0,0.0,0.0
Ravindra Jadeja,Ravi Bishnoi,6,7,0,1,0,0,16.67,116.67,7.0
Ravindra Jadeja,Riyan Parag,5,11,1,1,2,0,20.0,220.0,11.0
Ravindra Jadeja,Sahan Arachchige,34,54,2,10,3,3,29.41,158.82,27.0
Ravindra Jadeja,Sairaj Patil,6,12,0,0,0,1,0.0,200.0,12.0
Ravindra Jadeja,Sakib Hussain,7,15,0,2,0,2,28.57,214.29,15.0
Ravindra Jadeja,Sam Curran,10,21,0,1,2,1,10.0,210.0,21.0
Ravindra Jadeja,Sanvir Singh,4,5,0,2,1,0,50.0,125.0,5.0
Ravindra Jadeja,Shahbaz Ahmed,16,25,0,1,1,0,6.25,156.25,25.0
Ravindra Jadeja,Shiran Fernando,37,50,2,8,2,1,21.62,135.14,25.0
Ravindra Jadeja,Shivam Dube,3,5,0,1,1,0,33.33,166.67,5.0
Ravindra Jadeja,Shivam Shukla,5,7,1,1,1,0,20.0,140.0,7.0
Ravindra Jadeja,Shubham Agarwal,22,31,0,6,2,1,27.27,140.91,31.0
Ravindra Jadeja,Sikandar Raza,12,25,0,3,2,2,25.0,208.33,25.0
Ravindra Jadeja,Sonny Baker,15,23,0,2,1,1,13.33,153.33,23.0
Ravindra Jadeja,Sunil Narine,13,11,0,7,0,1,53.85,84.62,11.0
Ravindra Jadeja,Tanay Thyagarajan,3,4,0,1,0,0,33.33,133.33,4.0
Ravindra Jadeja,Tharindu Rathnanayake,2,1,0,1,0,0,50.0,50.0,1.0
Ravindra Jadeja,Tilak Varma,11,18,0,1,0,1,9.09,163.64,18.0
Ravindra Jadeja,Varun Chakravarthy,20,29,0,4,1,1,20.0,145.0,29.0
Ravindra Jadeja,Venkatesh Iyer,3,4,0,0,0,0,0.0,133.33,4.0
Ravindra Jadeja,Vicky Ostwal,2,0,1,2,0,0,100.0,0.0,0.0
Ravindra Jadeja,Vidwath Kaverappa,1,1,0,0,0,0,0.0,100.0,1.0
Ravindra Jadeja,Vignesh Puthur,3,1,1,2,0,0,66.67,33.33,1.0
Ravindra Jadeja,Vishen Halambage,6,7,2,4,0,1,66.67,116.67,3.5
Ravindra Jadeja,Wanindu Hasaranga,5,1,0,4,0,0,80.0,20.0,1.0
Ravindra Jadeja,Washington Sundar,13,12,3,7,0,1,53.85,92.31,4.0
Ravindra Jadeja,Will Jacks,30,52,1,7,3,3,23.33,173.33,52.0
Ravindra Jadeja,Yash Thakur,2,2,0,0,0,0,0.0,100.0,2.0
Ravindra Jadeja,Yuzvendra Chahal,14,20,0,3,0,1,21.43,142.86,20.0
Rishabh Pant,Abhishek Sharma,7,21,0,0,0,2,0.0,300.0,21.0
Rishabh Pant,Adam Zampa,37,36,3,9,1,0,24.32,97.3,12.0
Rishabh Pant,Adil Rashid,7,9,0,0,0,0,0.0,128.57,9.0
Rishabh Pant,Ajay Dev Goud,5,4,0,1,0,0,20.0,80.0,4.0
Rishabh Pant,Ajay Mandal,7,20,1,1,1,2,14.29,285.71,20.0
Rishabh Pant,Akash Deep,16,28,0,2,0,2,12.5,175.0,28.0
Rishabh Pant,Akeal Hosein,49,81,2,8,3,3,16.33,165.31,40.5
Rishabh Pant,Allah Ghazanfar,10,11,0,3,0,0,30.0,110.0,11.0
Rishabh Pant,Amila Aponso,10,15,0,1,1,0,10.0,150.0,15.0
Rishabh Pant,Anrich Nortje,12,17,0,3,2,0,25.0,141.67,17.0
Rishabh Pant,Anshul Kamboj,9,10,0,2,1,0,22.22,111.11,10.0
Rishabh Pant,Arpit Vasavada,18,12,1,9,0,0,50.0,66.67,12.0
Rishabh Pant,Arshdeep Singh,14,19,0,0,0,0,0.0,135.71,19.0
Rishabh Pant,Ashok Sharma,21,33,4,6,2,2,28.57,157.14,8.25
Rishabh Pant,Atit Sheth,19,39,0,1,5,1,5.26,205.26,39.0
Rishabh Pant,Auqib Nabi,11,11,0,2,0,0,18.18,100.0,11.0
Rishabh Pant,Avesh Khan,18,31,0,3,4,0,16.67,172.22,31.0
Rishabh Pant,Avinov Choudhary,9,20,0,2,1,2,22.22,222.22,20.0
Rishabh Pant,Axar Patel,19,34,1,1,3,0,5.26,178.95,34.0
Rishabh Pant,Ayush Mhatre,6,12,0,2,1,1,33.33,200.0,12.0
Rishabh Pant,Ben Stokes,10,13,0,2,1,0,20.0,130.0,13.0
Rishabh Pant,Bhuvneshwar Kumar,70,104,4,21,4,6,30.0,148.57,26.0
Rishabh Pant,Binura Fernando,3,8,0,0,0,1,0.0,266.67,8.0
Rishabh Pant,Brad Evans,11,20,1,2,1,1,18.18,181.82,20.0
Rishabh Pant,CV Stephen,24,24,2,11,1,1,45.83,100.0,12.0
Rishabh Pant,Carlos Brathwaite,9,13,0,1,0,0,11.11,144.44,13.0
Rishabh Pant,Chama Milind,30,53,0,8,5,3,26.67,176.67,53.0
Rishabh Pant,Chetan Sakariya,5,11,1,2,1,1,40.0,220.0,11.0
Rishabh Pant,Codanda Ajit Karthik,1,0,1,1,0,0,100.0,0.0,0.0
Rishabh Pant,Cooper Connolly,4,5,0,2,1,0,50.0,125.0,5.0
Rishabh Pant,Corbin Bosch,2,5,0,0,1,0,0.0,250.0,5.0
Rishabh Pant,Deepak Chahar,6,9,0,2,1,0,33.33,150.0,9.0
Rishabh Pant,Delano Potgieter,27,65,0,0,3,5,0.0,240.74,65.0
Rishabh Pant,Dian Forrester,24,34,0,6,3,1,25.0,141.67,34.0
Rishabh Pant,Donovan Ferreira,3,3,0,0,0,0,0.0,100.0,3.0
Rishabh Pant,Dushan Hemantha,49,85,6,8,5,5,16.33,173.47,14.17
Rishabh Pant,Glenn Phillips,2,1,0,1,0,0,50.0,50.0,1.0
Rishabh Pant,Glenton Stuurman,7,13,0,0,0,1,0.0,185.71,13.0
Rishabh Pant,Gurinder Singh,49,66,4,15,6,2,30.61,134.69,16.5
Rishabh Pant,Gus Atkinson,9,13,1,1,1,0,11.11,144.44,13.0
Rishabh Pant,Hardik Pandya,27,33,0,7,3,0,25.93,122.22,33.0
Rishabh Pant,Harpreet Brar,24,22,3,9,0,0,37.5,91.67,7.33
Rishabh Pant,Harsh Dubey,20,21,2,5,1,0,25.0,105.0,10.5
Rishabh Pant,Harshal Patel,4,6,0,0,0,0,0.0,150.0,6.0
Rishabh Pant,Harshit Rana,23,37,0,1,2,0,4.35,160.87,37.0
Rishabh Pant,Jacob Bethell,2,6,1,1,0,1,50.0,300.0,6.0
Rishabh Pant,Jacob Duffy,17,24,1,2,1,1,11.76,141.18,24.0
Rishabh Pant,Jamie Overton,56,89,3,17,5,6,30.36,158.93,29.67
Rishabh Pant,Jason Holder,8,14,0,1,0,1,12.5,175.0,14.0
Rishabh Pant,Jasprit Bumrah,21,30,1,5,1,2,23.81,142.86,30.0
Rishabh Pant,Jaydev Unadkat,3,3,1,1,0,0,33.33,100.0,3.0
Rishabh Pant,Joel Davies,4,4,1,1,0,0,25.0,100.0,4.0
Rishabh Pant,Jofra Archer,5,7,0,0,0,0,0.0,140.0,7.0
Rishabh Pant,Josh Hazlewood,66,64,2,30,6,0,45.45,96.97,32.0
Rishabh Pant,KC Cariappa,52,62,4,25,3,4,48.08,119.23,15.5
Rishabh Pant,KM Asif,14,11,1,5,0,0,35.71,78.57,11.0
Rishabh Pant,Kagiso Rabada,23,52,1,2,4,3,8.7,226.09,52.0
Rishabh Pant,Kranthi Kumar,27,59,2,9,3,6,33.33,218.52,29.5
Rishabh Pant,Krishnappa Gowtham,7,8,0,1,0,0,14.29,114.29,8.0
Rishabh Pant,Krunal Pandya,11,22,0,2,2,1,18.18,200.0,22.0
Rishabh Pant,Kuldeep Yadav,42,55,1,6,0,1,14.29,130.95,55.0
Rishabh Pant,Lalit Yadav,9,18,1,1,0,1,11.11,200.0,18.0
Rishabh Pant,Liam Livingstone,12,12,0,2,0,0,16.67,100.0,12.0
Rishabh Pant,Lungi Ngidi,10,16,2,4,0,2,40.0,160.0,8.0
Rishabh Pant,Malinda Pushpakumara,17,17,3,4,1,0,23.53,100.0,5.67
Rishabh Pant,Manav Suthar,36,74,1,11,7,5,30.56,205.56,74.0
Rishabh Pant,Manisankar Murasingh,18,17,1,6,0,0,33.33,94.44,17.0
Rishabh Pant,Matheesha Pathirana,4,9,0,1,0,1,25.0,225.0,9.0
Rishabh Pant,Matt Henry,14,34,0,2,2,3,14.29,242.86,34.0
Rishabh Pant,Mitchell Marsh,9,10,1,3,0,0,33.33,111.11,10.0
Rishabh Pant,Mitchell Starc,19,33,1,2,1,2,10.53,173.68,33.0
Rishabh Pant,Mohammed Shami,25,23,2,6,0,0,24.0,92.0,11.5
Rishabh Pant,Mohammed Siraj,43,79,0,2,4,4,4.65,183.72,79.0
Rishabh Pant,Mohsin Khan,5,7,1,1,0,0,20.0,140.0,7.0
Rishabh Pant,Mridul Surroch,8,9,0,1,0,0,12.5,112.5,9.0
Rishabh Pant,Mukhtar Hussain,3,8,1,1,0,1,33.33,266.67,8.0
Rishabh Pant,Murvin Abinash,3,2,0,1,0,0,33.33,66.67,2.0
Rishabh Pant,Nandre Burger,2,0,1,2,0,0,100.0,0.0,0.0
Rishabh Pant,Nathan Ellis,14,16,1,3,0,0,21.43,114.29,16.0
Rishabh Pant,Nitish Kumar Reddy,23,60,0,0,3,4,0.0,260.87,60.0
Rishabh Pant,Nitish Rana,11,14,0,2,1,0,18.18,127.27,14.0
Rishabh Pant,Noor Ahmad,2,4,1,1,1,0,50.0,200.0,4.0
Rishabh Pant,Pat Cummins,6,17,0,0,0,2,0.0,283.33,17.0
Rishabh Pant,Prabath Jayasuriya,32,35,2,13,1,1,40.62,109.38,17.5
Rishabh Pant,Prashant Veer,15,16,2,3,1,0,20.0,106.67,8.0
Rishabh Pant,Praveen Jayawickrama,18,11,2,10,0,0,55.56,61.11,5.5
Rishabh Pant,Prince Yadav,21,27,0,2,0,1,9.52,128.57,27.0
Rishabh Pant,Rachin Ravindra,4,2,1,2,0,0,50.0,50.0,2.0
Rishabh Pant,Rahul Chahar,12,13,0,3,0,0,25.0,108.33,13.0
Rishabh Pant,Ramandeep Singh,5,14,0,0,1,1,0.0,280.0,14.0
Rishabh Pant,Rashid Khan,17,19,3,6,0,1,35.29,111.76,6.33
Rishabh Pant,Ravi Bishnoi,15,18,1,2,0,0,13.33,120.0,18.0
Rishabh Pant,Ravindra Jadeja,6,11,0,0,0,1,0.0,183.33,11.0
Rishabh Pant,Riyan Parag,8,23,0,0,1,2,0.0,287.5,23.0
Rishabh Pant,Sahan Arachchige,54,92,1,6,5,3,11.11,170.37,92.0
Rishabh Pant,Sairaj Patil,11,18,0,3,1,1,27.27,163.64,18.0
Rishabh Pant,Sam Curran,16,39,0,1,1,4,6.25,243.75,39.0
Rishabh Pant,Samant Jakhar,1,0,1,1,0,0,100.0,0.0,0.0
Rishabh Pant,Sandeep Warrier,4,2,0,2,0,0,50.0,50.0,2.0
Rishabh Pant,Sanvir Singh,5,6,0,0,0,0,0.0,120.0,6.0
Rishabh Pant,Shahbaz Ahmed,11,19,0,1,0,1,9.09,172.73,19.0
Rishabh Pant,Shardul Thakur,1,1,0,0,0,0,0.0,100.0,1.0
Rishabh Pant,Shiran Fernando,24,38,4,5,5,0,20.83,158.33,9.5
Rishabh Pant,Shivam Dube,17,15,2,5,0,0,29.41,88.24,7.5
Rishabh Pant,Shubham Agarwal,4,7,1,1,1,0,25.0,175.0,7.0
Rishabh Pant,Sikandar Raza,4,5,1,1,0,0,25.0,125.0,5.0
Rishabh Pant,Sunil Narine,33,41,0,8,1,2,24.24,124.24,41.0
Rishabh Pant,Suryansh Shedge,2,1,1,1,0,0,50.0,50.0,1.0
Rishabh Pant,Swapnil Singh,2,2,0,0,0,0,0.0,100.0,2.0
Rishabh Pant,Tanay Thyagarajan,16,26,0,3,3,0,18.75,162.5,26.0
Rishabh Pant,Tharindu Rathnanayake,9,7,1,4,0,0,44.44,77.78,7.0
Rishabh Pant,Tilak Varma,3,2,0,1,0,0,33.33,66.67,2.0
Rishabh Pant,Trent Boult,13,12,1,3,0,0,23.08,92.31,12.0
Rishabh Pant,Umesh Yadav,6,8,0,1,1,0,16.67,133.33,8.0
Rishabh Pant,Umran Malik,19,27,0,3,1,0,15.79,142.11,27.0
Rishabh Pant,Varun Chakravarthy,18,32,3,3,1,2,16.67,177.78,10.67
Rishabh Pant,Vidwath Kaverappa,4,5,0,0,0,0,0.0,125.0,5.0
Rishabh Pant,Vipraj Nigam,4,9,0,0,0,0,0.0,225.0,9.0
Rishabh Pant,Vishen Halambage,8,14,1,3,3,0,37.5,175.0,14.0
Rishabh Pant,Wanindu Hasaranga,18,21,1,5,0,1,27.78,116.67,21.0
Rishabh Pant,Washington Sundar,20,31,1,5,1,2,25.0,155.0,31.0
Rishabh Pant,Will Jacks,31,62,1,5,2,4,16.13,200.0,62.0
Rishabh Pant,Yash Thakur,37,34,2,14,1,1,37.84,91.89,17.0
Rishabh Pant,Yuzvendra Chahal,13,21,0,1,0,0,7.69,161.54,21.0
Riyan Parag,Adam Zampa,33,44,4,8,1,2,24.24,133.33,11.0
Riyan Parag,Adil Rashid,7,28,0,0,2,3,0.0,400.0,28.0
Riyan Parag,Ajay Dev Goud,4,7,0,2,1,0,50.0,175.0,7.0
Riyan Parag,Akash Deep,6,9,0,1,1,0,16.67,150.0,9.0
Riyan Parag,Akeal Hosein,46,51,4,10,2,0,21.74,110.87,12.75
Riyan Parag,Allah Ghazanfar,7,6,1,2,0,0,28.57,85.71,6.0
Riyan Parag,Anshul Kamboj,6,9,0,0,0,0,0.0,150.0,9.0
Riyan Parag,Anukul Roy,22,48,1,2,4,2,9.09,218.18,48.0
Riyan Parag,Arjun Tendulkar,3,5,0,0,0,0,0.0,166.67,5.0
Riyan Parag,Arpit Vasavada,10,19,1,3,2,1,30.0,190.0,19.0
Riyan Parag,Arshdeep Singh,45,51,2,8,2,0,17.78,113.33,25.5
Riyan Parag,Ashok Sharma,46,64,0,8,2,2,17.39,139.13,64.0
Riyan Parag,Ashwin Das,1,1,0,0,0,0,0.0,100.0,1.0
Riyan Parag,Atit Sheth,39,67,1,5,5,2,12.82,171.79,67.0
Riyan Parag,Avesh Khan,6,8,0,2,1,0,33.33,133.33,8.0
Riyan Parag,Avinov Choudhary,28,30,1,4,0,0,14.29,107.14,30.0
Riyan Parag,Axar Patel,30,30,2,8,1,0,26.67,100.0,15.0
Riyan Parag,Ben Stokes,15,26,0,1,1,1,6.67,173.33,26.0
Riyan Parag,Bhuvneshwar Kumar,11,10,2,6,1,0,54.55,90.91,5.0
Riyan Parag,Binura Fernando,4,6,0,1,1,0,25.0,150.0,6.0
Riyan Parag,Brian Bennett,4,4,1,1,0,0,25.0,100.0,4.0
Riyan Parag,CV Stephen,21,32,1,2,2,0,9.52,152.38,32.0
Riyan Parag,Cameron Green,8,14,0,0,0,0,0.0,175.0,14.0
Riyan Parag,Chetan Sakariya,7,8,0,1,0,0,14.29,114.29,8.0
Riyan Parag,Cooper Connolly,6,10,0,0,1,0,0.0,166.67,10.0
Riyan Parag,Corbin Bosch,26,41,0,1,0,2,3.85,157.69,41.0
Riyan Parag,Delano Potgieter,1,1,0,0,0,0,0.0,100.0,1.0
Riyan Parag,Dewald Brevis,2,2,0,0,0,0,0.0,100.0,2.0
Riyan Parag,Dian Forrester,54,95,2,9,6,3,16.67,175.93,47.5
Riyan Parag,Donovan Ferreira,4,3,0,1,0,0,25.0,75.0,3.0
Riyan Parag,Dushan Hemantha,79,110,2,13,8,1,16.46,139.24,55.0
Riyan Parag,Eshan Malinga,8,12,1,1,0,1,12.5,150.0,12.0
Riyan Parag,Glenn Phillips,2,4,0,0,0,0,0.0,200.0,4.0
Riyan Parag,Glenton Stuurman,6,10,0,0,0,0,0.0,166.67,10.0
Riyan Parag,Gurinder Singh,48,65,1,16,3,4,33.33,135.42,65.0
Riyan Parag,Gurnoor Singh Brar,1,1,0,0,0,0,0.0,100.0,1.0
Riyan Parag,Gus Atkinson,22,40,0,2,2,2,9.09,181.82,40.0
Riyan Parag,Hardik Pandya,17,20,3,7,2,0,41.18,117.65,6.67
Riyan Parag,Harpreet Brar,35,38,5,10,0,1,28.57,108.57,7.6
Riyan Parag,Harsh Dubey,26,42,2,4,4,1,15.38,161.54,21.0
Riyan Parag,Harshal Patel,23,34,1,1,1,0,4.35,147.83,34.0
Riyan Parag,Jacob Duffy,5,3,0,2,0,0,40.0,60.0,3.0
Riyan Parag,Jamie Overton,13,14,0,1,0,0,7.69,107.69,14.0
Riyan Parag,Jason Holder,7,11,0,2,2,0,28.57,157.14,11.0
Riyan Parag,Jasprit Bumrah,6,5,1,2,0,0,33.33,83.33,5.0
Riyan Parag,Jaydev Unadkat,12,23,1,1,1,1,8.33,191.67,23.0
Riyan Parag,Joel Davies,11,15,1,1,0,1,9.09,136.36,15.0
Riyan Parag,Josh Hazlewood,18,35,1,1,4,0,5.56,194.44,35.0
Riyan Parag,KM Asif,6,8,0,1,1,0,16.67,133.33,8.0
Riyan Parag,Kagiso Rabada,7,7,0,1,0,0,14.29,100.0,7.0
Riyan Parag,Kranthi Kumar,15,20,1,3,0,1,20.0,133.33,20.0
Riyan Parag,Krishnappa Gowtham,14,27,0,3,1,2,21.43,192.86,27.0
Riyan Parag,Krunal Pandya,33,49,1,6,4,0,18.18,148.48,49.0
Riyan Parag,Kuldeep Yadav,49,69,3,14,3,4,28.57,140.82,23.0
Riyan Parag,Lalit Yadav,13,13,0,3,0,0,23.08,100.0,13.0
Riyan Parag,Liam Livingstone,2,1,1,1,0,0,50.0,50.0,1.0
Riyan Parag,Lungi Ngidi,10,10,0,3,0,0,30.0,100.0,10.0
Riyan Parag,Malinda Pushpakumara,18,24,0,1,1,0,5.56,133.33,24.0
Riyan Parag,Manisankar Murasingh,11,16,1,1,1,0,9.09,145.45,16.0
Riyan Parag,Marcus Stoinis,4,5,0,0,0,0,0.0,125.0,5.0
Riyan Parag,Matheesha Pathirana,3,3,0,0,0,0,0.0,100.0,3.0
Riyan Parag,Matt Henry,5,5,1,1,0,0,20.0,100.0,5.0
Riyan Parag,Mitchell Starc,19,48,0,0,1,4,0.0,252.63,48.0
Riyan Parag,Mohammed Shami,18,24,2,6,2,0,33.33,133.33,12.0
Riyan Parag,Mohammed Siraj,106,157,4,23,10,4,21.7,148.11,39.25
Riyan Parag,Mridul Surroch,6,6,1,1,0,0,16.67,100.0,6.0
Riyan Parag,Mukhtar Hussain,18,28,1,7,1,2,38.89,155.56,28.0
Riyan Parag,Nathan Ellis,12,12,0,4,1,0,33.33,100.0,12.0
Riyan Parag,Nitish Kumar Reddy,8,18,1,1,0,2,12.5,225.0,18.0
Riyan Parag,Nitish Rana,9,15,0,0,0,1,0.0,166.67,15.0
Riyan Parag,Noor Ahmad,13,7,2,6,0,0,46.15,53.85,3.5
Riyan Parag,Pat Cummins,10,17,0,1,1,1,10.0,170.0,17.0
Riyan Parag,Prabath Jayasuriya,19,43,0,3,3,3,15.79,226.32,43.0
Riyan Parag,Prashant Veer,35,49,1,8,1,2,22.86,140.0,49.0
Riyan Parag,Praveen Jayawickrama,30,34,3,8,1,1,26.67,113.33,11.33
Riyan Parag,Prince Yadav,12,13,1,1,0,0,8.33,108.33,13.0
Riyan Parag,Rahul Chahar,5,8,0,0,1,0,0.0,160.0,8.0
Riyan Parag,Raj Angad Bawa,5,5,0,0,0,0,0.0,100.0,5.0
Riyan Parag,Rashid Khan,20,24,2,3,1,0,15.0,120.0,12.0
Riyan Parag,Rasikh Dar,7,8,0,0,0,0,0.0,114.29,8.0
Riyan Parag,Ravi Bishnoi,66,103,2,10,5,3,15.15,156.06,51.5
Riyan Parag,Ravi Teja,5,6,0,0,0,0,0.0,120.0,6.0
Riyan Parag,Ravindra Jadeja,9,11,0,1,0,0,11.11,122.22,11.0
Riyan Parag,Riyan Parag,8,13,0,2,0,1,25.0,162.5,13.0
Riyan Parag,Sahan Arachchige,75,82,6,23,2,2,30.67,109.33,13.67
Riyan Parag,Sairaj Patil,7,13,0,0,0,1,0.0,185.71,13.0
Riyan Parag,Sakib Hussain,7,11,0,0,1,0,0.0,157.14,11.0
Riyan Parag,Sam Curran,18,23,0,1,1,0,5.56,127.78,23.0
Riyan Parag,Sanvir Singh,14,15,0,4,0,0,28.57,107.14,15.0
Riyan Parag,Seekkuge Prasanna,2,2,0,0,0,0,0.0,100.0,2.0
Riyan Parag,Shahbaz Ahmed,17,25,0,1,2,0,5.88,147.06,25.0
Riyan Parag,Shashank Singh,4,6,0,0,0,0,0.0,150.0,6.0
Riyan Parag,Shiran Fernando,30,53,2,7,3,3,23.33,176.67,26.5
Riyan Parag,Shivam Dube,4,5,0,0,0,0,0.0,125.0,5.0
Riyan Parag,Shivam Shukla,5,4,0,1,0,0,20.0,80.0,4.0
Riyan Parag,Shubham Agarwal,5,11,0,2,1,1,40.0,220.0,11.0
Riyan Parag,Sikandar Raza,3,13,0,0,1,1,0.0,433.33,13.0
Riyan Parag,Sonny Baker,18,25,1,6,0,2,33.33,138.89,25.0
Riyan Parag,Sunil Narine,13,17,0,1,0,0,7.69,130.77,17.0
Riyan Parag,Suryansh Shedge,4,2,0,2,0,0,50.0,50.0,2.0
Riyan Parag,Tanay Thyagarajan,2,3,0,0,0,0,0.0,150.0,3.0
Riyan Parag,Tharindu Rathnanayake,11,11,0,3,0,0,27.27,100.0,11.0
Riyan Parag,Tilak Varma,4,4,0,0,0,0,0.0,100.0,4.0
Riyan Parag,Varun Chakravarthy,38,65,0,6,5,2,15.79,171.05,65.0
Riyan Parag,Venkatesh Iyer,2,2,0,1,0,0,50.0,100.0,2.0
Riyan Parag,Vipraj Nigam,10,25,0,1,2,2,10.0,250.0,25.0
Riyan Parag,Vishen Halambage,23,26,2,6,2,0,26.09,113.04,13.0
Riyan Parag,Wanindu Hasaranga,24,40,1,4,2,2,16.67,166.67,40.0
Riyan Parag,Washington Sundar,35,50,0,5,2,1,14.29,142.86,50.0
Riyan Parag,Will Jacks,21,27,2,3,0,0,14.29,128.57,13.5
Riyan Parag,Yash Thakur,26,35,0,6,0,1,23.08,134.62,35.0
Rohan Kunnummal,Adam Zampa,12,24,2,2,1,2,16.67,200.0,12.0
Rohan Kunnummal,Adil Rashid,6,8,0,4,0,1,66.67,133.33,8.0
Rohan Kunnummal,Anshul Kamboj,3,11,0,0,1,1,0.0,366.67,11.0
Rohan Kunnummal,Atit Sheth,21,37,0,3,4,1,14.29,176.19,37.0
Rohan Kunnummal,Axar Patel,7,7,0,3,1,0,42.86,100.0,7.0
Rohan Kunnummal,Ben Stokes,17,20,1,8,2,1,47.06,117.65,20.0
Rohan Kunnummal,Bhuvneshwar Kumar,4,4,0,0,0,0,0.0,100.0,4.0
Rohan Kunnummal,Binura Fernando,5,5,0,1,0,0,20.0,100.0,5.0
Rohan Kunnummal,Dian Forrester,1,0,1,1,0,0,100.0,0.0,0.0
Rohan Kunnummal,Dushan Hemantha,22,19,2,10,0,1,45.45,86.36,9.5
Rohan Kunnummal,Gurinder Singh,4,5,0,0,0,0,0.0,125.0,5.0
Rohan Kunnummal,Hardik Pandya,1,0,1,1,0,0,100.0,0.0,0.0
Rohan Kunnummal,Ishant Sharma,2,4,0,0,0,0,0.0,200.0,4.0
Rohan Kunnummal,Jamie Overton,5,13,1,1,1,1,20.0,260.0,13.0
Rohan Kunnummal,Jaydev Unadkat,6,5,0,1,0,0,16.67,83.33,5.0
Rohan Kunnummal,Jofra Archer,2,2,0,0,0,0,0.0,100.0,2.0
Rohan Kunnummal,Josh Hazlewood,1,1,0,0,0,0,0.0,100.0,1.0
Rohan Kunnummal,KM Asif,5,8,1,2,0,1,40.0,160.0,8.0
Rohan Kunnummal,Kagiso Rabada,6,8,1,1,0,0,16.67,133.33,8.0
Rohan Kunnummal,Krunal Pandya,12,17,0,3,1,1,25.0,141.67,17.0
Rohan Kunnummal,Matheesha Pathirana,1,4,0,0,1,0,0.0,400.0,4.0
Rohan Kunnummal,Mitchell Starc,12,12,0,4,1,0,33.33,100.0,12.0
Rohan Kunnummal,Mohammed Siraj,42,47,5,14,2,1,33.33,111.9,9.4
Rohan Kunnummal,Nandre Burger,11,10,0,5,1,0,45.45,90.91,10.0
Rohan Kunnummal,Nathan Ellis,6,9,0,2,1,0,33.33,150.0,9.0
Rohan Kunnummal,Noor Ahmad,6,20,0,1,0,3,16.67,333.33,20.0
Rohan Kunnummal,Pat Cummins,6,8,0,0,0,0,0.0,133.33,8.0
Rohan Kunnummal,Prabath Jayasuriya,3,5,1,1,1,0,33.33,166.67,5.0
Rohan Kunnummal,Prashant Veer,18,27,1,6,2,1,33.33,150.0,27.0
Rohan Kunnummal,Praveen Jayawickrama,6,6,0,1,0,0,16.67,100.0,6.0
Rohan Kunnummal,Prince Yadav,7,15,0,2,0,2,28.57,214.29,15.0
Rohan Kunnummal,Rashid Khan,9,5,2,5,0,0,55.56,55.56,2.5
Rohan Kunnummal,Ravindra Jadeja,2,2,0,0,0,0,0.0,100.0,2.0
Rohan Kunnummal,Sahan Arachchige,15,17,2,6,1,1,40.0,113.33,8.5
Rohan Kunnummal,Sairaj Patil,13,34,0,1,1,3,7.69,261.54,34.0
Rohan Kunnummal,Sam Curran,12,16,0,2,0,1,16.67,133.33,16.0
Rohan Kunnummal,Scott Curie,9,11,1,2,0,0,22.22,122.22,11.0
Rohan Kunnummal,Shahbaz Ahmed,14,18,0,2,2,0,14.29,128.57,18.0
Rohan Kunnummal,Shiran Fernando,4,2,0,2,0,0,50.0,50.0,2.0
Rohan Kunnummal,Shivam Mavi,12,15,0,2,0,0,16.67,125.0,15.0
Rohan Kunnummal,Varun Chakravarthy,14,23,0,5,1,2,35.71,164.29,23.0
Rohan Kunnummal,Vipraj Nigam,1,1,0,0,0,0,0.0,100.0,1.0
Rohit Sharma,Adam Zampa,14,19,1,3,1,1,21.43,135.71,19.0
Rohit Sharma,Ajay Dev Goud,10,22,0,3,0,3,30.0,220.0,22.0
Rohit Sharma,Akash Deep,7,17,0,1,2,1,14.29,242.86,17.0
Rohit Sharma,Akash Vasisht,11,10,0,1,0,0,9.09,90.91,10.0
Rohit Sharma,Akeal Hosein,36,34,4,17,3,0,47.22,94.44,8.5
Rohit Sharma,Allah Ghazanfar,3,8,0,0,0,1,0.0,266.67,8.0
Rohit Sharma,Amila Aponso,8,13,0,1,2,0,12.5,162.5,13.0
Rohit Sharma,Anshul Kamboj,3,12,0,0,1,1,0.0,400.0,12.0
Rohit Sharma,Anukul Roy,11,20,0,1,2,0,9.09,181.82,20.0
Rohit Sharma,Arpit Vasavada,19,30,1,6,0,2,31.58,157.89,30.0
Rohit Sharma,Arshdeep Singh,17,17,0,6,0,1,35.29,100.0,17.0
Rohit Sharma,Ashok Sharma,23,61,1,2,2,6,8.7,265.22,61.0
Rohit Sharma,Ashwin Das,11,18,0,1,0,1,9.09,163.64,18.0
Rohit Sharma,Atit Sheth,9,29,0,1,2,3,11.11,322.22,29.0
Rohit Sharma,Avinov Choudhary,9,9,0,1,0,0,11.11,100.0,9.0
Rohit Sharma,Axar Patel,27,59,0,2,3,4,7.41,218.52,59.0
Rohit Sharma,Ben Stokes,3,3,0,0,0,0,0.0,100.0,3.0
Rohit Sharma,Bhuvneshwar Kumar,11,7,3,5,0,0,45.45,63.64,2.33
Rohit Sharma,CV Stephen,18,21,0,6,2,0,33.33,116.67,21.0
Rohit Sharma,Cameron Green,2,2,0,0,0,0,0.0,100.0,2.0
Rohit Sharma,Chetan Sakariya,2,3,0,0,0,0,0.0,150.0,3.0
Rohit Sharma,Codanda Ajit Karthik,9,20,0,1,2,1,11.11,222.22,20.0
Rohit Sharma,Deepak Chahar,2,3,0,0,0,0,0.0,150.0,3.0
Rohit Sharma,Dian Forrester,21,22,0,7,1,0,33.33,104.76,22.0
Rohit Sharma,Dinuka Dilshan,10,24,0,1,2,1,10.0,240.0,24.0
Rohit Sharma,Donovan Ferreira,2,2,0,0,0,0,0.0,100.0,2.0
Rohit Sharma,Duan Jansen,7,10,1,1,1,0,14.29,142.86,10.0
Rohit Sharma,Dushan Hemantha,22,33,3,4,1,1,18.18,150.0,11.0
Rohit Sharma,Gangam Anikethreddy,10,19,0,1,1,1,10.0,190.0,19.0
Rohit Sharma,Glenton Stuurman,5,16,0,0,0,2,0.0,320.0,16.0
Rohit Sharma,Gurinder Singh,19,17,0,8,1,0,42.11,89.47,17.0
Rohit Sharma,Gus Atkinson,3,4,0,0,0,0,0.0,133.33,4.0
Rohit Sharma,Harpreet Brar,25,51,1,4,1,5,16.0,204.0,51.0
Rohit Sharma,Harsh Dubey,12,13,0,3,1,0,25.0,108.33,13.0
Rohit Sharma,Harshal Patel,11,14,0,2,1,0,18.18,127.27,14.0
Rohit Sharma,Ishant Sharma,4,3,0,2,0,0,50.0,75.0,3.0
Rohit Sharma,Jacob Bethell,20,27,2,6,1,1,30.0,135.0,13.5
Rohit Sharma,Jamie Overton,11,18,1,3,0,2,27.27,163.64,18.0
Rohit Sharma,Jason Holder,9,14,0,3,2,0,33.33,155.56,14.0
Rohit Sharma,Jasprit Bumrah,12,8,0,7,1,0,58.33,66.67,8.0
Rohit Sharma,Jaydev Unadkat,2,1,0,1,0,0,50.0,50.0,1.0
Rohit Sharma,Joel Davies,20,36,1,7,5,1,35.0,180.0,36.0
Rohit Sharma,Josh Hazlewood,31,37,3,7,0,1,22.58,119.35,12.33
Rohit Sharma,KM Asif,3,6,0,1,1,0,33.33,200.0,6.0
Rohit Sharma,Kagiso Rabada,15,40,2,3,4,3,20.0,266.67,20.0
Rohit Sharma,Karan Lal,5,13,0,1,3,0,20.0,260.0,13.0
Rohit Sharma,Kranthi Kumar,10,5,1,6,0,0,60.0,50.0,5.0
Rohit Sharma,Krunal Pandya,2,2,0,0,0,0,0.0,100.0,2.0
Rohit Sharma,Kuldeep Yadav,27,28,3,11,2,1,40.74,103.7,9.33
Rohit Sharma,Lalit Yadav,8,12,0,2,0,1,25.0,150.0,12.0
Rohit Sharma,Liam Livingstone,11,21,0,3,2,1,27.27,190.91,21.0
Rohit Sharma,Luke Wood,3,3,0,0,0,0,0.0,100.0,3.0
Rohit Sharma,Lungi Ngidi,9,8,1,4,1,0,44.44,88.89,8.0
Rohit Sharma,Malinda Pushpakumara,29,33,2,11,1,2,37.93,113.79,16.5
Rohit Sharma,Manav Suthar,4,3,0,1,0,0,25.0,75.0,3.0
Rohit Sharma,Manisankar Murasingh,3,5,0,0,0,0,0.0,166.67,5.0
Rohit Sharma,Marcus Stoinis,4,4,0,1,0,0,25.0,100.0,4.0
Rohit Sharma,Matheesha Pathirana,9,21,1,3,3,1,33.33,233.33,21.0
Rohit Sharma,Matt Henry,5,3,1,2,0,0,40.0,60.0,3.0
Rohit Sharma,Matt Short,3,7,0,1,0,1,33.33,233.33,7.0
Rohit Sharma,Mitchell Santner,4,12,0,0,1,1,0.0,300.0,12.0
Rohit Sharma,Mitchell Starc,31,65,4,7,6,4,22.58,209.68,16.25
Rohit Sharma,Mohammed Shami,29,42,1,6,3,1,20.69,144.83,42.0
Rohit Sharma,Mohammed Siraj,30,58,2,7,4,4,23.33,193.33,29.0
Rohit Sharma,Mridul Surroch,12,11,1,6,0,1,50.0,91.67,11.0
Rohit Sharma,Murvin Abinash,14,21,1,5,2,1,35.71,150.0,21.0
Rohit Sharma,Nathan Ellis,7,4,1,3,0,0,42.86,57.14,4.0
Rohit Sharma,Nishan Peiris,30,71,0,6,10,3,20.0,236.67,71.0
Rohit Sharma,Nitish Kumar Reddy,8,16,1,2,3,0,25.0,200.0,16.0
Rohit Sharma,Noor Ahmad,6,10,0,2,2,0,33.33,166.67,10.0
Rohit Sharma,Pat Cummins,9,21,1,2,1,2,22.22,233.33,21.0
Rohit Sharma,Prabath Jayasuriya,10,12,0,3,0,1,30.0,120.0,12.0
Rohit Sharma,Prashant Veer,26,45,0,7,6,1,26.92,173.08,45.0
Rohit Sharma,Praveen Jayawickrama,45,57,6,15,1,3,33.33,126.67,9.5
Rohit Sharma,Prince Yadav,9,18,0,2,0,2,22.22,200.0,18.0
Rohit Sharma,Rahul Chahar,5,10,0,1,0,1,20.0,200.0,10.0
Rohit Sharma,Raj Angad Bawa,6,19,0,0,2,1,0.0,316.67,19.0
Rohit Sharma,Rashid Khan,27,65,0,4,6,4,14.81,240.74,65.0
Rohit Sharma,Ravi Bishnoi,19,38,0,2,4,1,10.53,200.0,38.0
Rohit Sharma,Ravi Teja,2,2,0,0,0,0,0.0,100.0,2.0
Rohit Sharma,Sahan Arachchige,31,53,1,10,4,3,32.26,170.97,53.0
Rohit Sharma,Sairaj Patil,12,9,2,6,1,0,50.0,75.0,4.5
Rohit Sharma,Sakib Hussain,4,3,1,2,0,0,50.0,75.0,3.0
Rohit Sharma,Sam Curran,9,14,0,1,2,0,11.11,155.56,14.0
Rohit Sharma,Samant Jakhar,4,7,0,0,1,0,0.0,175.0,7.0
Rohit Sharma,Sanvir Singh,6,7,0,0,0,0,0.0,116.67,7.0
Rohit Sharma,Shahbaz Ahmed,16,27,0,1,2,1,6.25,168.75,27.0
Rohit Sharma,Shiran Fernando,27,20,5,9,0,0,33.33,74.07,4.0
Rohit Sharma,Shivam Dube,26,61,1,3,4,4,11.54,234.62,61.0
Rohit Sharma,Shivam Mavi,1,0,1,1,0,0,100.0,0.0,0.0
Rohit Sharma,Shivam Shukla,16,44,1,2,3,4,12.5,275.0,44.0
Rohit Sharma,Shubham Agarwal,26,37,0,4,1,1,15.38,142.31,37.0
Rohit Sharma,Sonny Baker,9,13,1,4,1,1,44.44,144.44,13.0
Rohit Sharma,Sunil Narine,39,60,2,10,5,2,25.64,153.85,30.0
Rohit Sharma,Suyash Sharma,4,7,0,0,0,0,0.0,175.0,7.0
Rohit Sharma,Tharindu Rathnanayake,9,23,0,2,0,3,22.22,255.56,23.0
Rohit Sharma,Tilak Varma,7,9,0,3,0,1,42.86,128.57,9.0
Rohit Sharma,Vaisakh Chandran,12,18,0,2,1,1,16.67,150.0,18.0
Rohit Sharma,Varun Chakravarthy,14,6,2,9,0,0,64.29,42.86,3.0
Rohit Sharma,Vasuki Koushik,6,12,0,0,2,0,0.0,200.0,12.0
Rohit Sharma,Vishen Halambage,12,8,2,4,0,0,33.33,66.67,4.0
Rohit Sharma,Wanindu Hasaranga,24,26,0,6,0,1,25.0,108.33,26.0
Rohit Sharma,Washington Sundar,27,49,0,3,2,3,11.11,181.48,49.0
Rohit Sharma,Will Jacks,19,35,0,1,1,2,5.26,184.21,35.0
Rohit Sharma,Yash Thakur,3,8,1,1,2,0,33.33,266.67,8.0
Rohit Sharma,Yuvraj Chaudhary,3,9,0,0,0,1,0.0,300.0,9.0
Romario Shepherd,Blessing Muzarbani,13,28,0,1,1,2,7.69,215.38,28.0
Romario Shepherd,Harpreet Brar,7,9,0,3,1,0,42.86,128.57,9.0
Romario Shepherd,KM Asif,10,17,0,3,0,2,30.0,170.0,17.0
Romario Shepherd,Karan Lal,8,15,0,2,3,0,25.0,187.5,15.0
Romario Shepherd,Manisankar Murasingh,2,5,0,0,1,0,0.0,250.0,5.0
Romario Shepherd,Ottneil Baartman,1,1,0,0,0,0,0.0,100.0,1.0
Romario Shepherd,Sam Curran,2,2,1,1,0,0,50.0,100.0,2.0
Rovman Powell,Anrich Nortje,3,5,0,0,0,0,0.0,166.67,5.0
Rovman Powell,Auqib Nabi,6,16,0,1,2,1,16.67,266.67,16.0
Rovman Powell,Bhuvneshwar Kumar,1,3,0,0,0,0,0.0,300.0,3.0
Rovman Powell,Corbin Bosch,19,35,1,5,3,2,26.32,184.21,35.0
Rovman Powell,Josh Hazlewood,6,12,0,0,2,0,0.0,200.0,12.0
Rovman Powell,KC Cariappa,7,5,0,4,0,0,57.14,71.43,5.0
Rovman Powell,Kartik Tyagi,9,13,2,4,1,1,44.44,144.44,6.5
Rovman Powell,Liam Livingstone,7,9,1,2,1,0,28.57,128.57,9.0
Rovman Powell,Nitish Kumar Reddy,17,24,0,7,4,0,41.18,141.18,24.0
Rovman Powell,Pat Cummins,11,19,0,4,2,1,36.36,172.73,19.0
Rovman Powell,Prashant Solanki,31,55,2,9,5,3,29.03,177.42,27.5
Rovman Powell,Ramandeep Singh,3,11,0,0,1,1,0.0,366.67,11.0
Rovman Powell,Shreyas Gopal,10,17,0,1,2,0,10.0,170.0,17.0
Rovman Powell,Sunil Narine,10,15,0,4,3,0,40.0,150.0,15.0
Rovman Powell,T Natarajan,25,44,0,5,5,1,20.0,176.0,44.0
Rovman Powell,Will Jacks,9,21,0,1,1,2,11.11,233.33,21.0
Ruchit Ahir,Aaron Hardie,2,1,1,1,0,0,50.0,50.0,1.0
Ruchit Ahir,Abhishek Sharma,4,10,0,0,0,1,0.0,250.0,10.0
Ruchit Ahir,Adam Zampa,42,87,3,8,4,7,19.05,207.14,29.0
Ruchit Ahir,Aiden Markram,2,2,0,0,0,0,0.0,100.0,2.0
Ruchit Ahir,Ajay Dev Goud,9,14,0,0,0,0,0.0,155.56,14.0
Ruchit Ahir,Akash Vasisht,23,50,2,4,2,5,17.39,217.39,25.0
Ruchit Ahir,Akeal Hosein,40,78,0,9,3,6,22.5,195.0,78.0
Ruchit Ahir,Allah Ghazanfar,5,11,1,1,2,0,20.0,220.0,11.0
Ruchit Ahir,Amila Aponso,13,19,0,4,2,0,30.77,146.15,19.0
Ruchit Ahir,Anshul Kamboj,9,6,0,4,0,0,44.44,66.67,6.0
Ruchit Ahir,Anukul Roy,24,34,0,8,1,2,33.33,141.67,34.0
Ruchit Ahir,Arpit Vasavada,3,3,1,1,0,0,33.33,100.0,3.0
Ruchit Ahir,Arshdeep Singh,43,58,3,10,1,2,23.26,134.88,19.33
Ruchit Ahir,Ashok Sharma,93,144,7,21,15,3,22.58,154.84,20.57
Ruchit Ahir,Ashwin Das,9,16,0,0,2,0,0.0,177.78,16.0
Ruchit Ahir,Athisayaraj Davidson,4,6,0,0,0,0,0.0,150.0,6.0
Ruchit Ahir,Atit Sheth,12,27,0,1,3,1,8.33,225.0,27.0
Ruchit Ahir,Avesh Khan,5,14,0,0,1,1,0.0,280.0,14.0
Ruchit Ahir,Avinov Choudhary,12,21,0,1,3,0,8.33,175.0,21.0
Ruchit Ahir,Axar Patel,1,1,0,0,0,0,0.0,100.0,1.0
Ruchit Ahir,Beau Webster,3,5,0,0,0,0,0.0,166.67,5.0
Ruchit Ahir,Ben Stokes,6,5,1,2,0,0,33.33,83.33,5.0
Ruchit Ahir,Bhuvneshwar Kumar,32,46,3,9,3,2,28.12,143.75,15.33
Ruchit Ahir,Binura Fernando,4,3,0,1,0,0,25.0,75.0,3.0
Ruchit Ahir,Brad Evans,4,10,0,0,2,0,0.0,250.0,10.0
Ruchit Ahir,Brian Bennett,4,11,0,1,1,1,25.0,275.0,11.0
Ruchit Ahir,CV Stephen,27,54,0,1,8,0,3.7,200.0,54.0
Ruchit Ahir,Cameron Green,2,1,1,1,0,0,50.0,50.0,1.0
Ruchit Ahir,Chetan Sakariya,4,5,0,1,0,0,25.0,125.0,5.0
Ruchit Ahir,Codanda Ajit Karthik,4,7,0,0,1,0,0.0,175.0,7.0
Ruchit Ahir,Corbin Bosch,3,8,0,0,0,1,0.0,266.67,8.0
Ruchit Ahir,Craig Overton,12,18,0,3,2,0,25.0,150.0,18.0
Ruchit Ahir,Dian Forrester,38,47,2,12,1,3,31.58,123.68,23.5
Ruchit Ahir,Dushan Hemantha,25,43,4,10,4,3,40.0,172.0,10.75
Ruchit Ahir,Duvindu Tillakaratne,2,2,0,0,0,0,0.0,100.0,2.0
Ruchit Ahir,Gangam Anikethreddy,22,47,1,4,4,3,18.18,213.64,47.0
Ruchit Ahir,Glenn Phillips,10,10,0,3,1,0,30.0,100.0,10.0
Ruchit Ahir,Gurinder Singh,27,59,1,7,4,5,25.93,218.52,59.0
Ruchit Ahir,Gurnoor Singh Brar,6,12,1,2,1,1,33.33,200.0,12.0
Ruchit Ahir,Gus Atkinson,53,87,0,9,9,2,16.98,164.15,87.0
Ruchit Ahir,Hardik Pandya,25,28,1,8,0,1,32.0,112.0,28.0
Ruchit Ahir,Harpreet Brar,29,47,2,7,4,2,24.14,162.07,23.5
Ruchit Ahir,Harsh Dubey,20,30,0,2,2,0,10.0,150.0,30.0
Ruchit Ahir,Harshal Patel,13,32,0,1,1,3,7.69,246.15,32.0
Ruchit Ahir,Isitha Wijesundara,9,12,0,1,0,0,11.11,133.33,12.0
Ruchit Ahir,Ismat Alam,14,26,1,3,3,1,21.43,185.71,26.0
Ruchit Ahir,Jacob Duffy,1,1,0,0,0,0,0.0,100.0,1.0
Ruchit Ahir,Jai Moondra,10,14,1,3,0,1,30.0,140.0,14.0
Ruchit Ahir,Jasprit Bumrah,15,27,0,4,4,0,26.67,180.0,27.0
Ruchit Ahir,Josh Hazlewood,50,106,1,9,5,8,18.0,212.0,106.0
Ruchit Ahir,KM Asif,7,7,1,1,0,0,14.29,100.0,7.0
Ruchit Ahir,Kagiso Rabada,14,18,4,7,0,1,50.0,128.57,4.5
Ruchit Ahir,Karan Lal,5,6,0,3,1,0,60.0,120.0,6.0
Ruchit Ahir,Kranthi Kumar,14,12,1,3,0,0,21.43,85.71,12.0
Ruchit Ahir,Krunal Pandya,47,92,0,9,9,4,19.15,195.74,92.0
Ruchit Ahir,Kuldeep Yadav,62,53,9,24,3,0,38.71,85.48,5.89
Ruchit Ahir,Lalit Yadav,16,35,0,1,2,2,6.25,218.75,35.0
Ruchit Ahir,Lance Morris,7,5,0,2,0,0,28.57,71.43,5.0
Ruchit Ahir,Liam Livingstone,33,68,0,7,3,5,21.21,206.06,68.0
Ruchit Ahir,Luke Wood,7,7,1,3,0,0,42.86,100.0,7.0
Ruchit Ahir,Lungi Ngidi,22,26,2,6,2,0,27.27,118.18,13.0
Ruchit Ahir,Malinda Pushpakumara,28,54,1,2,2,4,7.14,192.86,54.0
Ruchit Ahir,Manisankar Murasingh,4,3,0,1,0,0,25.0,75.0,3.0
Ruchit Ahir,Matheesha Pathirana,6,12,2,2,1,1,33.33,200.0,6.0
Ruchit Ahir,Matt Henry,21,41,1,5,4,2,23.81,195.24,41.0
Ruchit Ahir,Matt Short,15,31,0,3,1,3,20.0,206.67,31.0
Ruchit Ahir,Mitchell Marsh,8,16,0,1,1,1,12.5,200.0,16.0
Ruchit Ahir,Mitchell Starc,64,80,2,24,6,3,37.5,125.0,40.0
Ruchit Ahir,Mohamed Shiraz,6,16,1,3,1,2,50.0,266.67,16.0
Ruchit Ahir,Mohammed Shami,10,27,0,0,2,2,0.0,270.0,27.0
Ruchit Ahir,Mohammed Siraj,82,166,4,15,12,10,18.29,202.44,41.5
Ruchit Ahir,Mridul Surroch,10,12,2,2,0,0,20.0,120.0,6.0
Ruchit Ahir,Mukhtar Hussain,22,45,0,1,2,3,4.55,204.55,45.0
Ruchit Ahir,Nathan Ellis,31,44,6,9,1,3,29.03,141.94,7.33
Ruchit Ahir,Nishan Peiris,10,17,2,3,2,0,30.0,170.0,8.5
Ruchit Ahir,Nitish Kumar Reddy,3,8,0,0,0,1,0.0,266.67,8.0
Ruchit Ahir,Nitish Rana,7,21,0,0,3,1,0.0,300.0,21.0
Ruchit Ahir,Noor Ahmad,3,8,1,1,0,1,33.33,266.67,8.0
Ruchit Ahir,Ottneil Baartman,1,4,0,0,1,0,0.0,400.0,4.0
Ruchit Ahir,Prabath Jayasuriya,40,79,0,11,2,8,27.5,197.5,79.0
Ruchit Ahir,Prashant Veer,33,48,1,8,2,3,24.24,145.45,48.0
Ruchit Ahir,Praveen Jayawickrama,52,72,2,17,4,4,32.69,138.46,36.0
Ruchit Ahir,Rachin Ravindra,21,35,2,4,3,1,19.05,166.67,17.5
Ruchit Ahir,Rahul Chahar,2,7,0,0,0,1,0.0,350.0,7.0
Ruchit Ahir,Raj Angad Bawa,1,1,0,0,0,0,0.0,100.0,1.0
Ruchit Ahir,Raj Limbani,14,31,0,0,3,1,0.0,221.43,31.0
Ruchit Ahir,Rashid Khan,10,11,0,3,0,0,30.0,110.0,11.0
Ruchit Ahir,Rasikh Dar,12,20,0,1,0,1,8.33,166.67,20.0
Ruchit Ahir,Ravi Bishnoi,7,10,1,2,0,1,28.57,142.86,10.0
Ruchit Ahir,Ravindra Jadeja,8,20,1,1,1,2,12.5,250.0,20.0
Ruchit Ahir,Sahan Arachchige,83,148,1,21,9,10,25.3,178.31,148.0
Ruchit Ahir,Sairaj Patil,39,71,0,9,5,3,23.08,182.05,71.0
Ruchit Ahir,Sam Curran,20,39,2,5,3,2,25.0,195.0,19.5
Ruchit Ahir,Sandeep Sharma,7,15,0,1,1,1,14.29,214.29,15.0
Ruchit Ahir,Scott Curie,35,54,3,10,6,1,28.57,154.29,18.0
Ruchit Ahir,Seekkuge Prasanna,6,10,0,1,1,0,16.67,166.67,10.0
Ruchit Ahir,Senitha Halambage,3,4,2,2,1,0,66.67,133.33,2.0
Ruchit Ahir,Shahbaz Ahmed,32,52,2,9,2,3,28.12,162.5,26.0
Ruchit Ahir,Shardul Thakur,26,52,0,2,2,3,7.69,200.0,52.0
Ruchit Ahir,Shiran Fernando,28,55,1,6,6,3,21.43,196.43,55.0
Ruchit Ahir,Shubham Agarwal,27,29,0,7,1,1,25.93,107.41,29.0
Ruchit Ahir,Sikandar Raza,7,2,1,5,0,0,71.43,28.57,2.0
Ruchit Ahir,Sonny Baker,31,44,0,9,5,1,29.03,141.94,44.0
Ruchit Ahir,Sonu Yadav,2,2,0,0,0,0,0.0,100.0,2.0
Ruchit Ahir,Sunil Narine,27,22,3,12,2,0,44.44,81.48,7.33
Ruchit Ahir,Suryansh Shedge,6,17,0,0,2,1,0.0,283.33,17.0
Ruchit Ahir,Tanay Thyagarajan,9,13,0,2,2,0,22.22,144.44,13.0
Ruchit Ahir,Tilak Varma,10,13,0,3,0,1,30.0,130.0,13.0
Ruchit Ahir,Tripuresh Singh,9,11,0,1,1,0,11.11,122.22,11.0
Ruchit Ahir,Vaisakh Chandran,46,83,1,6,8,2,13.04,180.43,83.0
Ruchit Ahir,Varun Chakravarthy,61,102,2,14,6,6,22.95,167.21,51.0
Ruchit Ahir,Vishen Halambage,29,36,2,9,3,0,31.03,124.14,18.0
Ruchit Ahir,Wanindu Hasaranga,45,92,3,13,6,8,28.89,204.44,30.67
Ruchit Ahir,Washington Sundar,20,45,3,6,3,4,30.0,225.0,15.0
Ruchit Ahir,Will Jacks,46,93,0,4,10,2,8.7,202.17,93.0
Ryan Rickelton,Aaron Hardie,19,41,0,2,4,1,10.53,215.79,41.0
Ryan Rickelton,Abhishek Sharma,24,43,0,3,2,2,12.5,179.17,43.0
Ryan Rickelton,Adam Zampa,38,58,2,8,2,3,21.05,152.63,29.0
Ryan Rickelton,Aiden Markram,18,26,1,6,1,2,33.33,144.44,26.0
Ryan Rickelton,Ajay Dev Goud,20,28,0,4,1,1,20.0,140.0,28.0
Ryan Rickelton,Akash Vasisht,11,16,1,3,2,0,27.27,145.45,16.0
Ryan Rickelton,Akeal Hosein,41,67,1,7,0,6,17.07,163.41,67.0
Ryan Rickelton,Amila Aponso,4,8,1,2,2,0,50.0,200.0,8.0
Ryan Rickelton,Anshul Kamboj,26,53,3,5,3,3,19.23,203.85,17.67
Ryan Rickelton,Anukul Roy,42,82,0,5,2,5,11.9,195.24,82.0
Ryan Rickelton,Arjun Tendulkar,9,11,0,6,1,1,66.67,122.22,11.0
Ryan Rickelton,Arpit Vasavada,26,43,1,3,5,0,11.54,165.38,43.0
Ryan Rickelton,Arshdeep Singh,52,95,2,8,10,3,15.38,182.69,47.5
Ryan Rickelton,Ashish Singh,1,1,0,0,0,0,0.0,100.0,1.0
Ryan Rickelton,Ashok Sharma,19,32,0,4,2,2,21.05,168.42,32.0
Ryan Rickelton,Ashwin Das,5,10,0,1,0,1,20.0,200.0,10.0
Ryan Rickelton,Atit Sheth,21,32,0,1,0,1,4.76,152.38,32.0
Ryan Rickelton,Ben Stokes,29,42,1,8,3,2,27.59,144.83,42.0
Ryan Rickelton,Bhuvneshwar Kumar,26,38,3,7,5,0,26.92,146.15,12.67
Ryan Rickelton,Brad Evans,11,6,4,6,0,0,54.55,54.55,1.5
Ryan Rickelton,Brian Bennett,5,11,1,1,2,0,20.0,220.0,11.0
Ryan Rickelton,CV Stephen,17,19,2,6,1,1,35.29,111.76,9.5
Ryan Rickelton,Cameron Green,21,39,1,2,4,1,9.52,185.71,39.0
Ryan Rickelton,Chetan Sakariya,31,57,3,6,4,3,19.35,183.87,19.0
Ryan Rickelton,Corbin Bosch,8,17,1,1,3,0,12.5,212.5,17.0
Ryan Rickelton,Darshan Nalkande,11,15,1,5,3,0,45.45,136.36,15.0
Ryan Rickelton,Delano Potgieter,21,54,1,2,2,5,9.52,257.14,54.0
Ryan Rickelton,Dian Forrester,70,108,5,19,7,6,27.14,154.29,21.6
Ryan Rickelton,Donovan Ferreira,6,11,0,1,0,1,16.67,183.33,11.0
Ryan Rickelton,Dushan Hemantha,56,104,4,15,4,9,26.79,185.71,26.0
Ryan Rickelton,Duvindu Tillakaratne,10,21,0,0,1,1,0.0,210.0,21.0
Ryan Rickelton,Eshan Malinga,20,57,1,2,4,5,10.0,285.0,57.0
Ryan Rickelton,Gangam Anikethreddy,13,37,0,1,3,3,7.69,284.62,37.0
Ryan Rickelton,Glenn Phillips,5,16,0,0,0,2,0.0,320.0,16.0
Ryan Rickelton,Glenton Stuurman,18,16,3,8,0,1,44.44,88.89,5.33
Ryan Rickelton,Gurinder Singh,16,21,3,5,1,1,31.25,131.25,7.0
Ryan Rickelton,Gurnoor Singh Brar,14,34,1,2,1,3,14.29,242.86,34.0
Ryan Rickelton,Gus Atkinson,30,57,0,4,2,4,13.33,190.0,57.0
Ryan Rickelton,Hardik Pandya,29,69,0,3,7,4,10.34,237.93,69.0
Ryan Rickelton,Harpreet Brar,33,46,4,12,3,3,36.36,139.39,11.5
Ryan Rickelton,Harsh Dubey,15,39,0,1,5,2,6.67,260.0,39.0
Ryan Rickelton,Harshal Patel,15,21,0,1,2,0,6.67,140.0,21.0
Ryan Rickelton,Harshit Rana,10,18,0,1,1,0,10.0,180.0,18.0
Ryan Rickelton,Ishant Sharma,9,8,1,3,0,0,33.33,88.89,8.0
Ryan Rickelton,Isitha Wijesundara,6,13,0,0,2,0,0.0,216.67,13.0
Ryan Rickelton,Jamie Overton,4,3,0,1,0,0,25.0,75.0,3.0
Ryan Rickelton,Jason Holder,12,26,1,1,1,2,8.33,216.67,26.0
Ryan Rickelton,Jasprit Bumrah,45,67,1,7,4,2,15.56,148.89,67.0
Ryan Rickelton,Jaydev Unadkat,8,11,1,1,1,0,12.5,137.5,11.0
Ryan Rickelton,Jofra Archer,8,16,0,1,3,0,12.5,200.0,16.0
Ryan Rickelton,Josh Hazlewood,43,63,2,11,4,3,25.58,146.51,31.5
Ryan Rickelton,KM Asif,11,10,1,4,1,0,36.36,90.91,10.0
Ryan Rickelton,Kagiso Rabada,46,86,0,8,4,5,17.39,186.96,86.0
Ryan Rickelton,Kangabam Priyojit Singh,3,6,0,1,1,0,33.33,200.0,6.0
Ryan Rickelton,Karan Lal,2,6,1,1,0,1,50.0,300.0,6.0
Ryan Rickelton,Khaleel Ahmed,13,30,0,1,3,1,7.69,230.77,30.0
Ryan Rickelton,Kranthi Kumar,25,59,3,6,6,4,24.0,236.0,19.67
Ryan Rickelton,Krunal Pandya,37,55,1,6,5,1,16.22,148.65,55.0
Ryan Rickelton,Lalit Yadav,18,54,0,2,5,4,11.11,300.0,54.0
Ryan Rickelton,Liam Livingstone,3,3,1,1,0,0,33.33,100.0,3.0
Ryan Rickelton,Lungi Ngidi,17,39,0,5,3,3,29.41,229.41,39.0
Ryan Rickelton,Malinda Pushpakumara,8,7,1,3,0,0,37.5,87.5,7.0
Ryan Rickelton,Manisankar Murasingh,11,10,0,4,0,0,36.36,90.91,10.0
Ryan Rickelton,Marcus Stoinis,7,8,1,3,1,0,42.86,114.29,8.0
Ryan Rickelton,Matheesha Pathirana,6,15,1,1,3,0,16.67,250.0,15.0
Ryan Rickelton,Matt Henry,3,5,0,1,1,0,33.33,166.67,5.0
Ryan Rickelton,Matt Short,11,19,1,1,2,0,9.09,172.73,19.0
Ryan Rickelton,Mitchell Marsh,10,8,0,3,0,0,30.0,80.0,8.0
Ryan Rickelton,Mitchell Owen,4,9,1,1,2,0,25.0,225.0,9.0
Ryan Rickelton,Mitchell Starc,45,74,1,8,4,4,17.78,164.44,74.0
Ryan Rickelton,Mohammed Shami,56,91,8,17,2,6,30.36,162.5,11.38
Ryan Rickelton,Mohammed Siraj,79,143,6,18,9,8,22.78,181.01,23.83
Ryan Rickelton,Mohsin Khan,13,19,0,3,1,1,23.08,146.15,19.0
Ryan Rickelton,Mridul Surroch,11,24,0,1,4,0,9.09,218.18,24.0
Ryan Rickelton,Nathan Ellis,21,39,1,5,3,2,23.81,185.71,39.0
Ryan Rickelton,Nishan Peiris,13,13,0,5,1,0,38.46,100.0,13.0
Ryan Rickelton,Nitish Kumar Reddy,3,2,1,1,0,0,33.33,66.67,2.0
Ryan Rickelton,Nitish Rana,4,12,0,0,1,1,0.0,300.0,12.0
Ryan Rickelton,Noor Ahmad,13,28,1,2,2,2,15.38,215.38,28.0
Ryan Rickelton,Ottneil Baartman,4,9,0,0,0,1,0.0,225.0,9.0
Ryan Rickelton,Pat Cummins,34,71,2,11,5,6,32.35,208.82,35.5
Ryan Rickelton,Prabath Jayasuriya,3,4,0,0,0,0,0.0,133.33,4.0
Ryan Rickelton,Prashant Veer,34,63,6,10,9,2,29.41,185.29,10.5
Ryan Rickelton,Praveen Jayawickrama,43,61,1,12,5,2,27.91,141.86,61.0
Ryan Rickelton,Prince Yadav,23,42,0,2,1,3,8.7,182.61,42.0
Ryan Rickelton,Rachin Ravindra,13,22,1,2,2,1,15.38,169.23,22.0
Ryan Rickelton,Rahul Chahar,3,5,0,1,1,0,33.33,166.67,5.0
Ryan Rickelton,Raj Angad Bawa,3,1,1,2,0,0,66.67,33.33,1.0
Ryan Rickelton,Raj Limbani,10,26,0,0,2,2,0.0,260.0,26.0
Ryan Rickelton,Rashid Khan,16,25,1,6,0,3,37.5,156.25,25.0
Ryan Rickelton,Ravi Bishnoi,52,94,2,11,7,5,21.15,180.77,47.0
Ryan Rickelton,Ravindra Jadeja,32,71,2,5,3,6,15.62,221.88,35.5
Ryan Rickelton,Riyan Parag,11,15,0,4,1,1,36.36,136.36,15.0
Ryan Rickelton,Sahan Arachchige,51,91,3,10,4,7,19.61,178.43,30.33
Ryan Rickelton,Sairaj Patil,29,43,1,4,4,0,13.79,148.28,43.0
Ryan Rickelton,Sakib Hussain,26,48,3,6,5,2,23.08,184.62,16.0
Ryan Rickelton,Sam Curran,24,39,0,1,2,1,4.17,162.5,39.0
Ryan Rickelton,Samant Jakhar,8,18,0,1,1,1,12.5,225.0,18.0
Ryan Rickelton,Sanvir Singh,19,40,0,3,5,1,15.79,210.53,40.0
Ryan Rickelton,Sayan Ghosh,16,32,0,1,3,1,6.25,200.0,32.0
Ryan Rickelton,Scott Curie,5,13,1,1,3,0,20.0,260.0,13.0
Ryan Rickelton,Seekkuge Prasanna,7,18,0,0,2,1,0.0,257.14,18.0
Ryan Rickelton,Senitha Halambage,4,6,0,1,1,0,25.0,150.0,6.0
Ryan Rickelton,Shahbaz Ahmed,55,71,4,17,4,3,30.91,129.09,17.75
Ryan Rickelton,Shardul Thakur,5,3,2,3,0,0,60.0,60.0,1.5
Ryan Rickelton,Shiran Fernando,22,31,4,8,1,2,36.36,140.91,7.75
Ryan Rickelton,Shivam Dube,10,16,2,3,1,1,30.0,160.0,8.0
Ryan Rickelton,Shivam Mavi,6,6,0,0,0,0,0.0,100.0,6.0
Ryan Rickelton,Shubham Agarwal,1,0,1,1,0,0,100.0,0.0,0.0
Ryan Rickelton,Sikandar Raza,13,21,0,2,2,0,15.38,161.54,21.0
Ryan Rickelton,Sonny Baker,33,37,4,12,3,0,36.36,112.12,9.25
Ryan Rickelton,Suryansh Shedge,5,21,0,0,3,1,0.0,420.0,21.0
Ryan Rickelton,Tanay Thyagarajan,1,0,1,1,0,0,100.0,0.0,0.0
Ryan Rickelton,Tharindu Rathnanayake,25,45,1,8,5,2,32.0,180.0,45.0
Ryan Rickelton,Umran Malik,2,1,1,1,0,0,50.0,50.0,1.0
Ryan Rickelton,Varun Chakravarthy,39,66,2,11,6,2,28.21,169.23,33.0
Ryan Rickelton,Vignesh Puthur,3,5,0,1,1,0,33.33,166.67,5.0
Ryan Rickelton,Vishen Halambage,29,51,2,7,1,5,24.14,175.86,25.5
Ryan Rickelton,Wanindu Hasaranga,15,17,2,6,1,1,40.0,113.33,8.5
Ryan Rickelton,Washington Sundar,9,17,0,1,1,1,11.11,188.89,17.0
Ryan Rickelton,Will Jacks,69,127,4,16,12,6,23.19,184.06,31.75
Sahan Arachchige,Adam Zampa,13,20,3,6,1,2,46.15,153.85,6.67
Sahan Arachchige,Ajay Dev Goud,5,9,0,1,1,0,20.0,180.0,9.0
Sahan Arachchige,Akeal Hosein,16,15,3,5,0,0,31.25,93.75,5.0
Sahan Arachchige,Allah Ghazanfar,2,2,0,0,0,0,0.0,100.0,2.0
Sahan Arachchige,Anshul Kamboj,9,12,0,0,0,0,0.0,133.33,12.0
Sahan Arachchige,Anukul Roy,5,13,0,1,3,0,20.0,260.0,13.0
Sahan Arachchige,Arpit Vasavada,6,7,0,0,0,0,0.0,116.67,7.0
Sahan Arachchige,Arshdeep Singh,13,24,0,0,3,0,0.0,184.62,24.0
Sahan Arachchige,Ashok Sharma,11,5,3,6,0,0,54.55,45.45,1.67
Sahan Arachchige,Avesh Khan,1,0,1,1,0,0,100.0,0.0,0.0
Sahan Arachchige,Avinov Choudhary,4,8,0,0,1,0,0.0,200.0,8.0
Sahan Arachchige,Axar Patel,18,32,0,1,1,1,5.56,177.78,32.0
Sahan Arachchige,Ben Stokes,1,1,0,0,0,0,0.0,100.0,1.0
Sahan Arachchige,Bhuvneshwar Kumar,9,8,1,2,0,0,22.22,88.89,8.0
Sahan Arachchige,Binura Fernando,6,6,0,0,0,0,0.0,100.0,6.0
Sahan Arachchige,CV Stephen,8,5,2,3,0,0,37.5,62.5,2.5
Sahan Arachchige,Cameron Green,2,2,0,0,0,0,0.0,100.0,2.0
Sahan Arachchige,Chetan Sakariya,3,3,0,0,0,0,0.0,100.0,3.0
Sahan Arachchige,Codanda Ajit Karthik,2,0,1,2,0,0,100.0,0.0,0.0
Sahan Arachchige,Darshan Nalkande,3,0,1,3,0,0,100.0,0.0,0.0
Sahan Arachchige,Dewald Brevis,4,13,0,0,3,0,0.0,325.0,13.0
Sahan Arachchige,Dian Forrester,10,19,0,2,2,1,20.0,190.0,19.0
Sahan Arachchige,Dinuka Dilshan,4,6,0,1,1,0,25.0,150.0,6.0
Sahan Arachchige,Dushan Hemantha,9,14,1,1,1,0,11.11,155.56,14.0
Sahan Arachchige,Eshan Malinga,2,2,0,0,0,0,0.0,100.0,2.0
Sahan Arachchige,Glenton Stuurman,4,4,1,1,0,0,25.0,100.0,4.0
Sahan Arachchige,Gurinder Singh,30,35,2,10,2,1,33.33,116.67,17.5
Sahan Arachchige,Gus Atkinson,1,1,0,0,0,0,0.0,100.0,1.0
Sahan Arachchige,Hardik Pandya,4,4,1,1,0,0,25.0,100.0,4.0
Sahan Arachchige,Harpreet Brar,28,34,4,8,2,1,28.57,121.43,8.5
Sahan Arachchige,Harsh Dubey,9,11,1,2,1,0,22.22,122.22,11.0
Sahan Arachchige,Harshal Patel,2,1,1,1,0,0,50.0,50.0,1.0
Sahan Arachchige,Harshit Rana,7,6,0,1,0,0,14.29,85.71,6.0
Sahan Arachchige,Jacob Duffy,11,22,1,4,1,2,36.36,200.0,22.0
Sahan Arachchige,Jamie Overton,4,3,1,1,0,0,25.0,75.0,3.0
Sahan Arachchige,Jason Holder,3,11,0,0,1,1,0.0,366.67,11.0
Sahan Arachchige,Jasprit Bumrah,2,2,0,0,0,0,0.0,100.0,2.0
Sahan Arachchige,Jaydev Unadkat,1,1,0,0,0,0,0.0,100.0,1.0
Sahan Arachchige,Joel Davies,8,9,2,2,1,0,25.0,112.5,4.5
Sahan Arachchige,Jofra Archer,3,4,0,0,0,0,0.0,133.33,4.0
Sahan Arachchige,Josh Hazlewood,3,3,0,0,0,0,0.0,100.0,3.0
Sahan Arachchige,KM Asif,4,5,0,0,0,0,0.0,125.0,5.0
Sahan Arachchige,Kagiso Rabada,5,5,1,2,0,0,40.0,100.0,5.0
Sahan Arachchige,Kranthi Kumar,11,17,2,3,1,1,27.27,154.55,8.5
Sahan Arachchige,Krunal Pandya,11,20,0,1,0,1,9.09,181.82,20.0
Sahan Arachchige,Kuldeep Yadav,12,14,0,2,1,0,16.67,116.67,14.0
Sahan Arachchige,Lungi Ngidi,10,12,0,0,0,0,0.0,120.0,12.0
Sahan Arachchige,Malinda Pushpakumara,18,11,5,9,0,0,50.0,61.11,2.2
Sahan Arachchige,Marcus Stoinis,2,2,0,0,0,0,0.0,100.0,2.0
Sahan Arachchige,Mitchell Marsh,3,3,1,1,0,0,33.33,100.0,3.0
Sahan Arachchige,Mitchell Starc,10,10,1,3,1,0,30.0,100.0,10.0
Sahan Arachchige,Mohammed Shami,10,11,1,2,0,0,20.0,110.0,11.0
Sahan Arachchige,Mohammed Siraj,5,3,2,2,0,0,40.0,60.0,1.5
Sahan Arachchige,Mridul Surroch,18,23,0,3,1,0,16.67,127.78,23.0
Sahan Arachchige,Nathan Ellis,4,4,0,1,0,0,25.0,100.0,4.0
Sahan Arachchige,Nishan Peiris,2,1,0,1,0,0,50.0,50.0,1.0
Sahan Arachchige,Nitish Kumar Reddy,7,11,0,1,0,1,14.29,157.14,11.0
Sahan Arachchige,Noor Ahmad,3,3,0,1,0,0,33.33,100.0,3.0
Sahan Arachchige,Pat Cummins,1,0,1,1,0,0,100.0,0.0,0.0
Sahan Arachchige,Prabath Jayasuriya,10,8,0,4,0,0,40.0,80.0,8.0
Sahan Arachchige,Prashant Veer,13,20,0,2,0,1,15.38,153.85,20.0
Sahan Arachchige,Praveen Jayawickrama,7,5,1,2,0,0,28.57,71.43,5.0
Sahan Arachchige,Rachin Ravindra,4,4,1,1,0,0,25.0,100.0,4.0
Sahan Arachchige,Raj Angad Bawa,5,10,0,0,1,0,0.0,200.0,10.0
Sahan Arachchige,Rashid Khan,19,23,2,3,1,0,15.79,121.05,11.5
Sahan Arachchige,Rasikh Dar,2,1,0,1,0,0,50.0,50.0,1.0
Sahan Arachchige,Ravi Bishnoi,7,9,0,0,0,0,0.0,128.57,9.0
Sahan Arachchige,Ravindra Jadeja,9,7,1,2,0,0,22.22,77.78,7.0
Sahan Arachchige,Sahan Arachchige,4,1,1,3,0,0,75.0,25.0,1.0
Sahan Arachchige,Sairaj Patil,6,5,0,1,0,0,16.67,83.33,5.0
Sahan Arachchige,Sakib Hussain,3,3,0,0,0,0,0.0,100.0,3.0
Sahan Arachchige,Sam Curran,4,3,1,1,0,0,25.0,75.0,3.0
Sahan Arachchige,Sanvir Singh,4,7,1,2,0,1,50.0,175.0,7.0
Sahan Arachchige,Sayan Ghosh,3,3,1,1,0,0,33.33,100.0,3.0
Sahan Arachchige,Scott Curie,7,10,0,0,0,0,0.0,142.86,10.0
Sahan Arachchige,Shahbaz Ahmed,8,14,0,3,1,1,37.5,175.0,14.0
Sahan Arachchige,Shiran Fernando,44,54,2,8,0,1,18.18,122.73,27.0
Sahan Arachchige,Shivam Dube,4,5,2,2,1,0,50.0,125.0,2.5
Sahan Arachchige,Shivam Shukla,4,4,0,1,0,0,25.0,100.0,4.0
Sahan Arachchige,Shubham Agarwal,1,1,0,0,0,0,0.0,100.0,1.0
Sahan Arachchige,Sunil Narine,9,15,1,2,1,1,22.22,166.67,15.0
Sahan Arachchige,Suryansh Shedge,7,13,0,3,1,1,42.86,185.71,13.0
Sahan Arachchige,Tilak Varma,3,4,0,0,0,0,0.0,133.33,4.0
Sahan Arachchige,Varun Chakravarthy,13,14,2,5,1,0,38.46,107.69,7.0
Sahan Arachchige,Vishen Halambage,7,9,2,3,0,1,42.86,128.57,4.5
Sahan Arachchige,Wanindu Hasaranga,5,8,0,1,1,0,20.0,160.0,8.0
Sahan Arachchige,Washington Sundar,6,14,0,0,1,1,0.0,233.33,14.0
Sahan Arachchige,Will Jacks,9,10,1,2,1,0,22.22,111.11,10.0
Sahan Arachchige,Yash Thakur,3,4,0,0,0,0,0.0,133.33,4.0
Sai Kishore,Axar Patel,3,12,1,1,0,2,33.33,400.0,12.0
Sai Kishore,Dan Lawrence,5,18,0,2,0,3,40.0,360.0,18.0
Sai Kishore,Gurinder Singh,2,0,1,2,0,0,100.0,0.0,0.0
Sai Kishore,Kuldeep Yadav,6,7,1,1,0,0,16.67,116.67,7.0
Sai Kishore,Malinda Pushpakumara,1,1,0,0,0,0,0.0,100.0,1.0
Sai Kishore,Pat Cummins,1,0,1,1,0,0,100.0,0.0,0.0
Sai Kishore,Ravindra Jadeja,1,1,0,0,0,0,0.0,100.0,1.0
Sai Kishore,Shiran Fernando,2,0,1,2,0,0,100.0,0.0,0.0
Sai Kishore,Varun Chakravarthy,9,19,0,0,2,0,0.0,211.11,19.0
Sai Kishore,Vishen Halambage,4,0,1,4,0,0,100.0,0.0,0.0
Sai Sudharsan,Adam Zampa,89,132,5,19,8,4,21.35,148.31,26.4
Sai Sudharsan,Adil Rashid,8,12,2,3,2,0,37.5,150.0,6.0
Sai Sudharsan,Aiden Markram,52,81,1,12,5,4,23.08,155.77,81.0
Sai Sudharsan,Ajay Dev Goud,17,22,0,1,1,0,5.88,129.41,22.0
Sai Sudharsan,Akash Vasisht,4,2,0,2,0,0,50.0,50.0,2.0
Sai Sudharsan,Akeal Hosein,119,178,7,36,15,9,30.25,149.58,25.43
Sai Sudharsan,Amila Aponso,8,8,0,5,0,1,62.5,100.0,8.0
Sai Sudharsan,Anshul Kamboj,25,38,0,3,2,1,12.0,152.0,38.0
Sai Sudharsan,Anukul Roy,30,70,1,5,6,3,16.67,233.33,70.0
Sai Sudharsan,Arjun Tendulkar,5,2,2,3,0,0,60.0,40.0,1.0
Sai Sudharsan,Arpit Vasavada,84,113,3,24,3,5,28.57,134.52,37.67
Sai Sudharsan,Arshdeep Singh,95,150,4,17,6,8,17.89,157.89,37.5
Sai Sudharsan,Ashok Sharma,86,109,7,18,5,2,20.93,126.74,15.57
Sai Sudharsan,Atit Sheth,30,71,0,2,2,6,6.67,236.67,71.0
Sai Sudharsan,Avesh Khan,9,10,0,1,0,0,11.11,111.11,10.0
Sai Sudharsan,Avinov Choudhary,9,15,1,1,0,1,11.11,166.67,15.0
Sai Sudharsan,Axar Patel,193,304,6,42,25,9,21.76,157.51,50.67
Sai Sudharsan,Azmatullah Omarzai,14,20,0,6,0,2,42.86,142.86,20.0
Sai Sudharsan,Ben Stokes,25,42,0,3,3,2,12.0,168.0,42.0
Sai Sudharsan,Bhuvneshwar Kumar,26,33,2,6,1,1,23.08,126.92,16.5
Sai Sudharsan,Binura Fernando,15,23,1,2,1,1,13.33,153.33,23.0
Sai Sudharsan,Brad Evans,8,16,0,0,0,1,0.0,200.0,16.0
Sai Sudharsan,Brian Bennett,3,2,1,1,0,0,33.33,66.67,2.0
Sai Sudharsan,Cameron Green,8,7,1,1,0,0,12.5,87.5,7.0
Sai Sudharsan,Chetan Sakariya,5,9,0,1,0,1,20.0,180.0,9.0
Sai Sudharsan,Codanda Ajit Karthik,13,26,0,3,2,1,23.08,200.0,26.0
Sai Sudharsan,Cooper Connolly,5,13,0,0,2,0,0.0,260.0,13.0
Sai Sudharsan,Corbin Bosch,16,32,0,2,0,3,12.5,200.0,32.0
Sai Sudharsan,Darshan Nalkande,4,2,1,2,0,0,50.0,50.0,2.0
Sai Sudharsan,Deepak Hooda,5,5,0,0,0,0,0.0,100.0,5.0
Sai Sudharsan,Dian Forrester,94,166,1,15,11,7,15.96,176.6,166.0
Sai Sudharsan,Dinuka Dilshan,21,30,0,6,2,1,28.57,142.86,30.0
Sai Sudharsan,Dushan Hemantha,82,160,1,10,10,8,12.2,195.12,160.0
Sai Sudharsan,Eshan Malinga,7,16,0,1,1,1,14.29,228.57,16.0
Sai Sudharsan,Gangam Anikethreddy,29,63,0,6,6,4,20.69,217.24,63.0
Sai Sudharsan,Glenn Phillips,7,15,0,1,1,1,14.29,214.29,15.0
Sai Sudharsan,Glenton Stuurman,58,89,2,18,8,4,31.03,153.45,44.5
Sai Sudharsan,Gurinder Singh,84,112,3,27,7,5,32.14,133.33,37.33
Sai Sudharsan,Gurnoor Singh Brar,12,25,1,1,4,0,8.33,208.33,25.0
Sai Sudharsan,Gus Atkinson,37,91,2,3,5,7,8.11,245.95,45.5
Sai Sudharsan,Hardik Pandya,24,38,1,5,4,1,20.83,158.33,38.0
Sai Sudharsan,Harsh Dubey,44,58,0,10,0,4,22.73,131.82,58.0
Sai Sudharsan,Harshal Patel,38,75,1,7,5,4,18.42,197.37,75.0
Sai Sudharsan,Harshit Rana,8,24,0,0,2,2,0.0,300.0,24.0
Sai Sudharsan,Ishant Sharma,3,4,0,0,0,0,0.0,133.33,4.0
Sai Sudharsan,Jacob Duffy,15,22,0,3,0,1,20.0,146.67,22.0
Sai Sudharsan,Jacques Snyman,8,14,0,0,1,0,0.0,175.0,14.0
Sai Sudharsan,Jamie Overton,11,14,0,0,1,0,0.0,127.27,14.0
Sai Sudharsan,Jason Holder,11,22,0,1,1,1,9.09,200.0,22.0
Sai Sudharsan,Jasprit Bumrah,23,28,1,3,0,1,13.04,121.74,28.0
Sai Sudharsan,Joel Davies,31,39,1,9,3,1,29.03,125.81,39.0
Sai Sudharsan,Josh Hazlewood,24,26,1,4,0,0,16.67,108.33,26.0
Sai Sudharsan,Kagiso Rabada,12,11,2,6,0,1,50.0,91.67,5.5
Sai Sudharsan,Kamindu Mendis,15,20,2,4,3,0,26.67,133.33,10.0
Sai Sudharsan,Kangabam Priyojit Singh,1,0,1,1,0,0,100.0,0.0,0.0
Sai Sudharsan,Khaleel Ahmed,30,50,0,6,3,2,20.0,166.67,50.0
Sai Sudharsan,Kranthi Kumar,84,121,1,11,7,1,13.1,144.05,121.0
Sai Sudharsan,Krishnappa Gowtham,4,14,0,0,0,2,0.0,350.0,14.0
Sai Sudharsan,Krunal Pandya,29,48,0,3,2,2,10.34,165.52,48.0
Sai Sudharsan,Kuldeep Yadav,64,89,6,15,5,2,23.44,139.06,14.83
Sai Sudharsan,Lalit Yadav,13,22,1,1,0,2,7.69,169.23,22.0
Sai Sudharsan,Lockie Ferguson,4,3,0,1,0,0,25.0,75.0,3.0
Sai Sudharsan,Lone Nasir Muzaffar,10,18,1,2,1,1,20.0,180.0,18.0
Sai Sudharsan,Lungi Ngidi,43,62,3,8,5,1,18.6,144.19,20.67
Sai Sudharsan,Malinda Pushpakumara,6,4,1,3,0,0,50.0,66.67,4.0
Sai Sudharsan,Manav Suthar,13,21,0,1,1,1,7.69,161.54,21.0
Sai Sudharsan,Manisankar Murasingh,27,31,3,6,1,1,22.22,114.81,10.33
Sai Sudharsan,Matt Henry,58,113,2,13,4,10,22.41,194.83,56.5
Sai Sudharsan,Matt Short,13,24,0,0,2,0,0.0,184.62,24.0
Sai Sudharsan,Mayank Markande,4,7,1,2,0,1,50.0,175.0,7.0
Sai Sudharsan,Mitchell Marsh,114,155,2,24,7,5,21.05,135.96,77.5
Sai Sudharsan,Mitchell Starc,67,88,6,14,4,3,20.9,131.34,14.67
Sai Sudharsan,Mohammed Shami,203,309,7,31,9,14,15.27,152.22,44.14
Sai Sudharsan,Mohammed Siraj,81,148,1,12,6,9,14.81,182.72,148.0
Sai Sudharsan,Mohsin Khan,8,11,0,1,0,0,12.5,137.5,11.0
Sai Sudharsan,Mridul Surroch,34,61,2,5,3,4,14.71,179.41,30.5
Sai Sudharsan,Mukhtar Hussain,11,10,0,3,0,0,27.27,90.91,10.0
Sai Sudharsan,Nathan Ellis,27,56,2,4,2,4,14.81,207.41,28.0
Sai Sudharsan,Nishan Peiris,53,70,0,9,2,1,16.98,132.08,70.0
Sai Sudharsan,Nishant Sindhu,15,25,0,2,0,2,13.33,166.67,25.0
Sai Sudharsan,Nitish Kumar Reddy,31,54,1,6,3,3,19.35,174.19,54.0
Sai Sudharsan,Nitish Rana,8,11,0,0,1,0,0.0,137.5,11.0
Sai Sudharsan,Noor Ahmad,27,34,0,5,0,1,18.52,125.93,34.0
Sai Sudharsan,Nuwan Thushara,60,128,1,10,11,7,16.67,213.33,128.0
Sai Sudharsan,Pat Cummins,16,19,0,2,0,0,12.5,118.75,19.0
Sai Sudharsan,Prabath Jayasuriya,47,59,2,12,2,2,25.53,125.53,29.5
Sai Sudharsan,Prashant Veer,102,151,4,22,6,7,21.57,148.04,37.75
Sai Sudharsan,Praveen Jayawickrama,109,170,4,28,12,7,25.69,155.96,42.5
Sai Sudharsan,Prince Yadav,156,233,2,19,9,7,12.18,149.36,116.5
Sai Sudharsan,Raj Angad Bawa,30,45,3,6,1,2,20.0,150.0,15.0
Sai Sudharsan,Rashid Khan,100,172,7,19,14,7,19.0,172.0,24.57
Sai Sudharsan,Rasikh Dar,39,70,0,5,0,5,12.82,179.49,70.0
Sai Sudharsan,Ravi Bishnoi,66,134,2,7,9,7,10.61,203.03,67.0
Sai Sudharsan,Ravindra Jadeja,33,72,0,4,6,3,12.12,218.18,72.0
Sai Sudharsan,Riyan Parag,27,46,1,5,1,3,18.52,170.37,46.0
Sai Sudharsan,Rohit Sharma,3,10,0,0,0,1,0.0,333.33,10.0
Sai Sudharsan,Sahan Arachchige,93,148,4,23,8,9,24.73,159.14,37.0
Sai Sudharsan,Sai Kishore,15,18,0,1,0,0,6.67,120.0,18.0
Sai Sudharsan,Sairaj Patil,69,98,0,7,6,1,10.14,142.03,98.0
Sai Sudharsan,Sakib Hussain,13,23,1,2,3,0,15.38,176.92,23.0
Sai Sudharsan,Sam Curran,34,52,0,4,1,2,11.76,152.94,52.0
Sai Sudharsan,Samant Jakhar,7,9,0,1,0,0,14.29,128.57,9.0
Sai Sudharsan,Sanvir Singh,2,2,0,0,0,0,0.0,100.0,2.0
Sai Sudharsan,Sayan Ghosh,10,14,1,1,1,0,10.0,140.0,14.0
Sai Sudharsan,Scott Curie,6,4,0,2,0,0,33.33,66.67,4.0
Sai Sudharsan,Seekkuge Prasanna,14,24,0,2,0,2,14.29,171.43,24.0
Sai Sudharsan,Shahbaz Ahmed,88,162,2,12,5,11,13.64,184.09,81.0
Sai Sudharsan,Shardul Thakur,2,4,1,1,1,0,50.0,200.0,4.0
Sai Sudharsan,Shiran Fernando,84,122,4,18,5,5,21.43,145.24,30.5
Sai Sudharsan,Shivam Dube,44,73,3,8,3,4,18.18,165.91,24.33
Sai Sudharsan,Shivam Mavi,14,17,0,2,0,0,14.29,121.43,17.0
Sai Sudharsan,Shivam Shukla,1,2,0,0,0,0,0.0,200.0,2.0
Sai Sudharsan,Shivang Kumar,2,1,0,1,0,0,50.0,50.0,1.0
Sai Sudharsan,Shreyas Iyer,2,2,0,0,0,0,0.0,100.0,2.0
Sai Sudharsan,Shubham Agarwal,32,72,0,5,8,4,15.62,225.0,72.0
Sai Sudharsan,Sonny Baker,12,17,1,2,1,0,16.67,141.67,17.0
Sai Sudharsan,Sunil Narine,114,165,4,36,10,9,31.58,144.74,41.25
Sai Sudharsan,Suryansh Shedge,20,38,0,4,1,3,20.0,190.0,38.0
Sai Sudharsan,Suyash Sharma,3,8,0,0,0,1,0.0,266.67,8.0
Sai Sudharsan,Tanay Thyagarajan,29,50,2,6,3,2,20.69,172.41,25.0
Sai Sudharsan,Tilak Varma,16,33,0,5,2,3,31.25,206.25,33.0
Sai Sudharsan,Vaibhav Arora,5,8,0,0,1,0,0.0,160.0,8.0
Sai Sudharsan,Vaisakh Chandran,8,9,2,3,0,0,37.5,112.5,4.5
Sai Sudharsan,Varun Chakravarthy,27,26,3,9,0,1,33.33,96.3,8.67
Sai Sudharsan,Venkatesh Iyer,10,12,0,0,0,0,0.0,120.0,12.0
Sai Sudharsan,Vignesh Puthur,73,131,3,21,11,8,28.77,179.45,43.67
Sai Sudharsan,Vipraj Nigam,16,21,0,1,0,0,6.25,131.25,21.0
Sai Sudharsan,Virat Kohli,3,7,0,0,1,0,0.0,233.33,7.0
Sai Sudharsan,Vishen Halambage,34,35,0,9,1,0,26.47,102.94,35.0
Sai Sudharsan,Wanindu Hasaranga,6,6,1,2,0,0,33.33,100.0,6.0
Sai Sudharsan,Washington Sundar,20,28,1,6,2,1,30.0,140.0,28.0
Sai Sudharsan,Will Jacks,1,1,0,0,0,0,0.0,100.0,1.0
Sai Sudharsan,Yash Thakur,13,17,0,5,1,1,38.46,130.77,17.0
Sai Sudharsan,Yuvraj Chaudhary,1,0,1,1,0,0,100.0,0.0,0.0
Sai Sudharsan,Yuzvendra Chahal,1,1,0,0,0,0,0.0,100.0,1.0
Sairaj Patil,Adam Zampa,4,11,0,0,1,0,0.0,275.0,11.0
Sairaj Patil,Aiden Markram,8,17,1,2,2,1,25.0,212.5,17.0
Sairaj Patil,Ajay Dev Goud,2,2,0,0,0,0,0.0,100.0,2.0
Sairaj Patil,Akash Vasisht,3,4,1,1,0,0,33.33,133.33,4.0
Sairaj Patil,Akeal Hosein,3,3,0,1,0,0,33.33,100.0,3.0
Sairaj Patil,Allah Ghazanfar,2,6,1,1,0,1,50.0,300.0,6.0
Sairaj Patil,Anukul Roy,6,11,1,1,2,0,16.67,183.33,11.0
Sairaj Patil,Arpit Vasavada,6,11,0,1,0,1,16.67,183.33,11.0
Sairaj Patil,Arshdeep Singh,8,11,0,0,1,0,0.0,137.5,11.0
Sairaj Patil,Ashok Sharma,10,21,0,0,2,0,0.0,210.0,21.0
Sairaj Patil,Atit Sheth,1,0,1,1,0,0,100.0,0.0,0.0
Sairaj Patil,Axar Patel,9,7,0,3,0,0,33.33,77.78,7.0
Sairaj Patil,Bhuvneshwar Kumar,10,11,1,4,1,0,40.0,110.0,11.0
Sairaj Patil,Binura Fernando,5,11,0,0,2,0,0.0,220.0,11.0
Sairaj Patil,CV Stephen,13,31,1,2,1,3,15.38,238.46,31.0
Sairaj Patil,Dunith Wellalage,5,6,0,0,0,0,0.0,120.0,6.0
Sairaj Patil,Dushan Hemantha,12,11,0,3,0,0,25.0,91.67,11.0
Sairaj Patil,Gurinder Singh,4,4,1,2,0,0,50.0,100.0,4.0
Sairaj Patil,Gurnoor Singh Brar,4,8,0,1,1,0,25.0,200.0,8.0
Sairaj Patil,Gus Atkinson,3,7,0,1,0,1,33.33,233.33,7.0
Sairaj Patil,Hardik Pandya,9,16,0,1,2,0,11.11,177.78,16.0
Sairaj Patil,Harpreet Brar,9,22,0,0,1,1,0.0,244.44,22.0
Sairaj Patil,Harsh Dubey,2,2,0,1,0,0,50.0,100.0,2.0
Sairaj Patil,Harshal Patel,3,2,0,1,0,0,33.33,66.67,2.0
Sairaj Patil,Harshit Rana,2,2,0,0,0,0,0.0,100.0,2.0
Sairaj Patil,Jacob Duffy,2,4,0,0,0,0,0.0,200.0,4.0
Sairaj Patil,Jasprit Bumrah,7,22,2,2,0,3,28.57,314.29,11.0
Sairaj Patil,Joel Davies,8,8,2,6,2,0,75.0,100.0,4.0
Sairaj Patil,Josh Hazlewood,4,4,0,1,0,0,25.0,100.0,4.0
Sairaj Patil,KM Asif,1,4,0,0,1,0,0.0,400.0,4.0
Sairaj Patil,Kagiso Rabada,2,2,0,0,0,0,0.0,100.0,2.0
Sairaj Patil,Karan Lal,7,12,0,1,0,1,14.29,171.43,12.0
Sairaj Patil,Kranthi Kumar,9,19,0,0,3,0,0.0,211.11,19.0
Sairaj Patil,Krunal Pandya,5,21,1,2,0,3,40.0,420.0,21.0
Sairaj Patil,Kuldeep Yadav,11,24,1,1,1,2,9.09,218.18,24.0
Sairaj Patil,Lalit Yadav,7,14,0,2,1,1,28.57,200.0,14.0
Sairaj Patil,Luke Wood,7,9,0,2,1,0,28.57,128.57,9.0
Sairaj Patil,Lungi Ngidi,11,18,1,4,2,1,36.36,163.64,18.0
Sairaj Patil,Malinda Pushpakumara,15,20,2,7,1,1,46.67,133.33,10.0
Sairaj Patil,Manisankar Murasingh,4,12,0,0,1,1,0.0,300.0,12.0
Sairaj Patil,Matheesha Pathirana,13,33,0,3,4,2,23.08,253.85,33.0
Sairaj Patil,Mitchell Marsh,2,1,0,1,0,0,50.0,50.0,1.0
Sairaj Patil,Mitchell Starc,3,11,0,0,1,1,0.0,366.67,11.0
Sairaj Patil,Mohammed Shami,6,12,0,1,2,0,16.67,200.0,12.0
Sairaj Patil,Mohammed Siraj,13,19,1,4,2,0,30.77,146.15,19.0
Sairaj Patil,Mridul Surroch,8,12,0,1,1,0,12.5,150.0,12.0
Sairaj Patil,Mukhtar Hussain,10,18,1,2,3,0,20.0,180.0,18.0
Sairaj Patil,Naman Dhir,4,9,0,0,0,1,0.0,225.0,9.0
Sairaj Patil,Nathan Ellis,4,4,0,1,0,0,25.0,100.0,4.0
Sairaj Patil,Nitish Kumar Reddy,9,17,0,1,0,1,11.11,188.89,17.0
Sairaj Patil,Pat Cummins,13,21,0,4,2,1,30.77,161.54,21.0
Sairaj Patil,Praveen Jayawickrama,4,8,1,1,1,0,25.0,200.0,8.0
Sairaj Patil,Rachin Ravindra,2,0,1,2,0,0,100.0,0.0,0.0
Sairaj Patil,Raj Angad Bawa,2,5,0,0,1,0,0.0,250.0,5.0
Sairaj Patil,Ramandeep Singh,8,12,0,0,0,0,0.0,150.0,12.0
Sairaj Patil,Rashid Khan,3,3,0,0,0,0,0.0,100.0,3.0
Sairaj Patil,Rasikh Dar,1,0,1,1,0,0,100.0,0.0,0.0
Sairaj Patil,Ravindra Jadeja,17,28,1,3,4,0,17.65,164.71,28.0
Sairaj Patil,Rohit Sharma,4,13,0,0,1,1,0.0,325.0,13.0
Sairaj Patil,Sahan Arachchige,22,19,1,10,2,0,45.45,86.36,19.0
Sairaj Patil,Sakib Hussain,5,18,0,2,0,3,40.0,360.0,18.0
Sairaj Patil,Sam Curran,2,2,0,1,0,0,50.0,100.0,2.0
Sairaj Patil,Scott Curie,5,3,0,2,0,0,40.0,60.0,3.0
Sairaj Patil,Senitha Halambage,3,8,1,1,0,1,33.33,266.67,8.0
Sairaj Patil,Shahbaz Ahmed,8,12,0,2,0,1,25.0,150.0,12.0
Sairaj Patil,Shardul Thakur,9,26,0,2,2,2,22.22,288.89,26.0
Sairaj Patil,Shiran Fernando,12,29,1,2,2,2,16.67,241.67,29.0
Sairaj Patil,Sunil Narine,19,39,1,7,2,4,36.84,205.26,39.0
Sairaj Patil,Tanay Thyagarajan,7,22,0,0,0,3,0.0,314.29,22.0
Sairaj Patil,Varun Chakravarthy,8,19,1,1,2,1,12.5,237.5,19.0
Sairaj Patil,Wanindu Hasaranga,14,21,2,3,2,0,21.43,150.0,10.5
Sairaj Patil,Washington Sundar,10,16,0,0,1,0,0.0,160.0,16.0
Sakib Hussain,Arpit Vasavada,2,3,0,0,0,0,0.0,150.0,3.0
Sakib Hussain,Arshdeep Singh,1,0,1,1,0,0,100.0,0.0,0.0
Sakib Hussain,Ashok Sharma,3,2,1,1,0,0,33.33,66.67,2.0
Sakib Hussain,Jacob Duffy,5,7,1,2,1,0,40.0,140.0,7.0
Sakib Hussain,Krishnappa Gowtham,2,3,0,0,0,0,0.0,150.0,3.0
Sakib Hussain,Kuldeep Yadav,5,9,0,1,0,1,20.0,180.0,9.0
Sakib Hussain,Nitish Kumar Reddy,1,0,1,1,0,0,100.0,0.0,0.0
Sakib Hussain,Prabath Jayasuriya,7,6,2,3,0,0,42.86,85.71,3.0
Sakib Hussain,Prashant Veer,1,0,1,1,0,0,100.0,0.0,0.0
Sakib Hussain,Shahbaz Ahmed,2,6,0,1,0,1,50.0,300.0,6.0
Sakibul Gani,Allah Ghazanfar,1,4,0,0,1,0,0.0,400.0,4.0
Sakibul Gani,Manisankar Murasingh,2,0,0,2,0,0,100.0,0.0,0.0
Sakibul Gani,Ottneil Baartman,3,1,0,2,0,0,66.67,33.33,1.0
Sakibul Gani,Shivam Shukla,1,4,0,0,1,0,0.0,400.0,4.0
Sakibul Gani,Yash Thakur,5,3,0,2,0,0,40.0,60.0,3.0
Salil Arora,Abhishek Sharma,10,28,0,0,1,3,0.0,280.0,28.0
Salil Arora,Adam Zampa,30,63,1,5,5,4,16.67,210.0,63.0
Salil Arora,Aiden Markram,1,1,0,0,0,0,0.0,100.0,1.0
Salil Arora,Akash Vasisht,4,13,0,1,0,2,25.0,325.0,13.0
Salil Arora,Akeal Hosein,38,76,0,8,7,4,21.05,200.0,76.0
Salil Arora,Anshul Kamboj,1,4,0,0,1,0,0.0,400.0,4.0
Salil Arora,Anukul Roy,7,8,0,0,0,0,0.0,114.29,8.0
Salil Arora,Arjun Tendulkar,16,17,2,8,1,1,50.0,106.25,8.5
Salil Arora,Arshdeep Singh,6,4,1,2,0,0,33.33,66.67,4.0
Salil Arora,Ashok Sharma,17,23,2,2,2,0,11.76,135.29,11.5
Salil Arora,Atit Sheth,2,2,0,0,0,0,0.0,100.0,2.0
Salil Arora,Axar Patel,27,66,1,4,9,2,14.81,244.44,66.0
Salil Arora,Bhuvneshwar Kumar,14,25,1,7,4,1,50.0,178.57,25.0
Salil Arora,Brian Bennett,6,8,1,1,1,0,16.67,133.33,8.0
Salil Arora,CV Stephen,10,13,1,2,1,0,20.0,130.0,13.0
Salil Arora,Cameron Green,2,2,0,0,0,0,0.0,100.0,2.0
Salil Arora,Dushan Hemantha,9,39,0,0,3,4,0.0,433.33,39.0
Salil Arora,Glenton Stuurman,3,6,1,2,0,1,66.67,200.0,6.0
Salil Arora,Gurinder Singh,82,122,4,20,11,3,24.39,148.78,30.5
Salil Arora,Gurnoor Singh Brar,2,2,0,0,0,0,0.0,100.0,2.0
Salil Arora,Gus Atkinson,4,4,0,1,0,0,25.0,100.0,4.0
Salil Arora,Hardik Pandya,5,10,1,1,0,1,20.0,200.0,10.0
Salil Arora,Harpreet Brar,15,18,3,4,1,0,26.67,120.0,6.0
Salil Arora,Harsh Dubey,15,24,0,1,3,0,6.67,160.0,24.0
Salil Arora,Harshal Patel,1,1,0,0,0,0,0.0,100.0,1.0
Salil Arora,Jasprit Bumrah,39,67,0,12,7,3,30.77,171.79,67.0
Salil Arora,Jaydev Unadkat,5,7,0,1,0,0,20.0,140.0,7.0
Salil Arora,Joel Davies,13,17,3,7,0,2,53.85,130.77,5.67
Salil Arora,Josh Hazlewood,11,18,0,0,1,0,0.0,163.64,18.0
Salil Arora,KL Rahul,2,3,0,0,0,0,0.0,150.0,3.0
Salil Arora,Kagiso Rabada,9,16,2,4,0,2,44.44,177.78,8.0
Salil Arora,Karan Lal,9,13,0,0,1,0,0.0,144.44,13.0
Salil Arora,Khaleel Ahmed,4,17,0,0,1,2,0.0,425.0,17.0
Salil Arora,Kranthi Kumar,43,70,1,11,5,3,25.58,162.79,70.0
Salil Arora,Krunal Pandya,12,12,2,2,0,0,16.67,100.0,6.0
Salil Arora,Kuldeep Yadav,66,98,1,12,8,2,18.18,148.48,98.0
Salil Arora,Lalit Yadav,3,4,0,0,0,0,0.0,133.33,4.0
Salil Arora,Lungi Ngidi,25,44,0,1,5,0,4.0,176.0,44.0
Salil Arora,Malinda Pushpakumara,92,153,10,20,10,6,21.74,166.3,15.3
Salil Arora,Matt Henry,3,5,1,1,1,0,33.33,166.67,5.0
Salil Arora,Mitchell Marsh,12,33,0,1,2,3,8.33,275.0,33.0
Salil Arora,Mitchell Starc,15,19,1,4,2,0,26.67,126.67,19.0
Salil Arora,Mohammed Shami,20,28,0,4,2,1,20.0,140.0,28.0
Salil Arora,Mohammed Siraj,8,6,1,3,0,0,37.5,75.0,6.0
Salil Arora,Mridul Surroch,29,57,1,3,1,4,10.34,196.55,57.0
Salil Arora,Mukhtar Hussain,12,23,2,4,1,2,33.33,191.67,11.5
Salil Arora,Nathan Ellis,16,30,1,3,1,2,18.75,187.5,30.0
Salil Arora,Nishant Sindhu,4,8,0,0,1,0,0.0,200.0,8.0
Salil Arora,Nitish Kumar Reddy,11,31,0,0,1,3,0.0,281.82,31.0
Salil Arora,Pat Cummins,10,19,1,2,2,1,20.0,190.0,19.0
Salil Arora,Prashant Veer,5,8,0,0,1,0,0.0,160.0,8.0
Salil Arora,Praveen Jayawickrama,4,3,0,1,0,0,25.0,75.0,3.0
Salil Arora,Rachin Ravindra,2,1,1,1,0,0,50.0,50.0,1.0
Salil Arora,Raj Angad Bawa,2,2,0,0,0,0,0.0,100.0,2.0
Salil Arora,Rasikh Dar,2,1,0,1,0,0,50.0,50.0,1.0
Salil Arora,Ravi Bishnoi,4,7,0,0,0,0,0.0,175.0,7.0
Salil Arora,Ravindra Jadeja,22,30,1,2,1,0,9.09,136.36,30.0
Salil Arora,Riyan Parag,1,1,0,0,0,0,0.0,100.0,1.0
Salil Arora,Rohit Sharma,2,5,0,0,1,0,0.0,250.0,5.0
Salil Arora,Sahan Arachchige,14,22,0,3,1,1,21.43,157.14,22.0
Salil Arora,Sairaj Patil,3,3,0,1,0,0,33.33,100.0,3.0
Salil Arora,Sakib Hussain,1,1,0,0,0,0,0.0,100.0,1.0
Salil Arora,Sam Curran,9,21,0,2,3,1,22.22,233.33,21.0
Salil Arora,Scott Curie,5,5,0,0,0,0,0.0,100.0,5.0
Salil Arora,Seekkuge Prasanna,2,2,0,0,0,0,0.0,100.0,2.0
Salil Arora,Shahbaz Ahmed,6,10,1,1,1,0,16.67,166.67,10.0
Salil Arora,Shiran Fernando,45,78,5,7,3,5,15.56,173.33,15.6
Salil Arora,Shivam Dube,11,18,0,2,2,0,18.18,163.64,18.0
Salil Arora,Shivam Shukla,7,14,0,0,1,0,0.0,200.0,14.0
Salil Arora,Shubham Agarwal,6,14,0,1,1,1,16.67,233.33,14.0
Salil Arora,Sikandar Raza,2,2,0,0,0,0,0.0,100.0,2.0
Salil Arora,Suyash Sharma,1,4,0,0,1,0,0.0,400.0,4.0
Salil Arora,Tanay Thyagarajan,4,17,0,0,1,2,0.0,425.0,17.0
Salil Arora,Tilak Varma,4,6,0,0,0,0,0.0,150.0,6.0
Salil Arora,Umran Malik,3,6,0,0,0,0,0.0,200.0,6.0
Salil Arora,Varun Chakravarthy,73,109,3,15,6,4,20.55,149.32,36.33
Salil Arora,Vignesh Puthur,13,13,1,6,1,0,46.15,100.0,13.0
Salil Arora,Vishen Halambage,37,53,7,11,3,3,29.73,143.24,7.57
Salil Arora,Wanindu Hasaranga,9,15,1,2,1,1,22.22,166.67,15.0
Salil Arora,Washington Sundar,26,42,0,3,3,1,11.54,161.54,42.0
Salil Arora,Yuvraj Chaudhary,2,0,1,2,0,0,100.0,0.0,0.0
Sam Curran,Adam Zampa,14,14,2,5,1,0,35.71,100.0,7.0
Sam Curran,Adil Rashid,3,9,0,0,2,0,0.0,300.0,9.0
Sam Curran,Aiden Markram,2,2,0,0,0,0,0.0,100.0,2.0
Sam Curran,Akash Vasisht,2,3,0,0,0,0,0.0,150.0,3.0
Sam Curran,Akeal Hosein,19,30,0,2,3,0,10.53,157.89,30.0
Sam Curran,Allah Ghazanfar,12,22,1,4,1,2,33.33,183.33,22.0
Sam Curran,Amila Aponso,2,2,0,0,0,0,0.0,100.0,2.0
Sam Curran,Anshul Kamboj,1,1,0,0,0,0,0.0,100.0,1.0
Sam Curran,Anukul Roy,8,19,0,2,2,1,25.0,237.5,19.0
Sam Curran,Arpit Vasavada,17,22,0,5,1,1,29.41,129.41,22.0
Sam Curran,Arshdeep Singh,9,12,1,2,0,1,22.22,133.33,12.0
Sam Curran,Ashok Sharma,21,36,1,1,2,1,4.76,171.43,36.0
Sam Curran,Atit Sheth,7,5,0,3,0,0,42.86,71.43,5.0
Sam Curran,Axar Patel,17,23,0,1,0,1,5.88,135.29,23.0
Sam Curran,Ben Stokes,3,3,0,1,0,0,33.33,100.0,3.0
Sam Curran,Bhuvneshwar Kumar,6,7,2,2,1,0,33.33,116.67,3.5
Sam Curran,Binura Fernando,10,19,0,0,1,1,0.0,190.0,19.0
Sam Curran,Brad Evans,1,0,0,1,0,0,100.0,0.0,0.0
Sam Curran,Brian Bennett,5,5,0,0,0,0,0.0,100.0,5.0
Sam Curran,CV Stephen,25,39,1,4,2,1,16.0,156.0,39.0
Sam Curran,Cameron Green,5,5,0,1,0,0,20.0,100.0,5.0
Sam Curran,Chetan Sakariya,2,1,0,1,0,0,50.0,50.0,1.0
Sam Curran,Codanda Ajit Karthik,2,3,0,0,0,0,0.0,150.0,3.0
Sam Curran,Dewald Brevis,14,32,0,2,3,2,14.29,228.57,32.0
Sam Curran,Dian Forrester,5,13,1,2,0,2,40.0,260.0,13.0
Sam Curran,Dushan Hemantha,9,5,1,4,0,0,44.44,55.56,5.0
Sam Curran,Eshan Malinga,5,8,1,1,1,0,20.0,160.0,8.0
Sam Curran,Glenn Phillips,7,13,0,1,2,0,14.29,185.71,13.0
Sam Curran,Glenton Stuurman,4,10,0,0,0,1,0.0,250.0,10.0
Sam Curran,Gurinder Singh,26,40,3,6,2,2,23.08,153.85,13.33
Sam Curran,Gus Atkinson,13,20,1,3,0,1,23.08,153.85,20.0
Sam Curran,Hardik Pandya,9,13,0,0,1,0,0.0,144.44,13.0
Sam Curran,Harpreet Brar,32,43,0,5,2,1,15.62,134.38,43.0
Sam Curran,Harsh Dubey,21,49,0,2,2,4,9.52,233.33,49.0
Sam Curran,Harshit Rana,9,19,1,1,1,1,11.11,211.11,19.0
Sam Curran,Ishant Sharma,2,1,1,1,0,0,50.0,50.0,1.0
Sam Curran,Jacob Duffy,10,21,1,2,1,1,20.0,210.0,21.0
Sam Curran,Jamie Overton,3,8,0,0,1,0,0.0,266.67,8.0
Sam Curran,Jason Holder,8,12,0,0,1,0,0.0,150.0,12.0
Sam Curran,Jasprit Bumrah,6,7,0,1,0,0,16.67,116.67,7.0
Sam Curran,Jaydev Unadkat,5,9,0,0,0,0,0.0,180.0,9.0
Sam Curran,Joel Davies,20,30,0,2,2,0,10.0,150.0,30.0
Sam Curran,Josh Hazlewood,2,1,1,1,0,0,50.0,50.0,1.0
Sam Curran,KM Asif,15,24,0,2,1,1,13.33,160.0,24.0
Sam Curran,Kagiso Rabada,6,7,0,1,0,0,16.67,116.67,7.0
Sam Curran,Karan Lal,2,2,0,0,0,0,0.0,100.0,2.0
Sam Curran,Kranthi Kumar,16,27,0,3,2,1,18.75,168.75,27.0
Sam Curran,Krunal Pandya,14,33,0,2,2,3,14.29,235.71,33.0
Sam Curran,Kuldeep Yadav,43,69,1,9,4,3,20.93,160.47,69.0
Sam Curran,Lungi Ngidi,10,9,0,3,0,0,30.0,90.0,9.0
Sam Curran,Malinda Pushpakumara,41,54,2,10,1,2,24.39,131.71,27.0
Sam Curran,Manisankar Murasingh,14,17,1,3,1,0,21.43,121.43,17.0
Sam Curran,Mitchell Starc,27,50,1,5,1,5,18.52,185.19,50.0
Sam Curran,Mohammed Shami,22,32,3,5,2,1,22.73,145.45,10.67
Sam Curran,Mohammed Siraj,9,11,0,0,0,0,0.0,122.22,11.0
Sam Curran,Mridul Surroch,10,16,1,1,1,0,10.0,160.0,16.0
Sam Curran,Mukhtar Hussain,13,29,1,1,4,0,7.69,223.08,29.0
Sam Curran,Nathan Ellis,6,12,0,0,1,0,0.0,200.0,12.0
Sam Curran,Nishan Peiris,3,3,0,0,0,0,0.0,100.0,3.0
Sam Curran,Nishant Sindhu,4,20,0,0,2,2,0.0,500.0,20.0
Sam Curran,Nitish Rana,6,12,0,0,0,1,0.0,200.0,12.0
Sam Curran,Noor Ahmad,2,2,0,0,0,0,0.0,100.0,2.0
Sam Curran,Ottneil Baartman,6,9,0,3,0,1,50.0,150.0,9.0
Sam Curran,Pat Cummins,3,7,0,0,1,0,0.0,233.33,7.0
Sam Curran,Prabath Jayasuriya,6,7,0,0,0,0,0.0,116.67,7.0
Sam Curran,Prashant Veer,17,25,1,6,3,1,35.29,147.06,25.0
Sam Curran,Praveen Jayawickrama,18,27,0,4,1,1,22.22,150.0,27.0
Sam Curran,Raj Angad Bawa,12,29,0,2,1,3,16.67,241.67,29.0
Sam Curran,Rashid Khan,16,20,1,4,2,0,25.0,125.0,20.0
Sam Curran,Ravindra Jadeja,25,28,0,1,0,0,4.0,112.0,28.0
Sam Curran,Sahan Arachchige,15,20,1,4,2,0,26.67,133.33,20.0
Sam Curran,Sairaj Patil,2,1,1,1,0,0,50.0,50.0,1.0
Sam Curran,Sanvir Singh,4,7,0,0,0,0,0.0,175.0,7.0
Sam Curran,Scott Curie,12,20,0,1,2,0,8.33,166.67,20.0
Sam Curran,Shahbaz Ahmed,5,8,0,0,0,0,0.0,160.0,8.0
Sam Curran,Shiran Fernando,41,51,5,15,3,1,36.59,124.39,10.2
Sam Curran,Shivam Dube,5,9,0,0,1,0,0.0,180.0,9.0
Sam Curran,Shubham Agarwal,7,7,1,3,0,0,42.86,100.0,7.0
Sam Curran,Sonny Baker,8,14,0,0,1,0,0.0,175.0,14.0
Sam Curran,Sunil Narine,21,37,1,2,1,2,9.52,176.19,37.0
Sam Curran,Suryansh Shedge,5,11,0,0,0,1,0.0,220.0,11.0
Sam Curran,Sushant Mishra,3,7,0,1,0,1,33.33,233.33,7.0
Sam Curran,Tanay Thyagarajan,4,2,1,2,0,0,50.0,50.0,2.0
Sam Curran,Tilak Varma,4,5,0,1,0,0,25.0,125.0,5.0
Sam Curran,Varun Chakravarthy,15,32,0,2,1,3,13.33,213.33,32.0
Sam Curran,Vishen Halambage,27,44,0,5,5,1,18.52,162.96,44.0
Sam Curran,Wanindu Hasaranga,5,6,0,0,0,0,0.0,120.0,6.0
Sam Curran,Washington Sundar,36,60,1,7,5,3,19.44,166.67,60.0
Sam Curran,Yash Thakur,1,1,0,0,0,0,0.0,100.0,1.0
Sam Curran,Yuvraj Chaudhary,2,2,0,0,0,0,0.0,100.0,2.0
Sam Hain,Adam Zampa,20,29,1,2,3,0,10.0,145.0,29.0
Sam Hain,Akeal Hosein,18,20,1,6,1,1,33.33,111.11,20.0
Sam Hain,Anshul Kamboj,3,4,0,0,0,0,0.0,133.33,4.0
Sam Hain,Anukul Roy,1,1,0,0,0,0,0.0,100.0,1.0
Sam Hain,Arshdeep Singh,11,17,1,4,1,1,36.36,154.55,17.0
Sam Hain,Ashok Sharma,10,17,0,1,0,1,10.0,170.0,17.0
Sam Hain,Atit Sheth,4,5,0,1,0,0,25.0,125.0,5.0
Sam Hain,Axar Patel,5,4,0,1,0,0,20.0,80.0,4.0
Sam Hain,Ben Stokes,7,5,0,3,0,0,42.86,71.43,5.0
Sam Hain,CV Stephen,8,19,1,1,2,1,12.5,237.5,19.0
Sam Hain,Codanda Ajit Karthik,11,23,0,4,0,3,36.36,209.09,23.0
Sam Hain,Cooper Connolly,11,19,0,1,3,0,9.09,172.73,19.0
Sam Hain,Deepak Chahar,4,3,1,1,0,0,25.0,75.0,3.0
Sam Hain,Dian Forrester,3,2,0,1,0,0,33.33,66.67,2.0
Sam Hain,Dinuka Dilshan,7,9,1,2,1,0,28.57,128.57,9.0
Sam Hain,Dushan Hemantha,25,36,2,7,3,1,28.0,144.0,18.0
Sam Hain,Eshan Malinga,6,7,0,0,0,0,0.0,116.67,7.0
Sam Hain,Gurinder Singh,14,28,1,3,1,2,21.43,200.0,28.0
Sam Hain,Gus Atkinson,3,1,0,2,0,0,66.67,33.33,1.0
Sam Hain,Harpreet Brar,2,3,0,0,0,0,0.0,150.0,3.0
Sam Hain,Harsh Dubey,14,17,1,4,2,0,28.57,121.43,17.0
Sam Hain,Jacob Bethell,3,5,1,1,1,0,33.33,166.67,5.0
Sam Hain,Jacob Duffy,4,14,0,0,0,2,0.0,350.0,14.0
Sam Hain,Jamie Overton,7,18,0,1,0,2,14.29,257.14,18.0
Sam Hain,Jason Holder,16,32,0,0,2,1,0.0,200.0,32.0
Sam Hain,Jasprit Bumrah,5,14,0,0,1,1,0.0,280.0,14.0
Sam Hain,Jaydev Unadkat,13,17,1,5,3,0,38.46,130.77,17.0
Sam Hain,Josh Hazlewood,5,2,2,3,0,0,60.0,40.0,1.0
Sam Hain,KM Asif,27,57,0,3,7,2,11.11,211.11,57.0
Sam Hain,Kagiso Rabada,3,2,1,1,0,0,33.33,66.67,2.0
Sam Hain,Kranthi Kumar,14,22,1,3,1,1,21.43,157.14,22.0
Sam Hain,Krunal Pandya,12,20,0,3,2,1,25.0,166.67,20.0
Sam Hain,Kuldeep Yadav,11,19,0,2,1,1,18.18,172.73,19.0
Sam Hain,Lungi Ngidi,10,13,0,4,0,1,40.0,130.0,13.0
Sam Hain,Malinda Pushpakumara,1,0,1,1,0,0,100.0,0.0,0.0
Sam Hain,Manisankar Murasingh,31,76,0,2,6,5,6.45,245.16,76.0
Sam Hain,Marcus Stoinis,5,7,1,2,1,0,40.0,140.0,7.0
Sam Hain,Matt Henry,4,7,0,2,0,1,50.0,175.0,7.0
Sam Hain,Mitchell Starc,25,49,0,6,4,3,24.0,196.0,49.0
Sam Hain,Mohammed Siraj,14,14,0,1,0,0,7.14,100.0,14.0
Sam Hain,Mridul Surroch,8,17,0,2,2,1,25.0,212.5,17.0
Sam Hain,Nathan Ellis,11,15,1,5,3,0,45.45,136.36,15.0
Sam Hain,Nishan Peiris,4,4,0,0,0,0,0.0,100.0,4.0
Sam Hain,Nitish Kumar Reddy,1,1,0,0,0,0,0.0,100.0,1.0
Sam Hain,Noor Ahmad,10,8,0,2,0,0,20.0,80.0,8.0
Sam Hain,Prabath Jayasuriya,5,5,1,1,0,0,20.0,100.0,5.0
Sam Hain,Prashant Veer,26,34,1,5,2,0,19.23,130.77,34.0
Sam Hain,Praveen Jayawickrama,32,61,1,10,5,3,31.25,190.62,61.0
Sam Hain,Rashid Khan,4,0,2,4,0,0,100.0,0.0,0.0
Sam Hain,Sahan Arachchige,15,18,0,5,1,1,33.33,120.0,18.0
Sam Hain,Sai Kishore,9,29,0,1,0,4,11.11,322.22,29.0
Sam Hain,Sairaj Patil,19,21,0,1,0,0,5.26,110.53,21.0
Sam Hain,Sakib Hussain,15,20,1,6,0,2,40.0,133.33,20.0
Sam Hain,Sam Curran,7,9,0,1,1,0,14.29,128.57,9.0
Sam Hain,Shahbaz Ahmed,25,52,2,5,5,3,20.0,208.0,26.0
Sam Hain,Shiran Fernando,30,52,4,5,3,2,16.67,173.33,13.0
Sam Hain,Sikandar Raza,6,14,0,3,0,2,50.0,233.33,14.0
Sam Hain,Sunil Narine,9,3,0,6,0,0,66.67,33.33,3.0
Sam Hain,Suyash Sharma,1,1,0,0,0,0,0.0,100.0,1.0
Sam Hain,Varun Chakravarthy,31,51,0,11,3,4,35.48,164.52,51.0
Sam Hain,Wanindu Hasaranga,8,5,1,3,0,0,37.5,62.5,5.0
Sam Hain,Washington Sundar,13,14,2,4,1,0,30.77,107.69,7.0
Sam Hain,Will Jacks,6,11,0,0,1,0,0.0,183.33,11.0
Sam Hain,Yuvraj Chaudhary,4,14,0,0,0,2,0.0,350.0,14.0
Samant Jakhar,Adam Zampa,1,0,1,1,0,0,100.0,0.0,0.0
Samant Jakhar,Ajay Dev Goud,6,9,0,3,0,1,50.0,150.0,9.0
Samant Jakhar,Akeal Hosein,12,8,2,7,1,0,58.33,66.67,4.0
Samant Jakhar,Ashok Sharma,6,5,0,2,0,0,33.33,83.33,5.0
Samant Jakhar,Bhuvneshwar Kumar,4,7,1,2,0,1,50.0,175.0,7.0
Samant Jakhar,Brad Evans,7,4,1,3,0,0,42.86,57.14,4.0
Samant Jakhar,Dian Forrester,10,13,3,5,1,1,50.0,130.0,4.33
Samant Jakhar,Glenton Stuurman,4,6,0,2,1,0,50.0,150.0,6.0
Samant Jakhar,Gurinder Singh,6,17,0,0,2,1,0.0,283.33,17.0
Samant Jakhar,Harpreet Brar,2,0,1,2,0,0,100.0,0.0,0.0
Samant Jakhar,Joel Davies,6,12,0,3,3,0,50.0,200.0,12.0
Samant Jakhar,Kuldeep Yadav,5,14,1,1,0,2,20.0,280.0,14.0
Samant Jakhar,Lone Nasir Muzaffar,1,0,1,1,0,0,100.0,0.0,0.0
Samant Jakhar,Malinda Pushpakumara,2,2,0,1,0,0,50.0,100.0,2.0
Samant Jakhar,Manav Suthar,9,7,1,3,0,0,33.33,77.78,7.0
Samant Jakhar,Praveen Jayawickrama,19,12,2,13,0,1,68.42,63.16,6.0
Samant Jakhar,Rasikh Dar,10,15,1,5,3,0,50.0,150.0,15.0
Samant Jakhar,Ravi Bishnoi,3,6,0,0,1,0,0.0,200.0,6.0
Samant Jakhar,Samant Jakhar,36,62,3,11,2,6,30.56,172.22,20.67
Samant Jakhar,Scott Curie,1,0,1,1,0,0,100.0,0.0,0.0
Samant Jakhar,Seekkuge Prasanna,6,5,0,4,1,0,66.67,83.33,5.0
Samant Jakhar,Shiran Fernando,3,2,1,1,0,0,33.33,66.67,2.0
Samant Jakhar,Shreyas Iyer,3,9,0,0,0,1,0.0,300.0,9.0
Samant Jakhar,Sonny Baker,14,21,2,3,0,2,21.43,150.0,10.5
Samant Jakhar,Tanay Thyagarajan,2,1,0,1,0,0,50.0,50.0,1.0
Samant Jakhar,Vishen Halambage,5,2,0,3,0,0,60.0,40.0,2.0
Samant Jakhar,Washington Sundar,3,5,1,1,1,0,33.33,166.67,5.0
Samant Jakhar,Will Jacks,1,0,1,1,0,0,100.0,0.0,0.0
Sameer Rizvi,Aiden Markram,3,5,0,0,0,0,0.0,166.67,5.0
Sameer Rizvi,Akeal Hosein,17,14,2,9,0,1,52.94,82.35,7.0
Sameer Rizvi,Arjun Tendulkar,1,1,0,0,0,0,0.0,100.0,1.0
Sameer Rizvi,Mohammed Shami,15,27,1,4,2,2,26.67,180.0,27.0
Sameer Rizvi,Umran Malik,2,1,1,1,0,0,50.0,50.0,1.0
Sameer Rizvi,Vignesh Puthur,11,15,1,5,3,0,45.45,136.36,15.0
Sandeep Sharma,Bhuvneshwar Kumar,3,5,0,0,0,0,0.0,166.67,5.0
Sandeep Sharma,Shubham Agarwal,1,1,0,0,0,0,0.0,100.0,1.0
Sandeep Warrier,Gurinder Singh,2,4,1,1,1,0,50.0,200.0,4.0
Sandeep Warrier,Praveen Jayawickrama,1,2,0,0,0,0,0.0,200.0,2.0
Sanju Samson,Abhishek Sharma,7,6,1,1,0,0,14.29,85.71,6.0
Sanju Samson,Adam Zampa,8,19,0,1,2,1,12.5,237.5,19.0
Sanju Samson,Adil Rashid,5,6,0,0,0,0,0.0,120.0,6.0
Sanju Samson,Aiden Markram,9,30,0,0,2,3,0.0,333.33,30.0
Sanju Samson,Ajay Dev Goud,9,8,0,4,1,0,44.44,88.89,8.0
Sanju Samson,Akash Deep,5,7,0,1,1,0,20.0,140.0,7.0
Sanju Samson,Akash Vasisht,60,96,1,8,4,4,13.33,160.0,96.0
Sanju Samson,Akeal Hosein,47,67,2,15,2,4,31.91,142.55,33.5
Sanju Samson,Allah Ghazanfar,15,23,0,4,2,1,26.67,153.33,23.0
Sanju Samson,Amila Aponso,3,4,0,0,0,0,0.0,133.33,4.0
Sanju Samson,Anshul Kamboj,22,52,0,4,6,2,18.18,236.36,52.0
Sanju Samson,Anukul Roy,17,28,1,4,2,0,23.53,164.71,28.0
Sanju Samson,Arjun Tendulkar,17,17,2,9,1,1,52.94,100.0,8.5
Sanju Samson,Arshdeep Singh,26,27,3,4,0,0,15.38,103.85,9.0
Sanju Samson,Ashok Sharma,72,109,6,17,6,6,23.61,151.39,18.17
Sanju Samson,Atit Sheth,21,20,0,5,0,0,23.81,95.24,20.0
Sanju Samson,Avinov Choudhary,10,20,0,1,1,1,10.0,200.0,20.0
Sanju Samson,Axar Patel,23,26,2,6,1,0,26.09,113.04,13.0
Sanju Samson,Ben Stokes,8,11,1,2,0,1,25.0,137.5,11.0
Sanju Samson,Bhuvneshwar Kumar,26,44,0,3,2,2,11.54,169.23,44.0
Sanju Samson,Binura Fernando,6,17,0,1,2,1,16.67,283.33,17.0
Sanju Samson,CV Stephen,35,51,1,7,2,2,20.0,145.71,51.0
Sanju Samson,Corbin Bosch,21,23,1,6,1,0,28.57,109.52,23.0
Sanju Samson,Dian Forrester,12,20,0,1,1,1,8.33,166.67,20.0
Sanju Samson,Donovan Ferreira,11,10,0,4,1,0,36.36,90.91,10.0
Sanju Samson,Dushan Hemantha,60,77,2,10,2,2,16.67,128.33,38.5
Sanju Samson,Glenn Phillips,23,56,1,3,4,4,13.04,243.48,56.0
Sanju Samson,Glenton Stuurman,13,19,0,1,1,0,7.69,146.15,19.0
Sanju Samson,Gurinder Singh,57,69,5,18,2,3,31.58,121.05,13.8
Sanju Samson,Gurnoor Singh Brar,5,17,0,1,2,1,20.0,340.0,17.0
Sanju Samson,Gus Atkinson,21,38,0,1,2,1,4.76,180.95,38.0
Sanju Samson,Hardik Pandya,24,38,1,5,3,1,20.83,158.33,38.0
Sanju Samson,Harpreet Brar,59,89,2,15,6,3,25.42,150.85,44.5
Sanju Samson,Harsh Dubey,48,80,1,10,4,5,20.83,166.67,80.0
Sanju Samson,Harshal Patel,2,4,0,1,1,0,50.0,200.0,4.0
Sanju Samson,Harshit Rana,5,24,0,0,1,3,0.0,480.0,24.0
Sanju Samson,Jamie Overton,6,12,0,0,2,0,0.0,200.0,12.0
Sanju Samson,Jasprit Bumrah,36,65,0,6,2,5,16.67,180.56,65.0
Sanju Samson,Jaydev Unadkat,11,11,1,2,0,0,18.18,100.0,11.0
Sanju Samson,Joel Davies,21,49,0,4,2,4,19.05,233.33,49.0
Sanju Samson,Josh Hazlewood,35,50,3,7,2,1,20.0,142.86,16.67
Sanju Samson,KM Asif,4,8,0,1,0,1,25.0,200.0,8.0
Sanju Samson,Kagiso Rabada,10,13,1,3,0,1,30.0,130.0,13.0
Sanju Samson,Kangabam Priyojit Singh,5,6,0,0,0,0,0.0,120.0,6.0
Sanju Samson,Karan Lal,15,22,0,3,1,1,20.0,146.67,22.0
Sanju Samson,Kranthi Kumar,21,27,1,5,2,1,23.81,128.57,27.0
Sanju Samson,Krishnappa Gowtham,12,16,1,1,1,0,8.33,133.33,16.0
Sanju Samson,Krunal Pandya,26,55,3,5,4,4,19.23,211.54,18.33
Sanju Samson,Kuldeep Yadav,53,115,1,8,9,6,15.09,216.98,115.0
Sanju Samson,Lalit Yadav,17,29,1,1,0,1,5.88,170.59,29.0
Sanju Samson,Liam Livingstone,26,29,0,8,2,0,30.77,111.54,29.0
Sanju Samson,Luke Wood,3,5,1,1,1,0,33.33,166.67,5.0
Sanju Samson,Lungi Ngidi,13,19,0,2,2,0,15.38,146.15,19.0
Sanju Samson,Malinda Pushpakumara,45,57,4,17,2,4,37.78,126.67,14.25
Sanju Samson,Manav Suthar,4,4,1,1,0,0,25.0,100.0,4.0
Sanju Samson,Manisankar Murasingh,18,19,0,0,0,0,0.0,105.56,19.0
Sanju Samson,Matt Henry,8,8,0,1,0,0,12.5,100.0,8.0
Sanju Samson,Mitchell Marsh,11,13,1,6,1,1,54.55,118.18,13.0
Sanju Samson,Mitchell Starc,7,14,0,1,1,1,14.29,200.0,14.0
Sanju Samson,Mohammed Shami,19,20,2,5,1,0,26.32,105.26,10.0
Sanju Samson,Mohammed Siraj,47,70,2,9,5,2,19.15,148.94,35.0
Sanju Samson,Mohsin Khan,21,22,0,4,1,0,19.05,104.76,22.0
Sanju Samson,Mridul Surroch,19,47,0,1,2,4,5.26,247.37,47.0
Sanju Samson,Mukhtar Hussain,8,7,0,2,0,0,25.0,87.5,7.0
Sanju Samson,Naman Dhir,3,4,0,0,0,0,0.0,133.33,4.0
Sanju Samson,Nathan Ellis,2,0,1,2,0,0,100.0,0.0,0.0
Sanju Samson,Nishan Peiris,16,24,0,3,1,1,18.75,150.0,24.0
Sanju Samson,Nishant Sindhu,13,17,0,3,2,0,23.08,130.77,17.0
Sanju Samson,Nitish Kumar Reddy,21,45,2,3,1,3,14.29,214.29,22.5
Sanju Samson,Nitish Rana,8,12,0,0,1,0,0.0,150.0,12.0
Sanju Samson,Ottneil Baartman,4,2,1,2,0,0,50.0,50.0,2.0
Sanju Samson,Pat Cummins,30,51,1,9,4,2,30.0,170.0,51.0
Sanju Samson,Prabath Jayasuriya,51,67,3,9,3,1,17.65,131.37,22.33
Sanju Samson,Praveen Jayawickrama,28,35,1,7,0,2,25.0,125.0,35.0
Sanju Samson,Rachin Ravindra,14,32,1,4,3,2,28.57,228.57,32.0
Sanju Samson,Raj Angad Bawa,2,6,1,1,0,1,50.0,300.0,6.0
Sanju Samson,Rashid Khan,20,23,0,4,1,0,20.0,115.0,23.0
Sanju Samson,Rasikh Dar,12,20,1,1,1,1,8.33,166.67,20.0
Sanju Samson,Ravi Bishnoi,20,17,1,7,0,0,35.0,85.0,17.0
Sanju Samson,Ravi Teja,7,6,2,3,0,0,42.86,85.71,3.0
Sanju Samson,Ravindra Jadeja,21,35,2,3,3,1,14.29,166.67,17.5
Sanju Samson,Riyan Parag,34,42,0,7,1,1,20.59,123.53,42.0
Sanju Samson,Rohit Sharma,4,9,0,1,0,1,25.0,225.0,9.0
Sanju Samson,Sahan Arachchige,58,68,3,15,2,2,25.86,117.24,22.67
Sanju Samson,Sairaj Patil,5,15,0,0,3,0,0.0,300.0,15.0
Sanju Samson,Sakib Hussain,1,2,0,0,0,0,0.0,200.0,2.0
Sanju Samson,Sam Curran,16,23,1,2,1,1,12.5,143.75,23.0
Sanju Samson,Sanvir Singh,6,11,0,1,0,1,16.67,183.33,11.0
Sanju Samson,Scott Curie,16,17,2,5,0,1,31.25,106.25,8.5
Sanju Samson,Seekkuge Prasanna,3,4,0,0,0,0,0.0,133.33,4.0
Sanju Samson,Senitha Halambage,3,3,0,0,0,0,0.0,100.0,3.0
Sanju Samson,Shahbaz Ahmed,3,4,0,0,0,0,0.0,133.33,4.0
Sanju Samson,Shardul Thakur,11,18,0,0,1,0,0.0,163.64,18.0
Sanju Samson,Shiran Fernando,45,55,1,8,1,1,17.78,122.22,55.0
Sanju Samson,Shivam Dube,4,4,1,1,0,0,25.0,100.0,4.0
Sanju Samson,Shivam Mavi,3,4,0,0,0,0,0.0,133.33,4.0
Sanju Samson,Shivam Shukla,4,5,0,0,0,0,0.0,125.0,5.0
Sanju Samson,Shubham Agarwal,3,2,0,1,0,0,33.33,66.67,2.0
Sanju Samson,Sonny Baker,16,25,0,5,3,1,31.25,156.25,25.0
Sanju Samson,Sunil Narine,14,26,0,2,2,1,14.29,185.71,26.0
Sanju Samson,Tanay Thyagarajan,5,10,0,0,0,1,0.0,200.0,10.0
Sanju Samson,Tilak Varma,5,6,0,0,0,0,0.0,120.0,6.0
Sanju Samson,Vaisakh Chandran,7,15,1,2,1,1,28.57,214.29,15.0
Sanju Samson,Varun Chakravarthy,21,39,0,4,2,2,19.05,185.71,39.0
Sanju Samson,Vicky Ostwal,5,15,0,0,1,1,0.0,300.0,15.0
Sanju Samson,Vignesh Puthur,4,12,1,1,3,0,25.0,300.0,12.0
Sanju Samson,Vishen Halambage,55,67,0,10,4,0,18.18,121.82,67.0
Sanju Samson,Wanindu Hasaranga,60,76,4,19,4,3,31.67,126.67,19.0
Sanju Samson,Washington Sundar,40,77,0,3,6,4,7.5,192.5,77.0
Sanju Samson,Will Jacks,73,103,1,7,7,1,9.59,141.1,103.0
Sanju Samson,Yuvraj Chaudhary,15,25,0,3,0,2,20.0,166.67,25.0
Sanju Samson,Yuzvendra Chahal,4,8,0,1,0,1,25.0,200.0,8.0
Sanvir Singh,Akeal Hosein,4,6,0,0,0,0,0.0,150.0,6.0
Sanvir Singh,Allah Ghazanfar,2,1,1,1,0,0,50.0,50.0,1.0
Sanvir Singh,Amila Aponso,4,3,0,1,0,0,25.0,75.0,3.0
Sanvir Singh,Arshdeep Singh,6,14,0,0,1,1,0.0,233.33,14.0
Sanvir Singh,Ashok Sharma,3,2,1,1,0,0,33.33,66.67,2.0
Sanvir Singh,Atit Sheth,6,13,0,2,1,1,33.33,216.67,13.0
Sanvir Singh,Avesh Khan,1,1,0,0,0,0,0.0,100.0,1.0
Sanvir Singh,Avinov Choudhary,1,1,0,0,0,0,0.0,100.0,1.0
Sanvir Singh,Ben Stokes,4,4,1,1,0,0,25.0,100.0,4.0
Sanvir Singh,Bhuvneshwar Kumar,2,1,1,1,0,0,50.0,50.0,1.0
Sanvir Singh,Brad Evans,2,4,0,0,0,0,0.0,200.0,4.0
Sanvir Singh,Codanda Ajit Karthik,5,21,0,0,0,3,0.0,420.0,21.0
Sanvir Singh,Dian Forrester,5,19,0,0,3,1,0.0,380.0,19.0
Sanvir Singh,Dushan Hemantha,16,34,0,0,3,1,0.0,212.5,34.0
Sanvir Singh,Glenn Phillips,2,2,0,0,0,0,0.0,100.0,2.0
Sanvir Singh,Gurinder Singh,17,24,1,4,1,1,23.53,141.18,24.0
Sanvir Singh,Gus Atkinson,4,13,0,1,0,2,25.0,325.0,13.0
Sanvir Singh,Harsh Dubey,2,1,1,1,0,0,50.0,50.0,1.0
Sanvir Singh,Harshal Patel,4,10,0,0,2,0,0.0,250.0,10.0
Sanvir Singh,Harshit Rana,9,26,0,0,1,2,0.0,288.89,26.0
Sanvir Singh,Jasprit Bumrah,3,4,1,2,1,0,66.67,133.33,4.0
Sanvir Singh,Josh Hazlewood,3,3,0,0,0,0,0.0,100.0,3.0
Sanvir Singh,KM Asif,7,9,1,1,1,0,14.29,128.57,9.0
Sanvir Singh,Karan Lal,5,9,0,0,1,0,0.0,180.0,9.0
Sanvir Singh,Kranthi Kumar,2,1,1,1,0,0,50.0,50.0,1.0
Sanvir Singh,Krishnappa Gowtham,7,11,0,0,1,0,0.0,157.14,11.0
Sanvir Singh,Krunal Pandya,4,10,0,0,2,0,0.0,250.0,10.0
Sanvir Singh,Kuldeep Yadav,6,8,0,1,1,0,16.67,133.33,8.0
Sanvir Singh,Malinda Pushpakumara,1,0,1,1,0,0,100.0,0.0,0.0
Sanvir Singh,Manisankar Murasingh,3,8,0,0,0,1,0.0,266.67,8.0
Sanvir Singh,Matt Henry,9,27,0,0,3,1,0.0,300.0,27.0
Sanvir Singh,Mitchell Starc,1,0,1,1,0,0,100.0,0.0,0.0
Sanvir Singh,Mohammed Siraj,11,37,1,1,2,4,9.09,336.36,37.0
Sanvir Singh,Naman Dhir,2,1,1,1,0,0,50.0,50.0,1.0
Sanvir Singh,Nathan Ellis,1,0,1,1,0,0,100.0,0.0,0.0
Sanvir Singh,Nishan Peiris,3,4,0,0,0,0,0.0,133.33,4.0
Sanvir Singh,Pat Cummins,6,14,0,0,0,1,0.0,233.33,14.0
Sanvir Singh,Prabath Jayasuriya,15,25,1,2,2,1,13.33,166.67,25.0
Sanvir Singh,Praveen Jayawickrama,14,14,1,5,0,0,35.71,100.0,14.0
Sanvir Singh,Rasikh Dar,1,1,0,0,0,0,0.0,100.0,1.0
Sanvir Singh,Ravi Bishnoi,10,16,2,3,1,1,30.0,160.0,8.0
Sanvir Singh,Ravindra Jadeja,7,10,0,0,1,0,0.0,142.86,10.0
Sanvir Singh,Riyan Parag,4,7,0,0,1,0,0.0,175.0,7.0
Sanvir Singh,Sahan Arachchige,17,22,2,3,0,1,17.65,129.41,11.0
Sanvir Singh,Sam Curran,6,6,1,3,0,0,50.0,100.0,6.0
Sanvir Singh,Shiran Fernando,18,37,0,3,2,3,16.67,205.56,37.0
Sanvir Singh,Suyash Sharma,3,4,0,0,0,0,0.0,133.33,4.0
Sanvir Singh,Tilak Varma,3,1,0,2,0,0,66.67,33.33,1.0
Sanvir Singh,Vipraj Nigam,1,1,0,0,0,0,0.0,100.0,1.0
Sanvir Singh,Washington Sundar,3,2,0,1,0,0,33.33,66.67,2.0
Saransh Jain,Arshdeep Singh,5,6,0,0,0,0,0.0,120.0,6.0
Saransh Jain,Deepak Hooda,1,1,0,0,0,0,0.0,100.0,1.0
Saransh Jain,Dian Forrester,2,2,0,0,0,0,0.0,100.0,2.0
Saransh Jain,Glenn Phillips,2,3,0,0,0,0,0.0,150.0,3.0
Saransh Jain,Harpreet Brar,4,6,0,0,0,0,0.0,150.0,6.0
Saransh Jain,Jai Moondra,6,6,0,1,0,0,16.67,100.0,6.0
Saransh Jain,Vishen Halambage,2,3,0,0,0,0,0.0,150.0,3.0
Sarfaraz Khan,Adam Zampa,19,21,1,3,1,0,15.79,110.53,21.0
Sarfaraz Khan,Adil Rashid,7,12,1,2,2,0,28.57,171.43,12.0
Sarfaraz Khan,Ajay Dev Goud,5,11,0,0,0,1,0.0,220.0,11.0
Sarfaraz Khan,Akash Vasisht,6,7,1,1,0,0,16.67,116.67,7.0
Sarfaraz Khan,Akeal Hosein,29,54,0,5,4,3,17.24,186.21,54.0
Sarfaraz Khan,Anshul Kamboj,7,14,0,0,1,0,0.0,200.0,14.0
Sarfaraz Khan,Anukul Roy,7,7,0,3,1,0,42.86,100.0,7.0
Sarfaraz Khan,Arjun Tendulkar,7,5,0,2,0,0,28.57,71.43,5.0
Sarfaraz Khan,Arpit Vasavada,7,8,0,1,0,0,14.29,114.29,8.0
Sarfaraz Khan,Arshdeep Singh,13,24,0,3,1,2,23.08,184.62,24.0
Sarfaraz Khan,Ashish Singh,7,9,0,0,0,0,0.0,128.57,9.0
Sarfaraz Khan,Ashok Sharma,51,96,4,10,7,5,19.61,188.24,24.0
Sarfaraz Khan,Ashwin Das,5,9,0,1,0,1,20.0,180.0,9.0
Sarfaraz Khan,Atit Sheth,15,13,1,3,0,0,20.0,86.67,13.0
Sarfaraz Khan,Avesh Khan,3,8,0,0,0,1,0.0,266.67,8.0
Sarfaraz Khan,Axar Patel,21,28,0,4,1,1,19.05,133.33,28.0
Sarfaraz Khan,Ben Stokes,11,7,0,4,0,0,36.36,63.64,7.0
Sarfaraz Khan,Bhuvneshwar Kumar,6,1,1,5,0,0,83.33,16.67,1.0
Sarfaraz Khan,Binura Fernando,5,5,0,2,0,0,40.0,100.0,5.0
Sarfaraz Khan,Blessing Muzarbani,1,1,0,0,0,0,0.0,100.0,1.0
Sarfaraz Khan,CV Stephen,14,25,1,3,3,1,21.43,178.57,25.0
Sarfaraz Khan,Cameron Green,12,31,0,2,0,4,16.67,258.33,31.0
Sarfaraz Khan,Chetan Sakariya,13,29,0,1,1,2,7.69,223.08,29.0
Sarfaraz Khan,Corbin Bosch,19,38,0,3,3,2,15.79,200.0,38.0
Sarfaraz Khan,Craig Overton,7,11,0,1,0,1,14.29,157.14,11.0
Sarfaraz Khan,Dan Lawrence,2,2,0,0,0,0,0.0,100.0,2.0
Sarfaraz Khan,Dian Forrester,27,30,1,9,3,0,33.33,111.11,30.0
Sarfaraz Khan,Dunith Wellalage,2,1,0,1,0,0,50.0,50.0,1.0
Sarfaraz Khan,Dushan Hemantha,10,17,0,0,1,0,0.0,170.0,17.0
Sarfaraz Khan,Duvindu Tillakaratne,5,13,0,1,3,0,20.0,260.0,13.0
Sarfaraz Khan,Glenton Stuurman,2,2,0,0,0,0,0.0,100.0,2.0
Sarfaraz Khan,Gurinder Singh,36,48,5,12,2,2,33.33,133.33,9.6
Sarfaraz Khan,Gus Atkinson,5,10,0,0,0,1,0.0,200.0,10.0
Sarfaraz Khan,Hardik Pandya,5,9,1,1,0,1,20.0,180.0,9.0
Sarfaraz Khan,Harpreet Brar,22,38,3,8,0,4,36.36,172.73,12.67
Sarfaraz Khan,Harsh Dubey,3,2,1,1,0,0,33.33,66.67,2.0
Sarfaraz Khan,Harshal Patel,6,9,0,0,1,0,0.0,150.0,9.0
Sarfaraz Khan,Isitha Wijesundara,2,2,0,0,0,0,0.0,100.0,2.0
Sarfaraz Khan,Ismat Alam,6,11,0,0,1,0,0.0,183.33,11.0
Sarfaraz Khan,Jacob Bethell,9,16,0,0,0,1,0.0,177.78,16.0
Sarfaraz Khan,Jacob Duffy,3,4,0,0,0,0,0.0,133.33,4.0
Sarfaraz Khan,Jai Moondra,2,5,0,0,1,0,0.0,250.0,5.0
Sarfaraz Khan,Jasprit Bumrah,8,11,0,1,0,0,12.5,137.5,11.0
Sarfaraz Khan,Jaydev Unadkat,8,24,0,0,1,2,0.0,300.0,24.0
Sarfaraz Khan,Joel Davies,11,20,2,3,2,1,27.27,181.82,10.0
Sarfaraz Khan,Josh Hazlewood,16,40,3,4,4,3,25.0,250.0,13.33
Sarfaraz Khan,Kagiso Rabada,5,7,0,1,1,0,20.0,140.0,7.0
Sarfaraz Khan,Karan Lal,3,11,0,0,1,1,0.0,366.67,11.0
Sarfaraz Khan,Khaleel Ahmed,15,28,2,3,1,2,20.0,186.67,14.0
Sarfaraz Khan,Kranthi Kumar,11,15,2,2,1,0,18.18,136.36,7.5
Sarfaraz Khan,Krunal Pandya,10,19,1,1,1,1,10.0,190.0,19.0
Sarfaraz Khan,Kuldeep Yadav,34,44,8,12,2,2,35.29,129.41,5.5
Sarfaraz Khan,Lalit Yadav,3,14,0,0,2,1,0.0,466.67,14.0
Sarfaraz Khan,Lance Morris,2,3,0,0,0,0,0.0,150.0,3.0
Sarfaraz Khan,Lasith Embuldeniya,20,32,0,0,2,0,0.0,160.0,32.0
Sarfaraz Khan,Liam Livingstone,3,2,0,1,0,0,33.33,66.67,2.0
Sarfaraz Khan,Lockie Ferguson,18,36,1,4,4,1,22.22,200.0,36.0
Sarfaraz Khan,Lone Nasir Muzaffar,1,0,1,1,0,0,100.0,0.0,0.0
Sarfaraz Khan,Lungi Ngidi,18,28,0,1,2,0,5.56,155.56,28.0
Sarfaraz Khan,Malinda Pushpakumara,42,79,0,12,7,4,28.57,188.1,79.0
Sarfaraz Khan,Manav Suthar,1,0,1,1,0,0,100.0,0.0,0.0
Sarfaraz Khan,Manisankar Murasingh,3,13,0,0,0,2,0.0,433.33,13.0
Sarfaraz Khan,Matt Henry,4,3,0,1,0,0,25.0,75.0,3.0
Sarfaraz Khan,Mitchell Marsh,4,4,0,1,0,0,25.0,100.0,4.0
Sarfaraz Khan,Mitchell Starc,17,37,0,3,2,3,17.65,217.65,37.0
Sarfaraz Khan,Mohamed Shiraz,2,3,0,0,0,0,0.0,150.0,3.0
Sarfaraz Khan,Mohammed Shami,12,21,3,4,2,1,33.33,175.0,7.0
Sarfaraz Khan,Mohammed Siraj,8,14,1,1,0,1,12.5,175.0,14.0
Sarfaraz Khan,Mohsin Khan,3,11,0,0,1,1,0.0,366.67,11.0
Sarfaraz Khan,Mridul Surroch,30,61,0,2,5,3,6.67,203.33,61.0
Sarfaraz Khan,Mukhtar Hussain,5,5,0,0,0,0,0.0,100.0,5.0
Sarfaraz Khan,Naman Dhir,1,0,1,1,0,0,100.0,0.0,0.0
Sarfaraz Khan,Nathan Ellis,19,38,1,4,2,3,21.05,200.0,38.0
Sarfaraz Khan,Nitish Kumar Reddy,23,48,0,0,3,2,0.0,208.7,48.0
Sarfaraz Khan,Pat Cummins,2,1,0,1,0,0,50.0,50.0,1.0
Sarfaraz Khan,Prabath Jayasuriya,26,47,0,3,2,3,11.54,180.77,47.0
Sarfaraz Khan,Prashant Veer,8,17,0,2,2,1,25.0,212.5,17.0
Sarfaraz Khan,Praveen Jayawickrama,23,26,5,7,0,1,30.43,113.04,5.2
Sarfaraz Khan,Prince Yadav,4,5,1,2,0,0,50.0,125.0,5.0
Sarfaraz Khan,Rachin Ravindra,8,9,1,2,0,0,25.0,112.5,9.0
Sarfaraz Khan,Raj Angad Bawa,10,33,0,0,2,3,0.0,330.0,33.0
Sarfaraz Khan,Raj Limbani,3,4,0,0,0,0,0.0,133.33,4.0
Sarfaraz Khan,Ramandeep Singh,2,3,0,0,0,0,0.0,150.0,3.0
Sarfaraz Khan,Rashid Khan,13,24,1,3,1,2,23.08,184.62,24.0
Sarfaraz Khan,Ravi Bishnoi,24,39,1,3,1,2,12.5,162.5,39.0
Sarfaraz Khan,Ravi Teja,6,13,1,2,1,1,33.33,216.67,13.0
Sarfaraz Khan,Riyan Parag,2,3,0,0,0,0,0.0,150.0,3.0
Sarfaraz Khan,Sahan Arachchige,16,16,3,6,0,1,37.5,100.0,5.33
Sarfaraz Khan,Sairaj Patil,2,2,0,0,0,0,0.0,100.0,2.0
Sarfaraz Khan,Sakib Hussain,5,4,0,2,0,0,40.0,80.0,4.0
Sarfaraz Khan,Sakibul Gani,3,8,0,0,0,1,0.0,266.67,8.0
Sarfaraz Khan,Sam Curran,19,32,1,5,4,1,26.32,168.42,32.0
Sarfaraz Khan,Samant Jakhar,12,30,0,2,1,3,16.67,250.0,30.0
Sarfaraz Khan,Sanvir Singh,9,11,0,3,0,1,33.33,122.22,11.0
Sarfaraz Khan,Scott Curie,1,0,1,1,0,0,100.0,0.0,0.0
Sarfaraz Khan,Seekkuge Prasanna,1,3,0,0,0,0,0.0,300.0,3.0
Sarfaraz Khan,Shahbaz Ahmed,1,1,0,0,0,0,0.0,100.0,1.0
Sarfaraz Khan,Shardul Thakur,7,6,0,2,0,0,28.57,85.71,6.0
Sarfaraz Khan,Shiran Fernando,24,50,0,4,4,2,16.67,208.33,50.0
Sarfaraz Khan,Shivam Dube,1,4,0,0,1,0,0.0,400.0,4.0
Sarfaraz Khan,Shivam Shukla,17,39,0,4,0,5,23.53,229.41,39.0
Sarfaraz Khan,Shubham Agarwal,10,28,1,4,2,2,40.0,280.0,28.0
Sarfaraz Khan,Sonny Baker,17,25,1,3,3,0,17.65,147.06,25.0
Sarfaraz Khan,Sunil Narine,16,20,0,4,0,1,25.0,125.0,20.0
Sarfaraz Khan,Sushant Mishra,3,2,1,1,0,0,33.33,66.67,2.0
Sarfaraz Khan,Tharindu Rathnanayake,1,1,0,0,0,0,0.0,100.0,1.0
Sarfaraz Khan,Tilak Varma,4,12,0,0,1,1,0.0,300.0,12.0
Sarfaraz Khan,Tripuresh Singh,5,8,1,2,0,1,40.0,160.0,8.0
Sarfaraz Khan,Vaibhav Arora,12,35,0,0,0,4,0.0,291.67,35.0
Sarfaraz Khan,Varun Chakravarthy,35,53,4,11,3,3,31.43,151.43,13.25
Sarfaraz Khan,Vishen Halambage,12,15,3,5,1,1,41.67,125.0,5.0
Sarfaraz Khan,Wanindu Hasaranga,8,3,1,5,0,0,62.5,37.5,3.0
Sarfaraz Khan,Washington Sundar,12,20,1,1,0,1,8.33,166.67,20.0
Sarfaraz Khan,Will Jacks,7,5,1,3,0,0,42.86,71.43,5.0
Sarfaraz Khan,Yuvraj Chaudhary,1,0,1,1,0,0,100.0,0.0,0.0
Sayan Ghosh,Akash Vasisht,5,7,0,1,0,0,20.0,140.0,7.0
Sayan Ghosh,Ashok Sharma,7,14,0,0,1,0,0.0,200.0,14.0
Sayan Ghosh,Karan Lal,3,3,1,1,0,0,33.33,100.0,3.0
Sayan Ghosh,Krunal Pandya,5,6,0,0,0,0,0.0,120.0,6.0
Sayan Ghosh,Mukhtar Hussain,2,1,1,1,0,0,50.0,50.0,1.0
Sayan Ghosh,Rachin Ravindra,1,0,1,1,0,0,100.0,0.0,0.0
Sayan Ghosh,Rasikh Dar,1,1,0,0,0,0,0.0,100.0,1.0
Sayan Ghosh,Sunil Narine,3,3,0,0,0,0,0.0,100.0,3.0
Sayan Ghosh,Will Jacks,2,1,1,1,0,0,50.0,50.0,1.0
Scott Curie,Akeal Hosein,1,0,1,1,0,0,100.0,0.0,0.0
Scott Curie,Ashok Sharma,5,2,3,4,0,0,80.0,40.0,0.67
Scott Curie,Glenton Stuurman,3,3,0,1,0,0,33.33,100.0,3.0
Scott Curie,Harpreet Brar,2,1,1,1,0,0,50.0,50.0,1.0
Scott Curie,Jacob Bethell,2,3,1,1,0,0,50.0,150.0,3.0
Scott Curie,Jacob Duffy,2,2,1,1,0,0,50.0,100.0,2.0
Scott Curie,Jasprit Bumrah,3,4,0,0,0,0,0.0,133.33,4.0
Scott Curie,Joel Davies,1,0,1,1,0,0,100.0,0.0,0.0
Scott Curie,Josh Hazlewood,2,1,1,1,0,0,50.0,50.0,1.0
Scott Curie,Kranthi Kumar,3,4,0,0,0,0,0.0,133.33,4.0
Scott Curie,Krunal Pandya,3,3,1,1,0,0,33.33,100.0,3.0
Scott Curie,Kuldeep Yadav,1,1,0,0,0,0,0.0,100.0,1.0
Scott Curie,Manisankar Murasingh,1,3,0,0,0,0,0.0,300.0,3.0
Scott Curie,Mitchell Starc,3,3,0,0,0,0,0.0,100.0,3.0
Scott Curie,Mohammed Shami,2,0,1,2,0,0,100.0,0.0,0.0
Scott Curie,Mohammed Siraj,6,17,1,1,2,1,16.67,283.33,17.0
Scott Curie,Nathan Ellis,1,1,0,0,0,0,0.0,100.0,1.0
Scott Curie,Pat Cummins,1,0,1,1,0,0,100.0,0.0,0.0
Scott Curie,Raj Angad Bawa,5,0,1,5,0,0,100.0,0.0,0.0
Scott Curie,Rasikh Dar,2,1,1,1,0,0,50.0,50.0,1.0
Scott Curie,Shivam Shukla,3,0,1,3,0,0,100.0,0.0,0.0
Scott Curie,Vishen Halambage,3,1,2,2,0,0,66.67,33.33,0.5
Scott Curie,Washington Sundar,2,0,1,2,0,0,100.0,0.0,0.0
Sdnv Prasad,Aaron Hardie,4,3,0,1,0,0,25.0,75.0,3.0
Sdnv Prasad,Adam Zampa,18,24,1,5,1,1,27.78,133.33,24.0
Sdnv Prasad,Aiden Markram,4,6,0,2,1,0,50.0,150.0,6.0
Sdnv Prasad,Akash Deep,2,2,0,0,0,0,0.0,100.0,2.0
Sdnv Prasad,Akash Vasisht,14,27,0,2,2,1,14.29,192.86,27.0
Sdnv Prasad,Anukul Roy,22,31,1,5,1,1,22.73,140.91,31.0
Sdnv Prasad,Arpit Vasavada,5,10,0,0,1,0,0.0,200.0,10.0
Sdnv Prasad,Arshdeep Singh,27,51,2,8,2,4,29.63,188.89,25.5
Sdnv Prasad,Ashok Sharma,20,30,3,6,3,1,30.0,150.0,10.0
Sdnv Prasad,Atit Sheth,13,17,1,3,1,0,23.08,130.77,17.0
Sdnv Prasad,Avinov Choudhary,14,26,1,2,0,2,14.29,185.71,26.0
Sdnv Prasad,Axar Patel,12,14,0,1,0,0,8.33,116.67,14.0
Sdnv Prasad,Ben Stokes,3,2,0,1,0,0,33.33,66.67,2.0
Sdnv Prasad,Bhuvneshwar Kumar,29,40,1,5,2,1,17.24,137.93,40.0
Sdnv Prasad,Brad Evans,5,2,1,4,0,0,80.0,40.0,2.0
Sdnv Prasad,Brian Bennett,13,10,1,7,1,0,53.85,76.92,10.0
Sdnv Prasad,CV Stephen,6,12,0,1,0,1,16.67,200.0,12.0
Sdnv Prasad,Cameron Green,3,4,0,0,0,0,0.0,133.33,4.0
Sdnv Prasad,Dian Forrester,34,44,4,14,7,0,41.18,129.41,11.0
Sdnv Prasad,Dushan Hemantha,19,26,2,5,1,1,26.32,136.84,13.0
Sdnv Prasad,Gangam Anikethreddy,16,24,0,4,1,1,25.0,150.0,24.0
Sdnv Prasad,Glenton Stuurman,10,18,1,1,1,1,10.0,180.0,18.0
Sdnv Prasad,Gurinder Singh,52,67,1,11,3,1,21.15,128.85,67.0
Sdnv Prasad,Gus Atkinson,5,15,0,0,1,1,0.0,300.0,15.0
Sdnv Prasad,Hardik Pandya,28,65,0,8,4,6,28.57,232.14,65.0
Sdnv Prasad,Harpreet Brar,14,26,0,2,0,2,14.29,185.71,26.0
Sdnv Prasad,Harsh Dubey,9,18,0,1,2,0,11.11,200.0,18.0
Sdnv Prasad,Harshal Patel,9,16,1,1,0,1,11.11,177.78,16.0
Sdnv Prasad,Harshit Rana,5,13,0,0,2,0,0.0,260.0,13.0
Sdnv Prasad,Ishant Sharma,3,4,0,0,0,0,0.0,133.33,4.0
Sdnv Prasad,Jacob Duffy,2,1,0,1,0,0,50.0,50.0,1.0
Sdnv Prasad,Jasprit Bumrah,20,40,0,3,3,2,15.0,200.0,40.0
Sdnv Prasad,Jaydev Unadkat,19,43,0,1,1,3,5.26,226.32,43.0
Sdnv Prasad,Joel Davies,52,67,5,19,5,3,36.54,128.85,13.4
Sdnv Prasad,Josh Hazlewood,3,4,0,0,0,0,0.0,133.33,4.0
Sdnv Prasad,Kagiso Rabada,15,29,0,2,2,1,13.33,193.33,29.0
Sdnv Prasad,Karan Lal,10,19,1,4,1,2,40.0,190.0,19.0
Sdnv Prasad,Karan Shinde,3,7,0,1,0,1,33.33,233.33,7.0
Sdnv Prasad,Kranthi Kumar,12,21,0,2,2,0,16.67,175.0,21.0
Sdnv Prasad,Krishnappa Gowtham,1,1,0,0,0,0,0.0,100.0,1.0
Sdnv Prasad,Krunal Pandya,30,64,0,4,7,3,13.33,213.33,64.0
Sdnv Prasad,Kuldeep Yadav,16,43,0,3,3,4,18.75,268.75,43.0
Sdnv Prasad,Lalit Yadav,8,11,0,3,0,1,37.5,137.5,11.0
Sdnv Prasad,Liam Livingstone,9,20,0,1,0,2,11.11,222.22,20.0
Sdnv Prasad,Luke Wood,4,11,0,0,2,0,0.0,275.0,11.0
Sdnv Prasad,Lungi Ngidi,16,21,0,3,2,0,18.75,131.25,21.0
Sdnv Prasad,Malinda Pushpakumara,24,53,2,4,5,3,16.67,220.83,26.5
Sdnv Prasad,Manav Suthar,14,21,0,4,1,1,28.57,150.0,21.0
Sdnv Prasad,Marcus Stoinis,8,15,0,1,1,1,12.5,187.5,15.0
Sdnv Prasad,Matheesha Pathirana,17,21,0,4,2,0,23.53,123.53,21.0
Sdnv Prasad,Matt Short,14,21,0,1,0,1,7.14,150.0,21.0
Sdnv Prasad,Matthew Forde,4,4,0,1,0,0,25.0,100.0,4.0
Sdnv Prasad,Mitchell Marsh,4,2,0,2,0,0,50.0,50.0,2.0
Sdnv Prasad,Mitchell Starc,20,28,3,9,2,2,45.0,140.0,9.33
Sdnv Prasad,Mohammed Shami,11,11,2,3,0,0,27.27,100.0,5.5
Sdnv Prasad,Mohammed Siraj,51,63,3,11,3,1,21.57,123.53,21.0
Sdnv Prasad,Mohsin Khan,15,18,1,6,2,0,40.0,120.0,18.0
Sdnv Prasad,Mridul Surroch,28,49,0,3,3,1,10.71,175.0,49.0
Sdnv Prasad,Mukhtar Hussain,8,10,0,3,1,0,37.5,125.0,10.0
Sdnv Prasad,Nathan Ellis,8,6,1,3,0,0,37.5,75.0,6.0
Sdnv Prasad,Nishan Peiris,6,4,2,2,0,0,33.33,66.67,2.0
Sdnv Prasad,Nitish Kumar Reddy,9,13,0,1,1,0,11.11,144.44,13.0
Sdnv Prasad,Nitish Rana,3,5,0,0,0,0,0.0,166.67,5.0
Sdnv Prasad,Ottneil Baartman,7,4,0,4,0,0,57.14,57.14,4.0
Sdnv Prasad,Pat Cummins,13,22,0,1,2,0,7.69,169.23,22.0
Sdnv Prasad,Prabath Jayasuriya,13,24,0,2,1,1,15.38,184.62,24.0
Sdnv Prasad,Prashant Veer,1,2,0,0,0,0,0.0,200.0,2.0
Sdnv Prasad,Praveen Jayawickrama,15,27,0,3,1,2,20.0,180.0,27.0
Sdnv Prasad,Rachin Ravindra,8,4,0,4,0,0,50.0,50.0,4.0
Sdnv Prasad,Raj Angad Bawa,8,10,1,1,1,0,12.5,125.0,10.0
Sdnv Prasad,Rashid Khan,22,54,3,5,2,6,22.73,245.45,18.0
Sdnv Prasad,Rasikh Dar,4,4,1,1,0,0,25.0,100.0,4.0
Sdnv Prasad,Ravi Bishnoi,5,10,0,1,0,1,20.0,200.0,10.0
Sdnv Prasad,Ravi Teja,4,5,0,0,0,0,0.0,125.0,5.0
Sdnv Prasad,Ravindra Jadeja,24,53,0,4,7,2,16.67,220.83,53.0
Sdnv Prasad,Sahan Arachchige,45,50,2,12,1,2,26.67,111.11,25.0
Sdnv Prasad,Sairaj Patil,15,28,0,2,2,1,13.33,186.67,28.0
Sdnv Prasad,Sakib Hussain,8,10,0,1,0,0,12.5,125.0,10.0
Sdnv Prasad,Sam Curran,16,21,0,4,2,0,25.0,131.25,21.0
Sdnv Prasad,Sayan Ghosh,2,5,0,0,1,0,0.0,250.0,5.0
Sdnv Prasad,Scott Curie,16,35,0,0,2,2,0.0,218.75,35.0
Sdnv Prasad,Seekkuge Prasanna,11,16,0,5,0,2,45.45,145.45,16.0
Sdnv Prasad,Shardul Thakur,8,16,0,0,0,1,0.0,200.0,16.0
Sdnv Prasad,Shiran Fernando,45,75,1,9,5,3,20.0,166.67,75.0
Sdnv Prasad,Shivam Dube,17,38,0,3,2,3,17.65,223.53,38.0
Sdnv Prasad,Shubham Agarwal,15,18,0,4,1,0,26.67,120.0,18.0
Sdnv Prasad,Sonal Dinusha,3,3,0,0,0,0,0.0,100.0,3.0
Sdnv Prasad,Sonny Baker,13,30,0,1,1,3,7.69,230.77,30.0
Sdnv Prasad,Sunil Narine,18,34,0,0,2,1,0.0,188.89,34.0
Sdnv Prasad,Suyash Sharma,5,15,0,1,0,2,20.0,300.0,15.0
Sdnv Prasad,Tilak Varma,13,13,2,6,2,0,46.15,100.0,6.5
Sdnv Prasad,Vaisakh Chandran,3,3,0,0,0,0,0.0,100.0,3.0
Sdnv Prasad,Varun Chakravarthy,43,84,1,6,7,4,13.95,195.35,84.0
Sdnv Prasad,Vishen Halambage,23,16,4,13,0,1,56.52,69.57,4.0
Sdnv Prasad,Wanindu Hasaranga,25,60,2,6,5,5,24.0,240.0,30.0
Sdnv Prasad,Washington Sundar,10,13,0,1,1,0,10.0,130.0,13.0
Sdnv Prasad,Will Jacks,2,2,0,0,0,0,0.0,100.0,2.0
Sdnv Prasad,Yash Thakur,5,7,0,0,0,0,0.0,140.0,7.0
Seekkuge Prasanna,Abhishek Sharma,4,10,0,2,1,1,50.0,250.0,10.0
Seekkuge Prasanna,Ajay Dev Goud,7,7,0,3,1,0,42.86,100.0,7.0
Seekkuge Prasanna,Ajay Mandal,3,5,0,0,0,0,0.0,166.67,5.0
Seekkuge Prasanna,Akash Vasisht,3,3,0,0,0,0,0.0,100.0,3.0
Seekkuge Prasanna,Arpit Vasavada,6,10,3,4,1,1,66.67,166.67,3.33
Seekkuge Prasanna,Ashok Sharma,2,7,0,0,0,1,0.0,350.0,7.0
Seekkuge Prasanna,Calvin Harrison,2,3,0,0,0,0,0.0,150.0,3.0
Seekkuge Prasanna,Dian Forrester,3,3,0,0,0,0,0.0,100.0,3.0
Seekkuge Prasanna,Dushan Hemantha,5,9,0,2,0,1,40.0,180.0,9.0
Seekkuge Prasanna,Gangam Anikethreddy,4,6,0,0,0,0,0.0,150.0,6.0
Seekkuge Prasanna,Glenn Phillips,2,6,0,1,0,1,50.0,300.0,6.0
Seekkuge Prasanna,Gurinder Singh,7,18,0,1,0,2,14.29,257.14,18.0
Seekkuge Prasanna,Harpreet Brar,6,5,1,2,0,0,33.33,83.33,5.0
Seekkuge Prasanna,Jacob Bethell,2,3,0,0,0,0,0.0,150.0,3.0
Seekkuge Prasanna,Joel Davies,3,7,0,1,0,1,33.33,233.33,7.0
Seekkuge Prasanna,Josh Hazlewood,1,1,0,0,0,0,0.0,100.0,1.0
Seekkuge Prasanna,Karan Lal,2,0,1,2,0,0,100.0,0.0,0.0
Seekkuge Prasanna,Kuldeep Yadav,5,10,1,3,1,1,60.0,200.0,10.0
Seekkuge Prasanna,Malinda Pushpakumara,9,19,0,1,3,0,11.11,211.11,19.0
Seekkuge Prasanna,Mohammed Shami,1,4,0,0,1,0,0.0,400.0,4.0
Seekkuge Prasanna,Prabath Jayasuriya,4,9,0,1,0,1,25.0,225.0,9.0
Seekkuge Prasanna,Prashant Veer,3,6,1,1,1,0,33.33,200.0,6.0
Seekkuge Prasanna,Praveen Jayawickrama,5,16,0,0,2,1,0.0,320.0,16.0
Seekkuge Prasanna,Prince Yadav,2,2,0,0,0,0,0.0,100.0,2.0
Seekkuge Prasanna,Raj Angad Bawa,2,5,0,0,1,0,0.0,250.0,5.0
Seekkuge Prasanna,Rashid Khan,5,11,0,1,0,1,20.0,220.0,11.0
Seekkuge Prasanna,Sahan Arachchige,3,0,0,3,0,0,100.0,0.0,0.0
Seekkuge Prasanna,Shahbaz Ahmed,7,10,0,1,1,0,14.29,142.86,10.0
Seekkuge Prasanna,Shiran Fernando,16,36,1,4,4,2,25.0,225.0,36.0
Seekkuge Prasanna,Shivam Dube,4,7,2,2,0,1,50.0,175.0,3.5
Seekkuge Prasanna,Shubham Agarwal,8,8,0,3,0,0,37.5,100.0,8.0
Seekkuge Prasanna,Sonny Baker,6,20,0,0,3,1,0.0,333.33,20.0
Seekkuge Prasanna,Tilak Varma,2,2,0,0,0,0,0.0,100.0,2.0
Seekkuge Prasanna,Vaisakh Chandran,2,2,0,0,0,0,0.0,100.0,2.0
Seekkuge Prasanna,Varun Chakravarthy,1,0,1,1,0,0,100.0,0.0,0.0
Seekkuge Prasanna,Vishen Halambage,7,12,1,3,1,1,42.86,171.43,12.0
Seekkuge Prasanna,Yash Thakur,5,11,1,2,1,1,40.0,220.0,11.0
Senitha Halambage,Glenton Stuurman,1,0,1,1,0,0,100.0,0.0,0.0
Senitha Halambage,Sonny Baker,1,0,1,1,0,0,100.0,0.0,0.0
Shahbaz Ahmed,Aiden Markram,2,1,0,1,0,0,50.0,50.0,1.0
Shahbaz Ahmed,Akash Vasisht,6,3,2,3,0,0,50.0,50.0,1.5
Shahbaz Ahmed,Akeal Hosein,19,30,0,3,3,0,15.79,157.89,30.0
Shahbaz Ahmed,Allah Ghazanfar,7,15,0,1,1,1,14.29,214.29,15.0
Shahbaz Ahmed,Anukul Roy,2,7,0,0,0,1,0.0,350.0,7.0
Shahbaz Ahmed,Arpit Vasavada,4,2,1,2,0,0,50.0,50.0,2.0
Shahbaz Ahmed,Arshdeep Singh,11,25,0,0,1,2,0.0,227.27,25.0
Shahbaz Ahmed,Ashok Sharma,24,37,1,7,4,1,29.17,154.17,37.0
Shahbaz Ahmed,Axar Patel,4,11,0,1,1,1,25.0,275.0,11.0
Shahbaz Ahmed,Ben Stokes,6,12,0,3,1,1,50.0,200.0,12.0
Shahbaz Ahmed,Bhuvneshwar Kumar,5,9,1,2,0,1,40.0,180.0,9.0
Shahbaz Ahmed,Brian Bennett,1,0,1,1,0,0,100.0,0.0,0.0
Shahbaz Ahmed,CV Stephen,15,23,1,5,2,1,33.33,153.33,23.0
Shahbaz Ahmed,Corbin Bosch,4,6,0,0,0,0,0.0,150.0,6.0
Shahbaz Ahmed,Dushan Hemantha,6,8,1,2,1,0,33.33,133.33,8.0
Shahbaz Ahmed,Glenn Phillips,4,4,0,1,0,0,25.0,100.0,4.0
Shahbaz Ahmed,Glenton Stuurman,4,3,0,1,0,0,25.0,75.0,3.0
Shahbaz Ahmed,Gurinder Singh,11,12,4,6,2,0,54.55,109.09,3.0
Shahbaz Ahmed,Gus Atkinson,4,5,1,2,1,0,50.0,125.0,5.0
Shahbaz Ahmed,Hardik Pandya,5,3,0,3,0,0,60.0,60.0,3.0
Shahbaz Ahmed,Harpreet Brar,19,32,2,7,1,3,36.84,168.42,16.0
Shahbaz Ahmed,Harsh Dubey,10,18,1,3,3,0,30.0,180.0,18.0
Shahbaz Ahmed,Harshit Rana,4,4,0,1,0,0,25.0,100.0,4.0
Shahbaz Ahmed,Jacob Bethell,1,2,0,0,0,0,0.0,200.0,2.0
Shahbaz Ahmed,Jasprit Bumrah,7,10,0,2,0,1,28.57,142.86,10.0
Shahbaz Ahmed,Jaydev Unadkat,5,12,0,0,0,1,0.0,240.0,12.0
Shahbaz Ahmed,Joel Davies,1,0,0,1,0,0,100.0,0.0,0.0
Shahbaz Ahmed,Jofra Archer,2,2,0,0,0,0,0.0,100.0,2.0
Shahbaz Ahmed,Kagiso Rabada,4,5,1,1,0,0,25.0,125.0,5.0
Shahbaz Ahmed,Karan Lal,2,2,0,0,0,0,0.0,100.0,2.0
Shahbaz Ahmed,Kranthi Kumar,6,10,1,2,2,0,33.33,166.67,10.0
Shahbaz Ahmed,Krunal Pandya,3,2,0,1,0,0,33.33,66.67,2.0
Shahbaz Ahmed,Kuldeep Yadav,16,33,2,5,0,4,31.25,206.25,16.5
Shahbaz Ahmed,Lalit Yadav,3,2,0,1,0,0,33.33,66.67,2.0
Shahbaz Ahmed,Malinda Pushpakumara,14,14,3,6,1,0,42.86,100.0,4.67
Shahbaz Ahmed,Matt Renshaw,2,2,1,1,0,0,50.0,100.0,2.0
Shahbaz Ahmed,Mohammed Shami,14,24,0,4,3,1,28.57,171.43,24.0
Shahbaz Ahmed,Mohammed Siraj,13,28,2,3,4,1,23.08,215.38,14.0
Shahbaz Ahmed,Mridul Surroch,2,1,0,1,0,0,50.0,50.0,1.0
Shahbaz Ahmed,Mukhtar Hussain,3,6,0,0,1,0,0.0,200.0,6.0
Shahbaz Ahmed,Nishan Peiris,5,15,1,1,2,1,20.0,300.0,15.0
Shahbaz Ahmed,Nishant Sindhu,4,7,0,1,1,0,25.0,175.0,7.0
Shahbaz Ahmed,Pat Cummins,2,0,2,2,0,0,100.0,0.0,0.0
Shahbaz Ahmed,Prabath Jayasuriya,4,9,0,1,2,0,25.0,225.0,9.0
Shahbaz Ahmed,Praveen Jayawickrama,7,6,2,4,1,0,57.14,85.71,3.0
Shahbaz Ahmed,Prince Yadav,3,5,0,0,0,0,0.0,166.67,5.0
Shahbaz Ahmed,Rachin Ravindra,7,13,1,1,2,0,14.29,185.71,13.0
Shahbaz Ahmed,Raj Angad Bawa,2,2,0,1,0,0,50.0,100.0,2.0
Shahbaz Ahmed,Rashid Khan,10,15,0,4,1,1,40.0,150.0,15.0
Shahbaz Ahmed,Rasikh Dar,6,11,1,2,2,0,33.33,183.33,11.0
Shahbaz Ahmed,Ravi Bishnoi,5,5,1,1,0,0,20.0,100.0,5.0
Shahbaz Ahmed,Ravindra Jadeja,7,12,1,1,2,0,14.29,171.43,12.0
Shahbaz Ahmed,Riyan Parag,5,5,1,2,0,0,40.0,100.0,5.0
Shahbaz Ahmed,Sahan Arachchige,25,22,2,14,0,2,56.0,88.0,11.0
Shahbaz Ahmed,Sakib Hussain,1,0,1,1,0,0,100.0,0.0,0.0
Shahbaz Ahmed,Sam Curran,2,7,0,0,0,1,0.0,350.0,7.0
Shahbaz Ahmed,Senitha Halambage,2,2,0,0,0,0,0.0,100.0,2.0
Shahbaz Ahmed,Shiran Fernando,24,42,2,5,5,1,20.83,175.0,21.0
Shahbaz Ahmed,Shubham Agarwal,4,2,2,2,0,0,50.0,50.0,1.0
Shahbaz Ahmed,Sikandar Raza,7,17,0,0,1,1,0.0,242.86,17.0
Shahbaz Ahmed,Sunil Narine,11,18,0,2,1,1,18.18,163.64,18.0
Shahbaz Ahmed,Varun Chakravarthy,4,1,0,3,0,0,75.0,25.0,1.0
Shahbaz Ahmed,Vishen Halambage,2,2,1,1,0,0,50.0,100.0,2.0
Shahbaz Ahmed,Wanindu Hasaranga,14,17,1,8,0,2,57.14,121.43,17.0
Shahbaz Ahmed,Washington Sundar,13,22,1,4,1,2,30.77,169.23,22.0
Shahbaz Ahmed,Will Jacks,11,7,1,6,0,0,54.55,63.64,7.0
Shardul Thakur,Akeal Hosein,1,0,1,1,0,0,100.0,0.0,0.0
Shardul Thakur,Ashok Sharma,1,1,0,0,0,0,0.0,100.0,1.0
Shardul Thakur,Bhuvneshwar Kumar,7,8,1,3,1,0,42.86,114.29,8.0
Shardul Thakur,Brian Bennett,1,0,1,1,0,0,100.0,0.0,0.0
Shardul Thakur,Corbin Bosch,8,9,0,3,1,0,37.5,112.5,9.0
Shardul Thakur,Karan Lal,1,0,1,1,0,0,100.0,0.0,0.0
Shardul Thakur,Kartik Tyagi,5,7,2,3,0,1,60.0,140.0,3.5
Shardul Thakur,Kuldeep Yadav,1,1,0,0,0,0,0.0,100.0,1.0
Shardul Thakur,Manav Suthar,3,4,1,1,0,0,33.33,133.33,4.0
Shardul Thakur,Pat Cummins,7,3,1,4,0,0,57.14,42.86,3.0
Shardul Thakur,Prashant Solanki,5,7,0,1,0,0,20.0,140.0,7.0
Shardul Thakur,Raj Angad Bawa,3,7,0,1,1,0,33.33,233.33,7.0
Shardul Thakur,Rasikh Dar,5,11,1,1,0,1,20.0,220.0,11.0
Shardul Thakur,Ravindra Jadeja,1,1,0,0,0,0,0.0,100.0,1.0
Shardul Thakur,Scott Curie,3,4,0,0,0,0,0.0,133.33,4.0
Shardul Thakur,Seekkuge Prasanna,4,1,1,3,0,0,75.0,25.0,1.0
Shardul Thakur,Shiran Fernando,1,0,1,1,0,0,100.0,0.0,0.0
Shardul Thakur,T Natarajan,8,20,0,1,2,0,12.5,250.0,20.0
Shardul Thakur,Vishen Halambage,9,13,1,3,0,1,33.33,144.44,13.0
Shardul Thakur,Washington Sundar,2,2,0,0,0,0,0.0,100.0,2.0
Shashank Singh,Adam Zampa,2,0,1,2,0,0,100.0,0.0,0.0
Shashank Singh,Atit Sheth,3,3,0,0,0,0,0.0,100.0,3.0
Shashank Singh,Mohammed Siraj,1,1,0,0,0,0,0.0,100.0,1.0
Shashank Singh,Prabath Jayasuriya,1,3,0,0,0,0,0.0,300.0,3.0
Shashank Singh,Sahan Arachchige,2,2,1,1,0,0,50.0,100.0,2.0
Shashank Singh,Scott Curie,2,6,1,1,0,1,50.0,300.0,6.0
Shashank Singh,Shahbaz Ahmed,2,5,0,0,1,0,0.0,250.0,5.0
Shashank Singh,Shiran Fernando,3,1,1,2,0,0,66.67,33.33,1.0
Sherfane Rutherford,Adam Zampa,3,1,0,2,0,0,66.67,33.33,1.0
Sherfane Rutherford,Akash Vasisht,3,7,0,1,0,1,33.33,233.33,7.0
Sherfane Rutherford,Akeal Hosein,7,9,0,0,0,0,0.0,128.57,9.0
Sherfane Rutherford,Allah Ghazanfar,6,4,0,2,0,0,33.33,66.67,4.0
Sherfane Rutherford,Anrich Nortje,9,6,1,4,0,0,44.44,66.67,6.0
Sherfane Rutherford,Anshul Kamboj,3,9,0,1,0,1,33.33,300.0,9.0
Sherfane Rutherford,Anukul Roy,8,12,0,2,0,1,25.0,150.0,12.0
Sherfane Rutherford,Arshdeep Singh,3,3,0,0,0,0,0.0,100.0,3.0
Sherfane Rutherford,Ashok Sharma,5,3,0,3,0,0,60.0,60.0,3.0
Sherfane Rutherford,Atit Sheth,1,0,1,1,0,0,100.0,0.0,0.0
Sherfane Rutherford,Avinov Choudhary,4,5,0,2,1,0,50.0,125.0,5.0
Sherfane Rutherford,Bhuvneshwar Kumar,3,2,0,1,0,0,33.33,66.67,2.0
Sherfane Rutherford,CV Stephen,5,10,0,0,0,1,0.0,200.0,10.0
Sherfane Rutherford,Dian Forrester,3,2,0,1,0,0,33.33,66.67,2.0
Sherfane Rutherford,Donovan Ferreira,8,7,1,3,0,0,37.5,87.5,7.0
Sherfane Rutherford,Gurinder Singh,3,4,0,0,0,0,0.0,133.33,4.0
Sherfane Rutherford,Hardik Pandya,4,6,0,1,1,0,25.0,150.0,6.0
Sherfane Rutherford,Harpreet Brar,3,4,0,0,0,0,0.0,133.33,4.0
Sherfane Rutherford,Harsh Dubey,1,1,0,0,0,0,0.0,100.0,1.0
Sherfane Rutherford,Jaydev Unadkat,4,9,0,0,1,0,0.0,225.0,9.0
Sherfane Rutherford,Joel Davies,2,2,0,0,0,0,0.0,100.0,2.0
Sherfane Rutherford,Jofra Archer,5,8,1,1,1,0,20.0,160.0,8.0
Sherfane Rutherford,Josh Hazlewood,3,4,0,2,1,0,66.67,133.33,4.0
Sherfane Rutherford,Kagiso Rabada,5,11,0,1,0,1,20.0,220.0,11.0
Sherfane Rutherford,Karan Lal,4,6,0,0,0,0,0.0,150.0,6.0
Sherfane Rutherford,Kranthi Kumar,4,8,0,1,0,1,25.0,200.0,8.0
Sherfane Rutherford,Krunal Pandya,3,5,0,1,1,0,33.33,166.67,5.0
Sherfane Rutherford,Liam Livingstone,11,22,1,4,3,1,36.36,200.0,22.0
Sherfane Rutherford,Malinda Pushpakumara,6,5,1,2,0,0,33.33,83.33,5.0
Sherfane Rutherford,Matheesha Pathirana,8,5,0,3,0,0,37.5,62.5,5.0
Sherfane Rutherford,Mitchell Owen,7,10,0,0,1,0,0.0,142.86,10.0
Sherfane Rutherford,Mitchell Starc,10,13,2,5,1,1,50.0,130.0,6.5
Sherfane Rutherford,Mohammed Siraj,6,13,0,1,1,1,16.67,216.67,13.0
Sherfane Rutherford,Ottneil Baartman,4,4,0,1,0,0,25.0,100.0,4.0
Sherfane Rutherford,Prashant Veer,5,8,0,2,0,1,40.0,160.0,8.0
Sherfane Rutherford,Praveen Jayawickrama,8,15,2,3,0,2,37.5,187.5,7.5
Sherfane Rutherford,Rasikh Dar,11,26,3,3,2,2,27.27,236.36,8.67
Sherfane Rutherford,Ravi Bishnoi,5,10,0,0,0,1,0.0,200.0,10.0
Sherfane Rutherford,Ravi Teja,7,18,0,0,3,0,0.0,257.14,18.0
Sherfane Rutherford,Riyan Parag,4,8,0,0,1,0,0.0,200.0,8.0
Sherfane Rutherford,Sai Kishore,2,1,0,1,0,0,50.0,50.0,1.0
Sherfane Rutherford,Sairaj Patil,13,14,0,7,1,1,53.85,107.69,14.0
Sherfane Rutherford,Sam Curran,10,23,0,1,1,2,10.0,230.0,23.0
Sherfane Rutherford,Sanvir Singh,4,6,1,1,1,0,25.0,150.0,6.0
Sherfane Rutherford,Scott Curie,9,5,1,5,0,0,55.56,55.56,5.0
Sherfane Rutherford,Shiran Fernando,2,2,0,0,0,0,0.0,100.0,2.0
Sherfane Rutherford,Shivam Shukla,6,10,0,1,0,1,16.67,166.67,10.0
Sherfane Rutherford,Shubham Agarwal,6,9,1,2,0,1,33.33,150.0,9.0
Sherfane Rutherford,Tanay Thyagarajan,4,7,0,2,0,1,50.0,175.0,7.0
Sherfane Rutherford,Tharindu Rathnanayake,3,5,0,1,1,0,33.33,166.67,5.0
Sherfane Rutherford,Vishen Halambage,3,2,0,1,0,0,33.33,66.67,2.0
Sherfane Rutherford,Wanindu Hasaranga,9,6,0,3,0,0,33.33,66.67,6.0
Sherfane Rutherford,Washington Sundar,5,9,0,0,1,0,0.0,180.0,9.0
Sherfane Rutherford,Will Jacks,5,3,0,2,0,0,40.0,60.0,3.0
Shimron Hetmyer,Ashok Sharma,6,6,0,1,0,0,16.67,100.0,6.0
Shimron Hetmyer,Bhuvneshwar Kumar,3,3,0,0,0,0,0.0,100.0,3.0
Shimron Hetmyer,Dunith Wellalage,4,6,0,1,1,0,25.0,150.0,6.0
Shimron Hetmyer,Gurinder Singh,7,9,0,2,1,0,28.57,128.57,9.0
Shimron Hetmyer,Joel Davies,6,8,0,0,0,0,0.0,133.33,8.0
Shimron Hetmyer,Karan Lal,8,7,0,2,0,0,25.0,87.5,7.0
Shimron Hetmyer,Liam Livingstone,4,12,0,0,1,1,0.0,300.0,12.0
Shimron Hetmyer,Mohsin Khan,8,8,0,0,0,0,0.0,100.0,8.0
Shimron Hetmyer,Sai Kishore,6,11,1,1,0,1,16.67,183.33,11.0
Shimron Hetmyer,Shivam Dube,3,4,0,0,0,0,0.0,133.33,4.0
Shimron Hetmyer,Sunil Narine,4,14,1,1,0,2,25.0,350.0,14.0
Shiran Fernando,Adam Zampa,10,13,0,1,0,0,10.0,130.0,13.0
Shiran Fernando,Adil Rashid,2,0,1,2,0,0,100.0,0.0,0.0
Shiran Fernando,Akash Vasisht,2,1,0,1,0,0,50.0,50.0,1.0
Shiran Fernando,Akeal Hosein,2,4,1,1,1,0,50.0,200.0,4.0
Shiran Fernando,Arshdeep Singh,3,1,1,2,0,0,66.67,33.33,1.0
Shiran Fernando,Ashok Sharma,4,4,1,1,0,0,25.0,100.0,4.0
Shiran Fernando,Atit Sheth,3,4,0,0,0,0,0.0,133.33,4.0
Shiran Fernando,Axar Patel,1,0,1,1,0,0,100.0,0.0,0.0
Shiran Fernando,Bhuvneshwar Kumar,8,6,1,3,0,0,37.5,75.0,6.0
Shiran Fernando,CV Stephen,8,11,1,1,1,0,12.5,137.5,11.0
Shiran Fernando,Cameron Green,4,5,0,1,0,0,25.0,125.0,5.0
Shiran Fernando,Corbin Bosch,2,1,1,1,0,0,50.0,50.0,1.0
Shiran Fernando,Dian Forrester,2,2,0,0,0,0,0.0,100.0,2.0
Shiran Fernando,Dushan Hemantha,1,1,0,0,0,0,0.0,100.0,1.0
Shiran Fernando,Harpreet Brar,4,6,0,0,0,0,0.0,150.0,6.0
Shiran Fernando,Harsh Dubey,3,7,1,1,0,1,33.33,233.33,7.0
Shiran Fernando,Jamie Overton,4,8,1,1,1,0,25.0,200.0,8.0
Shiran Fernando,Jasprit Bumrah,5,4,0,1,0,0,20.0,80.0,4.0
Shiran Fernando,Josh Hazlewood,5,7,1,1,0,0,20.0,140.0,7.0
Shiran Fernando,Kagiso Rabada,2,3,0,0,0,0,0.0,150.0,3.0
Shiran Fernando,Kranthi Kumar,3,3,0,0,0,0,0.0,100.0,3.0
Shiran Fernando,Krishnappa Gowtham,3,1,1,2,0,0,66.67,33.33,1.0
Shiran Fernando,Kuldeep Yadav,4,4,1,1,0,0,25.0,100.0,4.0
Shiran Fernando,Liam Livingstone,4,5,0,1,0,0,25.0,125.0,5.0
Shiran Fernando,Luke Wood,2,2,0,0,0,0,0.0,100.0,2.0
Shiran Fernando,Lungi Ngidi,4,5,0,0,0,0,0.0,125.0,5.0
Shiran Fernando,Malinda Pushpakumara,13,14,1,2,0,0,15.38,107.69,14.0
Shiran Fernando,Matheesha Pathirana,3,3,0,0,0,0,0.0,100.0,3.0
Shiran Fernando,Matt Short,3,3,0,0,0,0,0.0,100.0,3.0
Shiran Fernando,Mitchell Starc,8,8,3,3,0,0,37.5,100.0,2.67
Shiran Fernando,Mohammed Shami,7,11,0,0,0,0,0.0,157.14,11.0
Shiran Fernando,Mohammed Siraj,7,8,0,0,0,0,0.0,114.29,8.0
Shiran Fernando,Mukhtar Hussain,5,6,0,1,0,0,20.0,120.0,6.0
Shiran Fernando,Nathan Ellis,7,9,0,0,0,0,0.0,128.57,9.0
Shiran Fernando,Nishan Peiris,1,1,0,0,0,0,0.0,100.0,1.0
Shiran Fernando,Nitish Kumar Reddy,12,12,1,5,1,0,41.67,100.0,12.0
Shiran Fernando,Pat Cummins,4,3,0,1,0,0,25.0,75.0,3.0
Shiran Fernando,Prashant Veer,2,3,0,0,0,0,0.0,150.0,3.0
Shiran Fernando,Praveen Jayawickrama,2,1,0,1,0,0,50.0,50.0,1.0
Shiran Fernando,Prince Yadav,2,3,0,0,0,0,0.0,150.0,3.0
Shiran Fernando,Rachin Ravindra,1,0,0,1,0,0,100.0,0.0,0.0
Shiran Fernando,Rashid Khan,4,3,0,2,0,0,50.0,75.0,3.0
Shiran Fernando,Ravindra Jadeja,2,2,1,1,0,0,50.0,100.0,2.0
Shiran Fernando,Sahan Arachchige,4,4,1,1,0,0,25.0,100.0,4.0
Shiran Fernando,Sairaj Patil,1,1,0,0,0,0,0.0,100.0,1.0
Shiran Fernando,Sam Curran,1,0,1,1,0,0,100.0,0.0,0.0
Shiran Fernando,Scott Curie,3,2,1,1,0,0,33.33,66.67,2.0
Shiran Fernando,Senitha Halambage,1,1,0,0,0,0,0.0,100.0,1.0
Shiran Fernando,Shiran Fernando,1,0,1,1,0,0,100.0,0.0,0.0
Shiran Fernando,Shivam Dube,3,7,0,1,0,1,33.33,233.33,7.0
Shiran Fernando,Sunil Narine,3,2,1,1,0,0,33.33,66.67,2.0
Shiran Fernando,Tilak Varma,3,1,0,2,0,0,66.67,33.33,1.0
Shiran Fernando,Vishen Halambage,5,4,0,2,0,0,40.0,80.0,4.0
Shiran Fernando,Wanindu Hasaranga,6,5,2,4,1,0,66.67,83.33,2.5
Shiran Fernando,Washington Sundar,3,2,1,1,0,0,33.33,66.67,2.0
Shiran Fernando,Will Jacks,1,0,0,1,0,0,100.0,0.0,0.0
Shivam Dube,Adam Zampa,13,10,3,6,1,0,46.15,76.92,3.33
Shivam Dube,Adil Rashid,4,3,1,2,0,0,50.0,75.0,3.0
Shivam Dube,Ajay Dev Goud,1,1,0,0,0,0,0.0,100.0,1.0
Shivam Dube,Akash Vasisht,8,12,0,3,2,0,37.5,150.0,12.0
Shivam Dube,Akeal Hosein,29,61,1,6,2,6,20.69,210.34,61.0
Shivam Dube,Anukul Roy,2,4,0,0,0,0,0.0,200.0,4.0
Shivam Dube,Arjun Tendulkar,9,7,0,5,0,0,55.56,77.78,7.0
Shivam Dube,Arpit Vasavada,1,1,0,0,0,0,0.0,100.0,1.0
Shivam Dube,Arshdeep Singh,9,9,0,2,0,0,22.22,100.0,9.0
Shivam Dube,Ashok Sharma,18,33,1,3,3,1,16.67,183.33,33.0
Shivam Dube,Ashwin Das,1,6,0,0,0,1,0.0,600.0,6.0
Shivam Dube,Athisayaraj Davidson,1,1,0,0,0,0,0.0,100.0,1.0
Shivam Dube,Atit Sheth,4,7,0,2,0,1,50.0,175.0,7.0
Shivam Dube,Axar Patel,3,5,0,0,0,0,0.0,166.67,5.0
Shivam Dube,Ben Stokes,7,12,0,2,2,0,28.57,171.43,12.0
Shivam Dube,Bhuvneshwar Kumar,6,13,0,1,1,1,16.67,216.67,13.0
Shivam Dube,CV Stephen,4,15,0,0,0,2,0.0,375.0,15.0
Shivam Dube,Chetan Sakariya,4,12,0,0,1,1,0.0,300.0,12.0
Shivam Dube,Corbin Bosch,12,9,1,4,0,0,33.33,75.0,9.0
Shivam Dube,Darshan Nalkande,2,2,0,0,0,0,0.0,100.0,2.0
Shivam Dube,Dian Forrester,21,34,2,7,5,1,33.33,161.9,17.0
Shivam Dube,Donovan Ferreira,3,6,0,0,1,0,0.0,200.0,6.0
Shivam Dube,Dushan Hemantha,2,2,0,0,0,0,0.0,100.0,2.0
Shivam Dube,Gangam Anikethreddy,3,2,0,1,0,0,33.33,66.67,2.0
Shivam Dube,Gurinder Singh,28,44,0,6,1,3,21.43,157.14,44.0
Shivam Dube,Gus Atkinson,6,14,0,2,0,2,33.33,233.33,14.0
Shivam Dube,Hardik Pandya,9,7,0,2,0,0,22.22,77.78,7.0
Shivam Dube,Harpreet Brar,18,27,3,6,1,2,33.33,150.0,9.0
Shivam Dube,Harshal Patel,5,8,0,1,1,0,20.0,160.0,8.0
Shivam Dube,Ishant Sharma,2,2,0,0,0,0,0.0,100.0,2.0
Shivam Dube,Ismat Alam,3,5,0,0,0,0,0.0,166.67,5.0
Shivam Dube,Jai Moondra,2,5,0,0,1,0,0.0,250.0,5.0
Shivam Dube,Jamie Overton,8,18,0,0,2,0,0.0,225.0,18.0
Shivam Dube,Jason Holder,4,5,0,0,0,0,0.0,125.0,5.0
Shivam Dube,Jasprit Bumrah,1,1,0,0,0,0,0.0,100.0,1.0
Shivam Dube,Jaydev Unadkat,4,5,0,2,1,0,50.0,125.0,5.0
Shivam Dube,Josh Hazlewood,17,30,2,4,0,3,23.53,176.47,15.0
Shivam Dube,Kagiso Rabada,2,2,0,0,0,0,0.0,100.0,2.0
Shivam Dube,Karan Lal,4,11,0,0,0,1,0.0,275.0,11.0
Shivam Dube,Kranthi Kumar,1,0,1,1,0,0,100.0,0.0,0.0
Shivam Dube,Krunal Pandya,9,15,1,2,2,0,22.22,166.67,15.0
Shivam Dube,Kuldeep Yadav,14,13,5,8,0,1,57.14,92.86,2.6
Shivam Dube,Lalit Yadav,5,5,0,1,0,0,20.0,100.0,5.0
Shivam Dube,Liam Livingstone,1,0,1,1,0,0,100.0,0.0,0.0
Shivam Dube,Lockie Ferguson,1,1,0,0,0,0,0.0,100.0,1.0
Shivam Dube,Lungi Ngidi,1,0,1,1,0,0,100.0,0.0,0.0
Shivam Dube,Malinda Pushpakumara,14,13,3,5,1,0,35.71,92.86,4.33
Shivam Dube,Marcus Stoinis,1,0,1,1,0,0,100.0,0.0,0.0
Shivam Dube,Matt Henry,9,29,0,1,2,3,11.11,322.22,29.0
Shivam Dube,Mitchell Marsh,2,2,0,0,0,0,0.0,100.0,2.0
Shivam Dube,Mitchell Starc,8,8,2,3,1,0,37.5,100.0,4.0
Shivam Dube,Mohammed Shami,11,35,0,1,3,3,9.09,318.18,35.0
Shivam Dube,Mridul Surroch,15,33,0,1,1,3,6.67,220.0,33.0
Shivam Dube,Naman Dhir,3,5,0,0,0,0,0.0,166.67,5.0
Shivam Dube,Nathan Ellis,2,2,0,0,0,0,0.0,100.0,2.0
Shivam Dube,Nishan Peiris,6,6,0,0,0,0,0.0,100.0,6.0
Shivam Dube,Nitish Kumar Reddy,4,2,1,2,0,0,50.0,50.0,2.0
Shivam Dube,Prabath Jayasuriya,17,28,0,0,1,0,0.0,164.71,28.0
Shivam Dube,Prashant Veer,6,6,0,0,0,0,0.0,100.0,6.0
Shivam Dube,Praveen Jayawickrama,15,24,2,3,1,1,20.0,160.0,12.0
Shivam Dube,Prince Yadav,5,5,0,0,0,0,0.0,100.0,5.0
Shivam Dube,Rachin Ravindra,9,13,0,2,0,1,22.22,144.44,13.0
Shivam Dube,Rahul Chahar,1,4,0,0,1,0,0.0,400.0,4.0
Shivam Dube,Rashid Khan,6,7,2,2,0,0,33.33,116.67,3.5
Shivam Dube,Ravi Bishnoi,17,22,1,2,0,1,11.76,129.41,22.0
Shivam Dube,Ravindra Jadeja,18,25,0,2,0,1,11.11,138.89,25.0
Shivam Dube,Sahan Arachchige,10,18,0,0,2,0,0.0,180.0,18.0
Shivam Dube,Sakib Hussain,4,9,0,0,0,1,0.0,225.0,9.0
Shivam Dube,Sanvir Singh,7,9,0,1,0,0,14.29,128.57,9.0
Shivam Dube,Scott Curie,20,41,3,6,1,4,30.0,205.0,13.67
Shivam Dube,Seekkuge Prasanna,6,4,0,2,0,0,33.33,66.67,4.0
Shivam Dube,Shardul Thakur,4,12,0,0,1,1,0.0,300.0,12.0
Shivam Dube,Shiran Fernando,23,40,0,3,1,3,13.04,173.91,40.0
Shivam Dube,Shivam Shukla,5,10,0,0,1,0,0.0,200.0,10.0
Shivam Dube,Shubham Agarwal,11,10,2,6,1,0,54.55,90.91,5.0
Shivam Dube,Sonny Baker,2,3,0,0,0,0,0.0,150.0,3.0
Shivam Dube,Sunil Narine,5,10,1,1,0,1,20.0,200.0,10.0
Shivam Dube,Suryansh Shedge,4,3,0,1,0,0,25.0,75.0,3.0
Shivam Dube,Tanay Thyagarajan,18,30,0,4,4,0,22.22,166.67,30.0
Shivam Dube,Varun Chakravarthy,21,40,1,3,5,0,14.29,190.48,40.0
Shivam Dube,Vicky Ostwal,1,3,0,0,0,0,0.0,300.0,3.0
Shivam Dube,Vignesh Puthur,7,7,2,4,1,0,57.14,100.0,3.5
Shivam Dube,Vishen Halambage,34,44,4,8,3,1,23.53,129.41,11.0
Shivam Dube,Wanindu Hasaranga,7,8,1,2,1,0,28.57,114.29,8.0
Shivam Dube,Washington Sundar,10,24,0,2,2,2,20.0,240.0,24.0
Shivam Dube,Will Jacks,10,26,0,2,6,0,20.0,260.0,26.0
Shivam Dube,Yuzvendra Chahal,5,9,1,2,0,1,40.0,180.0,9.0
Shivam Mavi,Akeal Hosein,4,2,0,2,0,0,50.0,50.0,2.0
Shivam Mavi,Anrich Nortje,2,9,0,0,0,1,0.0,450.0,9.0
Shivam Mavi,Anukul Roy,4,10,1,1,2,0,25.0,250.0,10.0
Shivam Mavi,Atit Sheth,2,2,1,1,0,0,50.0,100.0,2.0
Shivam Mavi,Ben Stokes,1,0,1,1,0,0,100.0,0.0,0.0
Shivam Mavi,CV Stephen,3,6,1,2,0,1,66.67,200.0,6.0
Shivam Mavi,Gurinder Singh,1,1,0,0,0,0,0.0,100.0,1.0
Shivam Mavi,Harpreet Brar,4,7,0,0,0,0,0.0,175.0,7.0
Shivam Mavi,Harsh Dubey,1,1,0,0,0,0,0.0,100.0,1.0
Shivam Mavi,Jasprit Bumrah,5,7,1,1,0,0,20.0,140.0,7.0
Shivam Mavi,Kuldeep Yadav,4,7,0,0,1,0,0.0,175.0,7.0
Shivam Mavi,Lungi Ngidi,1,0,1,1,0,0,100.0,0.0,0.0
Shivam Mavi,Pat Cummins,2,2,0,0,0,0,0.0,100.0,2.0
Shivam Mavi,Ravi Bishnoi,1,0,1,1,0,0,100.0,0.0,0.0
Shivam Mavi,Sakib Hussain,1,1,0,0,0,0,0.0,100.0,1.0
Shivam Mavi,Washington Sundar,4,5,1,2,1,0,50.0,125.0,5.0
Shivam Mavi,Will Jacks,2,1,0,1,0,0,50.0,50.0,1.0
Shivam Shukla,Blessing Muzarbani,3,5,0,0,0,0,0.0,166.67,5.0
Shivam Shukla,CV Stephen,3,2,1,1,0,0,33.33,66.67,2.0
Shivam Shukla,Chetan Sakariya,4,7,0,1,1,0,25.0,175.0,7.0
Shivam Shukla,Dian Forrester,2,7,0,0,0,1,0.0,350.0,7.0
Shivam Shukla,Dushan Hemantha,3,5,0,0,0,0,0.0,166.67,5.0
Shivam Shukla,Harpreet Brar,5,11,0,1,0,1,20.0,220.0,11.0
Shivam Shukla,Harshal Patel,4,4,0,3,1,0,75.0,100.0,4.0
Shivam Shukla,Josh Hazlewood,7,7,0,5,0,1,71.43,100.0,7.0
Shivam Shukla,KM Asif,3,10,0,0,0,1,0.0,333.33,10.0
Shivam Shukla,Kangabam Priyojit Singh,2,2,0,0,0,0,0.0,100.0,2.0
Shivam Shukla,Malinda Pushpakumara,5,6,0,1,0,0,20.0,120.0,6.0
Shivam Shukla,Matt Henry,8,11,2,4,2,0,50.0,137.5,5.5
Shivam Shukla,Mitchell Starc,1,0,1,1,0,0,100.0,0.0,0.0
Shivam Shukla,Ravi Bishnoi,5,3,0,2,0,0,40.0,60.0,3.0
Shivam Shukla,Sam Curran,1,1,0,0,0,0,0.0,100.0,1.0
Shivam Shukla,Vipraj Nigam,6,7,0,4,0,1,66.67,116.67,7.0
Shivang Kumar,Allah Ghazanfar,3,4,0,0,0,0,0.0,133.33,4.0
Shivang Kumar,Ashok Sharma,2,1,0,1,0,0,50.0,50.0,1.0
Shivang Kumar,CV Stephen,6,5,1,3,0,0,50.0,83.33,5.0
Shivang Kumar,Chetan Sakariya,3,1,0,2,0,0,66.67,33.33,1.0
Shivang Kumar,Darshan Nalkande,5,1,0,4,0,0,80.0,20.0,1.0
Shivang Kumar,Gurinder Singh,1,1,0,0,0,0,0.0,100.0,1.0
Shivang Kumar,Harsh Dubey,3,6,0,2,0,1,66.67,200.0,6.0
Shivang Kumar,Josh Hazlewood,1,0,1,1,0,0,100.0,0.0,0.0
Shivang Kumar,Malinda Pushpakumara,1,1,0,0,0,0,0.0,100.0,1.0
Shivang Kumar,Prabath Jayasuriya,6,15,1,2,2,1,33.33,250.0,15.0
Shivang Kumar,Shiran Fernando,2,0,1,2,0,0,100.0,0.0,0.0
Shivang Kumar,Washington Sundar,1,0,1,1,0,0,100.0,0.0,0.0
Shivang Kumar,Will Jacks,1,1,0,0,0,0,0.0,100.0,1.0
Shreyas Iyer,Adam Zampa,53,63,0,22,5,2,41.51,118.87,63.0
Shreyas Iyer,Adil Rashid,19,14,1,9,1,0,47.37,73.68,14.0
Shreyas Iyer,Ajay Dev Goud,16,27,0,3,1,2,18.75,168.75,27.0
Shreyas Iyer,Akash Vasisht,26,38,1,5,4,0,19.23,146.15,38.0
Shreyas Iyer,Akeal Hosein,61,94,5,19,7,5,31.15,154.1,18.8
Shreyas Iyer,Allah Ghazanfar,15,24,1,3,0,2,20.0,160.0,24.0
Shreyas Iyer,Amila Aponso,9,17,0,1,1,1,11.11,188.89,17.0
Shreyas Iyer,Anshul Kamboj,5,10,1,1,0,1,20.0,200.0,10.0
Shreyas Iyer,Anukul Roy,26,31,0,5,1,1,19.23,119.23,31.0
Shreyas Iyer,Arpit Vasavada,17,23,1,3,2,0,17.65,135.29,23.0
Shreyas Iyer,Arshdeep Singh,46,76,4,17,5,5,36.96,165.22,19.0
Shreyas Iyer,Ashish Singh,8,10,0,0,0,0,0.0,125.0,10.0
Shreyas Iyer,Ashok Sharma,108,200,7,27,16,11,25.0,185.19,28.57
Shreyas Iyer,Atit Sheth,22,37,1,3,4,1,13.64,168.18,37.0
Shreyas Iyer,Avinov Choudhary,21,46,0,4,4,3,19.05,219.05,46.0
Shreyas Iyer,Axar Patel,46,80,0,10,5,5,21.74,173.91,80.0
Shreyas Iyer,Ben Stokes,17,33,1,5,3,2,29.41,194.12,33.0
Shreyas Iyer,Bhuvneshwar Kumar,61,95,0,15,3,7,24.59,155.74,95.0
Shreyas Iyer,Binura Fernando,6,8,0,0,0,0,0.0,133.33,8.0
Shreyas Iyer,Blessing Muzarbani,8,16,0,2,1,1,25.0,200.0,16.0
Shreyas Iyer,Brad Evans,36,68,3,10,3,6,27.78,188.89,22.67
Shreyas Iyer,Brian Bennett,15,38,0,0,5,1,0.0,253.33,38.0
Shreyas Iyer,CV Stephen,88,149,3,29,10,11,32.95,169.32,49.67
Shreyas Iyer,Cameron Green,33,44,0,6,4,0,18.18,133.33,44.0
Shreyas Iyer,Chetan Sakariya,25,61,0,2,4,4,8.0,244.0,61.0
Shreyas Iyer,Corbin Bosch,24,40,2,4,2,2,16.67,166.67,20.0
Shreyas Iyer,Craig Overton,1,5,0,0,1,0,0.0,500.0,5.0
Shreyas Iyer,Dan Lawrence,3,5,0,1,1,0,33.33,166.67,5.0
Shreyas Iyer,Delano Potgieter,2,2,0,0,0,0,0.0,100.0,2.0
Shreyas Iyer,Dian Forrester,71,129,3,18,11,7,25.35,181.69,43.0
Shreyas Iyer,Duan Jansen,5,16,0,0,1,1,0.0,320.0,16.0
Shreyas Iyer,Dunith Wellalage,9,19,0,2,2,1,22.22,211.11,19.0
Shreyas Iyer,Dushan Hemantha,74,144,2,14,9,10,18.92,194.59,72.0
Shreyas Iyer,Gangam Anikethreddy,12,13,1,3,0,0,25.0,108.33,13.0
Shreyas Iyer,Glenton Stuurman,5,7,0,1,1,0,20.0,140.0,7.0
Shreyas Iyer,Gurinder Singh,30,28,3,14,2,1,46.67,93.33,9.33
Shreyas Iyer,Gurnoor Singh Brar,5,11,0,0,0,1,0.0,220.0,11.0
Shreyas Iyer,Gus Atkinson,19,38,1,2,1,3,10.53,200.0,38.0
Shreyas Iyer,Hardik Pandya,67,149,1,5,6,10,7.46,222.39,149.0
Shreyas Iyer,Harpreet Brar,86,178,2,15,13,12,17.44,206.98,89.0
Shreyas Iyer,Harsh Dubey,32,42,0,10,4,1,31.25,131.25,42.0
Shreyas Iyer,Harshal Patel,2,5,0,0,1,0,0.0,250.0,5.0
Shreyas Iyer,Harshit Rana,1,0,1,1,0,0,100.0,0.0,0.0
Shreyas Iyer,Ishant Sharma,28,53,1,4,3,3,14.29,189.29,53.0
Shreyas Iyer,Jacob Bethell,1,1,0,0,0,0,0.0,100.0,1.0
Shreyas Iyer,Jacob Duffy,8,5,0,4,0,0,50.0,62.5,5.0
Shreyas Iyer,Jai Moondra,11,16,1,1,0,0,9.09,145.45,16.0
Shreyas Iyer,Jamie Overton,4,5,0,0,0,0,0.0,125.0,5.0
Shreyas Iyer,Jasprit Bumrah,41,69,1,5,1,5,12.2,168.29,69.0
Shreyas Iyer,Jaydev Unadkat,7,17,0,1,2,1,14.29,242.86,17.0
Shreyas Iyer,Joel Davies,32,41,3,12,1,3,37.5,128.12,13.67
Shreyas Iyer,Jofra Archer,9,16,0,2,1,1,22.22,177.78,16.0
Shreyas Iyer,Josh Hazlewood,14,17,2,3,2,0,21.43,121.43,8.5
Shreyas Iyer,Josh Tongue,8,20,0,1,0,2,12.5,250.0,20.0
Shreyas Iyer,KM Asif,8,10,1,2,1,0,25.0,125.0,10.0
Shreyas Iyer,Kagiso Rabada,17,26,1,2,2,1,11.76,152.94,26.0
Shreyas Iyer,Karan Lal,39,81,2,3,5,5,7.69,207.69,40.5
Shreyas Iyer,Khaleel Ahmed,12,30,0,0,1,2,0.0,250.0,30.0
Shreyas Iyer,Kranthi Kumar,79,141,2,15,7,6,18.99,178.48,70.5
Shreyas Iyer,Krishnappa Gowtham,9,14,0,1,1,0,11.11,155.56,14.0
Shreyas Iyer,Krunal Pandya,36,84,0,2,2,8,5.56,233.33,84.0
Shreyas Iyer,Kuldeep Yadav,61,107,3,11,4,7,18.03,175.41,35.67
Shreyas Iyer,Lalit Yadav,8,10,0,1,0,0,12.5,125.0,10.0
Shreyas Iyer,Lance Morris,27,26,0,10,1,1,37.04,96.3,26.0
Shreyas Iyer,Lasith Embuldeniya,18,31,0,2,2,1,11.11,172.22,31.0
Shreyas Iyer,Liam Livingstone,10,26,0,1,1,2,10.0,260.0,26.0
Shreyas Iyer,Lone Nasir Muzaffar,3,9,0,0,0,1,0.0,300.0,9.0
Shreyas Iyer,Lungi Ngidi,28,34,1,6,2,0,21.43,121.43,34.0
Shreyas Iyer,Malinda Pushpakumara,65,96,3,16,5,5,24.62,147.69,32.0
Shreyas Iyer,Manav Suthar,23,41,1,7,1,4,30.43,178.26,41.0
Shreyas Iyer,Manisankar Murasingh,7,8,1,1,0,0,14.29,114.29,8.0
Shreyas Iyer,Marcus Stoinis,6,6,0,1,0,0,16.67,100.0,6.0
Shreyas Iyer,Matt Henry,7,16,2,4,1,2,57.14,228.57,8.0
Shreyas Iyer,Matt Renshaw,2,3,0,0,0,0,0.0,150.0,3.0
Shreyas Iyer,Matthew Forde,5,4,1,1,0,0,20.0,80.0,4.0
Shreyas Iyer,Mitchell Marsh,9,27,0,0,2,2,0.0,300.0,27.0
Shreyas Iyer,Mitchell Starc,45,68,2,11,4,4,24.44,151.11,34.0
Shreyas Iyer,Mohamed Shiraz,4,8,0,0,1,0,0.0,200.0,8.0
Shreyas Iyer,Mohammed Shami,24,49,0,3,2,3,12.5,204.17,49.0
Shreyas Iyer,Mohammed Siraj,63,112,3,16,8,6,25.4,177.78,37.33
Shreyas Iyer,Mohsin Khan,12,21,0,2,3,0,16.67,175.0,21.0
Shreyas Iyer,Mridul Surroch,49,101,2,8,7,6,16.33,206.12,50.5
Shreyas Iyer,Mukhtar Hussain,12,25,1,3,0,3,25.0,208.33,25.0
Shreyas Iyer,Naman Dhir,7,13,1,1,0,1,14.29,185.71,13.0
Shreyas Iyer,Nathan Ellis,65,117,0,10,6,6,15.38,180.0,117.0
Shreyas Iyer,Nishan Peiris,27,39,1,9,1,3,33.33,144.44,39.0
Shreyas Iyer,Nishant Sindhu,6,9,1,1,1,0,16.67,150.0,9.0
Shreyas Iyer,Nitish Kumar Reddy,24,56,0,2,4,4,8.33,233.33,56.0
Shreyas Iyer,Nitish Rana,10,11,1,3,1,0,30.0,110.0,11.0
Shreyas Iyer,Noor Ahmad,9,7,0,5,1,0,55.56,77.78,7.0
Shreyas Iyer,Ottneil Baartman,2,1,1,1,0,0,50.0,50.0,1.0
Shreyas Iyer,Pat Cummins,22,24,1,6,1,1,27.27,109.09,24.0
Shreyas Iyer,Prabath Jayasuriya,28,33,2,12,3,1,42.86,117.86,16.5
Shreyas Iyer,Prashant Veer,35,27,1,13,0,0,37.14,77.14,27.0
Shreyas Iyer,Praveen Jayawickrama,53,88,3,11,5,4,20.75,166.04,29.33
Shreyas Iyer,Prince Yadav,30,49,1,3,4,1,10.0,163.33,49.0
Shreyas Iyer,Rachin Ravindra,22,31,3,5,3,0,22.73,140.91,10.33
Shreyas Iyer,Raj Angad Bawa,3,2,0,1,0,0,33.33,66.67,2.0
Shreyas Iyer,Rashid Khan,40,66,1,14,3,6,35.0,165.0,66.0
Shreyas Iyer,Rasikh Dar,51,108,0,4,4,8,7.84,211.76,108.0
Shreyas Iyer,Ravi Bishnoi,23,51,0,5,3,4,21.74,221.74,51.0
Shreyas Iyer,Ravi Teja,8,16,0,2,1,1,25.0,200.0,16.0
Shreyas Iyer,Ravindra Jadeja,70,128,4,13,8,8,18.57,182.86,32.0
Shreyas Iyer,Riyan Parag,17,24,0,2,1,0,11.76,141.18,24.0
Shreyas Iyer,Sahan Arachchige,93,128,3,28,10,4,30.11,137.63,42.67
Shreyas Iyer,Sairaj Patil,24,44,0,4,2,3,16.67,183.33,44.0
Shreyas Iyer,Sakib Hussain,7,7,0,1,0,0,14.29,100.0,7.0
Shreyas Iyer,Sakibul Gani,3,6,0,0,1,0,0.0,200.0,6.0
Shreyas Iyer,Sam Curran,69,139,0,6,11,6,8.7,201.45,139.0
Shreyas Iyer,Samant Jakhar,51,86,2,10,4,6,19.61,168.63,43.0
Shreyas Iyer,Sandeep Sharma,5,11,0,0,1,0,0.0,220.0,11.0
Shreyas Iyer,Sandeep Warrier,3,2,0,1,0,0,33.33,66.67,2.0
Shreyas Iyer,Sanvir Singh,24,59,0,2,5,4,8.33,245.83,59.0
Shreyas Iyer,Sayan Ghosh,4,6,1,2,1,0,50.0,150.0,6.0
Shreyas Iyer,Scott Curie,47,65,5,12,6,1,25.53,138.3,13.0
Shreyas Iyer,Seekkuge Prasanna,39,44,2,11,1,2,28.21,112.82,22.0
Shreyas Iyer,Senitha Halambage,4,11,0,0,2,0,0.0,275.0,11.0
Shreyas Iyer,Shahbaz Ahmed,26,43,1,4,4,1,15.38,165.38,43.0
Shreyas Iyer,Shardul Thakur,3,5,0,0,0,0,0.0,166.67,5.0
Shreyas Iyer,Shiran Fernando,31,36,2,7,2,0,22.58,116.13,18.0
Shreyas Iyer,Shivam Dube,22,23,2,9,0,1,40.91,104.55,11.5
Shreyas Iyer,Shivam Mavi,8,21,0,0,2,1,0.0,262.5,21.0
Shreyas Iyer,Shivam Shukla,37,69,0,9,5,4,24.32,186.49,69.0
Shreyas Iyer,Shivang Kumar,4,9,0,0,1,0,0.0,225.0,9.0
Shreyas Iyer,Shreyas Iyer,5,7,0,1,1,0,20.0,140.0,7.0
Shreyas Iyer,Shubham Agarwal,6,7,0,2,1,0,33.33,116.67,7.0
Shreyas Iyer,Sikandar Raza,3,3,0,0,0,0,0.0,100.0,3.0
Shreyas Iyer,Sonny Baker,46,73,1,9,3,4,19.57,158.7,73.0
Shreyas Iyer,Sunil Narine,26,40,0,6,1,2,23.08,153.85,40.0
Shreyas Iyer,Sushant Mishra,2,6,0,1,0,1,50.0,300.0,6.0
Shreyas Iyer,Suyash Sharma,10,20,0,2,2,1,20.0,200.0,20.0
Shreyas Iyer,Tanay Thyagarajan,22,56,2,6,4,5,27.27,254.55,28.0
Shreyas Iyer,Tharindu Rathnanayake,5,13,0,0,0,1,0.0,260.0,13.0
Shreyas Iyer,Tilak Varma,12,23,0,1,2,1,8.33,191.67,23.0
Shreyas Iyer,Tripuresh Singh,32,49,0,7,5,1,21.88,153.12,49.0
Shreyas Iyer,Umesh Yadav,2,2,0,0,0,0,0.0,100.0,2.0
Shreyas Iyer,Vaibhav Arora,3,8,0,0,1,0,0.0,266.67,8.0
Shreyas Iyer,Vaisakh Chandran,6,17,0,1,0,2,16.67,283.33,17.0
Shreyas Iyer,Varun Chakravarthy,63,96,1,16,10,2,25.4,152.38,96.0
Shreyas Iyer,Vidwath Kaverappa,14,21,0,1,1,0,7.14,150.0,21.0
Shreyas Iyer,Vipraj Nigam,8,12,1,3,0,1,37.5,150.0,12.0
Shreyas Iyer,Vishen Halambage,89,128,4,23,7,6,25.84,143.82,32.0
Shreyas Iyer,Wanindu Hasaranga,70,82,1,27,4,4,38.57,117.14,82.0
Shreyas Iyer,Washington Sundar,44,76,2,10,5,4,22.73,172.73,38.0
Shreyas Iyer,Will Jacks,46,84,3,9,2,7,19.57,182.61,28.0
Shreyas Iyer,Yash Thakur,6,10,0,1,1,0,16.67,166.67,10.0
Shubham Agarwal,Adam Zampa,8,10,0,0,0,0,0.0,125.0,10.0
Shubham Agarwal,Akeal Hosein,11,7,1,6,0,0,54.55,63.64,7.0
Shubham Agarwal,Arshdeep Singh,6,4,1,3,0,0,50.0,66.67,4.0
Shubham Agarwal,Ashok Sharma,9,5,0,5,0,0,55.56,55.56,5.0
Shubham Agarwal,Bhuvneshwar Kumar,1,1,0,0,0,0,0.0,100.0,1.0
Shubham Agarwal,CV Stephen,2,2,0,0,0,0,0.0,100.0,2.0
Shubham Agarwal,Dian Forrester,6,13,0,0,0,1,0.0,216.67,13.0
Shubham Agarwal,Gangam Anikethreddy,2,1,0,1,0,0,50.0,50.0,1.0
Shubham Agarwal,Gurinder Singh,11,12,1,3,0,0,27.27,109.09,12.0
Shubham Agarwal,Hardik Pandya,11,11,1,1,0,0,9.09,100.0,11.0
Shubham Agarwal,Harpreet Brar,6,1,3,5,0,0,83.33,16.67,0.33
Shubham Agarwal,Joel Davies,9,13,0,0,0,0,0.0,144.44,13.0
Shubham Agarwal,Karan Lal,10,13,0,5,1,1,50.0,130.0,13.0
Shubham Agarwal,Kuldeep Yadav,14,22,0,1,0,1,7.14,157.14,22.0
Shubham Agarwal,Lone Nasir Muzaffar,2,1,0,1,0,0,50.0,50.0,1.0
Shubham Agarwal,Lungi Ngidi,1,0,0,1,0,0,100.0,0.0,0.0
Shubham Agarwal,Malinda Pushpakumara,5,1,0,4,0,0,80.0,20.0,1.0
Shubham Agarwal,Manav Suthar,13,17,2,8,4,0,61.54,130.77,8.5
Shubham Agarwal,Marcus Stoinis,3,2,0,1,0,0,33.33,66.67,2.0
Shubham Agarwal,Matheesha Pathirana,4,2,0,2,0,0,50.0,50.0,2.0
Shubham Agarwal,Mitchell Starc,8,12,1,1,1,0,12.5,150.0,12.0
Shubham Agarwal,Nathan Ellis,6,9,0,0,0,0,0.0,150.0,9.0
Shubham Agarwal,Nitish Kumar Reddy,3,3,0,1,0,0,33.33,100.0,3.0
Shubham Agarwal,Praveen Jayawickrama,11,12,3,6,0,1,54.55,109.09,4.0
Shubham Agarwal,Raj Angad Bawa,1,0,1,1,0,0,100.0,0.0,0.0
Shubham Agarwal,Rasikh Dar,9,6,2,3,0,0,33.33,66.67,3.0
Shubham Agarwal,Ravindra Jadeja,4,4,0,1,0,0,25.0,100.0,4.0
Shubham Agarwal,Rohit Sharma,3,2,0,1,0,0,33.33,66.67,2.0
Shubham Agarwal,Samant Jakhar,2,1,0,1,0,0,50.0,50.0,1.0
Shubham Agarwal,Sayan Ghosh,1,0,1,1,0,0,100.0,0.0,0.0
Shubham Agarwal,Scott Curie,8,6,1,2,0,0,25.0,75.0,6.0
Shubham Agarwal,Seekkuge Prasanna,13,10,1,4,0,0,30.77,76.92,10.0
Shubham Agarwal,Shiran Fernando,3,3,0,0,0,0,0.0,100.0,3.0
Shubham Agarwal,Shivam Dube,3,1,1,2,0,0,66.67,33.33,1.0
Shubham Agarwal,Shreyas Iyer,8,12,0,4,1,1,50.0,150.0,12.0
Shubham Agarwal,Tilak Varma,3,3,0,0,0,0,0.0,100.0,3.0
Shubham Agarwal,Vishen Halambage,17,9,1,9,0,0,52.94,52.94,9.0
Shubham Agarwal,Washington Sundar,6,5,0,1,0,0,16.67,83.33,5.0
Shubham Dubey,Aaron Hardie,4,10,0,0,0,1,0.0,250.0,10.0
Shubham Dubey,Akeal Hosein,12,26,0,2,2,1,16.67,216.67,26.0
Shubham Dubey,Ashok Sharma,9,15,1,1,0,1,11.11,166.67,15.0
Shubham Dubey,Dian Forrester,4,4,0,0,0,0,0.0,100.0,4.0
Shubham Dubey,Gangam Anikethreddy,6,7,0,2,0,0,33.33,116.67,7.0
Shubham Dubey,Gurinder Singh,14,40,0,2,4,2,14.29,285.71,40.0
Shubham Dubey,Hardik Pandya,4,6,0,0,0,0,0.0,150.0,6.0
Shubham Dubey,Joel Davies,10,6,0,4,0,0,40.0,60.0,6.0
Shubham Dubey,Karan Lal,3,4,0,0,0,0,0.0,133.33,4.0
Shubham Dubey,Kuldeep Yadav,17,35,0,3,1,3,17.65,205.88,35.0
Shubham Dubey,Maheesh Theekshana,6,3,1,4,0,0,66.67,50.0,3.0
Shubham Dubey,Malinda Pushpakumara,1,0,1,1,0,0,100.0,0.0,0.0
Shubham Dubey,Matt Short,5,12,0,0,0,1,0.0,240.0,12.0
Shubham Dubey,Nathan Ellis,6,5,1,2,0,0,33.33,83.33,5.0
Shubham Dubey,Prashant Veer,6,2,0,4,0,0,66.67,33.33,2.0
Shubham Dubey,Rasikh Dar,6,5,0,2,0,0,33.33,83.33,5.0
Shubham Dubey,Ravindra Jadeja,3,3,0,1,0,0,33.33,100.0,3.0
Shubham Dubey,Sai Kishore,4,3,0,2,0,0,50.0,75.0,3.0
Shubham Dubey,Sairaj Patil,3,3,1,1,0,0,33.33,100.0,3.0
Shubham Dubey,Sayan Ghosh,4,2,0,2,0,0,50.0,50.0,2.0
Shubham Dubey,Shahbaz Ahmed,6,20,0,1,1,2,16.67,333.33,20.0
Shubham Dubey,Shiran Fernando,5,2,1,4,0,0,80.0,40.0,2.0
Shubham Dubey,Shubham Agarwal,12,16,0,3,0,1,25.0,133.33,16.0
Shubham Dubey,Sonny Baker,1,0,1,1,0,0,100.0,0.0,0.0
Shubham Dubey,Tanay Thyagarajan,2,2,1,1,0,0,50.0,100.0,2.0
Shubham Dubey,Vishen Halambage,3,9,0,0,0,1,0.0,300.0,9.0
Shubman Gill,Abhishek Sharma,15,17,1,3,1,0,20.0,113.33,17.0
Shubman Gill,Adam Zampa,83,135,4,11,6,5,13.25,162.65,33.75
Shubman Gill,Adil Rashid,2,2,1,1,0,0,50.0,100.0,2.0
Shubman Gill,Aiden Markram,4,14,0,0,1,1,0.0,350.0,14.0
Shubman Gill,Ajay Dev Goud,21,31,0,4,0,2,19.05,147.62,31.0
Shubman Gill,Akash Vasisht,75,93,2,12,3,1,16.0,124.0,46.5
Shubman Gill,Akeal Hosein,56,87,2,8,6,2,14.29,155.36,43.5
Shubman Gill,Allah Ghazanfar,61,87,0,9,2,4,14.75,142.62,87.0
Shubman Gill,Amila Aponso,13,16,1,3,2,0,23.08,123.08,16.0
Shubman Gill,Anshul Kamboj,40,60,0,5,0,3,12.5,150.0,60.0
Shubman Gill,Anukul Roy,30,34,1,6,1,1,20.0,113.33,34.0
Shubman Gill,Arpit Vasavada,24,30,1,5,0,1,20.83,125.0,30.0
Shubman Gill,Arshdeep Singh,64,77,1,12,2,1,18.75,120.31,77.0
Shubman Gill,Ashok Sharma,144,212,10,23,6,8,15.97,147.22,21.2
Shubman Gill,Ashwin Das,20,22,0,6,1,0,30.0,110.0,22.0
Shubman Gill,Athisayaraj Davidson,1,1,0,0,0,0,0.0,100.0,1.0
Shubman Gill,Atit Sheth,60,97,2,9,5,3,15.0,161.67,48.5
Shubman Gill,Avinov Choudhary,18,25,0,4,0,1,22.22,138.89,25.0
Shubman Gill,Axar Patel,23,28,0,5,0,1,21.74,121.74,28.0
Shubman Gill,Beau Webster,6,5,1,2,0,0,33.33,83.33,5.0
Shubman Gill,Ben Stokes,27,34,0,7,2,1,25.93,125.93,34.0
Shubman Gill,Bhuvneshwar Kumar,112,145,6,22,4,5,19.64,129.46,24.17
Shubman Gill,Binura Fernando,30,50,0,2,2,1,6.67,166.67,50.0
Shubman Gill,Brian Bennett,22,30,0,2,0,0,9.09,136.36,30.0
Shubman Gill,CV Stephen,94,146,0,20,6,7,21.28,155.32,146.0
Shubman Gill,Cameron Green,8,15,0,1,1,1,12.5,187.5,15.0
Shubman Gill,Chama Milind,9,16,0,0,0,0,0.0,177.78,16.0
Shubman Gill,Chetan Sakariya,19,20,0,4,0,0,21.05,105.26,20.0
Shubman Gill,Corbin Bosch,9,13,1,1,1,0,11.11,144.44,13.0
Shubman Gill,Craig Overton,9,11,0,1,1,0,11.11,122.22,11.0
Shubman Gill,Dan Lawrence,2,2,0,0,0,0,0.0,100.0,2.0
Shubman Gill,Dian Forrester,48,61,4,13,1,2,27.08,127.08,15.25
Shubman Gill,Dinuka Dilshan,3,5,1,1,0,0,33.33,166.67,5.0
Shubman Gill,Donovan Ferreira,37,51,0,6,1,1,16.22,137.84,51.0
Shubman Gill,Dushan Hemantha,79,95,3,10,2,1,12.66,120.25,31.67
Shubman Gill,Eshan Malinga,10,17,0,1,1,0,10.0,170.0,17.0
Shubman Gill,Gangam Anikethreddy,20,20,0,3,0,0,15.0,100.0,20.0
Shubman Gill,Glenn Phillips,28,39,0,3,0,2,10.71,139.29,39.0
Shubman Gill,Gurinder Singh,22,23,1,6,2,0,27.27,104.55,23.0
Shubman Gill,Gurnoor Singh Brar,11,20,0,0,1,1,0.0,181.82,20.0
Shubman Gill,Gus Atkinson,84,97,0,8,0,0,9.52,115.48,97.0
Shubman Gill,Hardik Pandya,82,137,3,8,7,5,9.76,167.07,45.67
Shubman Gill,Harpreet Brar,140,208,3,28,6,9,20.0,148.57,69.33
Shubman Gill,Harsh Dubey,10,19,0,3,0,2,30.0,190.0,19.0
Shubman Gill,Harshal Patel,16,15,1,5,1,0,31.25,93.75,15.0
Shubman Gill,Harshit Rana,7,14,0,1,1,1,14.29,200.0,14.0
Shubman Gill,Ishant Sharma,6,8,0,1,0,0,16.67,133.33,8.0
Shubman Gill,Ismat Alam,6,7,0,0,0,0,0.0,116.67,7.0
Shubman Gill,Jacob Bethell,5,15,0,0,1,1,0.0,300.0,15.0
Shubman Gill,Jacob Duffy,37,52,1,6,2,1,16.22,140.54,52.0
Shubman Gill,Jai Moondra,6,7,0,1,0,0,16.67,116.67,7.0
Shubman Gill,Jamie Overton,6,8,0,0,0,0,0.0,133.33,8.0
Shubman Gill,Jason Holder,5,8,0,1,1,0,20.0,160.0,8.0
Shubman Gill,Jasprit Bumrah,26,51,0,5,4,3,19.23,196.15,51.0
Shubman Gill,Jofra Archer,2,2,0,0,0,0,0.0,100.0,2.0
Shubman Gill,Josh Hazlewood,46,60,1,9,1,1,19.57,130.43,60.0
Shubman Gill,Kagiso Rabada,53,63,2,10,2,1,18.87,118.87,31.5
Shubman Gill,Kamindu Mendis,9,7,1,3,0,0,33.33,77.78,7.0
Shubman Gill,Karan Lal,8,8,0,0,0,0,0.0,100.0,8.0
Shubman Gill,Khaleel Ahmed,21,29,0,2,1,0,9.52,138.1,29.0
Shubman Gill,Kranthi Kumar,44,44,2,16,1,1,36.36,100.0,22.0
Shubman Gill,Krishnappa Gowtham,5,5,1,3,1,0,60.0,100.0,5.0
Shubman Gill,Krunal Pandya,60,95,0,4,4,3,6.67,158.33,95.0
Shubman Gill,Kuldeep Yadav,107,191,2,7,8,7,6.54,178.5,95.5
Shubman Gill,Lalit Yadav,42,53,0,4,0,1,9.52,126.19,53.0
Shubman Gill,Lance Morris,9,9,1,1,0,0,11.11,100.0,9.0
Shubman Gill,Liam Livingstone,24,27,0,2,1,0,8.33,112.5,27.0
Shubman Gill,Luke Wood,15,19,1,2,0,0,13.33,126.67,19.0
Shubman Gill,Lungi Ngidi,57,66,4,18,4,1,31.58,115.79,16.5
Shubman Gill,Malinda Pushpakumara,119,198,6,29,9,11,24.37,166.39,33.0
Shubman Gill,Manisankar Murasingh,4,8,0,1,0,1,25.0,200.0,8.0
Shubman Gill,Marcus Stoinis,15,23,1,3,1,1,20.0,153.33,23.0
Shubman Gill,Matheesha Pathirana,21,22,2,8,1,1,38.1,104.76,11.0
Shubman Gill,Matt Henry,8,11,0,1,0,0,12.5,137.5,11.0
Shubman Gill,Matt Short,17,26,0,3,1,1,17.65,152.94,26.0
Shubman Gill,Mitchell Marsh,43,63,2,5,0,3,11.63,146.51,31.5
Shubman Gill,Mitchell Starc,85,130,1,15,7,6,17.65,152.94,130.0
Shubman Gill,Mohamed Shiraz,12,14,1,3,0,0,25.0,116.67,14.0
Shubman Gill,Mohammed Shami,53,70,3,9,3,1,16.98,132.08,23.33
Shubman Gill,Mohammed Siraj,194,283,5,26,10,9,13.4,145.88,56.6
Shubman Gill,Mridul Surroch,59,94,4,12,3,6,20.34,159.32,23.5
Shubman Gill,Mukhtar Hussain,29,40,0,2,2,0,6.9,137.93,40.0
Shubman Gill,Nathan Ellis,55,89,0,4,4,2,7.27,161.82,89.0
Shubman Gill,Nishan Peiris,13,24,0,3,3,1,23.08,184.62,24.0
Shubman Gill,Nitish Kumar Reddy,34,59,0,3,3,2,8.82,173.53,59.0
Shubman Gill,Nitish Rana,34,82,0,0,7,4,0.0,241.18,82.0
Shubman Gill,Noor Ahmad,8,10,0,3,0,1,37.5,125.0,10.0
Shubman Gill,Ottneil Baartman,14,16,0,3,1,0,21.43,114.29,16.0
Shubman Gill,Pat Cummins,26,34,0,4,1,1,15.38,130.77,34.0
Shubman Gill,Prabath Jayasuriya,9,11,0,1,1,0,11.11,122.22,11.0
Shubman Gill,Prashant Veer,69,100,4,13,4,4,18.84,144.93,25.0
Shubman Gill,Prasidh Krishna,23,37,0,0,1,1,0.0,160.87,37.0
Shubman Gill,Praveen Jayawickrama,38,64,0,6,5,3,15.79,168.42,64.0
Shubman Gill,Prince Yadav,31,44,0,3,1,0,9.68,141.94,44.0
Shubman Gill,Rachin Ravindra,55,85,2,10,4,3,18.18,154.55,42.5
Shubman Gill,Rahul Chahar,13,20,0,0,1,0,0.0,153.85,20.0
Shubman Gill,Raj Angad Bawa,5,5,0,2,0,0,40.0,100.0,5.0
Shubman Gill,Rashid Khan,35,59,1,7,1,3,20.0,168.57,59.0
Shubman Gill,Rasikh Dar,26,33,0,2,1,1,7.69,126.92,33.0
Shubman Gill,Ravi Bishnoi,14,34,1,4,1,4,28.57,242.86,34.0
Shubman Gill,Ravindra Jadeja,59,72,1,15,1,3,25.42,122.03,72.0
Shubman Gill,Riyan Parag,11,15,0,2,2,0,18.18,136.36,15.0
Shubman Gill,Rohit Sharma,2,2,0,0,0,0,0.0,100.0,2.0
Shubman Gill,Sahan Arachchige,130,151,9,34,5,4,26.15,116.15,16.78
Shubman Gill,Sairaj Patil,72,101,3,13,4,4,18.06,140.28,33.67
Shubman Gill,Sakib Hussain,18,30,1,3,2,1,16.67,166.67,30.0
Shubman Gill,Sam Curran,76,112,2,10,4,3,13.16,147.37,56.0
Shubman Gill,Samant Jakhar,8,8,0,2,0,0,25.0,100.0,8.0
Shubman Gill,Sandeep Sharma,8,13,0,0,0,0,0.0,162.5,13.0
Shubman Gill,Sanvir Singh,24,38,1,3,3,1,12.5,158.33,38.0
Shubman Gill,Sayan Ghosh,12,19,0,1,0,1,8.33,158.33,19.0
Shubman Gill,Scott Curie,43,53,0,3,1,0,6.98,123.26,53.0
Shubman Gill,Seekkuge Prasanna,15,18,0,2,1,0,13.33,120.0,18.0
Shubman Gill,Senitha Halambage,4,5,1,1,0,0,25.0,125.0,5.0
Shubman Gill,Shahbaz Ahmed,60,85,1,2,2,0,3.33,141.67,85.0
Shubman Gill,Shardul Thakur,29,36,1,3,1,0,10.34,124.14,36.0
Shubman Gill,Shiran Fernando,19,31,0,7,3,2,36.84,163.16,31.0
Shubman Gill,Shivam Dube,8,15,0,2,3,0,25.0,187.5,15.0
Shubman Gill,Shivam Shukla,9,11,1,4,2,0,44.44,122.22,11.0
Shubman Gill,Shivang Kumar,2,1,1,1,0,0,50.0,50.0,1.0
Shubman Gill,Shubham Agarwal,40,58,1,8,3,3,20.0,145.0,58.0
Shubman Gill,Sikandar Raza,4,6,0,0,0,0,0.0,150.0,6.0
Shubman Gill,Sonal Dinusha,5,13,0,2,0,2,40.0,260.0,13.0
Shubman Gill,Sonny Baker,34,44,5,10,0,2,29.41,129.41,8.8
Shubman Gill,Sunil Narine,37,55,0,4,2,1,10.81,148.65,55.0
Shubman Gill,Suryansh Shedge,7,14,0,0,0,1,0.0,200.0,14.0
Shubman Gill,Tanay Thyagarajan,20,33,1,1,2,1,5.0,165.0,33.0
Shubman Gill,Tharindu Rathnanayake,6,7,0,0,0,0,0.0,116.67,7.0
Shubman Gill,Tilak Varma,3,3,0,0,0,0,0.0,100.0,3.0
Shubman Gill,Tripuresh Singh,17,13,2,6,0,0,35.29,76.47,6.5
Shubman Gill,Vaisakh Chandran,44,76,2,5,5,3,11.36,172.73,38.0
Shubman Gill,Varun Chakravarthy,91,127,9,15,7,2,16.48,139.56,14.11
Shubman Gill,Vishen Halambage,61,91,5,10,2,4,16.39,149.18,18.2
Shubman Gill,Wanindu Hasaranga,88,133,2,17,8,5,19.32,151.14,66.5
Shubman Gill,Washington Sundar,59,114,0,4,10,3,6.78,193.22,114.0
Shubman Gill,Will Jacks,161,260,3,18,5,11,11.18,161.49,86.67
Shubman Gill,Yuzvendra Chahal,9,27,0,0,1,3,0.0,300.0,27.0
Sikandar Raza,Adam Zampa,2,1,0,1,0,0,50.0,50.0,1.0
Sikandar Raza,Aiden Markram,5,12,0,0,2,0,0.0,240.0,12.0
Sikandar Raza,Akeal Hosein,7,8,0,1,0,0,14.29,114.29,8.0
Sikandar Raza,Arshdeep Singh,7,8,0,0,0,0,0.0,114.29,8.0
Sikandar Raza,Ashok Sharma,7,7,0,3,1,0,42.86,100.0,7.0
Sikandar Raza,Bhuvneshwar Kumar,7,12,1,2,0,1,28.57,171.43,12.0
Sikandar Raza,Binura Fernando,1,0,1,1,0,0,100.0,0.0,0.0
Sikandar Raza,Gurinder Singh,2,1,0,1,0,0,50.0,50.0,1.0
Sikandar Raza,Hardik Pandya,3,4,0,0,0,0,0.0,133.33,4.0
Sikandar Raza,Harpreet Brar,3,2,1,1,0,0,33.33,66.67,2.0
Sikandar Raza,Harsh Dubey,10,14,1,3,2,0,30.0,140.0,14.0
Sikandar Raza,Ishant Sharma,2,10,0,0,1,1,0.0,500.0,10.0
Sikandar Raza,Jasprit Bumrah,7,19,0,1,1,2,14.29,271.43,19.0
Sikandar Raza,Josh Hazlewood,18,32,0,4,2,1,22.22,177.78,32.0
Sikandar Raza,Kagiso Rabada,4,7,0,1,1,0,25.0,175.0,7.0
Sikandar Raza,Kranthi Kumar,1,1,0,0,0,0,0.0,100.0,1.0
Sikandar Raza,Krunal Pandya,1,4,0,0,1,0,0.0,400.0,4.0
Sikandar Raza,Kuldeep Yadav,4,3,0,1,0,0,25.0,75.0,3.0
Sikandar Raza,Lungi Ngidi,3,5,0,1,1,0,33.33,166.67,5.0
Sikandar Raza,Matt Henry,3,2,1,1,0,0,33.33,66.67,2.0
Sikandar Raza,Mitchell Marsh,3,1,0,2,0,0,66.67,33.33,1.0
Sikandar Raza,Mitchell Starc,2,1,0,1,0,0,50.0,50.0,1.0
Sikandar Raza,Mohammed Siraj,5,8,1,2,0,1,40.0,160.0,8.0
Sikandar Raza,Pat Cummins,6,6,0,2,0,0,33.33,100.0,6.0
Sikandar Raza,Prabath Jayasuriya,6,2,1,5,0,0,83.33,33.33,2.0
Sikandar Raza,Ravi Teja,2,4,0,1,1,0,50.0,200.0,4.0
Sikandar Raza,Riyan Parag,8,12,0,1,1,0,12.5,150.0,12.0
Sikandar Raza,Sahan Arachchige,9,16,0,1,2,0,11.11,177.78,16.0
Sikandar Raza,Sairaj Patil,4,7,0,2,0,1,50.0,175.0,7.0
Sikandar Raza,Sam Curran,4,4,0,1,0,0,25.0,100.0,4.0
Sikandar Raza,Sanvir Singh,2,2,0,0,0,0,0.0,100.0,2.0
Sikandar Raza,Shubham Agarwal,4,9,0,1,0,1,25.0,225.0,9.0
Sikandar Raza,Tanay Thyagarajan,3,2,0,1,0,0,33.33,66.67,2.0
Sikandar Raza,Vignesh Puthur,4,1,2,3,0,0,75.0,25.0,0.5
Sikandar Raza,Vishen Halambage,2,2,0,0,0,0,0.0,100.0,2.0
Sikandar Raza,Washington Sundar,4,6,0,0,0,0,0.0,150.0,6.0
Smaran Ravichandra,Aaron Hardie,5,6,0,1,0,0,20.0,120.0,6.0
Smaran Ravichandra,Adam Zampa,24,30,0,7,3,0,29.17,125.0,30.0
Smaran Ravichandra,Adil Rashid,17,33,0,3,2,2,17.65,194.12,33.0
Smaran Ravichandra,Aiden Markram,17,31,0,4,2,1,23.53,182.35,31.0
Smaran Ravichandra,Ajay Dev Goud,13,12,0,4,1,0,30.77,92.31,12.0
Smaran Ravichandra,Akash Deep,8,9,0,0,0,0,0.0,112.5,9.0
Smaran Ravichandra,Akash Vasisht,23,28,1,7,2,1,30.43,121.74,28.0
Smaran Ravichandra,Akeal Hosein,43,53,1,13,4,2,30.23,123.26,53.0
Smaran Ravichandra,Amila Aponso,15,16,0,3,0,0,20.0,106.67,16.0
Smaran Ravichandra,Anshul Kamboj,16,21,0,0,1,0,0.0,131.25,21.0
Smaran Ravichandra,Anukul Roy,10,27,0,1,1,3,10.0,270.0,27.0
Smaran Ravichandra,Arjun Tendulkar,28,60,1,7,2,6,25.0,214.29,60.0
Smaran Ravichandra,Arpit Vasavada,6,7,0,1,0,0,16.67,116.67,7.0
Smaran Ravichandra,Arshdeep Singh,47,53,3,9,1,0,19.15,112.77,17.67
Smaran Ravichandra,Ashok Sharma,66,90,2,14,2,3,21.21,136.36,45.0
Smaran Ravichandra,Ashwin Das,29,40,0,4,2,0,13.79,137.93,40.0
Smaran Ravichandra,Atit Sheth,24,43,2,4,1,3,16.67,179.17,21.5
Smaran Ravichandra,Avinov Choudhary,6,19,2,2,0,3,33.33,316.67,9.5
Smaran Ravichandra,Axar Patel,6,6,0,2,0,0,33.33,100.0,6.0
Smaran Ravichandra,Ben Stokes,17,26,0,2,2,0,11.76,152.94,26.0
Smaran Ravichandra,Bhuvneshwar Kumar,89,137,2,17,6,5,19.1,153.93,68.5
Smaran Ravichandra,Binura Fernando,19,24,0,2,0,1,10.53,126.32,24.0
Smaran Ravichandra,Brian Bennett,4,3,0,2,0,0,50.0,75.0,3.0
Smaran Ravichandra,CV Stephen,40,41,2,13,1,1,32.5,102.5,20.5
Smaran Ravichandra,Cameron Green,28,48,0,2,1,2,7.14,171.43,48.0
Smaran Ravichandra,Charith Asalanka,6,7,0,2,1,0,33.33,116.67,7.0
Smaran Ravichandra,Chetan Sakariya,26,35,0,4,3,0,15.38,134.62,35.0
Smaran Ravichandra,Corbin Bosch,27,41,0,4,3,1,14.81,151.85,41.0
Smaran Ravichandra,Dasun Shanaka,14,16,1,1,0,0,7.14,114.29,16.0
Smaran Ravichandra,Deepak Hooda,2,3,0,1,0,0,50.0,150.0,3.0
Smaran Ravichandra,Delano Potgieter,3,6,0,0,1,0,0.0,200.0,6.0
Smaran Ravichandra,Dian Forrester,35,39,0,7,1,0,20.0,111.43,39.0
Smaran Ravichandra,Donovan Ferreira,11,9,0,3,0,0,27.27,81.82,9.0
Smaran Ravichandra,Dunith Wellalage,19,30,0,2,2,1,10.53,157.89,30.0
Smaran Ravichandra,Dushan Hemantha,38,72,0,7,6,3,18.42,189.47,72.0
Smaran Ravichandra,Eshan Malinga,3,9,0,0,0,1,0.0,300.0,9.0
Smaran Ravichandra,Gangam Anikethreddy,16,21,0,2,0,1,12.5,131.25,21.0
Smaran Ravichandra,Glenn Phillips,12,17,0,2,0,1,16.67,141.67,17.0
Smaran Ravichandra,Glenton Stuurman,22,35,0,5,3,1,22.73,159.09,35.0
Smaran Ravichandra,Gurinder Singh,34,49,2,6,3,1,17.65,144.12,24.5
Smaran Ravichandra,Gus Atkinson,41,48,2,5,1,0,12.2,117.07,24.0
Smaran Ravichandra,Hardik Pandya,61,69,1,15,3,0,24.59,113.11,69.0
Smaran Ravichandra,Harpreet Brar,54,89,2,7,2,4,12.96,164.81,44.5
Smaran Ravichandra,Harsh Dubey,21,37,1,4,3,2,19.05,176.19,37.0
Smaran Ravichandra,Harshit Rana,6,15,0,0,1,1,0.0,250.0,15.0
Smaran Ravichandra,Ishant Sharma,19,21,1,3,0,0,15.79,110.53,21.0
Smaran Ravichandra,Jacob Bethell,5,14,0,0,2,0,0.0,280.0,14.0
Smaran Ravichandra,Jacob Duffy,6,9,0,1,1,0,16.67,150.0,9.0
Smaran Ravichandra,Jamie Overton,5,10,0,0,0,1,0.0,200.0,10.0
Smaran Ravichandra,Jason Holder,1,1,0,0,0,0,0.0,100.0,1.0
Smaran Ravichandra,Jasprit Bumrah,19,38,0,2,2,2,10.53,200.0,38.0
Smaran Ravichandra,Jaydev Unadkat,8,13,0,0,0,1,0.0,162.5,13.0
Smaran Ravichandra,Joel Davies,30,42,0,7,4,0,23.33,140.0,42.0
Smaran Ravichandra,Jofra Archer,7,12,0,1,2,0,14.29,171.43,12.0
Smaran Ravichandra,Josh Hazlewood,73,106,1,14,6,4,19.18,145.21,106.0
Smaran Ravichandra,KM Asif,9,6,0,5,0,0,55.56,66.67,6.0
Smaran Ravichandra,Kagiso Rabada,8,14,0,1,0,1,12.5,175.0,14.0
Smaran Ravichandra,Khaleel Ahmed,24,33,0,5,2,1,20.83,137.5,33.0
Smaran Ravichandra,Kranthi Kumar,41,51,0,8,1,2,19.51,124.39,51.0
Smaran Ravichandra,Krunal Pandya,25,51,0,2,4,2,8.0,204.0,51.0
Smaran Ravichandra,Kuldeep Yadav,31,33,0,8,2,0,25.81,106.45,33.0
Smaran Ravichandra,Lalit Yadav,34,45,0,4,1,1,11.76,132.35,45.0
Smaran Ravichandra,Liam Livingstone,7,11,0,2,0,1,28.57,157.14,11.0
Smaran Ravichandra,Lockie Ferguson,8,8,0,3,1,0,37.5,100.0,8.0
Smaran Ravichandra,Lone Nasir Muzaffar,1,0,1,1,0,0,100.0,0.0,0.0
Smaran Ravichandra,Luke Wood,8,9,1,1,0,0,12.5,112.5,9.0
Smaran Ravichandra,Lungi Ngidi,18,26,1,2,2,0,11.11,144.44,26.0
Smaran Ravichandra,Malinda Pushpakumara,32,47,1,5,5,0,15.62,146.88,47.0
Smaran Ravichandra,Manav Suthar,34,45,2,11,4,1,32.35,132.35,22.5
Smaran Ravichandra,Manisankar Murasingh,17,23,1,4,2,0,23.53,135.29,23.0
Smaran Ravichandra,Marcus Stoinis,12,21,2,3,2,1,25.0,175.0,10.5
Smaran Ravichandra,Matt Henry,14,13,2,6,1,0,42.86,92.86,6.5
Smaran Ravichandra,Matt Short,2,7,0,0,0,1,0.0,350.0,7.0
Smaran Ravichandra,Matthew Forde,6,9,0,1,0,0,16.67,150.0,9.0
Smaran Ravichandra,Mitchell Marsh,45,71,0,6,7,0,13.33,157.78,71.0
Smaran Ravichandra,Mitchell Santner,4,7,0,2,0,1,50.0,175.0,7.0
Smaran Ravichandra,Mitchell Starc,60,88,2,8,3,3,13.33,146.67,44.0
Smaran Ravichandra,Mohammed Shami,75,108,0,16,7,2,21.33,144.0,108.0
Smaran Ravichandra,Mohammed Siraj,67,108,1,11,9,3,16.42,161.19,108.0
Smaran Ravichandra,Mohsin Khan,17,23,0,2,1,0,11.76,135.29,23.0
Smaran Ravichandra,Mridul Surroch,24,62,1,3,6,4,12.5,258.33,62.0
Smaran Ravichandra,Mukhtar Hussain,23,37,1,5,2,2,21.74,160.87,37.0
Smaran Ravichandra,Nathan Ellis,30,41,1,6,4,0,20.0,136.67,41.0
Smaran Ravichandra,Nishan Peiris,17,20,2,4,0,1,23.53,117.65,10.0
Smaran Ravichandra,Nitish Kumar Reddy,34,61,2,4,3,3,11.76,179.41,30.5
Smaran Ravichandra,Nitish Rana,5,4,0,1,0,0,20.0,80.0,4.0
Smaran Ravichandra,Noor Ahmad,12,7,0,5,0,0,41.67,58.33,7.0
Smaran Ravichandra,Ottneil Baartman,31,47,0,5,1,3,16.13,151.61,47.0
Smaran Ravichandra,Pat Cummins,19,29,0,2,3,0,10.53,152.63,29.0
Smaran Ravichandra,Prabath Jayasuriya,21,21,2,5,0,0,23.81,100.0,10.5
Smaran Ravichandra,Prashant Veer,47,93,1,10,5,7,21.28,197.87,93.0
Smaran Ravichandra,Praveen Jayawickrama,18,23,0,4,2,0,22.22,127.78,23.0
Smaran Ravichandra,Prince Yadav,63,104,0,5,2,4,7.94,165.08,104.0
Smaran Ravichandra,Rachin Ravindra,19,17,0,4,0,0,21.05,89.47,17.0
Smaran Ravichandra,Rahul Chahar,6,8,1,1,0,0,16.67,133.33,8.0
Smaran Ravichandra,Raj Angad Bawa,4,8,0,0,0,0,0.0,200.0,8.0
Smaran Ravichandra,Ramandeep Singh,8,18,0,0,1,1,0.0,225.0,18.0
Smaran Ravichandra,Rashid Khan,46,56,1,14,0,3,30.43,121.74,56.0
Smaran Ravichandra,Ravi Bishnoi,22,46,1,2,3,3,9.09,209.09,46.0
Smaran Ravichandra,Ravi Teja,5,5,0,0,0,0,0.0,100.0,5.0
Smaran Ravichandra,Ravindra Jadeja,37,61,1,5,3,3,13.51,164.86,61.0
Smaran Ravichandra,Riyan Parag,15,26,0,2,3,0,13.33,173.33,26.0
Smaran Ravichandra,Sahan Arachchige,69,111,0,10,9,3,14.49,160.87,111.0
Smaran Ravichandra,Sairaj Patil,25,53,1,2,4,3,8.0,212.0,53.0
Smaran Ravichandra,Sakib Hussain,23,32,0,3,0,1,13.04,139.13,32.0
Smaran Ravichandra,Sam Curran,31,57,1,9,1,6,29.03,183.87,57.0
Smaran Ravichandra,Sanvir Singh,8,19,0,1,3,0,12.5,237.5,19.0
Smaran Ravichandra,Scott Curie,22,25,1,4,0,1,18.18,113.64,25.0
Smaran Ravichandra,Shahbaz Ahmed,38,63,0,1,4,0,2.63,165.79,63.0
Smaran Ravichandra,Shardul Thakur,12,18,0,0,1,0,0.0,150.0,18.0
Smaran Ravichandra,Shiran Fernando,49,51,2,17,4,0,34.69,104.08,25.5
Smaran Ravichandra,Shivam Dube,3,3,0,1,0,0,33.33,100.0,3.0
Smaran Ravichandra,Shivam Mavi,18,23,1,2,2,0,11.11,127.78,23.0
Smaran Ravichandra,Shubham Agarwal,39,72,0,12,7,4,30.77,184.62,72.0
Smaran Ravichandra,Sonny Baker,46,78,0,4,4,3,8.7,169.57,78.0
Smaran Ravichandra,Sunil Narine,27,45,4,7,1,3,25.93,166.67,11.25
Smaran Ravichandra,Suryansh Shedge,12,17,0,2,0,1,16.67,141.67,17.0
Smaran Ravichandra,Tanay Thyagarajan,22,40,0,4,1,3,18.18,181.82,40.0
Smaran Ravichandra,Tharindu Rathnanayake,8,15,0,0,0,0,0.0,187.5,15.0
Smaran Ravichandra,Tilak Varma,15,20,0,5,0,1,33.33,133.33,20.0
Smaran Ravichandra,Umesh Yadav,9,20,0,2,2,1,22.22,222.22,20.0
Smaran Ravichandra,Umran Malik,12,30,0,2,1,3,16.67,250.0,30.0
Smaran Ravichandra,Vaisakh Chandran,15,13,0,6,1,0,40.0,86.67,13.0
Smaran Ravichandra,Varun Chakravarthy,37,60,1,8,6,1,21.62,162.16,60.0
Smaran Ravichandra,Vasuki Koushik,2,4,1,1,1,0,50.0,200.0,4.0
Smaran Ravichandra,Vignesh Puthur,34,47,1,11,6,1,32.35,138.24,47.0
Smaran Ravichandra,Vipraj Nigam,10,45,0,0,6,3,0.0,450.0,45.0
Smaran Ravichandra,Vishen Halambage,32,31,5,13,2,1,40.62,96.88,6.2
Smaran Ravichandra,Wanindu Hasaranga,46,78,2,7,4,4,15.22,169.57,39.0
Smaran Ravichandra,Washington Sundar,36,57,0,8,6,1,22.22,158.33,57.0
Smaran Ravichandra,Will Jacks,93,122,2,12,4,2,12.9,131.18,61.0
Smaran Ravichandra,Yash Thakur,9,17,0,2,3,0,22.22,188.89,17.0
Smaran Ravichandra,Yuzvendra Chahal,11,15,2,4,1,1,36.36,136.36,7.5
Sonal Dinusha,Arshdeep Singh,1,0,0,1,0,0,100.0,0.0,0.0
Sonal Dinusha,Joel Davies,2,2,0,0,0,0,0.0,100.0,2.0
Sonal Dinusha,Karan Lal,1,0,1,1,0,0,100.0,0.0,0.0
Sonal Dinusha,Matthew Forde,2,3,0,0,0,0,0.0,150.0,3.0
Sonal Dinusha,Mohsin Khan,4,6,0,0,0,0,0.0,150.0,6.0
Sonal Dinusha,Noor Ahmad,2,3,0,0,0,0,0.0,150.0,3.0
Sonal Dinusha,Vidwath Kaverappa,5,5,0,2,0,0,40.0,100.0,5.0
Sonny Baker,Ajay Dev Goud,8,0,3,8,0,0,100.0,0.0,0.0
Sonny Baker,Akeal Hosein,3,0,0,3,0,0,100.0,0.0,0.0
Sonny Baker,Kranthi Kumar,1,0,1,1,0,0,100.0,0.0,0.0
Sonny Baker,Manav Suthar,4,3,1,3,0,0,75.0,75.0,3.0
Sonny Baker,Matthew Forde,2,1,1,1,0,0,50.0,50.0,1.0
Sonny Baker,Mitchell Starc,4,2,1,2,0,0,50.0,50.0,2.0
Sonny Baker,Praveen Jayawickrama,10,3,1,8,0,0,80.0,30.0,3.0
Sonny Baker,Rachin Ravindra,1,1,0,0,0,0,0.0,100.0,1.0
Sonny Baker,Raj Angad Bawa,1,0,1,1,0,0,100.0,0.0,0.0
Sonny Baker,Rasikh Dar,1,0,1,1,0,0,100.0,0.0,0.0
Sonny Baker,Shiran Fernando,1,0,1,1,0,0,100.0,0.0,0.0
Sonny Baker,Shubham Agarwal,1,0,1,1,0,0,100.0,0.0,0.0
Sonny Baker,Washington Sundar,3,0,2,3,0,0,100.0,0.0,0.0
Sonu Yadav,Ashwin Das,4,7,1,2,0,1,50.0,175.0,7.0
Sonu Yadav,Avinov Choudhary,19,19,0,5,1,0,26.32,100.0,19.0
Sonu Yadav,Bhuvneshwar Kumar,16,13,2,8,0,0,50.0,81.25,6.5
Sonu Yadav,Dian Forrester,3,5,0,0,0,0,0.0,166.67,5.0
Sonu Yadav,Duvindu Tillakaratne,13,24,0,3,1,2,23.08,184.62,24.0
Sonu Yadav,Jai Moondra,3,1,1,2,0,0,66.67,33.33,1.0
Sonu Yadav,Karan Lal,1,0,1,1,0,0,100.0,0.0,0.0
Sonu Yadav,Maheesh Theekshana,7,10,0,0,1,0,0.0,142.86,10.0
Sonu Yadav,Matthew Forde,3,3,0,0,0,0,0.0,100.0,3.0
Sonu Yadav,Mohsin Khan,4,8,1,1,0,1,25.0,200.0,8.0
Sonu Yadav,Raj Limbani,4,4,0,0,0,0,0.0,100.0,4.0
Sonu Yadav,Vidwath Kaverappa,1,1,0,0,0,0,0.0,100.0,1.0
Steve Smith,Aaron Hardie,5,5,0,0,0,0,0.0,100.0,5.0
Steve Smith,Abhishek Sharma,4,5,0,2,1,0,50.0,125.0,5.0
Steve Smith,Adam Zampa,18,36,0,4,2,3,22.22,200.0,36.0
Steve Smith,Ajay Dev Goud,6,10,1,1,0,1,16.67,166.67,10.0
Steve Smith,Akash Vasisht,10,13,0,0,1,0,0.0,130.0,13.0
Steve Smith,Akeal Hosein,16,18,0,0,0,0,0.0,112.5,18.0
Steve Smith,Arpit Vasavada,3,3,0,0,0,0,0.0,100.0,3.0
Steve Smith,Ashok Sharma,34,39,2,5,0,0,14.71,114.71,19.5
Steve Smith,Avinov Choudhary,13,22,0,2,1,1,15.38,169.23,22.0
Steve Smith,Axar Patel,4,5,0,0,0,0,0.0,125.0,5.0
Steve Smith,Bhuvneshwar Kumar,2,2,0,0,0,0,0.0,100.0,2.0
Steve Smith,Binura Fernando,1,0,1,1,0,0,100.0,0.0,0.0
Steve Smith,Brian Bennett,3,4,0,0,0,0,0.0,133.33,4.0
Steve Smith,Cameron Green,8,9,0,1,0,0,12.5,112.5,9.0
Steve Smith,Corbin Bosch,6,17,0,0,0,2,0.0,283.33,17.0
Steve Smith,Dian Forrester,3,3,0,1,0,0,33.33,100.0,3.0
Steve Smith,Dushan Hemantha,4,4,0,0,0,0,0.0,100.0,4.0
Steve Smith,Glenton Stuurman,57,65,0,5,1,0,8.77,114.04,65.0
Steve Smith,Gurinder Singh,50,71,1,5,4,1,10.0,142.0,71.0
Steve Smith,Hardik Pandya,3,5,0,0,0,0,0.0,166.67,5.0
Steve Smith,Harpreet Brar,9,13,0,2,2,0,22.22,144.44,13.0
Steve Smith,Ishant Sharma,5,6,0,0,0,0,0.0,120.0,6.0
Steve Smith,Jaydev Unadkat,15,26,0,3,1,1,20.0,173.33,26.0
Steve Smith,Joel Davies,42,38,0,16,1,1,38.1,90.48,38.0
Steve Smith,Karan Lal,6,17,0,1,2,1,16.67,283.33,17.0
Steve Smith,Kranthi Kumar,9,13,0,1,1,0,11.11,144.44,13.0
Steve Smith,Kuldeep Yadav,25,29,2,4,1,0,16.0,116.0,14.5
Steve Smith,Lalit Yadav,15,26,0,3,0,1,20.0,173.33,26.0
Steve Smith,Liam Livingstone,1,0,1,1,0,0,100.0,0.0,0.0
Steve Smith,Malinda Pushpakumara,7,10,1,1,1,0,14.29,142.86,10.0
Steve Smith,Manav Suthar,9,13,0,0,1,0,0.0,144.44,13.0
Steve Smith,Matheesha Pathirana,13,25,0,1,2,1,7.69,192.31,25.0
Steve Smith,Matt Short,4,12,0,0,1,1,0.0,300.0,12.0
Steve Smith,Mitchell Starc,12,19,0,1,0,1,8.33,158.33,19.0
Steve Smith,Mohammed Shami,9,11,0,0,0,0,0.0,122.22,11.0
Steve Smith,Mohammed Siraj,15,20,1,2,0,1,13.33,133.33,20.0
Steve Smith,Mukhtar Hussain,13,16,0,2,1,0,15.38,123.08,16.0
Steve Smith,Nishan Peiris,1,1,0,0,0,0,0.0,100.0,1.0
Steve Smith,Nishant Sindhu,10,18,0,2,2,0,20.0,180.0,18.0
Steve Smith,Nitish Rana,2,3,0,0,0,0,0.0,150.0,3.0
Steve Smith,Pat Cummins,3,3,0,1,0,0,33.33,100.0,3.0
Steve Smith,Prashant Veer,3,14,0,0,2,1,0.0,466.67,14.0
Steve Smith,Rachin Ravindra,8,9,0,2,1,0,25.0,112.5,9.0
Steve Smith,Raj Angad Bawa,21,30,0,2,2,0,9.52,142.86,30.0
Steve Smith,Rashid Khan,4,4,1,1,0,0,25.0,100.0,4.0
Steve Smith,Rasikh Dar,15,19,0,0,0,0,0.0,126.67,19.0
Steve Smith,Ravi Bishnoi,19,18,2,7,2,0,36.84,94.74,9.0
Steve Smith,Ravi Teja,8,8,2,5,0,1,62.5,100.0,4.0
Steve Smith,Riyan Parag,5,8,0,0,0,0,0.0,160.0,8.0
Steve Smith,Sahan Arachchige,10,15,1,3,1,1,30.0,150.0,15.0
Steve Smith,Sairaj Patil,13,17,1,4,0,1,30.77,130.77,17.0
Steve Smith,Sam Curran,14,29,0,0,0,1,0.0,207.14,29.0
Steve Smith,Scott Curie,4,4,1,1,0,0,25.0,100.0,4.0
Steve Smith,Seekkuge Prasanna,2,2,0,0,0,0,0.0,100.0,2.0
Steve Smith,Shiran Fernando,47,58,4,7,2,0,14.89,123.4,14.5
Steve Smith,Shivam Dube,32,42,1,3,0,0,9.38,131.25,42.0
Steve Smith,Shivam Mavi,12,26,0,0,1,2,0.0,216.67,26.0
Steve Smith,Shubham Agarwal,8,9,0,2,1,0,25.0,112.5,9.0
Steve Smith,Sonny Baker,5,5,0,0,0,0,0.0,100.0,5.0
Steve Smith,Sunil Narine,2,2,0,0,0,0,0.0,100.0,2.0
Steve Smith,Suryansh Shedge,1,1,0,0,0,0,0.0,100.0,1.0
Steve Smith,Tanay Thyagarajan,3,4,0,0,0,0,0.0,133.33,4.0
Steve Smith,Tilak Varma,8,14,0,1,0,1,12.5,175.0,14.0
Steve Smith,Vaisakh Chandran,14,16,0,2,0,0,14.29,114.29,16.0
Steve Smith,Vishen Halambage,6,14,1,1,1,1,16.67,233.33,14.0
Steve Smith,Wanindu Hasaranga,6,7,0,0,0,0,0.0,116.67,7.0
Steve Smith,Washington Sundar,11,27,0,0,3,1,0.0,245.45,27.0
Sunil Narine,Abdul Samad,2,2,0,0,0,0,0.0,100.0,2.0
Sunil Narine,Adam Zampa,4,5,0,0,0,0,0.0,125.0,5.0
Sunil Narine,Aiden Markram,20,35,0,7,0,4,35.0,175.0,35.0
Sunil Narine,Ajay Dev Goud,3,8,0,0,1,0,0.0,266.67,8.0
Sunil Narine,Akeal Hosein,32,29,3,16,0,2,50.0,90.62,9.67
Sunil Narine,Anrich Nortje,1,1,0,0,0,0,0.0,100.0,1.0
Sunil Narine,Arjun Tendulkar,3,6,0,0,1,0,0.0,200.0,6.0
Sunil Narine,Ashok Sharma,10,18,3,5,1,2,50.0,180.0,6.0
Sunil Narine,Avesh Khan,9,12,0,5,1,1,55.56,133.33,12.0
Sunil Narine,Avinov Choudhary,9,8,0,5,1,0,55.56,88.89,8.0
Sunil Narine,Axar Patel,1,1,0,0,0,0,0.0,100.0,1.0
Sunil Narine,Bhuvneshwar Kumar,15,14,4,8,2,0,53.33,93.33,3.5
Sunil Narine,Brian Bennett,5,10,0,1,2,0,20.0,200.0,10.0
Sunil Narine,CV Stephen,11,16,2,4,1,0,36.36,145.45,8.0
Sunil Narine,Dian Forrester,3,3,0,1,0,0,33.33,100.0,3.0
Sunil Narine,Dunith Wellalage,1,1,0,0,0,0,0.0,100.0,1.0
Sunil Narine,Glenton Stuurman,4,3,0,2,0,0,50.0,75.0,3.0
Sunil Narine,Gurinder Singh,12,11,3,3,0,0,25.0,91.67,3.67
Sunil Narine,Gus Atkinson,2,3,0,0,0,0,0.0,150.0,3.0
Sunil Narine,Hardik Pandya,3,2,1,1,0,0,33.33,66.67,2.0
Sunil Narine,Harpreet Brar,3,6,0,0,1,0,0.0,200.0,6.0
Sunil Narine,Harsh Dubey,4,1,0,3,0,0,75.0,25.0,1.0
Sunil Narine,Jasprit Bumrah,2,3,0,0,0,0,0.0,150.0,3.0
Sunil Narine,Joel Davies,9,4,1,5,0,0,55.56,44.44,4.0
Sunil Narine,Josh Hazlewood,3,3,0,0,0,0,0.0,100.0,3.0
Sunil Narine,Karan Lal,5,2,1,3,0,0,60.0,40.0,2.0
Sunil Narine,Kranthi Kumar,13,24,1,4,0,3,30.77,184.62,24.0
Sunil Narine,Kuldeep Yadav,12,14,2,4,1,0,33.33,116.67,7.0
Sunil Narine,Lalit Yadav,2,7,0,0,0,1,0.0,350.0,7.0
Sunil Narine,Liam Livingstone,3,5,0,1,1,0,33.33,166.67,5.0
Sunil Narine,Lungi Ngidi,1,0,1,1,0,0,100.0,0.0,0.0
Sunil Narine,Malinda Pushpakumara,12,19,2,4,1,1,33.33,158.33,9.5
Sunil Narine,Manav Suthar,3,4,0,0,0,0,0.0,133.33,4.0
Sunil Narine,Matt Henry,26,45,1,8,2,4,30.77,173.08,45.0
Sunil Narine,Mayank Markande,1,0,1,1,0,0,100.0,0.0,0.0
Sunil Narine,Mitchell Marsh,2,2,0,0,0,0,0.0,100.0,2.0
Sunil Narine,Mitchell Starc,6,7,4,4,0,1,66.67,116.67,1.75
Sunil Narine,Mohammed Shami,7,8,1,2,1,0,28.57,114.29,8.0
Sunil Narine,Mukesh Kumar,1,0,1,1,0,0,100.0,0.0,0.0
Sunil Narine,Mukhtar Hussain,4,4,0,1,0,0,25.0,100.0,4.0
Sunil Narine,Nathan Ellis,3,3,0,1,0,0,33.33,100.0,3.0
Sunil Narine,Nitish Kumar Reddy,10,20,1,2,2,1,20.0,200.0,20.0
Sunil Narine,Nitish Rana,1,0,1,1,0,0,100.0,0.0,0.0
Sunil Narine,Nuwan Thushara,14,16,0,5,0,1,35.71,114.29,16.0
Sunil Narine,Pat Cummins,5,9,0,1,0,1,20.0,180.0,9.0
Sunil Narine,Rachin Ravindra,8,20,0,1,2,1,12.5,250.0,20.0
Sunil Narine,Raj Angad Bawa,1,0,1,1,0,0,100.0,0.0,0.0
Sunil Narine,Ravindra Jadeja,6,3,1,3,0,0,50.0,50.0,3.0
Sunil Narine,Sayan Ghosh,3,1,1,2,0,0,66.67,33.33,1.0
Sunil Narine,Scott Curie,2,2,0,0,0,0,0.0,100.0,2.0
Sunil Narine,Seekkuge Prasanna,2,4,1,1,1,0,50.0,200.0,4.0
Sunil Narine,Shardul Thakur,2,2,1,1,0,0,50.0,100.0,2.0
Sunil Narine,Shiran Fernando,22,42,2,5,3,2,22.73,190.91,21.0
Sunil Narine,Shivam Dube,1,0,1,1,0,0,100.0,0.0,0.0
Sunil Narine,Shivam Mavi,6,11,0,3,1,1,50.0,183.33,11.0
Sunil Narine,Shubham Agarwal,2,1,0,1,0,0,50.0,50.0,1.0
Sunil Narine,Sikandar Raza,2,2,0,0,0,0,0.0,100.0,2.0
Sunil Narine,Tanay Thyagarajan,11,11,1,6,1,0,54.55,100.0,11.0
Sunil Narine,Tharindu Rathnanayake,3,6,0,0,1,0,0.0,200.0,6.0
Sunil Narine,Vaibhav Arora,6,9,0,1,1,0,16.67,150.0,9.0
Sunil Narine,Vaisakh Chandran,3,9,0,0,2,0,0.0,300.0,9.0
Sunil Narine,Varun Chakravarthy,21,23,1,6,1,0,28.57,109.52,23.0
Sunil Narine,Vignesh Puthur,16,10,2,10,1,0,62.5,62.5,5.0
Sunil Narine,Vishen Halambage,11,12,2,3,1,0,27.27,109.09,6.0
Sunil Narine,Wanindu Hasaranga,4,13,0,0,1,1,0.0,325.0,13.0
Sunil Narine,Washington Sundar,7,5,1,3,0,0,42.86,71.43,5.0
Sunil Narine,Will Jacks,3,7,0,1,0,1,33.33,233.33,7.0
Suryansh Shedge,Abhishek Sharma,7,3,0,4,0,0,57.14,42.86,3.0
Suryansh Shedge,Akeal Hosein,8,11,0,3,0,1,37.5,137.5,11.0
Suryansh Shedge,Anshul Kamboj,5,3,1,2,0,0,40.0,60.0,3.0
Suryansh Shedge,Anukul Roy,3,3,1,1,0,0,33.33,100.0,3.0
Suryansh Shedge,Arpit Vasavada,2,1,1,1,0,0,50.0,50.0,1.0
Suryansh Shedge,Arshdeep Singh,7,21,0,0,1,2,0.0,300.0,21.0
Suryansh Shedge,Ashok Sharma,12,18,1,1,0,1,8.33,150.0,18.0
Suryansh Shedge,Axar Patel,11,11,0,5,0,1,45.45,100.0,11.0
Suryansh Shedge,Ben Stokes,2,2,0,0,0,0,0.0,100.0,2.0
Suryansh Shedge,Bhuvneshwar Kumar,5,9,0,1,1,0,20.0,180.0,9.0
Suryansh Shedge,Brian Bennett,3,2,1,1,0,0,33.33,66.67,2.0
Suryansh Shedge,CV Stephen,5,5,0,0,0,0,0.0,100.0,5.0
Suryansh Shedge,Cameron Green,4,4,0,0,0,0,0.0,100.0,4.0
Suryansh Shedge,Corbin Bosch,4,3,0,1,0,0,25.0,75.0,3.0
Suryansh Shedge,Dian Forrester,4,1,1,3,0,0,75.0,25.0,1.0
Suryansh Shedge,Donovan Ferreira,2,2,0,0,0,0,0.0,100.0,2.0
Suryansh Shedge,Dushan Hemantha,15,34,2,3,5,1,20.0,226.67,17.0
Suryansh Shedge,Glenton Stuurman,7,8,1,3,1,0,42.86,114.29,8.0
Suryansh Shedge,Gurinder Singh,29,26,2,8,1,0,27.59,89.66,13.0
Suryansh Shedge,Hardik Pandya,7,23,0,2,1,3,28.57,328.57,23.0
Suryansh Shedge,Harpreet Brar,6,8,1,2,1,0,33.33,133.33,8.0
Suryansh Shedge,Harsh Dubey,7,12,1,1,0,1,14.29,171.43,12.0
Suryansh Shedge,Ishant Sharma,9,14,0,1,1,0,11.11,155.56,14.0
Suryansh Shedge,Jacob Duffy,7,17,0,0,1,1,0.0,242.86,17.0
Suryansh Shedge,Jaydev Unadkat,2,2,1,1,0,0,50.0,100.0,2.0
Suryansh Shedge,Joel Davies,2,2,0,0,0,0,0.0,100.0,2.0
Suryansh Shedge,Kagiso Rabada,5,16,0,0,0,2,0.0,320.0,16.0
Suryansh Shedge,Khaleel Ahmed,4,15,0,0,0,2,0.0,375.0,15.0
Suryansh Shedge,Kranthi Kumar,35,51,2,9,3,2,25.71,145.71,25.5
Suryansh Shedge,Krunal Pandya,5,11,0,1,2,0,20.0,220.0,11.0
Suryansh Shedge,Kuldeep Yadav,20,30,2,5,2,1,25.0,150.0,15.0
Suryansh Shedge,Lungi Ngidi,2,1,1,1,0,0,50.0,50.0,1.0
Suryansh Shedge,Malinda Pushpakumara,38,41,5,10,3,0,26.32,107.89,8.2
Suryansh Shedge,Manisankar Murasingh,1,0,0,1,0,0,100.0,0.0,0.0
Suryansh Shedge,Mitchell Marsh,2,5,0,0,0,0,0.0,250.0,5.0
Suryansh Shedge,Mitchell Starc,7,7,1,3,0,0,42.86,100.0,7.0
Suryansh Shedge,Mohammed Shami,6,5,1,2,0,0,33.33,83.33,5.0
Suryansh Shedge,Mohammed Siraj,5,5,0,0,0,0,0.0,100.0,5.0
Suryansh Shedge,Mridul Surroch,6,7,1,4,0,1,66.67,116.67,7.0
Suryansh Shedge,Mukhtar Hussain,5,3,1,2,0,0,40.0,60.0,3.0
Suryansh Shedge,Nishan Peiris,9,8,1,3,0,0,33.33,88.89,8.0
Suryansh Shedge,Nitish Kumar Reddy,9,7,0,5,1,0,55.56,77.78,7.0
Suryansh Shedge,Prabath Jayasuriya,4,3,0,1,0,0,25.0,75.0,3.0
Suryansh Shedge,Praveen Jayawickrama,2,5,0,0,1,0,0.0,250.0,5.0
Suryansh Shedge,Raj Angad Bawa,1,0,1,1,0,0,100.0,0.0,0.0
Suryansh Shedge,Ravi Bishnoi,3,3,1,1,0,0,33.33,100.0,3.0
Suryansh Shedge,Ravindra Jadeja,12,22,1,4,1,2,33.33,183.33,22.0
Suryansh Shedge,Riyan Parag,5,16,0,1,2,1,20.0,320.0,16.0
Suryansh Shedge,Sahan Arachchige,12,11,2,6,0,1,50.0,91.67,5.5
Suryansh Shedge,Sairaj Patil,4,2,1,2,0,0,50.0,50.0,2.0
Suryansh Shedge,Sam Curran,6,11,0,0,0,1,0.0,183.33,11.0
Suryansh Shedge,Scott Curie,8,12,0,3,0,1,37.5,150.0,12.0
Suryansh Shedge,Seekkuge Prasanna,3,7,0,1,0,1,33.33,233.33,7.0
Suryansh Shedge,Shiran Fernando,53,88,7,13,4,5,24.53,166.04,12.57
Suryansh Shedge,Shivam Dube,5,9,1,1,0,1,20.0,180.0,9.0
Suryansh Shedge,Shivam Shukla,2,2,0,0,0,0,0.0,100.0,2.0
Suryansh Shedge,Shubham Agarwal,2,2,1,1,0,0,50.0,100.0,2.0
Suryansh Shedge,Sikandar Raza,6,2,1,5,0,0,83.33,33.33,2.0
Suryansh Shedge,Sonny Baker,2,2,0,0,0,0,0.0,100.0,2.0
Suryansh Shedge,Suyash Sharma,3,5,0,0,0,0,0.0,166.67,5.0
Suryansh Shedge,Vaisakh Chandran,5,11,0,0,0,1,0.0,220.0,11.0
Suryansh Shedge,Varun Chakravarthy,44,51,8,13,2,2,29.55,115.91,6.38
Suryansh Shedge,Vishen Halambage,6,3,2,4,0,0,66.67,50.0,1.5
Suryansh Shedge,Wanindu Hasaranga,1,0,1,1,0,0,100.0,0.0,0.0
Suryansh Shedge,Washington Sundar,10,16,1,2,2,0,20.0,160.0,16.0
Suyash Sharma,Adam Zampa,1,1,0,0,0,0,0.0,100.0,1.0
Suyash Sharma,Avinov Choudhary,1,0,0,1,0,0,100.0,0.0,0.0
Suyash Sharma,CV Stephen,3,7,1,1,0,1,33.33,233.33,7.0
Suyash Sharma,Harpreet Brar,1,2,0,0,0,0,0.0,200.0,2.0
Suyash Sharma,Malinda Pushpakumara,1,1,0,0,0,0,0.0,100.0,1.0
Suyash Sharma,Mitchell Starc,1,0,1,1,0,0,100.0,0.0,0.0
Swapnil Singh,Anrich Nortje,3,0,1,3,0,0,100.0,0.0,0.0
Swapnil Singh,Arjun Tendulkar,1,0,1,1,0,0,100.0,0.0,0.0
Swapnil Singh,Avinov Choudhary,2,0,0,2,0,0,100.0,0.0,0.0
Swapnil Singh,Jaydev Unadkat,1,1,0,0,0,0,0.0,100.0,1.0
Swapnil Singh,Jofra Archer,4,3,0,1,0,0,25.0,75.0,3.0
Swapnil Singh,Matt Henry,1,0,1,1,0,0,100.0,0.0,0.0
Swapnil Singh,Will Jacks,8,5,0,5,0,0,62.5,62.5,5.0
T Natarajan,Abdul Samad,12,10,0,5,0,0,41.67,83.33,10.0
T Natarajan,Anukul Roy,6,1,1,5,0,0,83.33,16.67,1.0
T Natarajan,Avesh Khan,4,6,1,1,0,0,25.0,150.0,6.0
T Natarajan,Shardul Thakur,11,12,0,7,1,1,63.64,109.09,12.0
T Natarajan,Varun Chakravarthy,10,11,0,4,0,0,40.0,110.0,11.0
T Natarajan,Washington Sundar,11,11,0,2,0,0,18.18,100.0,11.0
Tanay Thyagarajan,Akeal Hosein,7,4,1,3,0,0,42.86,57.14,4.0
Tanay Thyagarajan,Anrich Nortje,7,14,0,2,1,1,28.57,200.0,14.0
Tanay Thyagarajan,Arjun Tendulkar,6,5,1,4,1,0,66.67,83.33,5.0
Tanay Thyagarajan,Ashok Sharma,1,0,1,1,0,0,100.0,0.0,0.0
Tanay Thyagarajan,Axar Patel,10,17,0,1,0,1,10.0,170.0,17.0
Tanay Thyagarajan,Bhuvneshwar Kumar,10,8,0,2,0,0,20.0,80.0,8.0
Tanay Thyagarajan,Glenton Stuurman,1,1,0,0,0,0,0.0,100.0,1.0
Tanay Thyagarajan,Gurinder Singh,10,11,0,3,1,0,30.0,110.0,11.0
Tanay Thyagarajan,Jamie Overton,8,8,0,2,0,0,25.0,100.0,8.0
Tanay Thyagarajan,Jasprit Bumrah,4,3,1,1,0,0,25.0,75.0,3.0
Tanay Thyagarajan,Joel Davies,11,10,2,4,0,0,36.36,90.91,5.0
Tanay Thyagarajan,Jofra Archer,8,21,0,0,0,2,0.0,262.5,21.0
Tanay Thyagarajan,Josh Hazlewood,13,17,1,5,1,1,38.46,130.77,17.0
Tanay Thyagarajan,KC Cariappa,22,48,1,8,1,6,36.36,218.18,48.0
Tanay Thyagarajan,Kranthi Kumar,1,1,0,0,0,0,0.0,100.0,1.0
Tanay Thyagarajan,Krunal Pandya,2,2,0,0,0,0,0.0,100.0,2.0
Tanay Thyagarajan,Kuldeep Yadav,4,5,2,2,0,0,50.0,125.0,2.5
Tanay Thyagarajan,Manisankar Murasingh,2,0,1,2,0,0,100.0,0.0,0.0
Tanay Thyagarajan,Matt Henry,4,9,0,0,1,0,0.0,225.0,9.0
Tanay Thyagarajan,Mitchell Marsh,2,2,0,0,0,0,0.0,100.0,2.0
Tanay Thyagarajan,Mitchell Starc,2,0,1,2,0,0,100.0,0.0,0.0
Tanay Thyagarajan,Mohammed Shami,6,9,0,0,0,0,0.0,150.0,9.0
Tanay Thyagarajan,Pat Cummins,1,1,0,0,0,0,0.0,100.0,1.0
Tanay Thyagarajan,Ramandeep Singh,5,15,0,2,0,2,40.0,300.0,15.0
Tanay Thyagarajan,Rashid Khan,5,5,0,1,0,0,20.0,100.0,5.0
Tanay Thyagarajan,Rasikh Dar,1,0,1,1,0,0,100.0,0.0,0.0
Tanay Thyagarajan,Sai Kishore,7,4,1,3,0,0,42.86,57.14,4.0
Tanay Thyagarajan,Shiran Fernando,1,0,1,1,0,0,100.0,0.0,0.0
Tanay Thyagarajan,Shubham Agarwal,1,4,0,0,1,0,0.0,400.0,4.0
Tanay Thyagarajan,Sunil Narine,10,4,0,7,0,0,70.0,40.0,4.0
Tanay Thyagarajan,Tilak Varma,5,6,1,1,0,0,20.0,120.0,6.0
Tanay Thyagarajan,Varun Chakravarthy,5,3,2,3,0,0,60.0,60.0,1.5
Tanay Thyagarajan,Vicky Ostwal,4,5,0,2,1,0,50.0,125.0,5.0
Tanay Thyagarajan,Vignesh Puthur,8,7,1,4,0,0,50.0,87.5,7.0
Tanay Thyagarajan,Washington Sundar,2,2,0,0,0,0,0.0,100.0,2.0
Tanay Thyagarajan,Will Jacks,3,6,0,0,1,0,0.0,200.0,6.0
Tharindu Rathnanayake,Adam Zampa,2,1,1,1,0,0,50.0,50.0,1.0
Tharindu Rathnanayake,Anukul Roy,6,6,0,5,0,1,83.33,100.0,6.0
Tharindu Rathnanayake,Ben Stokes,2,1,0,1,0,0,50.0,50.0,1.0
Tharindu Rathnanayake,Bhuvneshwar Kumar,4,7,1,2,0,1,50.0,175.0,7.0
Tharindu Rathnanayake,Chama Milind,3,3,0,0,0,0,0.0,100.0,3.0
Tharindu Rathnanayake,Chetan Sakariya,6,12,0,0,2,0,0.0,200.0,12.0
Tharindu Rathnanayake,Dian Forrester,7,4,0,3,0,0,42.86,57.14,4.0
Tharindu Rathnanayake,Hardik Pandya,7,24,0,0,2,2,0.0,342.86,24.0
Tharindu Rathnanayake,Jasprit Bumrah,1,0,1,1,0,0,100.0,0.0,0.0
Tharindu Rathnanayake,KM Asif,1,1,0,0,0,0,0.0,100.0,1.0
Tharindu Rathnanayake,Krunal Pandya,2,1,0,1,0,0,50.0,50.0,1.0
Tharindu Rathnanayake,Marcus Stoinis,4,11,0,1,1,1,25.0,275.0,11.0
Tharindu Rathnanayake,Matt Henry,2,1,0,1,0,0,50.0,50.0,1.0
Tharindu Rathnanayake,Mitchell Starc,2,2,0,0,0,0,0.0,100.0,2.0
Tharindu Rathnanayake,Pat Cummins,5,8,0,3,2,0,60.0,160.0,8.0
Tharindu Rathnanayake,Ravi Bishnoi,4,2,0,2,0,0,50.0,50.0,2.0
Tharindu Rathnanayake,Ravindra Jadeja,2,1,0,1,0,0,50.0,50.0,1.0
Tharindu Rathnanayake,Sam Curran,4,3,0,2,0,0,50.0,75.0,3.0
Tharindu Rathnanayake,Scott Curie,1,1,0,0,0,0,0.0,100.0,1.0
Tharindu Rathnanayake,Shahbaz Ahmed,3,10,0,0,0,1,0.0,333.33,10.0
Tharindu Rathnanayake,Suyash Sharma,1,0,1,1,0,0,100.0,0.0,0.0
Tharindu Rathnanayake,Umesh Yadav,3,9,0,0,2,0,0.0,300.0,9.0
Tharindu Rathnanayake,Vipraj Nigam,3,1,0,2,0,0,66.67,33.33,1.0
Tharindu Rathnanayake,Washington Sundar,2,1,1,1,0,0,50.0,50.0,1.0
Tilak Varma,Abhishek Sharma,13,18,0,1,1,0,7.69,138.46,18.0
Tilak Varma,Adam Zampa,31,43,6,10,0,3,32.26,138.71,7.17
Tilak Varma,Adil Rashid,22,31,1,4,3,0,18.18,140.91,31.0
Tilak Varma,Ajay Dev Goud,4,2,1,3,0,0,75.0,50.0,2.0
Tilak Varma,Akash Vasisht,36,55,2,12,2,4,33.33,152.78,27.5
Tilak Varma,Akeal Hosein,27,40,0,6,1,3,22.22,148.15,40.0
Tilak Varma,Allah Ghazanfar,24,49,1,2,2,3,8.33,204.17,49.0
Tilak Varma,Amila Aponso,3,2,1,2,0,0,66.67,66.67,2.0
Tilak Varma,Anrich Nortje,23,35,1,5,1,2,21.74,152.17,35.0
Tilak Varma,Anshul Kamboj,13,17,1,1,1,0,7.69,130.77,17.0
Tilak Varma,Anukul Roy,38,89,1,4,5,7,10.53,234.21,89.0
Tilak Varma,Arshdeep Singh,24,34,5,7,1,2,29.17,141.67,6.8
Tilak Varma,Ashok Sharma,44,69,2,10,3,3,22.73,156.82,34.5
Tilak Varma,Ashwin Das,1,1,0,0,0,0,0.0,100.0,1.0
Tilak Varma,Athisayaraj Davidson,10,19,0,2,2,1,20.0,190.0,19.0
Tilak Varma,Atit Sheth,43,60,1,10,4,2,23.26,139.53,60.0
Tilak Varma,Auqib Nabi,25,29,1,8,3,0,32.0,116.0,29.0
Tilak Varma,Avinov Choudhary,23,13,3,11,0,0,47.83,56.52,4.33
Tilak Varma,Axar Patel,25,36,1,6,3,0,24.0,144.0,36.0
Tilak Varma,Ben Stokes,16,17,1,2,0,0,12.5,106.25,17.0
Tilak Varma,Bhuvneshwar Kumar,91,139,3,20,12,4,21.98,152.75,46.33
Tilak Varma,CV Stephen,40,53,1,8,2,1,20.0,132.5,53.0
Tilak Varma,Cameron Green,6,18,0,0,0,2,0.0,300.0,18.0
Tilak Varma,Chama Milind,7,10,0,2,0,0,28.57,142.86,10.0
Tilak Varma,Chetan Sakariya,11,14,2,2,0,0,18.18,127.27,7.0
Tilak Varma,Corbin Bosch,23,56,1,2,4,4,8.7,243.48,56.0
Tilak Varma,Deepak Hooda,5,9,0,2,1,0,40.0,180.0,9.0
Tilak Varma,Dian Forrester,31,35,0,8,1,1,25.81,112.9,35.0
Tilak Varma,Dinuka Dilshan,1,1,0,0,0,0,0.0,100.0,1.0
Tilak Varma,Donovan Ferreira,7,6,1,4,1,0,57.14,85.71,6.0
Tilak Varma,Dushan Hemantha,70,113,2,13,4,6,18.57,161.43,56.5
Tilak Varma,Eshan Malinga,11,14,0,3,1,0,27.27,127.27,14.0
Tilak Varma,Gangam Anikethreddy,3,7,0,0,1,0,0.0,233.33,7.0
Tilak Varma,Glenn Phillips,59,105,1,11,8,6,18.64,177.97,105.0
Tilak Varma,Gurinder Singh,31,43,0,11,2,3,35.48,138.71,43.0
Tilak Varma,Gurnoor Singh Brar,2,1,0,1,0,0,50.0,50.0,1.0
Tilak Varma,Gus Atkinson,23,28,1,4,1,0,17.39,121.74,28.0
Tilak Varma,Hardik Pandya,90,175,0,13,8,12,14.44,194.44,175.0
Tilak Varma,Harpreet Brar,49,78,3,8,4,3,16.33,159.18,26.0
Tilak Varma,Harsh Dubey,26,37,1,6,1,2,23.08,142.31,37.0
Tilak Varma,Harshal Patel,7,9,0,1,1,0,14.29,128.57,9.0
Tilak Varma,Ishant Sharma,7,8,1,2,1,0,28.57,114.29,8.0
Tilak Varma,Ismat Alam,11,17,0,3,1,1,27.27,154.55,17.0
Tilak Varma,Jacob Bethell,4,15,0,0,2,1,0.0,375.0,15.0
Tilak Varma,Jacob Duffy,30,68,2,4,3,5,13.33,226.67,34.0
Tilak Varma,Jai Moondra,12,16,1,4,1,1,33.33,133.33,16.0
Tilak Varma,Jasprit Bumrah,10,23,2,3,2,2,30.0,230.0,11.5
Tilak Varma,Jaydev Unadkat,15,15,0,2,0,0,13.33,100.0,15.0
Tilak Varma,Jofra Archer,9,14,0,1,0,1,11.11,155.56,14.0
Tilak Varma,Josh Hazlewood,21,34,1,2,1,2,9.52,161.9,34.0
Tilak Varma,Kagiso Rabada,52,102,0,9,9,4,17.31,196.15,102.0
Tilak Varma,Kamindu Mendis,2,2,0,0,0,0,0.0,100.0,2.0
Tilak Varma,Karan Lal,21,27,1,8,2,1,38.1,128.57,27.0
Tilak Varma,Karan Shinde,2,2,0,0,0,0,0.0,100.0,2.0
Tilak Varma,Khaleel Ahmed,3,1,1,2,0,0,66.67,33.33,1.0
Tilak Varma,Kranthi Kumar,50,61,2,19,4,2,38.0,122.0,30.5
Tilak Varma,Krishnappa Gowtham,8,7,0,4,1,0,50.0,87.5,7.0
Tilak Varma,Krunal Pandya,34,67,1,6,5,4,17.65,197.06,67.0
Tilak Varma,Kuldeep Yadav,58,103,1,14,6,7,24.14,177.59,103.0
Tilak Varma,Lalit Yadav,26,53,0,1,3,3,3.85,203.85,53.0
Tilak Varma,Liam Livingstone,12,26,0,3,0,3,25.0,216.67,26.0
Tilak Varma,Luke Wood,5,12,0,0,2,0,0.0,240.0,12.0
Tilak Varma,Lungi Ngidi,18,20,2,6,1,1,33.33,111.11,10.0
Tilak Varma,Malinda Pushpakumara,59,92,1,13,2,7,22.03,155.93,92.0
Tilak Varma,Manisankar Murasingh,14,16,0,3,0,1,21.43,114.29,16.0
Tilak Varma,Marcus Stoinis,5,7,0,0,0,0,0.0,140.0,7.0
Tilak Varma,Matheesha Pathirana,24,44,0,2,3,1,8.33,183.33,44.0
Tilak Varma,Matt Henry,10,16,1,4,1,1,40.0,160.0,16.0
Tilak Varma,Mitchell Marsh,20,26,0,3,1,0,15.0,130.0,26.0
Tilak Varma,Mitchell Starc,20,24,2,3,1,0,15.0,120.0,12.0
Tilak Varma,Mohammed Shami,24,31,1,4,0,1,16.67,129.17,31.0
Tilak Varma,Mohammed Siraj,92,120,2,20,3,6,21.74,130.43,60.0
Tilak Varma,Mridul Surroch,23,38,1,4,4,1,17.39,165.22,38.0
Tilak Varma,Mukesh Kumar,3,2,0,1,0,0,33.33,66.67,2.0
Tilak Varma,Mukhtar Hussain,8,11,1,1,1,0,12.5,137.5,11.0
Tilak Varma,Nathan Ellis,14,30,1,4,1,3,28.57,214.29,30.0
Tilak Varma,Nishan Peiris,9,7,2,4,0,0,44.44,77.78,3.5
Tilak Varma,Nitish Kumar Reddy,49,68,1,17,3,4,34.69,138.78,68.0
Tilak Varma,Nitish Rana,22,26,1,6,0,1,27.27,118.18,26.0
Tilak Varma,Noor Ahmad,12,14,0,1,0,0,8.33,116.67,14.0
Tilak Varma,Ottneil Baartman,2,4,0,0,0,0,0.0,200.0,4.0
Tilak Varma,Pat Cummins,58,125,0,5,10,5,8.62,215.52,125.0
Tilak Varma,Prabath Jayasuriya,15,18,2,7,1,1,46.67,120.0,9.0
Tilak Varma,Prashant Veer,37,50,2,10,0,3,27.03,135.14,25.0
Tilak Varma,Praveen Jayawickrama,16,13,2,6,1,0,37.5,81.25,6.5
Tilak Varma,Prince Yadav,8,5,2,3,0,0,37.5,62.5,2.5
Tilak Varma,Rachin Ravindra,15,33,1,3,3,2,20.0,220.0,33.0
Tilak Varma,Rashid Khan,18,21,2,3,0,0,16.67,116.67,10.5
Tilak Varma,Ravi Bishnoi,44,57,0,8,2,1,18.18,129.55,57.0
Tilak Varma,Ravindra Jadeja,68,139,4,12,15,7,17.65,204.41,34.75
Tilak Varma,Riyan Parag,20,31,1,5,3,1,25.0,155.0,31.0
Tilak Varma,Rohit Sharma,6,14,0,0,2,0,0.0,233.33,14.0
Tilak Varma,Sahan Arachchige,88,137,3,15,7,4,17.05,155.68,45.67
Tilak Varma,Sairaj Patil,10,13,1,2,0,0,20.0,130.0,13.0
Tilak Varma,Sakib Hussain,4,8,0,1,0,1,25.0,200.0,8.0
Tilak Varma,Sam Curran,60,107,1,9,6,6,15.0,178.33,107.0
Tilak Varma,Samant Jakhar,8,16,1,1,2,0,12.5,200.0,16.0
Tilak Varma,Sandeep Warrier,11,15,0,0,0,0,0.0,136.36,15.0
Tilak Varma,Sanvir Singh,10,19,0,1,2,0,10.0,190.0,19.0
Tilak Varma,Scott Curie,18,34,2,2,0,3,11.11,188.89,17.0
Tilak Varma,Seekkuge Prasanna,13,22,0,5,2,1,38.46,169.23,22.0
Tilak Varma,Senitha Halambage,5,7,0,3,0,1,60.0,140.0,7.0
Tilak Varma,Shahbaz Ahmed,20,31,0,2,1,0,10.0,155.0,31.0
Tilak Varma,Shardul Thakur,5,7,1,1,1,0,20.0,140.0,7.0
Tilak Varma,Shiran Fernando,14,14,0,5,1,0,35.71,100.0,14.0
Tilak Varma,Shivam Dube,16,26,1,5,1,2,31.25,162.5,26.0
Tilak Varma,Shivam Mavi,14,27,0,1,3,0,7.14,192.86,27.0
Tilak Varma,Shivam Shukla,2,2,0,0,0,0,0.0,100.0,2.0
Tilak Varma,Shivang Kumar,7,8,0,1,0,0,14.29,114.29,8.0
Tilak Varma,Shubham Agarwal,15,27,0,1,0,2,6.67,180.0,27.0
Tilak Varma,Sikandar Raza,5,12,0,0,2,0,0.0,240.0,12.0
Tilak Varma,Sonny Baker,9,12,0,0,1,0,0.0,133.33,12.0
Tilak Varma,Sunil Narine,26,23,0,13,0,2,50.0,88.46,23.0
Tilak Varma,Tanay Thyagarajan,38,74,0,5,6,4,13.16,194.74,74.0
Tilak Varma,Tilak Varma,3,9,0,0,2,0,0.0,300.0,9.0
Tilak Varma,Vaisakh Chandran,18,37,0,3,2,2,16.67,205.56,37.0
Tilak Varma,Varun Chakravarthy,33,62,0,2,1,4,6.06,187.88,62.0
Tilak Varma,Venkatesh Iyer,4,6,0,0,0,0,0.0,150.0,6.0
Tilak Varma,Vipraj Nigam,10,11,0,1,0,0,10.0,110.0,11.0
Tilak Varma,Vishen Halambage,65,97,3,20,8,4,30.77,149.23,32.33
Tilak Varma,Wanindu Hasaranga,30,53,0,5,6,1,16.67,176.67,53.0
Tilak Varma,Washington Sundar,41,68,2,8,6,2,19.51,165.85,34.0
Tilak Varma,Will Jacks,68,101,4,11,4,3,16.18,148.53,25.25
Tilak Varma,Yuzvendra Chahal,12,26,0,2,0,3,16.67,216.67,26.0
Tilak Varma,Zeeshan Ansari,6,7,0,2,1,0,33.33,116.67,7.0
Tim David,Aiden Markram,50,81,2,9,6,3,18.0,162.0,40.5
Tim David,Akeal Hosein,38,57,2,14,1,5,36.84,150.0,28.5
Tim David,Amila Aponso,2,2,0,0,0,0,0.0,100.0,2.0
Tim David,Arjun Tendulkar,9,15,1,3,1,1,33.33,166.67,15.0
Tim David,Avesh Khan,10,22,0,1,2,1,10.0,220.0,22.0
Tim David,Ben Stokes,1,2,0,0,0,0,0.0,200.0,2.0
Tim David,Cameron Green,8,19,0,0,0,2,0.0,237.5,19.0
Tim David,George Linde,3,9,0,0,0,1,0.0,300.0,9.0
Tim David,Gurinder Singh,1,4,0,0,1,0,0.0,400.0,4.0
Tim David,Harsh Dubey,4,4,0,1,0,0,25.0,100.0,4.0
Tim David,Jason Holder,2,5,0,0,1,0,0.0,250.0,5.0
Tim David,Josh Hazlewood,2,0,0,2,0,0,100.0,0.0,0.0
Tim David,Krunal Pandya,2,4,1,1,1,0,50.0,200.0,4.0
Tim David,Lockie Ferguson,1,4,0,0,1,0,0.0,400.0,4.0
Tim David,Matt Henry,30,60,1,10,4,5,33.33,200.0,60.0
Tim David,Mayank Markande,9,11,0,2,1,0,22.22,122.22,11.0
Tim David,Mitchell Marsh,3,7,0,0,1,0,0.0,233.33,7.0
Tim David,Mohammed Shami,8,16,0,3,2,1,37.5,200.0,16.0
Tim David,Mohammed Siraj,2,2,0,0,0,0,0.0,100.0,2.0
Tim David,Nuwan Thushara,16,15,1,7,0,1,43.75,93.75,15.0
Tim David,Prabath Jayasuriya,1,1,0,0,0,0,0.0,100.0,1.0
Tim David,Praveen Jayawickrama,4,8,1,2,0,1,50.0,200.0,8.0
Tim David,Prince Yadav,7,24,0,0,2,2,0.0,342.86,24.0
Tim David,Sanvir Singh,5,11,0,1,2,0,20.0,220.0,11.0
Tim David,Shardul Thakur,6,10,0,1,0,1,16.67,166.67,10.0
Tim David,Shiran Fernando,7,12,1,2,2,0,28.57,171.43,12.0
Tim David,Sikandar Raza,3,4,0,0,0,0,0.0,133.33,4.0
Tim David,Tanay Thyagarajan,21,24,2,14,2,2,66.67,114.29,12.0
Tim David,Vaibhav Arora,6,14,0,0,1,1,0.0,233.33,14.0
Tim David,Varun Chakravarthy,8,8,1,2,0,0,25.0,100.0,8.0
Tim David,Vignesh Puthur,64,90,2,27,6,6,42.19,140.62,45.0
Tim David,Washington Sundar,4,3,0,1,0,0,25.0,75.0,3.0
Tim Seifert,Adam Zampa,4,1,0,3,0,0,75.0,25.0,1.0
Tim Seifert,Adil Rashid,23,40,1,6,1,3,26.09,173.91,40.0
Tim Seifert,Akeal Hosein,7,8,1,4,0,1,57.14,114.29,8.0
Tim Seifert,Amila Aponso,14,20,0,3,1,1,21.43,142.86,20.0
Tim Seifert,Anukul Roy,5,2,1,3,0,0,60.0,40.0,2.0
Tim Seifert,Arshdeep Singh,17,22,1,5,2,0,29.41,129.41,22.0
Tim Seifert,Ashok Sharma,22,36,1,5,2,2,22.73,163.64,36.0
Tim Seifert,Atit Sheth,22,39,0,4,1,2,18.18,177.27,39.0
Tim Seifert,Avinov Choudhary,12,8,0,7,0,0,58.33,66.67,8.0
Tim Seifert,Ben Stokes,3,4,0,0,0,0,0.0,133.33,4.0
Tim Seifert,Bhuvneshwar Kumar,13,17,1,2,1,0,15.38,130.77,17.0
Tim Seifert,Brian Bennett,4,5,0,0,0,0,0.0,125.0,5.0
Tim Seifert,CV Stephen,3,4,0,0,0,0,0.0,133.33,4.0
Tim Seifert,Cameron Green,16,31,1,3,3,1,18.75,193.75,31.0
Tim Seifert,Chetan Sakariya,18,36,1,2,3,1,11.11,200.0,36.0
Tim Seifert,Corbin Bosch,15,27,0,1,1,1,6.67,180.0,27.0
Tim Seifert,Delano Potgieter,3,11,0,0,1,1,0.0,366.67,11.0
Tim Seifert,Dian Forrester,16,18,1,6,0,1,37.5,112.5,18.0
Tim Seifert,Donovan Ferreira,7,11,1,1,1,0,14.29,157.14,11.0
Tim Seifert,Dunith Wellalage,7,10,0,0,0,0,0.0,142.86,10.0
Tim Seifert,Dushan Hemantha,33,53,0,3,1,3,9.09,160.61,53.0
Tim Seifert,Eshan Malinga,2,1,1,1,0,0,50.0,50.0,1.0
Tim Seifert,Gurinder Singh,12,14,1,3,1,0,25.0,116.67,14.0
Tim Seifert,Gus Atkinson,8,6,1,4,0,0,50.0,75.0,6.0
Tim Seifert,Hardik Pandya,5,7,0,1,1,0,20.0,140.0,7.0
Tim Seifert,Harpreet Brar,20,25,1,4,2,0,20.0,125.0,25.0
Tim Seifert,Jamie Overton,4,11,0,1,1,1,25.0,275.0,11.0
Tim Seifert,Josh Hazlewood,2,4,0,0,0,0,0.0,200.0,4.0
Tim Seifert,Kagiso Rabada,9,17,1,2,0,2,22.22,188.89,17.0
Tim Seifert,Karan Lal,5,10,1,1,0,1,20.0,200.0,10.0
Tim Seifert,Kranthi Kumar,25,54,1,4,2,5,16.0,216.0,54.0
Tim Seifert,Krunal Pandya,7,8,1,3,1,0,42.86,114.29,8.0
Tim Seifert,Kuldeep Yadav,23,44,0,1,4,1,4.35,191.3,44.0
Tim Seifert,Lalit Yadav,4,9,0,0,1,0,0.0,225.0,9.0
Tim Seifert,Marcus Stoinis,8,13,1,3,1,1,37.5,162.5,13.0
Tim Seifert,Mitchell Starc,18,23,4,6,0,2,33.33,127.78,5.75
Tim Seifert,Mohammed Siraj,36,43,2,10,3,1,27.78,119.44,21.5
Tim Seifert,Nathan Ellis,2,2,0,0,0,0,0.0,100.0,2.0
Tim Seifert,Nitish Kumar Reddy,13,19,0,3,2,0,23.08,146.15,19.0
Tim Seifert,Ottneil Baartman,6,9,0,2,0,1,33.33,150.0,9.0
Tim Seifert,Pat Cummins,4,2,1,2,0,0,50.0,50.0,2.0
Tim Seifert,Prabath Jayasuriya,14,16,1,4,2,0,28.57,114.29,16.0
Tim Seifert,Prashant Veer,4,1,1,3,0,0,75.0,25.0,1.0
Tim Seifert,Praveen Jayawickrama,21,34,0,7,1,3,33.33,161.9,34.0
Tim Seifert,Rasikh Dar,20,40,0,2,5,1,10.0,200.0,40.0
Tim Seifert,Ravi Bishnoi,18,22,0,4,0,1,22.22,122.22,22.0
Tim Seifert,Ravindra Jadeja,7,10,1,1,0,0,14.29,142.86,10.0
Tim Seifert,Riyan Parag,8,9,0,2,0,0,25.0,112.5,9.0
Tim Seifert,Sahan Arachchige,52,77,4,14,6,3,26.92,148.08,19.25
Tim Seifert,Sairaj Patil,11,14,1,2,1,0,18.18,127.27,14.0
Tim Seifert,Sakib Hussain,12,16,0,2,2,0,16.67,133.33,16.0
Tim Seifert,Sam Curran,3,4,0,0,0,0,0.0,133.33,4.0
Tim Seifert,Samant Jakhar,4,4,0,1,0,0,25.0,100.0,4.0
Tim Seifert,Sanvir Singh,16,33,0,2,3,1,12.5,206.25,33.0
Tim Seifert,Scott Curie,13,14,2,5,0,1,38.46,107.69,7.0
Tim Seifert,Shahbaz Ahmed,7,6,0,2,0,0,28.57,85.71,6.0
Tim Seifert,Shiran Fernando,27,19,2,15,0,1,55.56,70.37,9.5
Tim Seifert,Shivam Mavi,13,27,0,1,1,2,7.69,207.69,27.0
Tim Seifert,Shivam Shukla,18,37,1,1,2,2,5.56,205.56,37.0
Tim Seifert,Sonny Baker,32,50,1,7,4,2,21.88,156.25,50.0
Tim Seifert,Tharindu Rathnanayake,12,14,0,5,2,0,41.67,116.67,14.0
Tim Seifert,Tilak Varma,3,2,1,1,0,0,33.33,66.67,2.0
Tim Seifert,Vishen Halambage,8,10,0,0,0,0,0.0,125.0,10.0
Tim Seifert,Wanindu Hasaranga,7,8,1,2,1,0,28.57,114.29,8.0
Tim Seifert,Will Jacks,23,35,1,7,0,3,30.43,152.17,35.0
Travis Head,Anukul Roy,6,9,0,3,2,0,50.0,150.0,9.0
Travis Head,Ashok Sharma,11,16,1,1,0,1,9.09,145.45,16.0
Travis Head,Auqib Nabi,2,1,1,1,0,0,50.0,50.0,1.0
Travis Head,Avesh Khan,4,11,0,0,0,1,0.0,275.0,11.0
Travis Head,Cameron Green,6,8,0,0,0,0,0.0,133.33,8.0
Travis Head,Gurinder Singh,16,15,1,5,0,0,31.25,93.75,15.0
Travis Head,Kuldeep Yadav,8,11,1,5,1,1,62.5,137.5,11.0
Travis Head,Malinda Pushpakumara,3,8,0,0,0,1,0.0,266.67,8.0
Travis Head,Nandre Burger,3,3,0,0,0,0,0.0,100.0,3.0
Travis Head,Shardul Thakur,7,12,0,3,1,1,42.86,171.43,12.0
Travis Head,Umran Malik,1,0,1,1,0,0,100.0,0.0,0.0
Travis Head,Vaibhav Arora,9,23,0,0,1,2,0.0,255.56,23.0
Travis Head,Varun Chakravarthy,12,15,0,3,2,0,25.0,125.0,15.0
Travis Head,Vishen Halambage,14,16,1,4,1,0,28.57,114.29,16.0
Travis Head,Zeeshan Ansari,5,7,0,3,0,1,60.0,140.0,7.0
Trent Boult,Matt Henry,1,0,1,1,0,0,100.0,0.0,0.0
Trent Boult,Mitchell Marsh,4,2,1,3,0,0,75.0,50.0,2.0
Tripuresh Singh,Avinov Choudhary,3,6,0,0,1,0,0.0,200.0,6.0
Tripuresh Singh,Dian Forrester,3,1,1,2,0,0,66.67,33.33,1.0
Tripuresh Singh,Ismat Alam,1,1,0,0,0,0,0.0,100.0,1.0
Tripuresh Singh,Karan Lal,1,0,1,1,0,0,100.0,0.0,0.0
Tripuresh Singh,Vidwath Kaverappa,1,1,0,0,0,0,0.0,100.0,1.0
Tripuresh Singh,Washington Sundar,2,1,1,1,0,0,50.0,50.0,1.0
Tripuresh Singh,Will Jacks,2,0,0,2,0,0,100.0,0.0,0.0
Tristan Stubbs,Abhishek Sharma,22,30,0,9,0,3,40.91,136.36,30.0
Tristan Stubbs,Adam Zampa,17,21,2,9,0,2,52.94,123.53,10.5
Tristan Stubbs,Ajay Dev Goud,17,27,0,3,2,1,17.65,158.82,27.0
Tristan Stubbs,Akeal Hosein,13,14,1,4,1,0,30.77,107.69,14.0
Tristan Stubbs,Anrich Nortje,12,20,0,4,3,0,33.33,166.67,20.0
Tristan Stubbs,Anshul Kamboj,1,1,0,0,0,0,0.0,100.0,1.0
Tristan Stubbs,Anukul Roy,7,6,0,2,0,0,28.57,85.71,6.0
Tristan Stubbs,Arpit Vasavada,6,8,0,1,1,0,16.67,133.33,8.0
Tristan Stubbs,Arshdeep Singh,2,2,0,0,0,0,0.0,100.0,2.0
Tristan Stubbs,Ashok Sharma,6,6,0,1,0,0,16.67,100.0,6.0
Tristan Stubbs,Auqib Nabi,8,22,0,1,1,2,12.5,275.0,22.0
Tristan Stubbs,Axar Patel,31,36,2,13,4,1,41.94,116.13,18.0
Tristan Stubbs,Azmatullah Omarzai,7,12,0,2,0,1,28.57,171.43,12.0
Tristan Stubbs,Ben Stokes,20,31,1,6,1,2,30.0,155.0,31.0
Tristan Stubbs,Bhuvneshwar Kumar,17,35,1,7,1,4,41.18,205.88,35.0
Tristan Stubbs,Brad Evans,4,7,0,2,0,1,50.0,175.0,7.0
Tristan Stubbs,Brian Bennett,10,25,0,1,2,2,10.0,250.0,25.0
Tristan Stubbs,CV Stephen,25,41,0,3,3,1,12.0,164.0,41.0
Tristan Stubbs,Cameron Green,5,12,0,2,1,1,40.0,240.0,12.0
Tristan Stubbs,Corbin Bosch,31,38,1,12,3,1,38.71,122.58,38.0
Tristan Stubbs,Dian Forrester,18,38,0,4,3,2,22.22,211.11,38.0
Tristan Stubbs,Dunith Wellalage,4,15,0,0,0,2,0.0,375.0,15.0
Tristan Stubbs,Dushan Hemantha,9,8,1,3,0,0,33.33,88.89,8.0
Tristan Stubbs,Gangam Anikethreddy,18,20,3,7,1,1,38.89,111.11,6.67
Tristan Stubbs,George Linde,1,1,0,0,0,0,0.0,100.0,1.0
Tristan Stubbs,Glenton Stuurman,15,35,1,1,3,1,6.67,233.33,35.0
Tristan Stubbs,Gurinder Singh,64,113,2,9,7,6,14.06,176.56,56.5
Tristan Stubbs,Gus Atkinson,8,9,1,2,1,0,25.0,112.5,9.0
Tristan Stubbs,Hardik Pandya,13,17,0,4,1,1,30.77,130.77,17.0
Tristan Stubbs,Harpreet Brar,14,28,2,4,2,2,28.57,200.0,14.0
Tristan Stubbs,Harsh Dubey,10,12,0,3,1,0,30.0,120.0,12.0
Tristan Stubbs,Harshal Patel,9,12,0,3,1,0,33.33,133.33,12.0
Tristan Stubbs,Jamie Overton,5,14,0,1,0,2,20.0,280.0,14.0
Tristan Stubbs,Jasprit Bumrah,42,82,0,7,4,6,16.67,195.24,82.0
Tristan Stubbs,Jaydev Unadkat,3,2,0,1,0,0,33.33,66.67,2.0
Tristan Stubbs,Joel Davies,17,27,1,3,0,2,17.65,158.82,27.0
Tristan Stubbs,Josh Hazlewood,18,29,1,3,2,1,16.67,161.11,29.0
Tristan Stubbs,KC Cariappa,19,24,0,10,3,1,52.63,126.32,24.0
Tristan Stubbs,Kagiso Rabada,12,20,0,0,2,0,0.0,166.67,20.0
Tristan Stubbs,Kangabam Priyojit Singh,12,17,0,0,0,1,0.0,141.67,17.0
Tristan Stubbs,Karan Lal,1,0,1,1,0,0,100.0,0.0,0.0
Tristan Stubbs,Kartik Tyagi,26,54,1,5,4,3,19.23,207.69,54.0
Tristan Stubbs,Khaleel Ahmed,4,5,0,2,1,0,50.0,125.0,5.0
Tristan Stubbs,Kranthi Kumar,39,55,2,15,4,3,38.46,141.03,27.5
Tristan Stubbs,Krunal Pandya,24,31,2,6,2,1,25.0,129.17,15.5
Tristan Stubbs,Kuldeep Yadav,44,72,3,12,3,5,27.27,163.64,24.0
Tristan Stubbs,Liam Livingstone,17,38,0,3,2,3,17.65,223.53,38.0
Tristan Stubbs,Lungi Ngidi,5,7,1,1,1,0,20.0,140.0,7.0
Tristan Stubbs,Malinda Pushpakumara,75,120,3,19,3,9,25.33,160.0,40.0
Tristan Stubbs,Manav Suthar,23,40,1,6,2,3,26.09,173.91,40.0
Tristan Stubbs,Manisankar Murasingh,2,1,0,1,0,0,50.0,50.0,1.0
Tristan Stubbs,Marcus Stoinis,4,7,0,1,1,0,25.0,175.0,7.0
Tristan Stubbs,Matheesha Pathirana,3,5,1,1,1,0,33.33,166.67,5.0
Tristan Stubbs,Matt Short,9,10,0,2,0,0,22.22,111.11,10.0
Tristan Stubbs,Mayank Markande,7,15,0,1,1,1,14.29,214.29,15.0
Tristan Stubbs,Mitchell Starc,18,28,1,2,1,1,11.11,155.56,28.0
Tristan Stubbs,Mohammed Shami,1,0,1,1,0,0,100.0,0.0,0.0
Tristan Stubbs,Mohammed Siraj,14,32,0,2,1,3,14.29,228.57,32.0
Tristan Stubbs,Mridul Surroch,14,27,0,1,3,0,7.14,192.86,27.0
Tristan Stubbs,Nathan Ellis,13,18,1,3,0,1,23.08,138.46,18.0
Tristan Stubbs,Nishant Sindhu,4,5,0,0,0,0,0.0,125.0,5.0
Tristan Stubbs,Nitish Kumar Reddy,11,14,0,2,1,0,18.18,127.27,14.0
Tristan Stubbs,Nitish Rana,4,8,0,0,1,0,0.0,200.0,8.0
Tristan Stubbs,Noor Ahmad,5,5,0,0,0,0,0.0,100.0,5.0
Tristan Stubbs,Ottneil Baartman,2,1,0,1,0,0,50.0,50.0,1.0
Tristan Stubbs,Pat Cummins,35,53,3,14,5,3,40.0,151.43,17.67
Tristan Stubbs,Prashant Solanki,18,28,0,1,2,1,5.56,155.56,28.0
Tristan Stubbs,Prashant Veer,30,31,1,9,1,0,30.0,103.33,31.0
Tristan Stubbs,Praveen Jayawickrama,15,21,0,2,0,1,13.33,140.0,21.0
Tristan Stubbs,Rachin Ravindra,14,11,0,6,1,0,42.86,78.57,11.0
Tristan Stubbs,Raj Angad Bawa,9,9,0,1,0,0,11.11,100.0,9.0
Tristan Stubbs,Ramandeep Singh,3,12,0,1,0,2,33.33,400.0,12.0
Tristan Stubbs,Rashid Khan,1,1,0,0,0,0,0.0,100.0,1.0
Tristan Stubbs,Ravi Bishnoi,16,19,0,6,1,1,37.5,118.75,19.0
Tristan Stubbs,Ravindra Jadeja,34,49,0,7,3,2,20.59,144.12,49.0
Tristan Stubbs,Romario Shepherd,6,14,0,1,1,1,16.67,233.33,14.0
Tristan Stubbs,Sahan Arachchige,12,14,1,5,2,0,41.67,116.67,14.0
Tristan Stubbs,Sairaj Patil,3,3,0,0,0,0,0.0,100.0,3.0
Tristan Stubbs,Sakib Hussain,5,6,1,2,1,0,40.0,120.0,6.0
Tristan Stubbs,Sam Curran,14,15,0,4,0,1,28.57,107.14,15.0
Tristan Stubbs,Samant Jakhar,15,27,2,2,2,1,13.33,180.0,13.5
Tristan Stubbs,Sayan Ghosh,6,8,0,0,0,0,0.0,133.33,8.0
Tristan Stubbs,Scott Curie,15,35,0,2,3,2,13.33,233.33,35.0
Tristan Stubbs,Seekkuge Prasanna,3,2,0,1,0,0,33.33,66.67,2.0
Tristan Stubbs,Senitha Halambage,9,9,0,4,1,0,44.44,100.0,9.0
Tristan Stubbs,Shahbaz Ahmed,18,25,0,7,2,1,38.89,138.89,25.0
Tristan Stubbs,Shardul Thakur,10,23,0,2,3,1,20.0,230.0,23.0
Tristan Stubbs,Shiran Fernando,49,81,1,8,6,3,16.33,165.31,81.0
Tristan Stubbs,Shivam Dube,11,16,1,2,2,0,18.18,145.45,16.0
Tristan Stubbs,Shivam Shukla,11,8,0,4,0,0,36.36,72.73,8.0
Tristan Stubbs,Shreyas Gopal,14,18,0,4,2,0,28.57,128.57,18.0
Tristan Stubbs,Shreyas Iyer,5,12,0,0,0,1,0.0,240.0,12.0
Tristan Stubbs,Shubham Agarwal,29,28,3,9,2,0,31.03,96.55,9.33
Tristan Stubbs,Sonny Baker,24,35,1,7,1,3,29.17,145.83,35.0
Tristan Stubbs,Sunil Narine,32,64,1,12,2,7,37.5,200.0,64.0
Tristan Stubbs,Suryansh Shedge,2,1,1,1,0,0,50.0,50.0,1.0
Tristan Stubbs,Sushant Mishra,8,2,0,6,0,0,75.0,25.0,2.0
Tristan Stubbs,Suyash Sharma,11,16,0,0,0,0,0.0,145.45,16.0
Tristan Stubbs,T Natarajan,30,56,1,7,3,4,23.33,186.67,56.0
Tristan Stubbs,Tanay Thyagarajan,24,43,1,9,2,4,37.5,179.17,43.0
Tristan Stubbs,Tharindu Rathnanayake,1,0,1,1,0,0,100.0,0.0,0.0
Tristan Stubbs,Tilak Varma,15,18,0,2,1,0,13.33,120.0,18.0
Tristan Stubbs,Varun Chakravarthy,105,163,6,33,13,8,31.43,155.24,27.17
Tristan Stubbs,Vishen Halambage,10,12,0,5,2,0,50.0,120.0,12.0
Tristan Stubbs,Wanindu Hasaranga,11,7,2,5,0,0,45.45,63.64,3.5
Tristan Stubbs,Washington Sundar,15,11,0,7,1,0,46.67,73.33,11.0
Tristan Stubbs,Will Jacks,16,21,0,3,1,1,18.75,131.25,21.0
Tristan Stubbs,Yash Thakur,7,8,0,3,1,0,42.86,114.29,8.0
Umesh Yadav,Anukul Roy,3,1,0,2,0,0,66.67,33.33,1.0
Umesh Yadav,Nishan Peiris,1,0,1,1,0,0,100.0,0.0,0.0
Umran Malik,Arjun Tendulkar,2,0,1,2,0,0,100.0,0.0,0.0
Urvil Patel,Adam Zampa,11,14,1,3,1,0,27.27,127.27,14.0
Urvil Patel,Adil Rashid,3,1,0,2,0,0,66.67,33.33,1.0
Urvil Patel,Aiden Markram,27,46,3,7,1,4,25.93,170.37,15.33
Urvil Patel,Akeal Hosein,43,75,3,10,6,4,23.26,174.42,25.0
Urvil Patel,Allah Ghazanfar,8,11,1,2,0,1,25.0,137.5,11.0
Urvil Patel,Anrich Nortje,7,6,0,1,0,0,14.29,85.71,6.0
Urvil Patel,Anshul Kamboj,4,5,0,1,0,0,25.0,125.0,5.0
Urvil Patel,Anukul Roy,1,0,1,1,0,0,100.0,0.0,0.0
Urvil Patel,Arjun Tendulkar,29,58,0,5,4,4,17.24,200.0,58.0
Urvil Patel,Arshdeep Singh,14,14,2,3,0,0,21.43,100.0,7.0
Urvil Patel,Ashok Sharma,17,22,1,3,1,0,17.65,129.41,22.0
Urvil Patel,Atit Sheth,10,16,1,2,1,1,20.0,160.0,16.0
Urvil Patel,Auqib Nabi,14,26,1,4,2,2,28.57,185.71,26.0
Urvil Patel,Avinov Choudhary,14,18,0,7,2,1,50.0,128.57,18.0
Urvil Patel,Axar Patel,14,12,2,6,1,0,42.86,85.71,6.0
Urvil Patel,Azmatullah Omarzai,1,1,0,0,0,0,0.0,100.0,1.0
Urvil Patel,Ben Stokes,1,0,1,1,0,0,100.0,0.0,0.0
Urvil Patel,Bhuvneshwar Kumar,11,19,0,2,1,1,18.18,172.73,19.0
Urvil Patel,Binura Fernando,14,11,1,4,0,0,28.57,78.57,11.0
Urvil Patel,CV Stephen,8,12,2,2,0,1,25.0,150.0,6.0
Urvil Patel,Chetan Sakariya,12,24,1,1,0,2,8.33,200.0,24.0
Urvil Patel,Corbin Bosch,2,9,0,0,0,1,0.0,450.0,9.0
Urvil Patel,Darshan Nalkande,3,16,0,0,1,2,0.0,533.33,16.0
Urvil Patel,Dewald Brevis,1,1,0,0,0,0,0.0,100.0,1.0
Urvil Patel,Dian Forrester,5,10,1,1,0,1,20.0,200.0,10.0
Urvil Patel,Dinuka Dilshan,3,14,0,0,0,2,0.0,466.67,14.0
Urvil Patel,Dushan Hemantha,34,61,3,3,3,3,8.82,179.41,20.33
Urvil Patel,Eshan Malinga,10,11,1,2,1,0,20.0,110.0,11.0
Urvil Patel,Glenn Phillips,2,2,0,0,0,0,0.0,100.0,2.0
Urvil Patel,Gurinder Singh,26,31,2,8,1,1,30.77,119.23,15.5
Urvil Patel,Hardik Pandya,10,20,0,0,1,1,0.0,200.0,20.0
Urvil Patel,Harpreet Brar,11,15,3,3,2,0,27.27,136.36,5.0
Urvil Patel,Harsh Dubey,11,17,1,1,1,0,9.09,154.55,17.0
Urvil Patel,Harshit Rana,4,18,0,0,3,1,0.0,450.0,18.0
Urvil Patel,Jacob Duffy,12,29,1,2,1,3,16.67,241.67,29.0
Urvil Patel,Jamie Overton,15,41,0,0,4,2,0.0,273.33,41.0
Urvil Patel,Jasprit Bumrah,7,10,0,1,1,0,14.29,142.86,10.0
Urvil Patel,Josh Hazlewood,20,47,0,3,5,2,15.0,235.0,47.0
Urvil Patel,KM Asif,10,12,1,3,1,0,30.0,120.0,12.0
Urvil Patel,Karan Lal,1,0,0,1,0,0,100.0,0.0,0.0
Urvil Patel,Kranthi Kumar,21,24,1,8,2,1,38.1,114.29,24.0
Urvil Patel,Krishnappa Gowtham,1,0,1,1,0,0,100.0,0.0,0.0
Urvil Patel,Krunal Pandya,10,11,0,5,1,0,50.0,110.0,11.0
Urvil Patel,Kuldeep Yadav,10,12,3,4,2,0,40.0,120.0,4.0
Urvil Patel,Malinda Pushpakumara,17,33,2,3,1,3,17.65,194.12,16.5
Urvil Patel,Manisankar Murasingh,3,5,0,0,0,0,0.0,166.67,5.0
Urvil Patel,Matt Henry,15,25,1,3,2,1,20.0,166.67,25.0
Urvil Patel,Mayank Markande,5,21,0,0,2,2,0.0,420.0,21.0
Urvil Patel,Mitchell Marsh,14,26,0,2,2,1,14.29,185.71,26.0
Urvil Patel,Mitchell Starc,7,8,1,1,0,0,14.29,114.29,8.0
Urvil Patel,Mohammed Shami,37,73,1,8,4,5,21.62,197.3,73.0
Urvil Patel,Mohammed Siraj,33,66,2,4,2,4,12.12,200.0,33.0
Urvil Patel,Mridul Surroch,10,11,1,1,0,0,10.0,110.0,11.0
Urvil Patel,Nandre Burger,3,2,0,1,0,0,33.33,66.67,2.0
Urvil Patel,Nathan Ellis,3,4,2,2,1,0,66.67,133.33,2.0
Urvil Patel,Nishan Peiris,8,9,1,1,0,0,12.5,112.5,9.0
Urvil Patel,Nitish Kumar Reddy,23,28,0,7,1,1,30.43,121.74,28.0
Urvil Patel,Nitish Rana,8,25,1,1,2,2,12.5,312.5,25.0
Urvil Patel,Noor Ahmad,8,8,2,2,0,0,25.0,100.0,4.0
Urvil Patel,Nuwan Thushara,24,61,0,2,5,4,8.33,254.17,61.0
Urvil Patel,Pat Cummins,6,11,1,1,0,1,16.67,183.33,11.0
Urvil Patel,Prabath Jayasuriya,31,37,3,7,3,0,22.58,119.35,12.33
Urvil Patel,Prashant Veer,14,18,2,5,1,1,35.71,128.57,9.0
Urvil Patel,Praveen Jayawickrama,16,28,0,1,3,0,6.25,175.0,28.0
Urvil Patel,Prince Yadav,29,44,1,4,1,1,13.79,151.72,44.0
Urvil Patel,Rashid Khan,12,12,1,4,1,0,33.33,100.0,12.0
Urvil Patel,Rasikh Dar,1,1,0,0,0,0,0.0,100.0,1.0
Urvil Patel,Ravi Bishnoi,1,0,1,1,0,0,100.0,0.0,0.0
Urvil Patel,Ravindra Jadeja,3,4,0,0,0,0,0.0,133.33,4.0
Urvil Patel,Sahan Arachchige,36,56,1,7,5,1,19.44,155.56,56.0
Urvil Patel,Sairaj Patil,4,12,0,0,1,1,0.0,300.0,12.0
Urvil Patel,Sakib Hussain,2,10,0,0,1,1,0.0,500.0,10.0
Urvil Patel,Sam Curran,22,38,1,2,2,1,9.09,172.73,38.0
Urvil Patel,Sanvir Singh,5,12,0,0,0,1,0.0,240.0,12.0
Urvil Patel,Scott Curie,1,0,1,1,0,0,100.0,0.0,0.0
Urvil Patel,Shahbaz Ahmed,2,2,0,0,0,0,0.0,100.0,2.0
Urvil Patel,Shardul Thakur,3,10,0,0,0,1,0.0,333.33,10.0
Urvil Patel,Shiran Fernando,19,21,2,3,0,0,15.79,110.53,10.5
Urvil Patel,Shivam Shukla,4,13,0,0,1,1,0.0,325.0,13.0
Urvil Patel,Suryansh Shedge,3,3,0,0,0,0,0.0,100.0,3.0
Urvil Patel,Tanay Thyagarajan,10,12,0,3,0,1,30.0,120.0,12.0
Urvil Patel,Vaibhav Arora,4,17,0,0,1,2,0.0,425.0,17.0
Urvil Patel,Varun Chakravarthy,13,27,1,3,1,2,23.08,207.69,27.0
Urvil Patel,Vicky Ostwal,9,17,0,1,1,1,11.11,188.89,17.0
Urvil Patel,Vignesh Puthur,35,33,7,14,1,1,40.0,94.29,4.71
Urvil Patel,Virat Kohli,4,9,0,1,0,1,25.0,225.0,9.0
Urvil Patel,Vishen Halambage,5,13,0,0,1,1,0.0,260.0,13.0
Urvil Patel,Wanindu Hasaranga,12,16,0,5,0,1,41.67,133.33,16.0
Urvil Patel,Washington Sundar,15,29,1,2,4,0,13.33,193.33,29.0
Urvil Patel,Will Jacks,8,6,1,2,0,0,25.0,75.0,6.0
Urvil Patel,Yash Thakur,4,5,0,0,0,0,0.0,125.0,5.0
Vaibhav Arora,Bhuvneshwar Kumar,1,0,1,1,0,0,100.0,0.0,0.0
Vaibhav Arora,Josh Hazlewood,1,1,0,0,0,0,0.0,100.0,1.0
Vaibhav Arora,Kartik Tyagi,4,1,0,3,0,0,75.0,25.0,1.0
Vaibhav Arora,Pat Cummins,4,5,0,2,1,0,50.0,125.0,5.0
Vaibhav Suryavanshi,Aaron Hardie,6,13,0,1,0,1,16.67,216.67,13.0
Vaibhav Suryavanshi,Adam Zampa,33,45,2,8,1,2,24.24,136.36,22.5
Vaibhav Suryavanshi,Adil Rashid,17,27,0,6,3,1,35.29,158.82,27.0
Vaibhav Suryavanshi,Ajay Dev Goud,18,27,1,2,3,0,11.11,150.0,27.0
Vaibhav Suryavanshi,Akash Vasisht,12,15,1,4,0,1,33.33,125.0,15.0
Vaibhav Suryavanshi,Akeal Hosein,51,66,3,16,5,2,31.37,129.41,22.0
Vaibhav Suryavanshi,Amila Aponso,10,9,0,4,1,0,40.0,90.0,9.0
Vaibhav Suryavanshi,Anshul Kamboj,20,27,1,5,2,0,25.0,135.0,27.0
Vaibhav Suryavanshi,Anukul Roy,18,36,0,2,3,2,11.11,200.0,36.0
Vaibhav Suryavanshi,Arjun Tendulkar,10,8,1,5,0,0,50.0,80.0,8.0
Vaibhav Suryavanshi,Arpit Vasavada,41,69,4,14,3,6,34.15,168.29,17.25
Vaibhav Suryavanshi,Arshdeep Singh,86,174,3,16,19,7,18.6,202.33,58.0
Vaibhav Suryavanshi,Ashok Sharma,73,129,3,14,8,7,19.18,176.71,43.0
Vaibhav Suryavanshi,Atit Sheth,37,82,0,3,8,4,8.11,221.62,82.0
Vaibhav Suryavanshi,Avesh Khan,7,25,0,0,1,3,0.0,357.14,25.0
Vaibhav Suryavanshi,Axar Patel,116,196,6,31,12,13,26.72,168.97,32.67
Vaibhav Suryavanshi,Ben Stokes,26,35,1,7,1,2,26.92,134.62,35.0
Vaibhav Suryavanshi,Bhuvneshwar Kumar,14,19,1,4,1,1,28.57,135.71,19.0
Vaibhav Suryavanshi,Binura Fernando,17,35,3,5,5,1,29.41,205.88,11.67
Vaibhav Suryavanshi,Brad Evans,6,9,0,2,1,0,33.33,150.0,9.0
Vaibhav Suryavanshi,Brian Bennett,9,21,0,0,2,1,0.0,233.33,21.0
Vaibhav Suryavanshi,CV Stephen,8,15,1,3,0,2,37.5,187.5,15.0
Vaibhav Suryavanshi,Cameron Green,14,23,1,3,1,1,21.43,164.29,23.0
Vaibhav Suryavanshi,Chetan Sakariya,9,16,0,1,1,1,11.11,177.78,16.0
Vaibhav Suryavanshi,Corbin Bosch,14,21,2,2,2,0,14.29,150.0,10.5
Vaibhav Suryavanshi,Darshan Nalkande,9,17,0,1,1,1,11.11,188.89,17.0
Vaibhav Suryavanshi,Deepak Hooda,5,12,0,1,1,1,20.0,240.0,12.0
Vaibhav Suryavanshi,Dian Forrester,81,132,0,17,12,4,20.99,162.96,132.0
Vaibhav Suryavanshi,Donovan Ferreira,4,3,0,2,0,0,50.0,75.0,3.0
Vaibhav Suryavanshi,Dushan Hemantha,50,79,4,11,6,3,22.0,158.0,19.75
Vaibhav Suryavanshi,Eshan Malinga,2,2,0,0,0,0,0.0,100.0,2.0
Vaibhav Suryavanshi,Gangam Anikethreddy,22,31,2,7,0,3,31.82,140.91,15.5
Vaibhav Suryavanshi,Glenn Phillips,4,3,0,2,0,0,50.0,75.0,3.0
Vaibhav Suryavanshi,Glenton Stuurman,44,70,3,8,3,3,18.18,159.09,23.33
Vaibhav Suryavanshi,Gurinder Singh,77,107,4,25,7,5,32.47,138.96,26.75
Vaibhav Suryavanshi,Gurnoor Singh Brar,9,18,0,0,1,1,0.0,200.0,18.0
Vaibhav Suryavanshi,Gus Atkinson,26,51,0,5,3,3,19.23,196.15,51.0
Vaibhav Suryavanshi,Hardik Pandya,24,30,1,8,3,0,33.33,125.0,30.0
Vaibhav Suryavanshi,Harsh Dubey,44,86,0,9,5,6,20.45,195.45,86.0
Vaibhav Suryavanshi,Harshal Patel,47,107,1,10,8,8,21.28,227.66,107.0
Vaibhav Suryavanshi,Harshit Rana,12,28,0,0,3,1,0.0,233.33,28.0
Vaibhav Suryavanshi,Ishant Sharma,11,23,0,1,2,1,9.09,209.09,23.0
Vaibhav Suryavanshi,Jacob Duffy,21,33,1,7,2,2,33.33,157.14,33.0
Vaibhav Suryavanshi,Jacques Snyman,6,10,0,0,1,0,0.0,166.67,10.0
Vaibhav Suryavanshi,Jamie Overton,11,14,0,2,0,0,18.18,127.27,14.0
Vaibhav Suryavanshi,Jason Holder,39,76,0,5,4,4,12.82,194.87,76.0
Vaibhav Suryavanshi,Jasprit Bumrah,45,105,0,7,9,7,15.56,233.33,105.0
Vaibhav Suryavanshi,Joel Davies,31,46,5,10,2,3,32.26,148.39,9.2
Vaibhav Suryavanshi,Josh Hazlewood,32,63,1,6,8,2,18.75,196.88,63.0
Vaibhav Suryavanshi,KM Asif,9,13,0,3,2,0,33.33,144.44,13.0
Vaibhav Suryavanshi,Kagiso Rabada,22,34,1,6,2,2,27.27,154.55,34.0
Vaibhav Suryavanshi,Kamindu Mendis,28,51,0,6,1,5,21.43,182.14,51.0
Vaibhav Suryavanshi,Kangabam Priyojit Singh,3,2,0,1,0,0,33.33,66.67,2.0
Vaibhav Suryavanshi,Karan Lal,3,3,0,1,0,0,33.33,100.0,3.0
Vaibhav Suryavanshi,Khaleel Ahmed,16,26,2,5,2,1,31.25,162.5,13.0
Vaibhav Suryavanshi,Kranthi Kumar,55,53,2,22,4,0,40.0,96.36,26.5
Vaibhav Suryavanshi,Krunal Pandya,11,10,1,3,0,0,27.27,90.91,10.0
Vaibhav Suryavanshi,Kuldeep Yadav,66,127,3,9,8,8,13.64,192.42,42.33
Vaibhav Suryavanshi,Lalit Yadav,12,16,2,3,2,0,25.0,133.33,8.0
Vaibhav Suryavanshi,Liam Livingstone,14,36,0,1,5,1,7.14,257.14,36.0
Vaibhav Suryavanshi,Lockie Ferguson,3,4,0,0,0,0,0.0,133.33,4.0
Vaibhav Suryavanshi,Lone Nasir Muzaffar,7,15,1,2,0,2,28.57,214.29,15.0
Vaibhav Suryavanshi,Lungi Ngidi,42,57,5,13,3,2,30.95,135.71,11.4
Vaibhav Suryavanshi,Malinda Pushpakumara,9,21,0,3,3,1,33.33,233.33,21.0
Vaibhav Suryavanshi,Manav Suthar,17,29,0,3,1,2,17.65,170.59,29.0
Vaibhav Suryavanshi,Manisankar Murasingh,30,63,1,2,1,5,6.67,210.0,63.0
Vaibhav Suryavanshi,Marcus Stoinis,1,6,0,0,0,1,0.0,600.0,6.0
Vaibhav Suryavanshi,Matt Short,6,7,0,2,1,0,33.33,116.67,7.0
Vaibhav Suryavanshi,Mitchell Marsh,107,177,3,25,10,10,23.36,165.42,59.0
Vaibhav Suryavanshi,Mitchell Starc,68,97,5,19,6,4,27.94,142.65,19.4
Vaibhav Suryavanshi,Mohammed Shami,145,247,13,39,24,11,26.9,170.34,19.0
Vaibhav Suryavanshi,Mohammed Siraj,64,130,3,13,13,6,20.31,203.12,43.33
Vaibhav Suryavanshi,Mohsin Khan,5,7,1,1,0,0,20.0,140.0,7.0
Vaibhav Suryavanshi,Mridul Surroch,45,69,2,12,2,4,26.67,153.33,34.5
Vaibhav Suryavanshi,Mukhtar Hussain,5,7,0,0,0,0,0.0,140.0,7.0
Vaibhav Suryavanshi,Nathan Ellis,24,25,3,8,2,0,33.33,104.17,8.33
Vaibhav Suryavanshi,Nishan Peiris,43,75,2,7,3,5,16.28,174.42,37.5
Vaibhav Suryavanshi,Nishant Sindhu,4,12,0,0,1,1,0.0,300.0,12.0
Vaibhav Suryavanshi,Nitish Kumar Reddy,17,33,0,1,2,2,5.88,194.12,33.0
Vaibhav Suryavanshi,Nitish Rana,7,22,0,0,0,3,0.0,314.29,22.0
Vaibhav Suryavanshi,Noor Ahmad,5,9,1,1,1,0,20.0,180.0,9.0
Vaibhav Suryavanshi,Ottneil Baartman,6,12,0,2,1,1,33.33,200.0,12.0
Vaibhav Suryavanshi,Pat Cummins,9,6,1,4,0,0,44.44,66.67,6.0
Vaibhav Suryavanshi,Prabath Jayasuriya,31,47,0,9,2,3,29.03,151.61,47.0
Vaibhav Suryavanshi,Prashant Veer,59,109,0,14,6,7,23.73,184.75,109.0
Vaibhav Suryavanshi,Praveen Jayawickrama,89,114,6,33,9,5,37.08,128.09,19.0
Vaibhav Suryavanshi,Prince Yadav,180,314,4,35,25,12,19.44,174.44,78.5
Vaibhav Suryavanshi,Rachin Ravindra,15,41,0,1,3,3,6.67,273.33,41.0
Vaibhav Suryavanshi,Raj Angad Bawa,20,50,1,2,3,4,10.0,250.0,50.0
Vaibhav Suryavanshi,Rashid Khan,71,121,5,20,12,5,28.17,170.42,24.2
Vaibhav Suryavanshi,Rasikh Dar,10,17,2,2,2,0,20.0,170.0,8.5
Vaibhav Suryavanshi,Ravi Bishnoi,89,182,3,10,9,11,11.24,204.49,60.67
Vaibhav Suryavanshi,Ravindra Jadeja,16,23,3,6,2,1,37.5,143.75,7.67
Vaibhav Suryavanshi,Riyan Parag,6,13,0,0,0,1,0.0,216.67,13.0
Vaibhav Suryavanshi,Rohit Sharma,3,3,0,0,0,0,0.0,100.0,3.0
Vaibhav Suryavanshi,Sahan Arachchige,77,132,1,21,11,6,27.27,171.43,132.0
Vaibhav Suryavanshi,Sai Kishore,41,86,1,7,6,6,17.07,209.76,86.0
Vaibhav Suryavanshi,Sairaj Patil,44,71,3,13,4,4,29.55,161.36,23.67
Vaibhav Suryavanshi,Sakib Hussain,1,0,1,1,0,0,100.0,0.0,0.0
Vaibhav Suryavanshi,Sam Curran,30,53,2,3,3,3,10.0,176.67,26.5
Vaibhav Suryavanshi,Samant Jakhar,6,7,0,2,1,0,33.33,116.67,7.0
Vaibhav Suryavanshi,Sanvir Singh,5,11,0,1,0,1,20.0,220.0,11.0
Vaibhav Suryavanshi,Sayan Ghosh,10,20,0,1,0,2,10.0,200.0,20.0
Vaibhav Suryavanshi,Scott Curie,11,22,0,2,2,1,18.18,200.0,22.0
Vaibhav Suryavanshi,Seekkuge Prasanna,5,5,0,1,0,0,20.0,100.0,5.0
Vaibhav Suryavanshi,Senitha Halambage,5,16,0,1,4,0,20.0,320.0,16.0
Vaibhav Suryavanshi,Shahbaz Ahmed,41,71,1,7,6,2,17.07,173.17,71.0
Vaibhav Suryavanshi,Shiran Fernando,75,132,5,15,6,8,20.0,176.0,26.4
Vaibhav Suryavanshi,Shivam Dube,39,52,1,5,2,1,12.82,133.33,52.0
Vaibhav Suryavanshi,Shivam Mavi,4,12,0,0,1,1,0.0,300.0,12.0
Vaibhav Suryavanshi,Shivam Shukla,5,9,0,0,0,0,0.0,180.0,9.0
Vaibhav Suryavanshi,Shivang Kumar,11,23,0,3,1,2,27.27,209.09,23.0
Vaibhav Suryavanshi,Shubham Agarwal,23,44,2,4,0,4,17.39,191.3,22.0
Vaibhav Suryavanshi,Sonny Baker,12,16,1,5,3,0,41.67,133.33,16.0
Vaibhav Suryavanshi,Sunil Narine,68,105,1,19,7,6,27.94,154.41,105.0
Vaibhav Suryavanshi,Suryansh Shedge,32,67,1,3,3,4,9.38,209.38,67.0
Vaibhav Suryavanshi,Suyash Sharma,14,38,1,2,5,2,14.29,271.43,38.0
Vaibhav Suryavanshi,Tanay Thyagarajan,2,1,1,1,0,0,50.0,50.0,1.0
Vaibhav Suryavanshi,Tilak Varma,9,11,1,1,0,0,11.11,122.22,11.0
Vaibhav Suryavanshi,Vaisakh Chandran,6,6,1,1,0,0,16.67,100.0,6.0
Vaibhav Suryavanshi,Varun Chakravarthy,11,27,2,2,1,3,18.18,245.45,13.5
Vaibhav Suryavanshi,Venkatesh Iyer,12,17,0,1,0,0,8.33,141.67,17.0
Vaibhav Suryavanshi,Vipraj Nigam,14,18,1,4,1,1,28.57,128.57,18.0
Vaibhav Suryavanshi,Vishen Halambage,27,33,2,12,3,1,44.44,122.22,16.5
Vaibhav Suryavanshi,Wanindu Hasaranga,5,5,1,1,0,0,20.0,100.0,5.0
Vaibhav Suryavanshi,Washington Sundar,35,68,0,6,6,3,17.14,194.29,68.0
Vaibhav Suryavanshi,Will Jacks,12,25,0,3,3,1,25.0,208.33,25.0
Vaibhav Suryavanshi,Yash Thakur,16,23,0,4,1,1,25.0,143.75,23.0
Vaibhav Suryavanshi,Yuzvendra Chahal,2,2,0,0,0,0,0.0,100.0,2.0
Vaisakh Chandran,Ajay Dev Goud,1,1,0,0,0,0,0.0,100.0,1.0
Vaisakh Chandran,Arpit Vasavada,2,5,0,0,0,0,0.0,250.0,5.0
Vaisakh Chandran,Ashwin Das,1,1,0,0,0,0,0.0,100.0,1.0
Vaisakh Chandran,Axar Patel,1,1,0,0,0,0,0.0,100.0,1.0
Vaisakh Chandran,CV Stephen,1,1,0,0,0,0,0.0,100.0,1.0
Vaisakh Chandran,Corbin Bosch,2,4,1,1,1,0,50.0,200.0,4.0
Vaisakh Chandran,Glenton Stuurman,7,11,0,0,0,0,0.0,157.14,11.0
Vaisakh Chandran,Gurinder Singh,3,3,0,1,0,0,33.33,100.0,3.0
Vaisakh Chandran,Joel Davies,4,4,0,1,0,0,25.0,100.0,4.0
Vaisakh Chandran,Karan Lal,2,1,0,1,0,0,50.0,50.0,1.0
Vaisakh Chandran,Kranthi Kumar,1,1,0,0,0,0,0.0,100.0,1.0
Vaisakh Chandran,Liam Livingstone,1,1,0,0,0,0,0.0,100.0,1.0
Vaisakh Chandran,Malinda Pushpakumara,3,0,1,3,0,0,100.0,0.0,0.0
Vaisakh Chandran,Mohammed Shami,4,6,0,1,0,0,25.0,150.0,6.0
Vaisakh Chandran,Nishan Peiris,1,0,1,1,0,0,100.0,0.0,0.0
Vaisakh Chandran,Raj Angad Bawa,6,6,1,1,0,0,16.67,100.0,6.0
Vaisakh Chandran,Rashid Khan,3,3,0,0,0,0,0.0,100.0,3.0
Vaisakh Chandran,Shiran Fernando,12,16,3,5,2,0,41.67,133.33,5.33
Vaisakh Chandran,Shivam Dube,4,5,1,1,0,0,25.0,125.0,5.0
Vaisakh Chandran,Shubham Agarwal,2,1,1,1,0,0,50.0,50.0,1.0
Vaisakh Chandran,Sunil Narine,5,1,2,4,0,0,80.0,20.0,0.5
Vaisakh Chandran,Wanindu Hasaranga,3,5,0,0,0,0,0.0,166.67,5.0
Vaisakh Chandran,Washington Sundar,2,1,0,1,0,0,50.0,50.0,1.0
Varun Chakravarthy,Akash Vasisht,3,1,1,2,0,0,66.67,33.33,1.0
Varun Chakravarthy,Akeal Hosein,13,14,2,3,0,0,23.08,107.69,7.0
Varun Chakravarthy,Arpit Vasavada,3,1,1,2,0,0,66.67,33.33,1.0
Varun Chakravarthy,Arshdeep Singh,6,7,1,1,0,0,16.67,116.67,7.0
Varun Chakravarthy,Ashok Sharma,7,8,0,0,0,0,0.0,114.29,8.0
Varun Chakravarthy,Avinov Choudhary,1,1,0,0,0,0,0.0,100.0,1.0
Varun Chakravarthy,Bhuvneshwar Kumar,1,0,1,1,0,0,100.0,0.0,0.0
Varun Chakravarthy,Binura Fernando,1,1,0,0,0,0,0.0,100.0,1.0
Varun Chakravarthy,Corbin Bosch,4,9,0,2,0,1,50.0,225.0,9.0
Varun Chakravarthy,Dushan Hemantha,1,1,0,0,0,0,0.0,100.0,1.0
Varun Chakravarthy,Gurinder Singh,5,4,2,2,0,0,40.0,80.0,2.0
Varun Chakravarthy,Hardik Pandya,1,0,1,1,0,0,100.0,0.0,0.0
Varun Chakravarthy,Ishant Sharma,3,1,1,2,0,0,66.67,33.33,1.0
Varun Chakravarthy,Jacob Duffy,1,1,0,0,0,0,0.0,100.0,1.0
Varun Chakravarthy,KM Asif,2,2,0,0,0,0,0.0,100.0,2.0
Varun Chakravarthy,Kagiso Rabada,1,0,1,1,0,0,100.0,0.0,0.0
Varun Chakravarthy,Karan Lal,4,5,1,1,0,0,25.0,125.0,5.0
Varun Chakravarthy,Kartik Tyagi,9,19,2,3,1,2,33.33,211.11,9.5
Varun Chakravarthy,Krishnappa Gowtham,2,2,0,0,0,0,0.0,100.0,2.0
Varun Chakravarthy,Kuldeep Yadav,9,12,0,1,0,0,11.11,133.33,12.0
Varun Chakravarthy,Lungi Ngidi,3,3,0,1,0,0,33.33,100.0,3.0
Varun Chakravarthy,Malinda Pushpakumara,3,2,1,1,0,0,33.33,66.67,2.0
Varun Chakravarthy,Mohammed Shami,3,0,2,3,0,0,100.0,0.0,0.0
Varun Chakravarthy,Mohammed Siraj,6,7,1,1,0,0,16.67,116.67,7.0
Varun Chakravarthy,Nathan Ellis,3,3,0,0,0,0,0.0,100.0,3.0
Varun Chakravarthy,Nitish Kumar Reddy,4,1,1,3,0,0,75.0,25.0,1.0
Varun Chakravarthy,Pat Cummins,5,0,0,5,0,0,100.0,0.0,0.0
Varun Chakravarthy,Prabath Jayasuriya,6,9,0,0,0,0,0.0,150.0,9.0
Varun Chakravarthy,Prashant Solanki,1,0,1,1,0,0,100.0,0.0,0.0
Varun Chakravarthy,Rasikh Dar,8,12,0,0,1,0,0.0,150.0,12.0
Varun Chakravarthy,Sahan Arachchige,8,9,2,2,0,0,25.0,112.5,4.5
Varun Chakravarthy,Sairaj Patil,1,1,0,0,0,0,0.0,100.0,1.0
Varun Chakravarthy,Sam Curran,5,6,1,1,0,0,20.0,120.0,6.0
Varun Chakravarthy,Seekkuge Prasanna,1,1,0,0,0,0,0.0,100.0,1.0
Varun Chakravarthy,Shiran Fernando,8,10,0,1,0,0,12.5,125.0,10.0
Varun Chakravarthy,T Natarajan,11,17,0,7,1,2,63.64,154.55,17.0
Varun Chakravarthy,Tanay Thyagarajan,2,0,2,2,0,0,100.0,0.0,0.0
Varun Chakravarthy,Vaisakh Chandran,3,6,0,0,1,0,0.0,200.0,6.0
Varun Chakravarthy,Vishen Halambage,6,3,2,4,0,0,66.67,50.0,1.5
Varun Chakravarthy,Washington Sundar,15,12,1,10,0,1,66.67,80.0,12.0
Vasuki Koushik,Corbin Bosch,2,4,0,0,0,0,0.0,200.0,4.0
Venkatesh Iyer,Abhishek Sharma,15,22,0,4,1,1,26.67,146.67,22.0
Venkatesh Iyer,Adam Zampa,26,26,4,11,0,2,42.31,100.0,6.5
Venkatesh Iyer,Ajay Dev Goud,11,14,0,2,1,0,18.18,127.27,14.0
Venkatesh Iyer,Akash Vasisht,41,62,0,3,5,0,7.32,151.22,62.0
Venkatesh Iyer,Akeal Hosein,45,58,2,6,3,0,13.33,128.89,29.0
Venkatesh Iyer,Anshul Kamboj,20,28,0,2,1,0,10.0,140.0,28.0
Venkatesh Iyer,Arshdeep Singh,35,61,0,5,5,1,14.29,174.29,61.0
Venkatesh Iyer,Ashok Sharma,109,143,2,12,2,4,11.01,131.19,71.5
Venkatesh Iyer,Atit Sheth,3,3,0,1,0,0,33.33,100.0,3.0
Venkatesh Iyer,Axar Patel,18,18,1,4,0,0,22.22,100.0,18.0
Venkatesh Iyer,Ben Stokes,7,8,0,0,0,0,0.0,114.29,8.0
Venkatesh Iyer,Bhuvneshwar Kumar,43,47,7,14,3,0,32.56,109.3,6.71
Venkatesh Iyer,Brian Bennett,8,8,0,1,0,0,12.5,100.0,8.0
Venkatesh Iyer,CV Stephen,29,40,0,5,3,0,17.24,137.93,40.0
Venkatesh Iyer,Cameron Green,5,11,0,0,2,0,0.0,220.0,11.0
Venkatesh Iyer,Dasun Shanaka,33,60,0,0,2,2,0.0,181.82,60.0
Venkatesh Iyer,Dian Forrester,9,12,0,0,1,0,0.0,133.33,12.0
Venkatesh Iyer,Duan Jansen,14,24,0,1,3,0,7.14,171.43,24.0
Venkatesh Iyer,Dunith Wellalage,2,2,0,0,0,0,0.0,100.0,2.0
Venkatesh Iyer,Dushan Hemantha,29,30,2,8,1,0,27.59,103.45,15.0
Venkatesh Iyer,Duvindu Tillakaratne,8,30,0,0,1,3,0.0,375.0,30.0
Venkatesh Iyer,Gangam Anikethreddy,16,28,1,3,3,1,18.75,175.0,28.0
Venkatesh Iyer,Glenn Phillips,11,22,1,1,1,1,9.09,200.0,22.0
Venkatesh Iyer,Glenton Stuurman,40,53,0,3,1,0,7.5,132.5,53.0
Venkatesh Iyer,Gurinder Singh,211,303,9,34,17,6,16.11,143.6,33.67
Venkatesh Iyer,Gurnoor Singh Brar,4,4,0,1,0,0,25.0,100.0,4.0
Venkatesh Iyer,Gus Atkinson,12,13,1,1,0,0,8.33,108.33,13.0
Venkatesh Iyer,Hardik Pandya,17,40,1,2,1,4,11.76,235.29,40.0
Venkatesh Iyer,Harpreet Brar,50,91,1,5,4,5,10.0,182.0,91.0
Venkatesh Iyer,Harsh Dubey,12,28,1,2,4,1,16.67,233.33,28.0
Venkatesh Iyer,Ishant Sharma,20,42,1,2,3,2,10.0,210.0,42.0
Venkatesh Iyer,Isitha Wijesundara,5,7,0,0,0,0,0.0,140.0,7.0
Venkatesh Iyer,Jacob Bethell,1,2,0,0,0,0,0.0,200.0,2.0
Venkatesh Iyer,Jacob Duffy,15,17,0,0,0,0,0.0,113.33,17.0
Venkatesh Iyer,Jasprit Bumrah,55,104,0,8,9,4,14.55,189.09,104.0
Venkatesh Iyer,Jaydev Unadkat,11,23,0,1,0,2,9.09,209.09,23.0
Venkatesh Iyer,Joel Davies,39,44,1,12,4,0,30.77,112.82,44.0
Venkatesh Iyer,Josh Hazlewood,7,8,0,0,0,0,0.0,114.29,8.0
Venkatesh Iyer,KM Asif,3,2,0,1,0,0,33.33,66.67,2.0
Venkatesh Iyer,Kagiso Rabada,14,17,0,2,0,0,14.29,121.43,17.0
Venkatesh Iyer,Kangabam Priyojit Singh,11,10,0,1,0,0,9.09,90.91,10.0
Venkatesh Iyer,Karan Lal,3,3,0,0,0,0,0.0,100.0,3.0
Venkatesh Iyer,Khaleel Ahmed,7,11,1,2,1,0,28.57,157.14,11.0
Venkatesh Iyer,Kranthi Kumar,127,202,2,13,8,8,10.24,159.06,101.0
Venkatesh Iyer,Krunal Pandya,25,37,1,3,2,1,12.0,148.0,37.0
Venkatesh Iyer,Kuldeep Yadav,135,183,5,30,11,5,22.22,135.56,36.6
Venkatesh Iyer,Lalit Yadav,25,29,0,1,0,0,4.0,116.0,29.0
Venkatesh Iyer,Liam Livingstone,42,50,1,7,0,0,16.67,119.05,50.0
Venkatesh Iyer,Luke Wood,3,7,0,1,0,1,33.33,233.33,7.0
Venkatesh Iyer,Lungi Ngidi,29,38,2,3,0,1,10.34,131.03,19.0
Venkatesh Iyer,Maheesh Theekshana,6,8,0,0,0,0,0.0,133.33,8.0
Venkatesh Iyer,Malinda Pushpakumara,122,159,12,33,7,7,27.05,130.33,13.25
Venkatesh Iyer,Manav Suthar,21,25,0,4,0,1,19.05,119.05,25.0
Venkatesh Iyer,Manisankar Murasingh,18,26,0,1,2,0,5.56,144.44,26.0
Venkatesh Iyer,Marcus Stoinis,13,21,0,3,0,2,23.08,161.54,21.0
Venkatesh Iyer,Mitchell Starc,25,27,0,6,2,0,24.0,108.0,27.0
Venkatesh Iyer,Mohammed Siraj,53,76,1,5,3,1,9.43,143.4,76.0
Venkatesh Iyer,Mohsin Khan,22,36,1,3,1,2,13.64,163.64,36.0
Venkatesh Iyer,Mridul Surroch,28,55,2,5,7,1,17.86,196.43,27.5
Venkatesh Iyer,Mukhtar Hussain,26,36,1,1,2,0,3.85,138.46,36.0
Venkatesh Iyer,Nathan Ellis,2,3,0,0,0,0,0.0,150.0,3.0
Venkatesh Iyer,Nimesh Vimukthi,8,14,0,2,2,0,25.0,175.0,14.0
Venkatesh Iyer,Nishan Peiris,12,21,0,0,1,1,0.0,175.0,21.0
Venkatesh Iyer,Nishant Sindhu,3,3,1,1,0,0,33.33,100.0,3.0
Venkatesh Iyer,Nitish Kumar Reddy,16,29,0,1,0,1,6.25,181.25,29.0
Venkatesh Iyer,Nitish Rana,6,7,0,0,0,0,0.0,116.67,7.0
Venkatesh Iyer,Noor Ahmad,12,21,0,1,2,0,8.33,175.0,21.0
Venkatesh Iyer,Pat Cummins,24,42,1,3,3,1,12.5,175.0,42.0
Venkatesh Iyer,Prabath Jayasuriya,2,2,0,0,0,0,0.0,100.0,2.0
Venkatesh Iyer,Prashant Veer,26,19,0,10,0,0,38.46,73.08,19.0
Venkatesh Iyer,Prasidh Krishna,5,11,0,0,1,0,0.0,220.0,11.0
Venkatesh Iyer,Praveen Jayawickrama,27,38,5,8,2,2,29.63,140.74,7.6
Venkatesh Iyer,Rachin Ravindra,33,52,2,8,3,2,24.24,157.58,26.0
Venkatesh Iyer,Raj Angad Bawa,11,20,0,1,2,0,9.09,181.82,20.0
Venkatesh Iyer,Raj Limbani,13,32,1,2,2,2,15.38,246.15,32.0
Venkatesh Iyer,Rasikh Dar,8,9,1,2,1,0,25.0,112.5,9.0
Venkatesh Iyer,Ravi Bishnoi,16,17,1,3,0,0,18.75,106.25,17.0
Venkatesh Iyer,Ravindra Jadeja,45,65,1,11,3,2,24.44,144.44,65.0
Venkatesh Iyer,Riyan Parag,17,19,1,1,0,0,5.88,111.76,19.0
Venkatesh Iyer,Rohit Sharma,4,20,0,0,0,3,0.0,500.0,20.0
Venkatesh Iyer,Sahan Arachchige,82,127,3,15,6,6,18.29,154.88,42.33
Venkatesh Iyer,Sai Kishore,3,2,1,1,0,0,33.33,66.67,2.0
Venkatesh Iyer,Sairaj Patil,8,16,0,0,1,0,0.0,200.0,16.0
Venkatesh Iyer,Sakib Hussain,4,6,0,0,0,0,0.0,150.0,6.0
Venkatesh Iyer,Sam Curran,30,54,0,2,0,3,6.67,180.0,54.0
Venkatesh Iyer,Sandeep Sharma,4,2,1,2,0,0,50.0,50.0,2.0
Venkatesh Iyer,Scott Curie,23,33,2,2,2,0,8.7,143.48,16.5
Venkatesh Iyer,Seekkuge Prasanna,8,11,1,1,0,0,12.5,137.5,11.0
Venkatesh Iyer,Shahbaz Ahmed,21,49,0,1,0,4,4.76,233.33,49.0
Venkatesh Iyer,Shiran Fernando,98,165,5,15,7,7,15.31,168.37,33.0
Venkatesh Iyer,Shivam Dube,59,87,1,6,3,2,10.17,147.46,87.0
Venkatesh Iyer,Shivam Mavi,1,0,1,1,0,0,100.0,0.0,0.0
Venkatesh Iyer,Shubham Agarwal,27,54,1,6,6,2,22.22,200.0,54.0
Venkatesh Iyer,Sonny Baker,10,12,0,1,0,0,10.0,120.0,12.0
Venkatesh Iyer,Sunil Narine,8,7,0,1,0,0,12.5,87.5,7.0
Venkatesh Iyer,Suyash Sharma,7,12,2,2,0,1,28.57,171.43,6.0
Venkatesh Iyer,Tanay Thyagarajan,5,6,1,2,1,0,40.0,120.0,6.0
Venkatesh Iyer,Tharindu Rathnanayake,8,8,0,1,0,0,12.5,100.0,8.0
Venkatesh Iyer,Tilak Varma,17,40,0,2,0,4,11.76,235.29,40.0
Venkatesh Iyer,Vaisakh Chandran,43,73,0,9,5,4,20.93,169.77,73.0
Venkatesh Iyer,Varun Chakravarthy,116,180,6,22,11,7,18.97,155.17,30.0
Venkatesh Iyer,Vasuki Koushik,4,7,0,0,1,0,0.0,175.0,7.0
Venkatesh Iyer,Vishen Halambage,46,48,2,12,0,0,26.09,104.35,24.0
Venkatesh Iyer,Wanindu Hasaranga,48,85,3,10,3,6,20.83,177.08,28.33
Venkatesh Iyer,Washington Sundar,35,70,1,5,3,5,14.29,200.0,70.0
Venkatesh Iyer,Will Jacks,89,127,1,13,4,4,14.61,142.7,127.0
Venkatesh Iyer,Yuvraj Chaudhary,23,30,0,4,2,0,17.39,130.43,30.0
Vicky Ostwal,Noor Ahmad,2,3,0,0,0,0,0.0,150.0,3.0
Vicky Ostwal,Prashant Veer,1,6,0,0,0,1,0.0,600.0,6.0
Vicky Ostwal,Wanindu Hasaranga,2,2,1,1,0,0,50.0,100.0,2.0
Vidwath Kaverappa,Sonu Yadav,3,1,0,2,0,0,66.67,33.33,1.0
Vidwath Kaverappa,Tripuresh Singh,1,0,1,1,0,0,100.0,0.0,0.0
Vignesh Puthur,Bhuvneshwar Kumar,3,2,0,1,0,0,33.33,66.67,2.0
Vignesh Puthur,Jamie Overton,1,0,0,1,0,0,100.0,0.0,0.0
Vignesh Puthur,Josh Hazlewood,10,10,2,6,2,0,60.0,100.0,5.0
Vignesh Puthur,KC Cariappa,8,6,0,5,1,0,62.5,75.0,6.0
Vignesh Puthur,Ramandeep Singh,3,8,0,0,0,1,0.0,266.67,8.0
Vignesh Puthur,Sunil Narine,7,1,1,6,0,0,85.71,14.29,1.0
Vignesh Puthur,Trent Boult,4,1,0,3,0,0,75.0,25.0,1.0
Vipraj Nigam,Adam Zampa,1,6,0,0,0,1,0.0,600.0,6.0
Vipraj Nigam,Allah Ghazanfar,2,2,0,0,0,0,0.0,100.0,2.0
Vipraj Nigam,Avesh Khan,1,0,1,1,0,0,100.0,0.0,0.0
Vipraj Nigam,CV Stephen,3,3,0,0,0,0,0.0,100.0,3.0
Vipraj Nigam,Chama Milind,3,2,1,1,0,0,33.33,66.67,2.0
Vipraj Nigam,Codanda Ajit Karthik,12,17,0,4,1,0,33.33,141.67,17.0
Vipraj Nigam,Dinuka Dilshan,10,14,0,3,0,1,30.0,140.0,14.0
Vipraj Nigam,Gurinder Singh,4,7,0,0,0,0,0.0,175.0,7.0
Vipraj Nigam,Harpreet Brar,3,4,0,0,0,0,0.0,133.33,4.0
Vipraj Nigam,Harshal Patel,5,2,1,3,0,0,60.0,40.0,2.0
Vipraj Nigam,Jasprit Bumrah,4,7,0,2,0,1,50.0,175.0,7.0
Vipraj Nigam,Josh Hazlewood,3,5,0,1,1,0,33.33,166.67,5.0
Vipraj Nigam,KM Asif,1,0,1,1,0,0,100.0,0.0,0.0
Vipraj Nigam,Kranthi Kumar,17,14,0,7,0,0,41.18,82.35,14.0
Vipraj Nigam,Krunal Pandya,2,0,1,2,0,0,100.0,0.0,0.0
Vipraj Nigam,Malinda Pushpakumara,4,1,2,3,0,0,75.0,25.0,0.5
Vipraj Nigam,Matt Henry,1,1,0,0,0,0,0.0,100.0,1.0
Vipraj Nigam,Mohammed Siraj,2,1,1,1,0,0,50.0,50.0,1.0
Vipraj Nigam,Nishan Peiris,17,28,0,5,2,1,29.41,164.71,28.0
Vipraj Nigam,Nitish Kumar Reddy,3,7,0,1,0,1,33.33,233.33,7.0
Vipraj Nigam,Praveen Jayawickrama,2,2,0,0,0,0,0.0,100.0,2.0
Vipraj Nigam,Ravi Bishnoi,7,14,1,3,0,2,42.86,200.0,14.0
Vipraj Nigam,Shahbaz Ahmed,3,5,0,1,1,0,33.33,166.67,5.0
Vipraj Nigam,Shiran Fernando,3,5,0,0,0,0,0.0,166.67,5.0
Vipraj Nigam,Wanindu Hasaranga,3,3,0,0,0,0,0.0,100.0,3.0
Virat Kohli,Abdul Samad,9,17,0,3,2,1,33.33,188.89,17.0
Virat Kohli,Abhishek Sharma,11,20,0,0,2,0,0.0,181.82,20.0
Virat Kohli,Adam Zampa,34,51,0,3,2,1,8.82,150.0,51.0
Virat Kohli,Adil Rashid,30,69,0,4,4,5,13.33,230.0,69.0
Virat Kohli,Aiden Markram,26,48,2,10,1,5,38.46,184.62,24.0
Virat Kohli,Ajay Dev Goud,40,65,1,8,4,3,20.0,162.5,65.0
Virat Kohli,Akash Vasisht,48,60,1,11,3,1,22.92,125.0,60.0
Virat Kohli,Akeal Hosein,163,229,5,54,13,13,33.13,140.49,45.8
Virat Kohli,Allah Ghazanfar,21,20,0,7,0,1,33.33,95.24,20.0
Virat Kohli,Anshul Kamboj,26,41,1,3,4,1,11.54,157.69,41.0
Virat Kohli,Anukul Roy,51,89,2,10,8,3,19.61,174.51,44.5
Virat Kohli,Arjun Tendulkar,34,35,3,15,1,2,44.12,102.94,11.67
Virat Kohli,Arpit Vasavada,44,68,1,9,4,3,20.45,154.55,68.0
Virat Kohli,Arshdeep Singh,85,155,1,11,8,9,12.94,182.35,155.0
Virat Kohli,Ashish Singh,1,0,1,1,0,0,100.0,0.0,0.0
Virat Kohli,Ashok Sharma,172,252,4,23,10,7,13.37,146.51,63.0
Virat Kohli,Atit Sheth,25,47,0,5,3,3,20.0,188.0,47.0
Virat Kohli,Avesh Khan,16,28,0,2,2,1,12.5,175.0,28.0
Virat Kohli,Avinov Choudhary,47,51,1,17,1,2,36.17,108.51,51.0
Virat Kohli,Axar Patel,150,209,6,30,14,4,20.0,139.33,34.83
Virat Kohli,Azmatullah Omarzai,1,1,0,0,0,0,0.0,100.0,1.0
Virat Kohli,Ben Stokes,28,42,0,10,2,2,35.71,150.0,42.0
Virat Kohli,Bhuvneshwar Kumar,88,164,0,17,6,13,19.32,186.36,164.0
Virat Kohli,Binura Fernando,41,70,1,4,3,3,9.76,170.73,70.0
Virat Kohli,Brad Evans,22,41,2,4,2,2,18.18,186.36,20.5
Virat Kohli,Brian Bennett,16,31,0,1,2,1,6.25,193.75,31.0
Virat Kohli,CV Stephen,103,171,4,24,11,9,23.3,166.02,42.75
Virat Kohli,Cameron Green,64,142,2,6,7,9,9.38,221.88,71.0
Virat Kohli,Chama Milind,6,14,0,2,3,0,33.33,233.33,14.0
Virat Kohli,Charith Asalanka,10,15,0,2,1,0,20.0,150.0,15.0
Virat Kohli,Chetan Sakariya,17,44,1,1,3,3,5.88,258.82,44.0
Virat Kohli,Corbin Bosch,18,29,1,2,0,2,11.11,161.11,29.0
Virat Kohli,Dasun Shanaka,4,9,0,0,1,0,0.0,225.0,9.0
Virat Kohli,Dian Forrester,33,64,1,4,6,2,12.12,193.94,64.0
Virat Kohli,Donovan Ferreira,2,2,0,0,0,0,0.0,100.0,2.0
Virat Kohli,Duan Jansen,7,10,0,0,1,0,0.0,142.86,10.0
Virat Kohli,Dunith Wellalage,12,20,0,3,0,2,25.0,166.67,20.0
Virat Kohli,Dushan Hemantha,72,111,1,12,3,6,16.67,154.17,111.0
Virat Kohli,Eshan Malinga,6,12,0,0,0,1,0.0,200.0,12.0
Virat Kohli,Gangam Anikethreddy,29,49,1,5,3,2,17.24,168.97,49.0
Virat Kohli,Glenn Phillips,8,15,0,0,2,0,0.0,187.5,15.0
Virat Kohli,Glenton Stuurman,51,87,1,6,3,4,11.76,170.59,87.0
Virat Kohli,Gurinder Singh,46,80,1,8,8,3,17.39,173.91,80.0
Virat Kohli,Gurnoor Singh Brar,11,15,1,1,1,0,9.09,136.36,15.0
Virat Kohli,Gus Atkinson,40,67,0,6,5,2,15.0,167.5,67.0
Virat Kohli,Hardik Pandya,95,169,2,15,13,7,15.79,177.89,84.5
Virat Kohli,Harpreet Brar,130,249,1,25,13,16,19.23,191.54,249.0
Virat Kohli,Harsh Dubey,58,84,1,9,5,2,15.52,144.83,84.0
Virat Kohli,Harshit Rana,3,5,0,1,1,0,33.33,166.67,5.0
Virat Kohli,Ishant Sharma,8,6,1,2,0,0,25.0,75.0,6.0
Virat Kohli,Ismat Alam,6,4,1,2,0,0,33.33,66.67,4.0
Virat Kohli,Jacob Bethell,5,7,0,2,0,0,40.0,140.0,7.0
Virat Kohli,Jacob Duffy,26,54,0,2,5,2,7.69,207.69,54.0
Virat Kohli,Jacques Snyman,7,12,0,0,1,0,0.0,171.43,12.0
Virat Kohli,Jai Moondra,12,10,0,3,0,0,25.0,83.33,10.0
Virat Kohli,Jasprit Bumrah,43,74,0,4,5,2,9.3,172.09,74.0
Virat Kohli,Jaydev Unadkat,2,1,0,1,0,0,50.0,50.0,1.0
Virat Kohli,Joel Davies,41,47,1,11,1,2,26.83,114.63,47.0
Virat Kohli,Jofra Archer,3,7,1,1,0,1,33.33,233.33,7.0
Virat Kohli,Josh Hazlewood,43,74,1,8,6,3,18.6,172.09,74.0
Virat Kohli,Josh Tongue,8,5,2,4,0,0,50.0,62.5,2.5
Virat Kohli,KM Asif,21,28,1,4,2,0,19.05,133.33,28.0
Virat Kohli,Kagiso Rabada,34,82,1,5,2,8,14.71,241.18,82.0
Virat Kohli,Karan Lal,26,52,0,2,3,3,7.69,200.0,52.0
Virat Kohli,Khaleel Ahmed,19,32,1,6,3,2,31.58,168.42,32.0
Virat Kohli,Kranthi Kumar,72,122,0,14,3,8,19.44,169.44,122.0
Virat Kohli,Krunal Pandya,24,46,1,5,2,3,20.83,191.67,46.0
Virat Kohli,Kuldeep Yadav,114,192,4,15,17,5,13.16,168.42,48.0
Virat Kohli,Lalit Yadav,32,63,0,1,2,3,3.12,196.88,63.0
Virat Kohli,Lance Morris,17,21,0,3,0,1,17.65,123.53,21.0
Virat Kohli,Liam Livingstone,23,28,0,3,1,0,13.04,121.74,28.0
Virat Kohli,Lockie Ferguson,10,13,0,2,1,0,20.0,130.0,13.0
Virat Kohli,Lone Nasir Muzaffar,8,12,0,1,1,0,12.5,150.0,12.0
Virat Kohli,Luke Wood,8,17,0,1,1,1,12.5,212.5,17.0
Virat Kohli,Lungi Ngidi,60,94,0,8,4,3,13.33,156.67,94.0
Virat Kohli,Malinda Pushpakumara,95,158,3,30,8,12,31.58,166.32,52.67
Virat Kohli,Manav Suthar,28,51,0,6,3,3,21.43,182.14,51.0
Virat Kohli,Manisankar Murasingh,13,15,0,3,0,0,23.08,115.38,15.0
Virat Kohli,Marcus Stoinis,6,10,0,0,1,0,0.0,166.67,10.0
Virat Kohli,Matt Henry,44,57,2,14,5,2,31.82,129.55,28.5
Virat Kohli,Matt Renshaw,2,6,0,0,1,0,0.0,300.0,6.0
Virat Kohli,Matt Short,11,19,0,2,1,1,18.18,172.73,19.0
Virat Kohli,Matthew Forde,7,9,1,1,1,0,14.29,128.57,9.0
Virat Kohli,Mitchell Marsh,110,200,0,23,13,11,20.91,181.82,200.0
Virat Kohli,Mitchell Starc,64,119,0,10,8,5,15.62,185.94,119.0
Virat Kohli,Mohamed Shiraz,8,10,0,1,0,0,12.5,125.0,10.0
Virat Kohli,Mohammed Shami,158,222,9,24,12,7,15.19,140.51,24.67
Virat Kohli,Mohammed Siraj,111,156,4,15,7,4,13.51,140.54,39.0
Virat Kohli,Mohsin Khan,17,23,0,1,0,0,5.88,135.29,23.0
Virat Kohli,Mridul Surroch,44,85,0,4,5,4,9.09,193.18,85.0
Virat Kohli,Mukhtar Hussain,20,27,0,3,0,1,15.0,135.0,27.0
Virat Kohli,Naman Dhir,4,4,0,0,0,0,0.0,100.0,4.0
Virat Kohli,Nathan Ellis,42,77,1,5,4,3,11.9,183.33,77.0
Virat Kohli,Nishan Peiris,1,4,0,0,1,0,0.0,400.0,4.0
Virat Kohli,Nishant Sindhu,10,23,0,2,2,1,20.0,230.0,23.0
Virat Kohli,Nitish Kumar Reddy,23,27,3,8,1,1,34.78,117.39,9.0
Virat Kohli,Nitish Rana,13,22,0,1,1,1,7.69,169.23,22.0
Virat Kohli,Noor Ahmad,7,7,0,2,0,0,28.57,100.0,7.0
Virat Kohli,Nuwan Thushara,44,76,1,11,4,5,25.0,172.73,76.0
Virat Kohli,Ottneil Baartman,17,32,0,2,1,2,11.76,188.24,32.0
Virat Kohli,Pat Cummins,43,75,1,5,4,4,11.63,174.42,75.0
Virat Kohli,Prabath Jayasuriya,18,22,0,4,0,1,22.22,122.22,22.0
Virat Kohli,Prashant Veer,35,57,1,4,2,2,11.43,162.86,57.0
Virat Kohli,Praveen Jayawickrama,52,39,7,23,0,1,44.23,75.0,5.57
Virat Kohli,Prince Yadav,90,120,3,11,4,2,12.22,133.33,40.0
Virat Kohli,Rachin Ravindra,28,35,2,5,0,1,17.86,125.0,17.5
Virat Kohli,Raj Angad Bawa,7,9,0,0,0,0,0.0,128.57,9.0
Virat Kohli,Rashid Khan,142,210,5,34,14,8,23.94,147.89,42.0
Virat Kohli,Rasikh Dar,75,143,2,7,8,6,9.33,190.67,71.5
Virat Kohli,Ravi Bishnoi,4,6,0,0,0,0,0.0,150.0,6.0
Virat Kohli,Ravi Teja,8,8,0,1,0,0,12.5,100.0,8.0
Virat Kohli,Ravindra Jadeja,101,172,1,11,13,5,10.89,170.3,172.0
Virat Kohli,Riyan Parag,38,80,0,7,8,5,18.42,210.53,80.0
Virat Kohli,Sahan Arachchige,98,190,2,23,10,14,23.47,193.88,95.0
Virat Kohli,Sai Kishore,17,33,0,1,1,2,5.88,194.12,33.0
Virat Kohli,Sairaj Patil,19,28,2,4,2,0,21.05,147.37,14.0
Virat Kohli,Sakib Hussain,26,34,0,5,2,1,19.23,130.77,34.0
Virat Kohli,Sam Curran,40,73,0,0,5,2,0.0,182.5,73.0
Virat Kohli,Samant Jakhar,12,21,1,2,3,0,16.67,175.0,21.0
Virat Kohli,Sandeep Warrier,4,7,0,0,1,0,0.0,175.0,7.0
Virat Kohli,Sanvir Singh,28,69,0,3,4,5,10.71,246.43,69.0
Virat Kohli,Sayan Ghosh,2,1,1,1,0,0,50.0,50.0,1.0
Virat Kohli,Scott Curie,53,82,6,11,1,5,20.75,154.72,13.67
Virat Kohli,Seekkuge Prasanna,49,99,1,5,8,4,10.2,202.04,99.0
Virat Kohli,Senitha Halambage,5,9,0,2,2,0,40.0,180.0,9.0
Virat Kohli,Shahbaz Ahmed,37,56,0,4,6,0,10.81,151.35,56.0
Virat Kohli,Shardul Thakur,20,41,0,3,4,2,15.0,205.0,41.0
Virat Kohli,Shiran Fernando,38,62,2,7,5,2,18.42,163.16,31.0
Virat Kohli,Shivam Dube,34,48,4,6,2,2,17.65,141.18,12.0
Virat Kohli,Shivam Mavi,5,6,0,0,0,0,0.0,120.0,6.0
Virat Kohli,Shivam Shukla,35,94,0,2,8,6,5.71,268.57,94.0
Virat Kohli,Shivang Kumar,8,6,0,3,0,0,37.5,75.0,6.0
Virat Kohli,Shubham Agarwal,3,5,0,0,0,0,0.0,166.67,5.0
Virat Kohli,Sikandar Raza,7,6,1,2,0,0,28.57,85.71,6.0
Virat Kohli,Sonal Dinusha,5,7,0,0,0,0,0.0,140.0,7.0
Virat Kohli,Sonny Baker,12,10,3,3,0,0,25.0,83.33,3.33
Virat Kohli,Sunil Narine,80,112,2,16,7,3,20.0,140.0,56.0
Virat Kohli,Suryansh Shedge,20,55,1,1,4,4,5.0,275.0,55.0
Virat Kohli,Suyash Sharma,4,9,1,1,0,1,25.0,225.0,9.0
Virat Kohli,Tanay Thyagarajan,26,30,2,10,1,2,38.46,115.38,15.0
Virat Kohli,Tharindu Rathnanayake,13,25,0,3,3,1,23.08,192.31,25.0
Virat Kohli,Tilak Varma,6,5,0,2,0,0,33.33,83.33,5.0
Virat Kohli,Tripuresh Singh,21,34,2,10,2,3,47.62,161.9,17.0
Virat Kohli,Umesh Yadav,3,2,0,1,0,0,33.33,66.67,2.0
Virat Kohli,Vaibhav Arora,16,43,0,1,5,2,6.25,268.75,43.0
Virat Kohli,Vaisakh Chandran,8,13,0,0,0,0,0.0,162.5,13.0
Virat Kohli,Varun Chakravarthy,42,74,3,11,4,5,26.19,176.19,24.67
Virat Kohli,Vidwath Kaverappa,8,13,0,0,1,0,0.0,162.5,13.0
Virat Kohli,Vignesh Puthur,61,86,4,22,5,6,36.07,140.98,21.5
Virat Kohli,Vipraj Nigam,5,7,0,1,1,0,20.0,140.0,7.0
Virat Kohli,Vishen Halambage,102,180,3,18,9,10,17.65,176.47,60.0
Virat Kohli,Wanindu Hasaranga,106,163,3,35,11,10,33.02,153.77,54.33
Virat Kohli,Washington Sundar,82,142,2,19,5,11,23.17,173.17,71.0
Virat Kohli,Will Jacks,87,161,1,12,9,9,13.79,185.06,161.0
Virat Kohli,Yash Thakur,18,20,1,4,1,0,22.22,111.11,20.0
Virat Kohli,Yuzvendra Chahal,14,23,1,1,1,1,7.14,164.29,23.0
Virat Singh,Aaron Hardie,4,9,0,1,0,1,25.0,225.0,9.0
Virat Singh,Abhishek Sharma,6,10,0,0,1,0,0.0,166.67,10.0
Virat Singh,Adam Zampa,64,79,1,16,6,0,25.0,123.44,79.0
Virat Singh,Adil Rashid,29,42,2,5,1,2,17.24,144.83,21.0
Virat Singh,Aiden Markram,3,3,0,0,0,0,0.0,100.0,3.0
Virat Singh,Ajay Dev Goud,6,6,1,1,0,0,16.67,100.0,6.0
Virat Singh,Akash Vasisht,41,53,0,6,1,1,14.63,129.27,53.0
Virat Singh,Akeal Hosein,17,16,0,6,0,1,35.29,94.12,16.0
Virat Singh,Allah Ghazanfar,26,41,1,4,0,3,15.38,157.69,41.0
Virat Singh,Amila Aponso,4,4,0,0,0,0,0.0,100.0,4.0
Virat Singh,Anshul Kamboj,24,40,0,4,1,2,16.67,166.67,40.0
Virat Singh,Anukul Roy,54,65,0,9,0,2,16.67,120.37,65.0
Virat Singh,Arpit Vasavada,21,26,0,1,0,0,4.76,123.81,26.0
Virat Singh,Arshdeep Singh,24,36,0,4,2,1,16.67,150.0,36.0
Virat Singh,Ashok Sharma,17,28,2,3,2,1,17.65,164.71,14.0
Virat Singh,Ashwin Das,21,35,0,4,2,1,19.05,166.67,35.0
Virat Singh,Athisayaraj Davidson,1,0,0,1,0,0,100.0,0.0,0.0
Virat Singh,Atit Sheth,48,105,1,5,6,7,10.42,218.75,105.0
Virat Singh,Avinov Choudhary,11,36,0,0,3,3,0.0,327.27,36.0
Virat Singh,Axar Patel,40,49,0,9,1,2,22.5,122.5,49.0
Virat Singh,Ben Stokes,40,58,0,6,0,3,15.0,145.0,58.0
Virat Singh,Bhuvneshwar Kumar,51,86,2,12,4,6,23.53,168.63,43.0
Virat Singh,Binura Fernando,9,11,1,3,1,0,33.33,122.22,11.0
Virat Singh,Brad Evans,29,49,2,5,5,1,17.24,168.97,24.5
Virat Singh,Brian Bennett,5,5,0,0,0,0,0.0,100.0,5.0
Virat Singh,CV Stephen,41,64,1,3,1,3,7.32,156.1,64.0
Virat Singh,Cameron Green,45,98,2,2,6,6,4.44,217.78,49.0
Virat Singh,Chetan Sakariya,31,60,2,5,4,2,16.13,193.55,30.0
Virat Singh,Codanda Ajit Karthik,6,5,0,1,0,0,16.67,83.33,5.0
Virat Singh,Corbin Bosch,14,30,0,0,0,2,0.0,214.29,30.0
Virat Singh,Darshan Nalkande,3,2,1,1,0,0,33.33,66.67,2.0
Virat Singh,Deepak Chahar,1,0,1,1,0,0,100.0,0.0,0.0
Virat Singh,Delano Potgieter,16,34,0,0,2,2,0.0,212.5,34.0
Virat Singh,Dian Forrester,64,80,3,16,5,1,25.0,125.0,26.67
Virat Singh,Dinuka Dilshan,18,20,0,4,0,0,22.22,111.11,20.0
Virat Singh,Donovan Ferreira,25,39,0,6,4,1,24.0,156.0,39.0
Virat Singh,Dushan Hemantha,59,99,4,11,2,6,18.64,167.8,24.75
Virat Singh,Eshan Malinga,5,7,0,1,1,0,20.0,140.0,7.0
Virat Singh,Gangam Anikethreddy,49,87,1,9,8,4,18.37,177.55,87.0
Virat Singh,Glenn Phillips,13,29,0,0,1,2,0.0,223.08,29.0
Virat Singh,Glenton Stuurman,53,85,0,10,6,2,18.87,160.38,85.0
Virat Singh,Gurinder Singh,113,156,3,26,11,3,23.01,138.05,52.0
Virat Singh,Gurnoor Singh Brar,12,11,0,1,0,0,8.33,91.67,11.0
Virat Singh,Gus Atkinson,27,55,0,2,2,3,7.41,203.7,55.0
Virat Singh,Hardik Pandya,52,74,2,9,2,3,17.31,142.31,37.0
Virat Singh,Harpreet Brar,77,128,3,12,9,4,15.58,166.23,42.67
Virat Singh,Harsh Dubey,18,14,3,10,0,1,55.56,77.78,4.67
Virat Singh,Harshal Patel,26,46,0,0,0,3,0.0,176.92,46.0
Virat Singh,Harshit Rana,20,38,1,3,2,2,15.0,190.0,38.0
Virat Singh,Ishant Sharma,32,47,0,7,3,2,21.88,146.88,47.0
Virat Singh,Ismat Alam,8,6,0,3,0,0,37.5,75.0,6.0
Virat Singh,Jacob Duffy,4,6,0,1,1,0,25.0,150.0,6.0
Virat Singh,Jai Moondra,1,0,1,1,0,0,100.0,0.0,0.0
Virat Singh,Jamie Overton,15,25,0,0,1,1,0.0,166.67,25.0
Virat Singh,Jason Holder,20,42,1,2,2,3,10.0,210.0,42.0
Virat Singh,Jasprit Bumrah,23,41,0,4,3,2,17.39,178.26,41.0
Virat Singh,Jaydev Unadkat,14,19,1,1,0,1,7.14,135.71,19.0
Virat Singh,Joel Davies,79,109,1,22,11,2,27.85,137.97,109.0
Virat Singh,Jofra Archer,14,23,0,2,1,1,14.29,164.29,23.0
Virat Singh,Josh Hazlewood,47,83,2,7,8,3,14.89,176.6,41.5
Virat Singh,KM Asif,15,21,2,5,1,1,33.33,140.0,10.5
Virat Singh,Kagiso Rabada,29,40,1,5,2,1,17.24,137.93,40.0
Virat Singh,Karan Lal,16,25,0,2,0,2,12.5,156.25,25.0
Virat Singh,Khaleel Ahmed,31,47,1,6,5,0,19.35,151.61,47.0
Virat Singh,Kranthi Kumar,51,86,1,12,9,2,23.53,168.63,86.0
Virat Singh,Krunal Pandya,110,216,2,17,13,11,15.45,196.36,108.0
Virat Singh,Kuldeep Yadav,21,27,4,6,2,0,28.57,128.57,6.75
Virat Singh,Lalit Yadav,13,25,0,3,1,2,23.08,192.31,25.0
Virat Singh,Liam Livingstone,42,54,1,12,1,3,28.57,128.57,54.0
Virat Singh,Lockie Ferguson,6,19,0,0,1,2,0.0,316.67,19.0
Virat Singh,Lungi Ngidi,20,33,0,6,1,2,30.0,165.0,33.0
Virat Singh,Malinda Pushpakumara,51,87,1,7,6,4,13.73,170.59,87.0
Virat Singh,Manav Suthar,19,44,0,4,1,5,21.05,231.58,44.0
Virat Singh,Manisankar Murasingh,18,37,0,2,1,3,11.11,205.56,37.0
Virat Singh,Marcus Stoinis,11,19,0,0,0,1,0.0,172.73,19.0
Virat Singh,Matheesha Pathirana,14,25,0,2,0,2,14.29,178.57,25.0
Virat Singh,Matt Henry,8,9,0,3,0,0,37.5,112.5,9.0
Virat Singh,Matt Short,7,7,0,1,0,0,14.29,100.0,7.0
Virat Singh,Mitchell Marsh,15,16,0,1,0,0,6.67,106.67,16.0
Virat Singh,Mitchell Owen,3,3,0,0,0,0,0.0,100.0,3.0
Virat Singh,Mitchell Starc,66,99,4,8,4,2,12.12,150.0,24.75
Virat Singh,Mohammed Shami,36,61,3,7,5,2,19.44,169.44,20.33
Virat Singh,Mohammed Siraj,114,185,6,20,8,10,17.54,162.28,30.83
Virat Singh,Mohsin Khan,22,34,1,3,0,2,13.64,154.55,34.0
Virat Singh,Mridul Surroch,19,16,1,6,0,0,31.58,84.21,16.0
Virat Singh,Naman Dhir,4,8,0,0,1,0,0.0,200.0,8.0
Virat Singh,Nathan Ellis,25,37,2,3,2,1,12.0,148.0,18.5
Virat Singh,Nishan Peiris,18,19,1,6,0,0,33.33,105.56,19.0
Virat Singh,Nishant Sindhu,8,16,0,0,2,0,0.0,200.0,16.0
Virat Singh,Nitish Kumar Reddy,30,43,2,5,2,1,16.67,143.33,21.5
Virat Singh,Noor Ahmad,45,52,1,13,2,1,28.89,115.56,52.0
Virat Singh,Ottneil Baartman,14,20,1,2,2,0,14.29,142.86,20.0
Virat Singh,Pat Cummins,29,55,1,3,3,3,10.34,189.66,55.0
Virat Singh,Prabath Jayasuriya,22,35,0,7,3,1,31.82,159.09,35.0
Virat Singh,Prashant Veer,101,136,2,24,8,4,23.76,134.65,68.0
Virat Singh,Praveen Jayawickrama,45,53,5,10,4,1,22.22,117.78,10.6
Virat Singh,Prince Yadav,26,55,0,1,1,4,3.85,211.54,55.0
Virat Singh,Rachin Ravindra,37,51,1,5,2,2,13.51,137.84,51.0
Virat Singh,Rahul Chahar,9,15,1,1,2,0,11.11,166.67,15.0
Virat Singh,Raj Angad Bawa,24,28,0,3,1,0,12.5,116.67,28.0
Virat Singh,Rashid Khan,39,56,2,12,2,3,30.77,143.59,28.0
Virat Singh,Rasikh Dar,13,20,0,2,0,1,15.38,153.85,20.0
Virat Singh,Ravi Bishnoi,90,131,2,10,4,5,11.11,145.56,65.5
Virat Singh,Ravindra Jadeja,44,46,6,14,1,2,31.82,104.55,7.67
Virat Singh,Riyan Parag,19,18,0,5,1,0,26.32,94.74,18.0
Virat Singh,Sahan Arachchige,99,154,3,20,10,6,20.2,155.56,51.33
Virat Singh,Sai Kishore,12,31,0,1,3,2,8.33,258.33,31.0
Virat Singh,Sairaj Patil,22,28,1,3,1,0,13.64,127.27,28.0
Virat Singh,Sakib Hussain,17,24,1,5,0,2,29.41,141.18,24.0
Virat Singh,Sam Curran,46,99,1,5,8,6,10.87,215.22,99.0
Virat Singh,Samant Jakhar,7,15,0,1,1,1,14.29,214.29,15.0
Virat Singh,Sandeep Warrier,5,5,0,1,0,0,20.0,100.0,5.0
Virat Singh,Sanvir Singh,31,42,1,6,2,1,19.35,135.48,42.0
Virat Singh,Sayan Ghosh,4,6,1,1,1,0,25.0,150.0,6.0
Virat Singh,Scott Curie,21,33,1,5,1,2,23.81,157.14,33.0
Virat Singh,Seekkuge Prasanna,12,20,1,2,2,0,16.67,166.67,20.0
Virat Singh,Senitha Halambage,4,4,0,0,0,0,0.0,100.0,4.0
Virat Singh,Shahbaz Ahmed,51,66,3,7,4,0,13.73,129.41,22.0
Virat Singh,Shardul Thakur,15,21,0,3,2,0,20.0,140.0,21.0
Virat Singh,Shiran Fernando,71,137,5,12,8,8,16.9,192.96,27.4
Virat Singh,Shivam Dube,23,32,0,2,2,0,8.7,139.13,32.0
Virat Singh,Shivam Mavi,11,16,1,2,0,1,18.18,145.45,16.0
Virat Singh,Shivang Kumar,3,3,0,0,0,0,0.0,100.0,3.0
Virat Singh,Shubham Agarwal,36,43,3,10,1,2,27.78,119.44,14.33
Virat Singh,Sikandar Raza,18,25,0,3,2,0,16.67,138.89,25.0
Virat Singh,Sonny Baker,21,30,1,3,1,0,14.29,142.86,30.0
Virat Singh,Sunil Narine,50,67,1,10,4,1,20.0,134.0,67.0
Virat Singh,Suryansh Shedge,7,6,1,1,0,0,14.29,85.71,6.0
Virat Singh,Suyash Sharma,3,5,0,1,1,0,33.33,166.67,5.0
Virat Singh,Tanay Thyagarajan,13,13,1,1,0,0,7.69,100.0,13.0
Virat Singh,Tharindu Rathnanayake,11,16,0,0,1,0,0.0,145.45,16.0
Virat Singh,Tilak Varma,19,21,0,1,0,0,5.26,110.53,21.0
Virat Singh,Vaisakh Chandran,6,7,0,2,1,0,33.33,116.67,7.0
Virat Singh,Varun Chakravarthy,116,169,7,20,9,5,17.24,145.69,24.14
Virat Singh,Vipraj Nigam,8,15,0,1,1,1,12.5,187.5,15.0
Virat Singh,Vishen Halambage,52,77,2,9,3,3,17.31,148.08,38.5
Virat Singh,Wanindu Hasaranga,53,66,4,10,6,0,18.87,124.53,16.5
Virat Singh,Washington Sundar,17,15,0,6,1,0,35.29,88.24,15.0
Virat Singh,Will Jacks,81,82,4,21,1,1,25.93,101.23,20.5
Virat Singh,Yuvraj Chaudhary,7,10,0,1,1,0,14.29,142.86,10.0
Vishen Halambage,Adam Zampa,19,35,1,3,4,0,15.79,184.21,35.0
Vishen Halambage,Ajay Dev Goud,11,22,1,3,3,1,27.27,200.0,22.0
Vishen Halambage,Akash Deep,12,22,2,6,2,2,50.0,183.33,11.0
Vishen Halambage,Akash Vasisht,13,18,0,1,0,1,7.69,138.46,18.0
Vishen Halambage,Akeal Hosein,9,12,1,3,2,0,33.33,133.33,12.0
Vishen Halambage,Amila Aponso,1,1,0,0,0,0,0.0,100.0,1.0
Vishen Halambage,Anshul Kamboj,3,6,0,0,1,0,0.0,200.0,6.0
Vishen Halambage,Anukul Roy,11,17,1,2,1,1,18.18,154.55,17.0
Vishen Halambage,Arpit Vasavada,24,31,1,5,0,2,20.83,129.17,31.0
Vishen Halambage,Arshdeep Singh,5,5,0,0,0,0,0.0,100.0,5.0
Vishen Halambage,Ashok Sharma,37,35,3,10,1,0,27.03,94.59,11.67
Vishen Halambage,Ashwin Das,9,24,1,1,2,2,11.11,266.67,24.0
Vishen Halambage,Athisayaraj Davidson,4,3,0,2,0,0,50.0,75.0,3.0
Vishen Halambage,Atit Sheth,3,4,0,0,0,0,0.0,133.33,4.0
Vishen Halambage,Avinov Choudhary,10,13,1,5,1,1,50.0,130.0,13.0
Vishen Halambage,Axar Patel,37,51,0,2,0,2,5.41,137.84,51.0
Vishen Halambage,Ben Stokes,3,4,0,0,0,0,0.0,133.33,4.0
Vishen Halambage,Bhuvneshwar Kumar,22,45,1,5,3,3,22.73,204.55,45.0
Vishen Halambage,Brad Evans,2,2,0,0,0,0,0.0,100.0,2.0
Vishen Halambage,Brian Bennett,6,14,0,0,1,1,0.0,233.33,14.0
Vishen Halambage,CV Stephen,6,14,0,0,1,1,0.0,233.33,14.0
Vishen Halambage,Cameron Green,10,17,0,1,0,1,10.0,170.0,17.0
Vishen Halambage,Chetan Sakariya,3,3,0,0,0,0,0.0,100.0,3.0
Vishen Halambage,Dian Forrester,10,17,0,1,1,0,10.0,170.0,17.0
Vishen Halambage,Dinuka Dilshan,1,1,0,0,0,0,0.0,100.0,1.0
Vishen Halambage,Donovan Ferreira,7,11,0,0,1,0,0.0,157.14,11.0
Vishen Halambage,Dushan Hemantha,13,25,1,4,1,2,30.77,192.31,25.0
Vishen Halambage,Glenton Stuurman,14,16,1,3,1,0,21.43,114.29,16.0
Vishen Halambage,Gurinder Singh,45,73,5,9,3,5,20.0,162.22,14.6
Vishen Halambage,Hardik Pandya,8,21,0,0,4,0,0.0,262.5,21.0
Vishen Halambage,Harpreet Brar,15,27,1,1,0,2,6.67,180.0,27.0
Vishen Halambage,Harshal Patel,5,6,0,1,0,0,20.0,120.0,6.0
Vishen Halambage,Isitha Wijesundara,3,3,0,0,0,0,0.0,100.0,3.0
Vishen Halambage,Jacob Bethell,1,1,0,0,0,0,0.0,100.0,1.0
Vishen Halambage,Jai Moondra,16,19,2,4,0,0,25.0,118.75,9.5
Vishen Halambage,Jamie Overton,6,13,0,0,0,1,0.0,216.67,13.0
Vishen Halambage,Jasprit Bumrah,17,24,0,3,1,1,17.65,141.18,24.0
Vishen Halambage,Jaydev Unadkat,8,13,1,3,0,1,37.5,162.5,13.0
Vishen Halambage,Joel Davies,61,73,0,16,3,2,26.23,119.67,73.0
Vishen Halambage,Josh Hazlewood,18,41,4,5,1,4,27.78,227.78,10.25
Vishen Halambage,KM Asif,2,1,0,1,0,0,50.0,50.0,1.0
Vishen Halambage,Kagiso Rabada,19,24,1,6,0,2,31.58,126.32,24.0
Vishen Halambage,Kamindu Mendis,7,13,0,0,1,0,0.0,185.71,13.0
Vishen Halambage,Karan Lal,28,43,0,3,3,1,10.71,153.57,43.0
Vishen Halambage,Kranthi Kumar,30,46,5,12,3,3,40.0,153.33,9.2
Vishen Halambage,Krunal Pandya,8,9,0,1,0,0,12.5,112.5,9.0
Vishen Halambage,Kuldeep Yadav,38,58,2,10,4,2,26.32,152.63,29.0
Vishen Halambage,Lalit Yadav,1,4,0,0,1,0,0.0,400.0,4.0
Vishen Halambage,Liam Livingstone,4,5,1,1,0,0,25.0,125.0,5.0
Vishen Halambage,Lone Nasir Muzaffar,2,2,0,0,0,0,0.0,100.0,2.0
Vishen Halambage,Luke Wood,10,13,0,2,0,1,20.0,130.0,13.0
Vishen Halambage,Lungi Ngidi,26,51,0,5,1,4,19.23,196.15,51.0
Vishen Halambage,Maheesh Theekshana,7,20,0,1,1,2,14.29,285.71,20.0
Vishen Halambage,Malinda Pushpakumara,33,39,3,8,1,0,24.24,118.18,13.0
Vishen Halambage,Manav Suthar,11,10,1,4,1,0,36.36,90.91,10.0
Vishen Halambage,Manisankar Murasingh,2,2,0,0,0,0,0.0,100.0,2.0
Vishen Halambage,Marcus Stoinis,3,6,0,0,1,0,0.0,200.0,6.0
Vishen Halambage,Matheesha Pathirana,3,3,0,0,0,0,0.0,100.0,3.0
Vishen Halambage,Matt Henry,6,17,0,0,0,2,0.0,283.33,17.0
Vishen Halambage,Matt Short,5,14,0,0,1,1,0.0,280.0,14.0
Vishen Halambage,Matthew Forde,26,31,0,7,3,0,26.92,119.23,31.0
Vishen Halambage,Mitchell Marsh,12,29,1,2,2,2,16.67,241.67,29.0
Vishen Halambage,Mitchell Starc,34,66,4,6,4,4,17.65,194.12,16.5
Vishen Halambage,Mohamed Shiraz,6,18,0,1,2,1,16.67,300.0,18.0
Vishen Halambage,Mohammed Shami,56,129,1,7,8,9,12.5,230.36,129.0
Vishen Halambage,Mohammed Siraj,18,30,2,3,0,2,16.67,166.67,15.0
Vishen Halambage,Mohsin Khan,29,59,0,10,4,5,34.48,203.45,59.0
Vishen Halambage,Mridul Surroch,12,19,1,3,3,0,25.0,158.33,19.0
Vishen Halambage,Mukhtar Hussain,2,1,0,1,0,0,50.0,50.0,1.0
Vishen Halambage,Murvin Abinash,6,11,0,1,1,0,16.67,183.33,11.0
Vishen Halambage,Nathan Ellis,7,5,1,2,0,0,28.57,71.43,5.0
Vishen Halambage,Nimesh Vimukthi,6,9,0,1,1,0,16.67,150.0,9.0
Vishen Halambage,Nishan Peiris,7,5,1,3,0,0,42.86,71.43,5.0
Vishen Halambage,Nishant Sindhu,3,5,0,0,0,0,0.0,166.67,5.0
Vishen Halambage,Nitish Kumar Reddy,9,9,0,1,0,0,11.11,100.0,9.0
Vishen Halambage,Pat Cummins,1,1,0,0,0,0,0.0,100.0,1.0
Vishen Halambage,Prabath Jayasuriya,14,16,0,3,0,1,21.43,114.29,16.0
Vishen Halambage,Prashant Veer,8,12,1,2,1,0,25.0,150.0,12.0
Vishen Halambage,Praveen Jayawickrama,23,37,0,6,1,2,26.09,160.87,37.0
Vishen Halambage,Prince Yadav,13,16,2,5,0,1,38.46,123.08,8.0
Vishen Halambage,Rachin Ravindra,10,17,0,0,0,1,0.0,170.0,17.0
Vishen Halambage,Raj Angad Bawa,7,12,0,0,1,0,0.0,171.43,12.0
Vishen Halambage,Rashid Khan,52,101,1,1,6,5,1.92,194.23,101.0
Vishen Halambage,Rasikh Dar,13,29,0,4,1,3,30.77,223.08,29.0
Vishen Halambage,Ravi Bishnoi,8,21,1,1,4,0,12.5,262.5,21.0
Vishen Halambage,Ravindra Jadeja,7,8,0,0,0,0,0.0,114.29,8.0
Vishen Halambage,Riyan Parag,11,14,0,1,0,0,9.09,127.27,14.0
Vishen Halambage,Sahan Arachchige,42,94,0,6,4,8,14.29,223.81,94.0
Vishen Halambage,Sai Kishore,5,8,0,0,1,0,0.0,160.0,8.0
Vishen Halambage,Sairaj Patil,4,9,0,0,1,0,0.0,225.0,9.0
Vishen Halambage,Sam Curran,2,8,0,0,2,0,0.0,400.0,8.0
Vishen Halambage,Sanvir Singh,8,12,0,1,1,0,12.5,150.0,12.0
Vishen Halambage,Sayan Ghosh,2,2,1,1,0,0,50.0,100.0,2.0
Vishen Halambage,Scott Curie,5,7,0,0,0,0,0.0,140.0,7.0
Vishen Halambage,Seekkuge Prasanna,11,17,2,3,1,1,27.27,154.55,8.5
Vishen Halambage,Senitha Halambage,1,1,0,0,0,0,0.0,100.0,1.0
Vishen Halambage,Shahbaz Ahmed,6,17,0,0,1,1,0.0,283.33,17.0
Vishen Halambage,Shiran Fernando,27,47,2,7,1,4,25.93,174.07,23.5
Vishen Halambage,Shivam Dube,15,31,1,1,2,2,6.67,206.67,31.0
Vishen Halambage,Shubham Agarwal,33,66,1,5,3,4,15.15,200.0,66.0
Vishen Halambage,Sikandar Raza,2,8,0,0,2,0,0.0,400.0,8.0
Vishen Halambage,Sonny Baker,9,7,1,6,1,0,66.67,77.78,7.0
Vishen Halambage,Sunil Narine,45,72,0,7,4,2,15.56,160.0,72.0
Vishen Halambage,Suryansh Shedge,4,10,0,0,2,0,0.0,250.0,10.0
Vishen Halambage,Tilak Varma,6,8,0,2,1,0,33.33,133.33,8.0
Vishen Halambage,Vaisakh Chandran,5,5,1,1,0,0,20.0,100.0,5.0
Vishen Halambage,Varun Chakravarthy,25,47,1,5,6,1,20.0,188.0,47.0
Vishen Halambage,Vidwath Kaverappa,13,13,1,2,0,0,15.38,100.0,13.0
Vishen Halambage,Vishen Halambage,22,36,3,4,2,1,18.18,163.64,12.0
Vishen Halambage,Wanindu Hasaranga,18,25,1,3,3,0,16.67,138.89,25.0
Vishen Halambage,Washington Sundar,27,53,2,5,4,3,18.52,196.3,26.5
Vishen Halambage,Will Jacks,12,24,1,1,1,2,8.33,200.0,24.0
Vishen Halambage,Yash Thakur,15,21,2,4,2,0,26.67,140.0,10.5
Vishen Halambage,Yuvraj Chaudhary,3,2,1,1,0,0,33.33,66.67,2.0
Vishnu Vinod,Pat Cummins,2,1,0,1,0,0,50.0,50.0,1.0
Wanindu Hasaranga,Adam Zampa,27,21,3,14,1,0,51.85,77.78,7.0
Wanindu Hasaranga,Aiden Markram,6,2,1,4,0,0,66.67,33.33,2.0
Wanindu Hasaranga,Akeal Hosein,14,15,1,3,0,0,21.43,107.14,15.0
Wanindu Hasaranga,Arjun Tendulkar,10,7,0,7,1,0,70.0,70.0,7.0
Wanindu Hasaranga,Arshdeep Singh,12,12,0,6,0,1,50.0,100.0,12.0
Wanindu Hasaranga,Ashok Sharma,15,23,1,3,3,0,20.0,153.33,23.0
Wanindu Hasaranga,Atit Sheth,7,12,0,0,1,0,0.0,171.43,12.0
Wanindu Hasaranga,Avinov Choudhary,6,7,0,0,0,0,0.0,116.67,7.0
Wanindu Hasaranga,Axar Patel,13,18,0,0,0,0,0.0,138.46,18.0
Wanindu Hasaranga,Ben Stokes,3,4,0,0,0,0,0.0,133.33,4.0
Wanindu Hasaranga,Bhuvneshwar Kumar,6,4,1,2,0,0,33.33,66.67,4.0
Wanindu Hasaranga,Dian Forrester,4,0,2,4,0,0,100.0,0.0,0.0
Wanindu Hasaranga,Dushan Hemantha,7,8,0,1,0,0,14.29,114.29,8.0
Wanindu Hasaranga,Gangam Anikethreddy,3,2,1,1,0,0,33.33,66.67,2.0
Wanindu Hasaranga,Glenton Stuurman,10,13,0,2,0,1,20.0,130.0,13.0
Wanindu Hasaranga,Gurinder Singh,14,18,1,1,0,0,7.14,128.57,18.0
Wanindu Hasaranga,Gus Atkinson,1,0,1,1,0,0,100.0,0.0,0.0
Wanindu Hasaranga,Hardik Pandya,4,7,0,0,1,0,0.0,175.0,7.0
Wanindu Hasaranga,Harsh Dubey,4,5,0,0,0,0,0.0,125.0,5.0
Wanindu Hasaranga,Jacob Duffy,7,2,1,6,0,0,85.71,28.57,2.0
Wanindu Hasaranga,Jamie Overton,1,0,0,1,0,0,100.0,0.0,0.0
Wanindu Hasaranga,Jasprit Bumrah,4,4,0,0,0,0,0.0,100.0,4.0
Wanindu Hasaranga,Joel Davies,15,19,1,3,1,0,20.0,126.67,19.0
Wanindu Hasaranga,Kranthi Kumar,4,6,0,1,1,0,25.0,150.0,6.0
Wanindu Hasaranga,Krunal Pandya,6,6,0,2,0,0,33.33,100.0,6.0
Wanindu Hasaranga,Kuldeep Yadav,12,11,0,1,0,0,8.33,91.67,11.0
Wanindu Hasaranga,Lungi Ngidi,3,4,0,1,0,0,33.33,133.33,4.0
Wanindu Hasaranga,Malinda Pushpakumara,2,3,0,0,0,0,0.0,150.0,3.0
Wanindu Hasaranga,Manav Suthar,5,1,0,4,0,0,80.0,20.0,1.0
Wanindu Hasaranga,Matheesha Pathirana,1,1,0,0,0,0,0.0,100.0,1.0
Wanindu Hasaranga,Mitchell Starc,19,20,1,3,0,0,15.79,105.26,20.0
Wanindu Hasaranga,Mohammed Shami,24,22,0,9,0,1,37.5,91.67,22.0
Wanindu Hasaranga,Mohammed Siraj,18,36,1,5,2,3,27.78,200.0,36.0
Wanindu Hasaranga,Mridul Surroch,14,14,2,8,1,1,57.14,100.0,7.0
Wanindu Hasaranga,Mukhtar Hussain,3,1,0,2,0,0,66.67,33.33,1.0
Wanindu Hasaranga,Nathan Ellis,3,2,1,1,0,0,33.33,66.67,2.0
Wanindu Hasaranga,Nishan Peiris,8,12,1,1,1,0,12.5,150.0,12.0
Wanindu Hasaranga,Nitish Kumar Reddy,6,9,0,0,1,0,0.0,150.0,9.0
Wanindu Hasaranga,Noor Ahmad,3,4,0,0,0,0,0.0,133.33,4.0
Wanindu Hasaranga,Pat Cummins,3,2,1,1,0,0,33.33,66.67,2.0
Wanindu Hasaranga,Prabath Jayasuriya,4,10,1,2,1,1,50.0,250.0,10.0
Wanindu Hasaranga,Prashant Veer,10,12,0,2,0,0,20.0,120.0,12.0
Wanindu Hasaranga,Praveen Jayawickrama,3,3,1,1,0,0,33.33,100.0,3.0
Wanindu Hasaranga,Prince Yadav,5,5,0,1,0,0,20.0,100.0,5.0
Wanindu Hasaranga,Raj Angad Bawa,9,9,0,3,0,0,33.33,100.0,9.0
Wanindu Hasaranga,Rashid Khan,16,31,0,3,1,2,18.75,193.75,31.0
Wanindu Hasaranga,Rasikh Dar,3,5,0,0,0,0,0.0,166.67,5.0
Wanindu Hasaranga,Ravi Bishnoi,1,1,0,0,0,0,0.0,100.0,1.0
Wanindu Hasaranga,Ravindra Jadeja,6,6,0,1,0,0,16.67,100.0,6.0
Wanindu Hasaranga,Riyan Parag,7,5,0,2,0,0,28.57,71.43,5.0
Wanindu Hasaranga,Sahan Arachchige,6,8,0,1,0,0,16.67,133.33,8.0
Wanindu Hasaranga,Sairaj Patil,6,10,0,2,0,1,33.33,166.67,10.0
Wanindu Hasaranga,Sam Curran,8,11,0,1,0,0,12.5,137.5,11.0
Wanindu Hasaranga,Seekkuge Prasanna,3,3,0,0,0,0,0.0,100.0,3.0
Wanindu Hasaranga,Shahbaz Ahmed,8,9,0,0,0,0,0.0,112.5,9.0
Wanindu Hasaranga,Shiran Fernando,17,18,2,4,1,0,23.53,105.88,9.0
Wanindu Hasaranga,Shivam Dube,2,0,1,2,0,0,100.0,0.0,0.0
Wanindu Hasaranga,Sunil Narine,12,18,0,0,1,0,0.0,150.0,18.0
Wanindu Hasaranga,Suyash Sharma,1,1,0,0,0,0,0.0,100.0,1.0
Wanindu Hasaranga,Tilak Varma,8,6,1,3,0,0,37.5,75.0,6.0
Wanindu Hasaranga,Varun Chakravarthy,2,2,0,0,0,0,0.0,100.0,2.0
Wanindu Hasaranga,Vignesh Puthur,5,0,1,5,0,0,100.0,0.0,0.0
Wanindu Hasaranga,Vishen Halambage,8,9,2,3,1,0,37.5,112.5,4.5
Wanindu Hasaranga,Washington Sundar,4,8,1,1,0,1,25.0,200.0,8.0
Wanindu Hasaranga,Yash Thakur,1,0,1,1,0,0,100.0,0.0,0.0
Wanindu Hasaranga,Yuvraj Chaudhary,1,1,0,0,0,0,0.0,100.0,1.0
Wanindu Hasaranga,Yuzvendra Chahal,4,3,0,2,0,0,50.0,75.0,3.0
Washington Sundar,Aaron Hardie,2,4,0,1,1,0,50.0,200.0,4.0
Washington Sundar,Adam Zampa,27,37,4,9,2,2,33.33,137.04,9.25
Washington Sundar,Adil Rashid,10,11,0,2,1,0,20.0,110.0,11.0
Washington Sundar,Ajay Dev Goud,13,13,1,6,2,0,46.15,100.0,13.0
Washington Sundar,Akash Vasisht,21,29,1,7,2,1,33.33,138.1,29.0
Washington Sundar,Akeal Hosein,6,12,2,2,1,1,33.33,200.0,6.0
Washington Sundar,Allah Ghazanfar,28,33,0,9,2,0,32.14,117.86,33.0
Washington Sundar,Anukul Roy,15,17,0,5,2,0,33.33,113.33,17.0
Washington Sundar,Arpit Vasavada,12,8,1,4,0,0,33.33,66.67,8.0
Washington Sundar,Arshdeep Singh,1,1,0,0,0,0,0.0,100.0,1.0
Washington Sundar,Ashok Sharma,12,14,2,2,0,0,16.67,116.67,7.0
Washington Sundar,Athisayaraj Davidson,9,26,0,0,3,1,0.0,288.89,26.0
Washington Sundar,Atit Sheth,26,41,2,7,3,2,26.92,157.69,20.5
Washington Sundar,Avesh Khan,5,4,0,1,0,0,20.0,80.0,4.0
Washington Sundar,Axar Patel,27,31,0,6,1,1,22.22,114.81,31.0
Washington Sundar,Ben Stokes,18,19,0,5,0,1,27.78,105.56,19.0
Washington Sundar,Bhuvneshwar Kumar,34,46,2,9,3,1,26.47,135.29,23.0
Washington Sundar,Brad Evans,9,11,0,3,1,0,33.33,122.22,11.0
Washington Sundar,Brian Bennett,4,4,0,1,0,0,25.0,100.0,4.0
Washington Sundar,CV Stephen,35,52,1,9,4,1,25.71,148.57,52.0
Washington Sundar,Cameron Green,20,35,0,1,1,2,5.0,175.0,35.0
Washington Sundar,Chetan Sakariya,15,29,2,4,2,2,26.67,193.33,14.5
Washington Sundar,Corbin Bosch,29,42,3,10,3,2,34.48,144.83,14.0
Washington Sundar,Dan Lawrence,9,7,0,7,0,1,77.78,77.78,7.0
Washington Sundar,Darshan Nalkande,8,26,0,0,4,1,0.0,325.0,26.0
Washington Sundar,Deepak Chahar,2,3,0,0,0,0,0.0,150.0,3.0
Washington Sundar,Deepak Hooda,3,9,0,0,0,1,0.0,300.0,9.0
Washington Sundar,Dian Forrester,31,40,3,7,3,0,22.58,129.03,13.33
Washington Sundar,Dinuka Dilshan,3,8,1,1,2,0,33.33,266.67,8.0
Washington Sundar,Donovan Ferreira,10,9,1,4,1,0,40.0,90.0,9.0
Washington Sundar,Dushan Hemantha,40,41,3,14,2,1,35.0,102.5,13.67
Washington Sundar,Gangam Anikethreddy,7,13,1,2,2,0,28.57,185.71,13.0
Washington Sundar,Glenn Phillips,4,13,0,0,1,1,0.0,325.0,13.0
Washington Sundar,Glenton Stuurman,4,10,0,0,2,0,0.0,250.0,10.0
Washington Sundar,Gurinder Singh,40,41,2,21,2,3,52.5,102.5,20.5
Washington Sundar,Gurnoor Singh Brar,9,13,0,1,1,0,11.11,144.44,13.0
Washington Sundar,Gus Atkinson,2,1,0,1,0,0,50.0,50.0,1.0
Washington Sundar,Hardik Pandya,33,63,2,10,6,4,30.3,190.91,31.5
Washington Sundar,Harpreet Brar,30,35,5,16,3,2,53.33,116.67,7.0
Washington Sundar,Harsh Dubey,28,47,0,5,2,2,17.86,167.86,47.0
Washington Sundar,Harshal Patel,2,1,0,1,0,0,50.0,50.0,1.0
Washington Sundar,Harshit Rana,2,2,0,0,0,0,0.0,100.0,2.0
Washington Sundar,Ishant Sharma,5,4,1,2,0,0,40.0,80.0,4.0
Washington Sundar,Ismat Alam,11,11,1,4,1,0,36.36,100.0,11.0
Washington Sundar,Jacob Duffy,14,22,1,2,0,1,14.29,157.14,22.0
Washington Sundar,Jai Moondra,9,11,0,1,0,0,11.11,122.22,11.0
Washington Sundar,Jamie Overton,3,2,0,1,0,0,33.33,66.67,2.0
Washington Sundar,Jason Holder,5,16,0,0,2,1,0.0,320.0,16.0
Washington Sundar,Jasprit Bumrah,27,53,0,5,6,2,18.52,196.3,53.0
Washington Sundar,Jaydev Unadkat,4,3,1,1,0,0,25.0,75.0,3.0
Washington Sundar,Joel Davies,4,4,0,0,0,0,0.0,100.0,4.0
Washington Sundar,Jofra Archer,4,3,0,2,0,0,50.0,75.0,3.0
Washington Sundar,Josh Hazlewood,21,25,1,4,1,0,19.05,119.05,25.0
Washington Sundar,KC Cariappa,12,23,1,3,1,2,25.0,191.67,23.0
Washington Sundar,KM Asif,5,9,0,1,0,1,20.0,180.0,9.0
Washington Sundar,Kagiso Rabada,18,40,1,1,2,3,5.56,222.22,40.0
Washington Sundar,Karan Lal,7,7,1,2,0,0,28.57,100.0,7.0
Washington Sundar,Kartik Tyagi,24,28,2,7,3,0,29.17,116.67,14.0
Washington Sundar,Kranthi Kumar,2,0,1,2,0,0,100.0,0.0,0.0
Washington Sundar,Krunal Pandya,37,56,0,11,4,3,29.73,151.35,56.0
Washington Sundar,Kuldeep Yadav,11,12,0,1,0,0,9.09,109.09,12.0
Washington Sundar,Lalit Yadav,8,14,0,1,2,0,12.5,175.0,14.0
Washington Sundar,Liam Livingstone,11,15,1,4,0,1,36.36,136.36,15.0
Washington Sundar,Lockie Ferguson,5,11,1,2,1,1,40.0,220.0,11.0
Washington Sundar,Lungi Ngidi,1,1,0,0,0,0,0.0,100.0,1.0
Washington Sundar,Malinda Pushpakumara,30,43,4,10,3,2,33.33,143.33,10.75
Washington Sundar,Manav Suthar,14,30,0,2,2,2,14.29,214.29,30.0
Washington Sundar,Manisankar Murasingh,11,12,0,5,1,0,45.45,109.09,12.0
Washington Sundar,Matheesha Pathirana,2,2,0,0,0,0,0.0,100.0,2.0
Washington Sundar,Matt Henry,3,2,0,1,0,0,33.33,66.67,2.0
Washington Sundar,Matt Short,2,2,0,0,0,0,0.0,100.0,2.0
Washington Sundar,Mitchell Marsh,1,1,0,0,0,0,0.0,100.0,1.0
Washington Sundar,Mitchell Owen,4,8,0,1,0,1,25.0,200.0,8.0
Washington Sundar,Mitchell Starc,11,20,4,5,3,1,45.45,181.82,5.0
Washington Sundar,Mohammed Shami,31,43,1,7,5,0,22.58,138.71,43.0
Washington Sundar,Mohammed Siraj,45,63,4,13,8,1,28.89,140.0,15.75
Washington Sundar,Mridul Surroch,3,2,1,1,0,0,33.33,66.67,2.0
Washington Sundar,Nathan Ellis,24,37,5,6,2,2,25.0,154.17,7.4
Washington Sundar,Nishan Peiris,3,8,0,1,2,0,33.33,266.67,8.0
Washington Sundar,Nishant Sindhu,7,9,1,3,1,0,42.86,128.57,9.0
Washington Sundar,Nitish Kumar Reddy,6,5,1,1,0,0,16.67,83.33,5.0
Washington Sundar,Nitish Rana,5,7,0,0,0,0,0.0,140.0,7.0
Washington Sundar,Noor Ahmad,6,5,1,2,0,0,33.33,83.33,5.0
Washington Sundar,Ottneil Baartman,18,26,2,9,3,1,50.0,144.44,13.0
Washington Sundar,Pat Cummins,49,82,2,12,5,5,24.49,167.35,41.0
Washington Sundar,Prabath Jayasuriya,33,28,1,17,2,1,51.52,84.85,28.0
Washington Sundar,Prashant Solanki,10,17,0,3,1,1,30.0,170.0,17.0
Washington Sundar,Prashant Veer,28,48,1,7,3,3,25.0,171.43,48.0
Washington Sundar,Praveen Jayawickrama,40,60,3,12,3,4,30.0,150.0,20.0
Washington Sundar,Prince Yadav,20,35,0,5,2,2,25.0,175.0,35.0
Washington Sundar,Rachin Ravindra,11,14,0,0,0,0,0.0,127.27,14.0
Washington Sundar,Raj Angad Bawa,11,30,0,1,0,3,9.09,272.73,30.0
Washington Sundar,Rashid Khan,47,63,2,16,5,3,34.04,134.04,31.5
Washington Sundar,Rasikh Dar,2,1,1,1,0,0,50.0,50.0,1.0
Washington Sundar,Ravi Bishnoi,24,22,5,9,0,1,37.5,91.67,4.4
Washington Sundar,Ravi Teja,9,15,1,3,1,1,33.33,166.67,15.0
Washington Sundar,Ravindra Jadeja,30,44,2,7,2,3,23.33,146.67,22.0
Washington Sundar,Riyan Parag,16,38,0,1,2,3,6.25,237.5,38.0
Washington Sundar,Sahan Arachchige,36,49,1,12,4,2,33.33,136.11,49.0
Washington Sundar,Sairaj Patil,9,14,0,3,0,1,33.33,155.56,14.0
Washington Sundar,Sakib Hussain,11,14,0,4,1,0,36.36,127.27,14.0
Washington Sundar,Sam Curran,30,42,2,3,3,0,10.0,140.0,21.0
Washington Sundar,Samant Jakhar,4,4,0,1,0,0,25.0,100.0,4.0
Washington Sundar,Scott Curie,17,16,2,7,0,1,41.18,94.12,8.0
Washington Sundar,Seekkuge Prasanna,1,1,0,0,0,0,0.0,100.0,1.0
Washington Sundar,Senitha Halambage,4,11,1,1,1,1,25.0,275.0,11.0
Washington Sundar,Shahbaz Ahmed,28,47,2,7,4,2,25.0,167.86,23.5
Washington Sundar,Shardul Thakur,11,12,2,3,1,0,27.27,109.09,6.0
Washington Sundar,Shiran Fernando,35,76,1,8,6,5,22.86,217.14,76.0
Washington Sundar,Shivam Mavi,3,3,0,1,0,0,33.33,100.0,3.0
Washington Sundar,Shivam Shukla,4,4,0,0,0,0,0.0,100.0,4.0
Washington Sundar,Shivang Kumar,18,33,0,1,2,1,5.56,183.33,33.0
Washington Sundar,Shubham Agarwal,17,13,2,4,0,0,23.53,76.47,6.5
Washington Sundar,Sikandar Raza,2,0,1,2,0,0,100.0,0.0,0.0
Washington Sundar,Sonny Baker,4,6,0,1,1,0,25.0,150.0,6.0
Washington Sundar,Sonu Yadav,3,2,0,1,0,0,33.33,66.67,2.0
Washington Sundar,Sunil Narine,43,68,1,11,5,2,25.58,158.14,68.0
Washington Sundar,Suryansh Shedge,9,18,0,1,1,1,11.11,200.0,18.0
Washington Sundar,Sushant Mishra,2,5,0,0,1,0,0.0,250.0,5.0
Washington Sundar,T Natarajan,10,29,0,0,3,2,0.0,290.0,29.0
Washington Sundar,Tanay Thyagarajan,16,11,2,7,0,0,43.75,68.75,5.5
Washington Sundar,Tharindu Rathnanayake,3,4,0,0,0,0,0.0,133.33,4.0
Washington Sundar,Tripuresh Singh,1,6,0,0,0,1,0.0,600.0,6.0
Washington Sundar,Vaibhav Arora,10,11,0,2,1,0,20.0,110.0,11.0
Washington Sundar,Vaisakh Chandran,3,6,0,0,1,0,0.0,200.0,6.0
Washington Sundar,Varun Chakravarthy,54,97,5,16,4,8,29.63,179.63,19.4
Washington Sundar,Venkatesh Iyer,3,16,0,0,1,2,0.0,533.33,16.0
Washington Sundar,Vipraj Nigam,2,0,1,2,0,0,100.0,0.0,0.0
Washington Sundar,Vishen Halambage,17,18,2,8,1,1,47.06,105.88,9.0
Washington Sundar,Wanindu Hasaranga,23,24,1,7,1,0,30.43,104.35,24.0
Washington Sundar,Washington Sundar,7,10,0,0,0,0,0.0,142.86,10.0
Washington Sundar,Will Jacks,21,24,0,6,2,0,28.57,114.29,24.0
Will Jacks,Adam Zampa,50,71,1,13,4,3,26.0,142.0,71.0
Will Jacks,Adil Rashid,1,0,1,1,0,0,100.0,0.0,0.0
Will Jacks,Akash Vasisht,2,5,0,0,1,0,0.0,250.0,5.0
Will Jacks,Akeal Hosein,28,50,2,6,5,2,21.43,178.57,25.0
Will Jacks,Anrich Nortje,8,6,2,5,1,0,62.5,75.0,3.0
Will Jacks,Anshul Kamboj,2,2,0,0,0,0,0.0,100.0,2.0
Will Jacks,Anukul Roy,2,3,0,0,0,0,0.0,150.0,3.0
Will Jacks,Arpit Vasavada,13,17,0,3,0,1,23.08,130.77,17.0
Will Jacks,Arshdeep Singh,4,9,0,0,0,1,0.0,225.0,9.0
Will Jacks,Ashok Sharma,35,72,1,2,2,6,5.71,205.71,72.0
Will Jacks,Atit Sheth,5,3,1,2,0,0,40.0,60.0,3.0
Will Jacks,Auqib Nabi,28,47,3,12,3,4,42.86,167.86,15.67
Will Jacks,Avinov Choudhary,9,6,0,5,0,0,55.56,66.67,6.0
Will Jacks,Axar Patel,18,22,1,3,0,1,16.67,122.22,22.0
Will Jacks,Beau Webster,2,2,0,0,0,0,0.0,100.0,2.0
Will Jacks,Ben Stokes,2,3,0,0,0,0,0.0,150.0,3.0
Will Jacks,Bhuvneshwar Kumar,17,31,0,1,1,1,5.88,182.35,31.0
Will Jacks,Brian Bennett,1,0,1,1,0,0,100.0,0.0,0.0
Will Jacks,Corbin Bosch,18,22,1,4,2,0,22.22,122.22,22.0
Will Jacks,Craig Overton,1,2,0,0,0,0,0.0,200.0,2.0
Will Jacks,Deepak Hooda,1,6,0,0,0,1,0.0,600.0,6.0
Will Jacks,Dian Forrester,5,4,2,2,0,0,40.0,80.0,2.0
Will Jacks,Dunith Wellalage,4,6,0,1,1,0,25.0,150.0,6.0
Will Jacks,Dushan Hemantha,13,23,0,5,1,2,38.46,176.92,23.0
Will Jacks,Gangam Anikethreddy,4,4,1,1,0,0,25.0,100.0,4.0
Will Jacks,Glenton Stuurman,3,4,2,2,1,0,66.67,133.33,2.0
Will Jacks,Gurinder Singh,14,13,2,4,0,0,28.57,92.86,6.5
Will Jacks,Gus Atkinson,4,7,0,0,0,0,0.0,175.0,7.0
Will Jacks,Hardik Pandya,16,24,1,5,3,0,31.25,150.0,24.0
Will Jacks,Harpreet Brar,10,17,1,4,2,1,40.0,170.0,17.0
Will Jacks,Harsh Dubey,19,31,0,2,1,2,10.53,163.16,31.0
Will Jacks,Harshal Patel,1,0,1,1,0,0,100.0,0.0,0.0
Will Jacks,Ismat Alam,5,14,0,1,0,2,20.0,280.0,14.0
Will Jacks,Jacob Duffy,1,1,0,0,0,0,0.0,100.0,1.0
Will Jacks,Jacques Snyman,1,0,1,1,0,0,100.0,0.0,0.0
Will Jacks,Jason Holder,6,13,0,0,2,0,0.0,216.67,13.0
Will Jacks,Jasprit Bumrah,18,11,2,10,0,0,55.56,61.11,5.5
Will Jacks,Joel Davies,10,14,0,1,0,0,10.0,140.0,14.0
Will Jacks,KM Asif,3,3,0,1,0,0,33.33,100.0,3.0
Will Jacks,Kagiso Rabada,8,9,0,2,0,0,25.0,112.5,9.0
Will Jacks,Karan Lal,15,29,0,4,1,3,26.67,193.33,29.0
Will Jacks,Kranthi Kumar,32,40,2,10,3,1,31.25,125.0,20.0
Will Jacks,Krishnappa Gowtham,1,4,0,0,1,0,0.0,400.0,4.0
Will Jacks,Krunal Pandya,15,18,1,4,1,0,26.67,120.0,18.0
Will Jacks,Kuldeep Yadav,20,31,2,2,3,0,10.0,155.0,15.5
Will Jacks,Lalit Yadav,8,11,0,1,1,0,12.5,137.5,11.0
Will Jacks,Lasith Embuldeniya,16,24,0,3,1,1,18.75,150.0,24.0
Will Jacks,Liam Livingstone,1,1,0,0,0,0,0.0,100.0,1.0
Will Jacks,Lone Nasir Muzaffar,1,1,0,0,0,0,0.0,100.0,1.0
Will Jacks,Lungi Ngidi,2,3,0,1,0,0,50.0,150.0,3.0
Will Jacks,Malinda Pushpakumara,5,13,0,1,1,1,20.0,260.0,13.0
Will Jacks,Manisankar Murasingh,11,13,0,3,1,0,27.27,118.18,13.0
Will Jacks,Marcus Stoinis,13,23,0,2,0,2,15.38,176.92,23.0
Will Jacks,Matheesha Pathirana,4,9,0,1,2,0,25.0,225.0,9.0
Will Jacks,Matthew Forde,3,9,0,0,2,0,0.0,300.0,9.0
Will Jacks,Mitchell Marsh,6,9,0,2,0,1,33.33,150.0,9.0
Will Jacks,Mitchell Starc,42,68,7,13,6,3,30.95,161.9,9.71
Will Jacks,Mohammed Shami,11,13,2,2,1,0,18.18,118.18,6.5
Will Jacks,Mohammed Siraj,8,11,0,1,1,0,12.5,137.5,11.0
Will Jacks,Mohsin Khan,7,7,1,4,1,0,57.14,100.0,7.0
Will Jacks,Mridul Surroch,12,6,2,6,0,0,50.0,50.0,3.0
Will Jacks,Mukhtar Hussain,6,11,0,1,0,1,16.67,183.33,11.0
Will Jacks,Nathan Ellis,27,44,0,6,2,2,22.22,162.96,44.0
Will Jacks,Nitish Kumar Reddy,16,27,0,1,1,1,6.25,168.75,27.0
Will Jacks,Noor Ahmad,3,4,0,0,0,0,0.0,133.33,4.0
Will Jacks,Ottneil Baartman,11,17,0,2,2,0,18.18,154.55,17.0
Will Jacks,Pat Cummins,2,1,0,1,0,0,50.0,50.0,1.0
Will Jacks,Prabath Jayasuriya,17,26,0,3,1,1,17.65,152.94,26.0
Will Jacks,Prashant Veer,29,41,0,2,1,1,6.9,141.38,41.0
Will Jacks,Praveen Jayawickrama,22,34,1,3,3,0,13.64,154.55,34.0
Will Jacks,Prince Yadav,7,22,0,1,2,2,14.29,314.29,22.0
Will Jacks,Raj Angad Bawa,5,13,0,0,1,1,0.0,260.0,13.0
Will Jacks,Rashid Khan,29,47,1,6,5,1,20.69,162.07,47.0
Will Jacks,Rasikh Dar,6,16,0,0,1,1,0.0,266.67,16.0
Will Jacks,Ravi Bishnoi,21,25,2,7,3,0,33.33,119.05,12.5
Will Jacks,Ravindra Jadeja,30,38,1,9,3,1,30.0,126.67,38.0
Will Jacks,Riyan Parag,4,12,0,0,1,1,0.0,300.0,12.0
Will Jacks,Sahan Arachchige,19,33,0,4,0,2,21.05,173.68,33.0
Will Jacks,Sai Kishore,4,11,0,0,2,0,0.0,275.0,11.0
Will Jacks,Sairaj Patil,4,7,0,0,1,0,0.0,175.0,7.0
Will Jacks,Samant Jakhar,2,5,0,0,0,0,0.0,250.0,5.0
Will Jacks,Scott Curie,2,2,0,0,0,0,0.0,100.0,2.0
Will Jacks,Seekkuge Prasanna,1,0,1,1,0,0,100.0,0.0,0.0
Will Jacks,Shahbaz Ahmed,3,4,0,0,0,0,0.0,133.33,4.0
Will Jacks,Shiran Fernando,48,83,3,9,6,3,18.75,172.92,27.67
Will Jacks,Shivam Dube,10,19,0,2,3,0,20.0,190.0,19.0
Will Jacks,Shivam Mavi,5,9,0,1,0,1,20.0,180.0,9.0
Will Jacks,Shubham Agarwal,3,2,0,1,0,0,33.33,66.67,2.0
Will Jacks,Sonal Dinusha,2,3,0,0,0,0,0.0,150.0,3.0
Will Jacks,Sonny Baker,15,24,0,0,2,0,0.0,160.0,24.0
Will Jacks,Sonu Yadav,3,3,0,0,0,0,0.0,100.0,3.0
Will Jacks,Sunil Narine,13,20,1,4,2,0,30.77,153.85,20.0
Will Jacks,Suyash Sharma,2,3,0,0,0,0,0.0,150.0,3.0
Will Jacks,Swapnil Singh,2,2,0,0,0,0,0.0,100.0,2.0
Will Jacks,Tanay Thyagarajan,1,1,0,0,0,0,0.0,100.0,1.0
Will Jacks,Tilak Varma,8,9,1,2,0,0,25.0,112.5,9.0
Will Jacks,Umran Malik,3,5,0,1,1,0,33.33,166.67,5.0
Will Jacks,Virat Kohli,3,2,0,1,0,0,33.33,66.67,2.0
Will Jacks,Vishen Halambage,29,23,6,12,1,0,41.38,79.31,3.83
Will Jacks,Washington Sundar,19,24,0,6,1,1,31.58,126.32,24.0
Will Jacks,Will Jacks,7,15,0,2,0,2,28.57,214.29,15.0
Will Jacks,Yash Thakur,4,6,0,0,0,0,0.0,150.0,6.0
Will Jacks,Yuzvendra Chahal,9,12,0,3,2,0,33.33,133.33,12.0
Will Jacks,Zeeshan Ansari,3,3,1,2,0,0,66.67,100.0,3.0
Yash Dhull,Abhishek Sharma,1,0,1,1,0,0,100.0,0.0,0.0
Yash Dhull,Arshdeep Singh,4,5,0,0,0,0,0.0,125.0,5.0
Yash Dhull,Dunith Wellalage,7,12,0,0,1,0,0.0,171.43,12.0
Yash Dhull,Duvindu Tillakaratne,13,29,0,0,1,2,0.0,223.08,29.0
Yash Dhull,Harpreet Brar,8,8,1,3,1,0,37.5,100.0,8.0
Yash Dhull,Isitha Wijesundara,6,8,1,3,0,1,50.0,133.33,8.0
Yash Dhull,Joel Davies,25,31,1,3,1,0,12.0,124.0,31.0
Yash Dhull,Karan Lal,11,26,0,1,0,3,9.09,236.36,26.0
Yash Dhull,Maheesh Theekshana,5,5,0,2,0,0,40.0,100.0,5.0
Yash Dhull,Matthew Forde,20,21,0,4,0,0,20.0,105.0,21.0
Yash Dhull,Mohsin Khan,20,20,2,5,0,0,25.0,100.0,10.0
Yash Dhull,Nimesh Vimukthi,5,5,0,1,0,0,20.0,100.0,5.0
Yash Dhull,Raj Limbani,8,18,0,0,3,0,0.0,225.0,18.0
Yash Dhull,Vidwath Kaverappa,17,19,0,2,0,0,11.76,111.76,19.0
Yash Dhull,Washington Sundar,4,7,0,2,0,1,50.0,175.0,7.0
Yash Dhull,Will Jacks,3,8,0,1,0,1,33.33,266.67,8.0
Yash Dhull,Yash Thakur,26,41,0,5,4,1,19.23,157.69,41.0
Yash Thakur,Akash Vasisht,1,1,0,0,0,0,0.0,100.0,1.0
Yash Thakur,Ben Stokes,2,0,1,2,0,0,100.0,0.0,0.0
Yash Thakur,CV Stephen,1,0,1,1,0,0,100.0,0.0,0.0
Yash Thakur,Harpreet Brar,2,2,0,0,0,0,0.0,100.0,2.0
Yash Thakur,Malinda Pushpakumara,1,0,1,1,0,0,100.0,0.0,0.0
Yash Thakur,Seekkuge Prasanna,1,0,1,1,0,0,100.0,0.0,0.0
Yash Thakur,Varun Chakravarthy,2,3,0,0,0,0,0.0,150.0,3.0
Yash Thakur,Vishen Halambage,2,7,0,0,0,1,0.0,350.0,7.0
Yashasvi Jaiswal,Adam Zampa,47,74,6,12,3,4,25.53,157.45,12.33
Yashasvi Jaiswal,Adil Rashid,3,3,0,1,0,0,33.33,100.0,3.0
Yashasvi Jaiswal,Ajay Dev Goud,2,2,0,0,0,0,0.0,100.0,2.0
Yashasvi Jaiswal,Akeal Hosein,112,166,6,27,11,7,24.11,148.21,27.67
Yashasvi Jaiswal,Amila Aponso,4,4,0,0,0,0,0.0,100.0,4.0
Yashasvi Jaiswal,Anshul Kamboj,34,63,1,3,4,3,8.82,185.29,63.0
Yashasvi Jaiswal,Anukul Roy,31,57,0,5,4,2,16.13,183.87,57.0
Yashasvi Jaiswal,Arpit Vasavada,59,105,1,7,9,3,11.86,177.97,105.0
Yashasvi Jaiswal,Arshdeep Singh,45,59,5,13,3,2,28.89,131.11,11.8
Yashasvi Jaiswal,Ashish Singh,13,34,0,0,2,2,0.0,261.54,34.0
Yashasvi Jaiswal,Ashok Sharma,79,101,2,15,4,3,18.99,127.85,50.5
Yashasvi Jaiswal,Atit Sheth,31,49,0,3,1,2,9.68,158.06,49.0
Yashasvi Jaiswal,Avinov Choudhary,3,2,1,1,0,0,33.33,66.67,2.0
Yashasvi Jaiswal,Axar Patel,56,76,3,11,1,4,19.64,135.71,25.33
Yashasvi Jaiswal,Ben Stokes,32,58,1,5,5,2,15.62,181.25,58.0
Yashasvi Jaiswal,Bhuvneshwar Kumar,27,35,0,3,3,0,11.11,129.63,35.0
Yashasvi Jaiswal,Brad Evans,5,10,0,3,1,1,60.0,200.0,10.0
Yashasvi Jaiswal,Cameron Green,24,38,0,2,2,1,8.33,158.33,38.0
Yashasvi Jaiswal,Chetan Sakariya,12,14,1,3,1,0,25.0,116.67,14.0
Yashasvi Jaiswal,Cooper Connolly,5,6,0,0,0,0,0.0,120.0,6.0
Yashasvi Jaiswal,Corbin Bosch,12,19,0,3,1,1,25.0,158.33,19.0
Yashasvi Jaiswal,Darshan Nalkande,11,26,0,1,1,2,9.09,236.36,26.0
Yashasvi Jaiswal,Dian Forrester,29,55,0,3,2,3,10.34,189.66,55.0
Yashasvi Jaiswal,Dinuka Dilshan,1,1,0,0,0,0,0.0,100.0,1.0
Yashasvi Jaiswal,Dushan Hemantha,79,118,3,11,8,3,13.92,149.37,39.33
Yashasvi Jaiswal,Eshan Malinga,3,1,0,2,0,0,66.67,33.33,1.0
Yashasvi Jaiswal,Gangam Anikethreddy,7,8,0,2,1,0,28.57,114.29,8.0
Yashasvi Jaiswal,Glenton Stuurman,35,70,1,2,4,4,5.71,200.0,70.0
Yashasvi Jaiswal,Gurinder Singh,156,200,5,34,8,6,21.79,128.21,40.0
Yashasvi Jaiswal,Gurnoor Singh Brar,3,3,0,1,0,0,33.33,100.0,3.0
Yashasvi Jaiswal,Gus Atkinson,30,50,0,3,1,2,10.0,166.67,50.0
Yashasvi Jaiswal,Hardik Pandya,13,14,2,3,0,0,23.08,107.69,7.0
Yashasvi Jaiswal,Harsh Dubey,37,55,1,11,4,2,29.73,148.65,55.0
Yashasvi Jaiswal,Harshal Patel,38,50,0,10,4,1,26.32,131.58,50.0
Yashasvi Jaiswal,Harshit Rana,4,15,0,0,2,1,0.0,375.0,15.0
Yashasvi Jaiswal,Isitha Wijesundara,4,4,0,1,0,0,25.0,100.0,4.0
Yashasvi Jaiswal,Jacob Duffy,11,30,0,2,0,4,18.18,272.73,30.0
Yashasvi Jaiswal,Jacques Snyman,4,7,0,0,1,0,0.0,175.0,7.0
Yashasvi Jaiswal,Jamie Overton,5,6,0,2,0,0,40.0,120.0,6.0
Yashasvi Jaiswal,Jason Holder,18,21,0,1,0,0,5.56,116.67,21.0
Yashasvi Jaiswal,Jasprit Bumrah,55,77,1,14,4,2,25.45,140.0,77.0
Yashasvi Jaiswal,Joel Davies,75,105,0,14,4,5,18.67,140.0,105.0
Yashasvi Jaiswal,Josh Hazlewood,11,10,0,1,0,0,9.09,90.91,10.0
Yashasvi Jaiswal,KM Asif,3,3,0,0,0,0,0.0,100.0,3.0
Yashasvi Jaiswal,Kagiso Rabada,30,52,2,3,1,2,10.0,173.33,26.0
Yashasvi Jaiswal,Kamindu Mendis,16,31,0,0,1,2,0.0,193.75,31.0
Yashasvi Jaiswal,Kangabam Priyojit Singh,3,4,0,0,0,0,0.0,133.33,4.0
Yashasvi Jaiswal,Karan Lal,6,12,0,1,0,1,16.67,200.0,12.0
Yashasvi Jaiswal,Khaleel Ahmed,16,15,2,5,0,0,31.25,93.75,7.5
Yashasvi Jaiswal,Kranthi Kumar,43,47,4,11,0,1,25.58,109.3,11.75
Yashasvi Jaiswal,Krunal Pandya,37,76,2,4,7,3,10.81,205.41,38.0
Yashasvi Jaiswal,Kuldeep Yadav,88,136,5,19,5,7,21.59,154.55,27.2
Yashasvi Jaiswal,Lalit Yadav,14,18,0,0,0,0,0.0,128.57,18.0
Yashasvi Jaiswal,Lasith Embuldeniya,34,63,0,5,4,3,14.71,185.29,63.0
Yashasvi Jaiswal,Lone Nasir Muzaffar,20,36,0,5,0,3,25.0,180.0,36.0
Yashasvi Jaiswal,Lungi Ngidi,29,52,0,5,5,1,17.24,179.31,52.0
Yashasvi Jaiswal,Malinda Pushpakumara,2,2,0,0,0,0,0.0,100.0,2.0
Yashasvi Jaiswal,Manav Suthar,7,7,2,3,1,0,42.86,100.0,3.5
Yashasvi Jaiswal,Manisankar Murasingh,40,51,2,7,2,1,17.5,127.5,25.5
Yashasvi Jaiswal,Matt Short,14,27,1,2,1,2,14.29,192.86,27.0
Yashasvi Jaiswal,Mitchell Marsh,32,41,1,2,1,0,6.25,128.12,41.0
Yashasvi Jaiswal,Mitchell Starc,59,73,4,15,3,2,25.42,123.73,18.25
Yashasvi Jaiswal,Mohammed Shami,102,152,5,13,7,4,12.75,149.02,30.4
Yashasvi Jaiswal,Mohammed Siraj,67,108,1,8,0,5,11.94,161.19,108.0
Yashasvi Jaiswal,Mohsin Khan,18,22,0,2,1,0,11.11,122.22,22.0
Yashasvi Jaiswal,Mridul Surroch,38,60,0,2,3,1,5.26,157.89,60.0
Yashasvi Jaiswal,Mukhtar Hussain,14,23,0,2,2,1,14.29,164.29,23.0
Yashasvi Jaiswal,Nathan Ellis,34,45,4,7,2,1,20.59,132.35,11.25
Yashasvi Jaiswal,Nishan Peiris,24,37,3,3,0,2,12.5,154.17,12.33
Yashasvi Jaiswal,Nishant Sindhu,12,15,2,3,0,1,25.0,125.0,7.5
Yashasvi Jaiswal,Nitish Kumar Reddy,44,52,1,7,0,1,15.91,118.18,52.0
Yashasvi Jaiswal,Nitish Rana,9,11,0,2,0,0,22.22,122.22,11.0
Yashasvi Jaiswal,Noor Ahmad,11,12,0,1,0,0,9.09,109.09,12.0
Yashasvi Jaiswal,Ottneil Baartman,3,2,0,1,0,0,33.33,66.67,2.0
Yashasvi Jaiswal,Pat Cummins,13,27,1,1,4,0,7.69,207.69,27.0
Yashasvi Jaiswal,Prabath Jayasuriya,39,62,2,6,4,3,15.38,158.97,31.0
Yashasvi Jaiswal,Prashant Veer,40,55,2,5,3,1,12.5,137.5,27.5
Yashasvi Jaiswal,Praveen Jayawickrama,66,88,4,17,2,4,25.76,133.33,22.0
Yashasvi Jaiswal,Prince Yadav,27,33,1,3,1,0,11.11,122.22,33.0
Yashasvi Jaiswal,Raj Angad Bawa,41,98,0,2,6,7,4.88,239.02,98.0
Yashasvi Jaiswal,Raj Limbani,6,6,0,1,0,0,16.67,100.0,6.0
Yashasvi Jaiswal,Rashid Khan,50,78,4,10,3,4,20.0,156.0,19.5
Yashasvi Jaiswal,Rasikh Dar,21,36,0,1,2,1,4.76,171.43,36.0
Yashasvi Jaiswal,Ravi Bishnoi,47,54,4,13,0,2,27.66,114.89,13.5
Yashasvi Jaiswal,Ravi Teja,11,10,0,2,0,0,18.18,90.91,10.0
Yashasvi Jaiswal,Ravindra Jadeja,22,28,1,1,0,0,4.55,127.27,28.0
Yashasvi Jaiswal,Riyan Parag,12,13,2,3,0,0,25.0,108.33,6.5
Yashasvi Jaiswal,Sahan Arachchige,72,98,2,14,3,3,19.44,136.11,49.0
Yashasvi Jaiswal,Sairaj Patil,33,74,0,2,6,4,6.06,224.24,74.0
Yashasvi Jaiswal,Sakib Hussain,7,9,0,3,0,1,42.86,128.57,9.0
Yashasvi Jaiswal,Sam Curran,26,30,2,7,3,0,26.92,115.38,15.0
Yashasvi Jaiswal,Samant Jakhar,6,7,0,0,0,0,0.0,116.67,7.0
Yashasvi Jaiswal,Sanvir Singh,5,5,0,1,0,0,20.0,100.0,5.0
Yashasvi Jaiswal,Seekkuge Prasanna,17,28,0,3,1,1,17.65,164.71,28.0
Yashasvi Jaiswal,Shahbaz Ahmed,49,85,2,3,8,1,6.12,173.47,42.5
Yashasvi Jaiswal,Shiran Fernando,127,214,7,23,14,10,18.11,168.5,30.57
Yashasvi Jaiswal,Shivam Dube,45,83,2,5,3,5,11.11,184.44,41.5
Yashasvi Jaiswal,Shivam Mavi,1,1,0,0,0,0,0.0,100.0,1.0
Yashasvi Jaiswal,Shivam Shukla,9,11,0,1,0,0,11.11,122.22,11.0
Yashasvi Jaiswal,Shivang Kumar,4,15,0,0,0,2,0.0,375.0,15.0
Yashasvi Jaiswal,Shubham Agarwal,7,7,0,0,0,0,0.0,100.0,7.0
Yashasvi Jaiswal,Sikandar Raza,4,9,0,1,0,1,25.0,225.0,9.0
Yashasvi Jaiswal,Sonny Baker,12,19,0,0,0,1,0.0,158.33,19.0
Yashasvi Jaiswal,Sunil Narine,32,70,0,2,7,3,6.25,218.75,70.0
Yashasvi Jaiswal,Suyash Sharma,2,6,0,0,1,0,0.0,300.0,6.0
Yashasvi Jaiswal,Tanay Thyagarajan,8,21,0,0,3,0,0.0,262.5,21.0
Yashasvi Jaiswal,Tilak Varma,32,44,1,4,3,1,12.5,137.5,44.0
Yashasvi Jaiswal,Vaisakh Chandran,8,16,0,0,2,0,0.0,200.0,16.0
Yashasvi Jaiswal,Varun Chakravarthy,29,41,1,4,1,1,13.79,141.38,41.0
Yashasvi Jaiswal,Venkatesh Iyer,11,19,0,1,1,1,9.09,172.73,19.0
Yashasvi Jaiswal,Vipraj Nigam,6,8,0,0,0,0,0.0,133.33,8.0
Yashasvi Jaiswal,Vishen Halambage,23,36,1,4,3,1,17.39,156.52,36.0
Yashasvi Jaiswal,Washington Sundar,42,85,1,5,7,4,11.9,202.38,85.0
Yashasvi Jaiswal,Will Jacks,7,7,1,1,0,0,14.29,100.0,7.0
Yashasvi Jaiswal,Yuvraj Chaudhary,1,0,1,1,0,0,100.0,0.0,0.0
Yashasvi Jaiswal,Yuzvendra Chahal,6,2,2,4,0,0,66.67,33.33,1.0
Yashvardhan Dalal,Aaron Hardie,2,7,0,0,0,1,0.0,350.0,7.0
Yashvardhan Dalal,Adam Zampa,70,101,4,19,6,3,27.14,144.29,25.25
Yashvardhan Dalal,Adil Rashid,9,23,0,0,4,0,0.0,255.56,23.0
Yashvardhan Dalal,Ajay Dev Goud,2,7,0,0,0,1,0.0,350.0,7.0
Yashvardhan Dalal,Akeal Hosein,49,55,2,21,2,3,42.86,112.24,27.5
Yashvardhan Dalal,Amila Aponso,4,5,0,0,0,0,0.0,125.0,5.0
Yashvardhan Dalal,Anshul Kamboj,7,21,0,1,3,1,14.29,300.0,21.0
Yashvardhan Dalal,Anukul Roy,22,45,1,5,2,4,22.73,204.55,45.0
Yashvardhan Dalal,Arjun Tendulkar,5,3,0,2,0,0,40.0,60.0,3.0
Yashvardhan Dalal,Arpit Vasavada,24,33,0,7,5,0,29.17,137.5,33.0
Yashvardhan Dalal,Arshdeep Singh,62,115,2,17,9,8,27.42,185.48,57.5
Yashvardhan Dalal,Ashok Sharma,51,86,2,12,3,5,23.53,168.63,43.0
Yashvardhan Dalal,Atit Sheth,11,18,0,2,2,0,18.18,163.64,18.0
Yashvardhan Dalal,Avinov Choudhary,8,8,0,5,0,1,62.5,100.0,8.0
Yashvardhan Dalal,Axar Patel,55,106,1,11,5,7,20.0,192.73,106.0
Yashvardhan Dalal,Ben Stokes,12,15,1,1,0,0,8.33,125.0,15.0
Yashvardhan Dalal,Bhuvneshwar Kumar,26,44,1,3,3,1,11.54,169.23,44.0
Yashvardhan Dalal,Brad Evans,11,15,0,2,1,0,18.18,136.36,15.0
Yashvardhan Dalal,Brian Bennett,15,22,0,4,2,1,26.67,146.67,22.0
Yashvardhan Dalal,Cameron Green,3,3,0,0,0,0,0.0,100.0,3.0
Yashvardhan Dalal,Chetan Sakariya,9,23,0,1,3,1,11.11,255.56,23.0
Yashvardhan Dalal,Codanda Ajit Karthik,8,8,0,3,1,0,37.5,100.0,8.0
Yashvardhan Dalal,Cooper Connolly,8,13,0,1,1,0,12.5,162.5,13.0
Yashvardhan Dalal,Dian Forrester,35,47,1,12,4,2,34.29,134.29,47.0
Yashvardhan Dalal,Dinuka Dilshan,12,28,0,0,3,1,0.0,233.33,28.0
Yashvardhan Dalal,Dushan Hemantha,60,95,3,12,9,3,20.0,158.33,31.67
Yashvardhan Dalal,Eshan Malinga,5,9,0,1,1,0,20.0,180.0,9.0
Yashvardhan Dalal,Gangam Anikethreddy,16,47,1,4,3,5,25.0,293.75,47.0
Yashvardhan Dalal,Glenton Stuurman,12,12,2,3,0,0,25.0,100.0,6.0
Yashvardhan Dalal,Gurinder Singh,80,109,5,26,5,6,32.5,136.25,21.8
Yashvardhan Dalal,Gus Atkinson,16,23,1,4,0,1,25.0,143.75,23.0
Yashvardhan Dalal,Hardik Pandya,24,35,3,6,5,0,25.0,145.83,11.67
Yashvardhan Dalal,Harsh Dubey,19,22,0,7,1,1,36.84,115.79,22.0
Yashvardhan Dalal,Harshal Patel,12,25,0,1,3,1,8.33,208.33,25.0
Yashvardhan Dalal,Jacob Duffy,5,15,1,1,0,2,20.0,300.0,15.0
Yashvardhan Dalal,Jason Holder,12,13,0,5,2,0,41.67,108.33,13.0
Yashvardhan Dalal,Jasprit Bumrah,27,51,0,4,2,3,14.81,188.89,51.0
Yashvardhan Dalal,Joel Davies,30,40,4,9,3,1,30.0,133.33,10.0
Yashvardhan Dalal,Josh Hazlewood,19,23,0,6,2,0,31.58,121.05,23.0
Yashvardhan Dalal,Kagiso Rabada,4,12,0,0,1,1,0.0,300.0,12.0
Yashvardhan Dalal,Kamindu Mendis,3,5,0,0,0,0,0.0,166.67,5.0
Yashvardhan Dalal,Kangabam Priyojit Singh,2,5,0,0,1,0,0.0,250.0,5.0
Yashvardhan Dalal,Khaleel Ahmed,11,28,1,1,4,1,9.09,254.55,28.0
Yashvardhan Dalal,Kranthi Kumar,33,45,1,8,5,0,24.24,136.36,45.0
Yashvardhan Dalal,Krishnappa Gowtham,2,2,0,0,0,0,0.0,100.0,2.0
Yashvardhan Dalal,Krunal Pandya,33,54,1,6,3,2,18.18,163.64,54.0
Yashvardhan Dalal,Kuldeep Yadav,64,107,4,11,7,4,17.19,167.19,26.75
Yashvardhan Dalal,Lalit Yadav,4,4,0,0,0,0,0.0,100.0,4.0
Yashvardhan Dalal,Lone Nasir Muzaffar,10,25,0,0,0,3,0.0,250.0,25.0
Yashvardhan Dalal,Lungi Ngidi,13,15,0,2,0,0,15.38,115.38,15.0
Yashvardhan Dalal,Malinda Pushpakumara,15,33,0,2,2,2,13.33,220.0,33.0
Yashvardhan Dalal,Manav Suthar,2,4,1,1,1,0,50.0,200.0,4.0
Yashvardhan Dalal,Manisankar Murasingh,21,36,0,4,2,2,19.05,171.43,36.0
Yashvardhan Dalal,Matt Short,9,12,0,1,0,0,11.11,133.33,12.0
Yashvardhan Dalal,Mitchell Marsh,5,6,0,0,0,0,0.0,120.0,6.0
Yashvardhan Dalal,Mitchell Starc,46,121,0,3,8,9,6.52,263.04,121.0
Yashvardhan Dalal,Mohammed Shami,34,35,2,9,2,0,26.47,102.94,17.5
Yashvardhan Dalal,Mohammed Siraj,35,54,3,8,4,2,22.86,154.29,18.0
Yashvardhan Dalal,Mohsin Khan,2,9,0,0,0,1,0.0,450.0,9.0
Yashvardhan Dalal,Mridul Surroch,16,22,3,5,0,2,31.25,137.5,7.33
Yashvardhan Dalal,Nathan Ellis,42,71,2,11,8,2,26.19,169.05,35.5
Yashvardhan Dalal,Nishan Peiris,23,35,0,5,1,2,21.74,152.17,35.0
Yashvardhan Dalal,Nishant Sindhu,10,17,0,1,2,0,10.0,170.0,17.0
Yashvardhan Dalal,Nitish Kumar Reddy,11,14,1,3,1,0,27.27,127.27,14.0
Yashvardhan Dalal,Nitish Rana,4,5,0,0,0,0,0.0,125.0,5.0
Yashvardhan Dalal,Noor Ahmad,11,16,0,1,1,0,9.09,145.45,16.0
Yashvardhan Dalal,Pat Cummins,20,30,1,4,4,0,20.0,150.0,30.0
Yashvardhan Dalal,Prabath Jayasuriya,25,26,3,8,2,0,32.0,104.0,8.67
Yashvardhan Dalal,Prashant Veer,62,73,3,15,4,1,24.19,117.74,24.33
Yashvardhan Dalal,Praveen Jayawickrama,79,156,3,21,12,11,26.58,197.47,52.0
Yashvardhan Dalal,Prince Yadav,6,9,0,0,0,0,0.0,150.0,9.0
Yashvardhan Dalal,Raj Angad Bawa,14,15,0,3,0,0,21.43,107.14,15.0
Yashvardhan Dalal,Rashid Khan,34,62,3,5,4,2,14.71,182.35,20.67
Yashvardhan Dalal,Rasikh Dar,10,6,1,4,0,0,40.0,60.0,6.0
Yashvardhan Dalal,Ravi Bishnoi,32,47,3,7,6,0,21.88,146.88,15.67
Yashvardhan Dalal,Ravindra Jadeja,37,52,0,7,4,1,18.92,140.54,52.0
Yashvardhan Dalal,Riyan Parag,14,18,0,1,1,0,7.14,128.57,18.0
Yashvardhan Dalal,Sahan Arachchige,77,121,2,19,11,5,24.68,157.14,60.5
Yashvardhan Dalal,Sairaj Patil,25,44,1,6,4,2,24.0,176.0,44.0
Yashvardhan Dalal,Sam Curran,10,14,0,1,1,0,10.0,140.0,14.0
Yashvardhan Dalal,Samant Jakhar,2,2,0,0,0,0,0.0,100.0,2.0
Yashvardhan Dalal,Sanvir Singh,2,2,0,0,0,0,0.0,100.0,2.0
Yashvardhan Dalal,Sayan Ghosh,5,6,0,0,0,0,0.0,120.0,6.0
Yashvardhan Dalal,Seekkuge Prasanna,12,16,0,2,2,0,16.67,133.33,16.0
Yashvardhan Dalal,Shahbaz Ahmed,32,43,2,5,3,0,15.62,134.38,21.5
Yashvardhan Dalal,Shardul Thakur,9,26,0,0,2,2,0.0,288.89,26.0
Yashvardhan Dalal,Shiran Fernando,48,78,3,13,3,6,27.08,162.5,26.0
Yashvardhan Dalal,Shivam Dube,14,16,1,3,1,0,21.43,114.29,16.0
Yashvardhan Dalal,Shivam Mavi,5,5,0,1,0,0,20.0,100.0,5.0
Yashvardhan Dalal,Shubham Agarwal,14,26,0,2,2,1,14.29,185.71,26.0
Yashvardhan Dalal,Sikandar Raza,9,18,0,1,1,1,11.11,200.0,18.0
Yashvardhan Dalal,Sunil Narine,46,86,1,8,7,4,17.39,186.96,86.0
Yashvardhan Dalal,Suyash Sharma,7,8,0,1,0,0,14.29,114.29,8.0
Yashvardhan Dalal,Tanay Thyagarajan,3,3,0,0,0,0,0.0,100.0,3.0
Yashvardhan Dalal,Tilak Varma,9,10,1,3,1,0,33.33,111.11,10.0
Yashvardhan Dalal,Vaisakh Chandran,12,7,0,6,0,0,50.0,58.33,7.0
Yashvardhan Dalal,Varun Chakravarthy,39,54,1,4,1,1,10.26,138.46,54.0
Yashvardhan Dalal,Vipraj Nigam,6,15,0,0,1,1,0.0,250.0,15.0
Yashvardhan Dalal,Vishen Halambage,41,42,2,10,0,0,24.39,102.44,21.0
Yashvardhan Dalal,Washington Sundar,24,43,0,6,1,4,25.0,179.17,43.0
Yashvardhan Dalal,Yash Thakur,14,25,0,5,2,2,35.71,178.57,25.0
Yashvardhan Dalal,Yuzvendra Chahal,16,26,2,3,0,2,18.75,162.5,13.0
Yuvraj Chaudhary,Adam Zampa,11,17,0,2,0,1,18.18,154.55,17.0
Yuvraj Chaudhary,Aiden Markram,1,1,0,0,0,0,0.0,100.0,1.0
Yuvraj Chaudhary,Akash Deep,3,1,0,2,0,0,66.67,33.33,1.0
Yuvraj Chaudhary,Akeal Hosein,8,6,0,3,0,0,37.5,75.0,6.0
Yuvraj Chaudhary,Anukul Roy,3,2,1,2,0,0,66.67,66.67,2.0
Yuvraj Chaudhary,Arpit Vasavada,8,17,0,0,0,1,0.0,212.5,17.0
Yuvraj Chaudhary,Arshdeep Singh,5,11,0,2,1,1,40.0,220.0,11.0
Yuvraj Chaudhary,Ashok Sharma,7,5,1,2,0,0,28.57,71.43,5.0
Yuvraj Chaudhary,Axar Patel,6,5,1,1,0,0,16.67,83.33,5.0
Yuvraj Chaudhary,Binura Fernando,1,0,1,1,0,0,100.0,0.0,0.0
Yuvraj Chaudhary,CV Stephen,3,2,1,2,0,0,66.67,66.67,2.0
Yuvraj Chaudhary,Cameron Green,3,3,1,1,0,0,33.33,100.0,3.0
Yuvraj Chaudhary,Dunith Wellalage,2,3,0,0,0,0,0.0,150.0,3.0
Yuvraj Chaudhary,Duvindu Tillakaratne,4,2,0,2,0,0,50.0,50.0,2.0
Yuvraj Chaudhary,Glenn Phillips,3,2,1,1,0,0,33.33,66.67,2.0
Yuvraj Chaudhary,Glenton Stuurman,5,4,0,2,0,0,40.0,80.0,4.0
Yuvraj Chaudhary,Gurinder Singh,1,0,1,1,0,0,100.0,0.0,0.0
Yuvraj Chaudhary,Hardik Pandya,4,11,0,0,2,0,0.0,275.0,11.0
Yuvraj Chaudhary,Harpreet Brar,4,3,1,1,0,0,25.0,75.0,3.0
Yuvraj Chaudhary,Ishant Sharma,7,6,1,2,0,0,28.57,85.71,6.0
Yuvraj Chaudhary,Isitha Wijesundara,7,17,0,0,1,1,0.0,242.86,17.0
Yuvraj Chaudhary,Jacques Snyman,6,15,0,0,3,0,0.0,250.0,15.0
Yuvraj Chaudhary,Joel Davies,15,24,0,2,0,2,13.33,160.0,24.0
Yuvraj Chaudhary,Karan Lal,18,21,0,3,1,0,16.67,116.67,21.0
Yuvraj Chaudhary,Kranthi Kumar,4,3,1,1,0,0,25.0,75.0,3.0
Yuvraj Chaudhary,Kuldeep Yadav,6,9,0,1,1,0,16.67,150.0,9.0
Yuvraj Chaudhary,Lone Nasir Muzaffar,1,1,0,0,0,0,0.0,100.0,1.0
Yuvraj Chaudhary,Luke Wood,6,8,0,0,0,0,0.0,133.33,8.0
Yuvraj Chaudhary,Maheesh Theekshana,4,5,0,1,0,0,25.0,125.0,5.0
Yuvraj Chaudhary,Manav Suthar,3,3,0,0,0,0,0.0,100.0,3.0
Yuvraj Chaudhary,Marcus Stoinis,5,20,0,0,1,2,0.0,400.0,20.0
Yuvraj Chaudhary,Matt Short,3,13,0,0,0,2,0.0,433.33,13.0
Yuvraj Chaudhary,Matthew Forde,15,17,2,2,0,0,13.33,113.33,8.5
Yuvraj Chaudhary,Mitchell Marsh,2,4,1,1,1,0,50.0,200.0,4.0
Yuvraj Chaudhary,Mitchell Starc,9,10,1,2,0,0,22.22,111.11,10.0
Yuvraj Chaudhary,Mohammed Shami,7,6,0,2,0,0,28.57,85.71,6.0
Yuvraj Chaudhary,Mohsin Khan,10,13,0,0,0,0,0.0,130.0,13.0
Yuvraj Chaudhary,Mukhtar Hussain,9,14,0,1,0,1,11.11,155.56,14.0
Yuvraj Chaudhary,Nathan Ellis,19,41,1,5,2,3,26.32,215.79,41.0
Yuvraj Chaudhary,Nimesh Vimukthi,4,5,1,1,0,0,25.0,125.0,5.0
Yuvraj Chaudhary,Nishant Sindhu,6,16,0,0,0,2,0.0,266.67,16.0
Yuvraj Chaudhary,Noor Ahmad,1,1,0,0,0,0,0.0,100.0,1.0
Yuvraj Chaudhary,Prashant Veer,2,0,0,2,0,0,100.0,0.0,0.0
Yuvraj Chaudhary,Praveen Jayawickrama,1,0,0,1,0,0,100.0,0.0,0.0
Yuvraj Chaudhary,Prince Yadav,7,17,0,0,2,0,0.0,242.86,17.0
Yuvraj Chaudhary,Rachin Ravindra,3,6,2,2,0,1,66.67,200.0,3.0
Yuvraj Chaudhary,Raj Angad Bawa,3,11,0,0,0,1,0.0,366.67,11.0
Yuvraj Chaudhary,Raj Limbani,5,16,0,0,2,1,0.0,320.0,16.0
Yuvraj Chaudhary,Ramandeep Singh,4,11,0,0,2,0,0.0,275.0,11.0
Yuvraj Chaudhary,Rashid Khan,12,13,1,6,1,0,50.0,108.33,13.0
Yuvraj Chaudhary,Ravi Teja,1,0,1,1,0,0,100.0,0.0,0.0
Yuvraj Chaudhary,Sahan Arachchige,14,30,1,3,3,2,21.43,214.29,30.0
Yuvraj Chaudhary,Scott Curie,1,0,1,1,0,0,100.0,0.0,0.0
Yuvraj Chaudhary,Shiran Fernando,5,5,0,2,0,0,40.0,100.0,5.0
Yuvraj Chaudhary,Shivam Dube,11,34,0,2,3,3,18.18,309.09,34.0
Yuvraj Chaudhary,Shubham Agarwal,2,1,1,1,0,0,50.0,50.0,1.0
Yuvraj Chaudhary,Sunil Narine,6,9,0,1,1,0,16.67,150.0,9.0
Yuvraj Chaudhary,Varun Chakravarthy,1,1,0,0,0,0,0.0,100.0,1.0
Yuvraj Chaudhary,Vidwath Kaverappa,11,22,0,2,2,1,18.18,200.0,22.0
Yuvraj Chaudhary,Wanindu Hasaranga,4,7,0,1,1,0,25.0,175.0,7.0
Yuvraj Chaudhary,Washington Sundar,13,15,0,2,1,0,15.38,115.38,15.0
Yuvraj Chaudhary,Will Jacks,9,13,0,1,1,0,11.11,144.44,13.0
Yuvraj Chaudhary,Yash Thakur,1,1,0,0,0,0,0.0,100.0,1.0
Yuzvendra Chahal,Anrich Nortje,1,0,1,1,0,0,100.0,0.0,0.0
Yuzvendra Chahal,Gurinder Singh,2,4,0,0,0,0,0.0,200.0,4.0
Yuzvendra Chahal,Jason Holder,1,0,1,1,0,0,100.0,0.0,0.0
Yuzvendra Chahal,Matt Henry,5,6,0,1,0,0,20.0,120.0,6.0
Yuzvendra Chahal,Prashant Veer,3,4,0,2,1,0,66.67,133.33,4.0
Yuzvendra Chahal,Shivam Dube,2,3,0,0,0,0,0.0,150.0,3.0
Yuzvendra Chahal,Vicky Ostwal,2,8,0,0,0,1,0.0,400.0,8.0
Yuzvendra Chahal,Vignesh Puthur,4,10,1,1,1,0,25.0,250.0,10.0
Zeeshan Ansari,Anrich Nortje,2,3,0,0,0,0,0.0,150.0,3.0
Zeeshan Ansari,Avinov Choudhary,2,3,0,1,0,0,50.0,150.0,3.0
Zeeshan Ansari,Jaydev Unadkat,3,4,1,2,1,0,66.67,133.33,4.0
Zeeshan Ansari,Kranthi Kumar,1,1,0,0,0,0,0.0,100.0,1.0
Zeeshan Ansari,Will Jacks,2,0,1,2,0,0,100.0,0.0,0.0
Aneurin Donald,Duan Jansen,13,42,0,0,4,3,0.0,323.08,42.0
Brian Bennett,Duan Jansen,10,11,0,4,1,0,40.0,110.0,11.0
Aneurin Donald,Ravi Teja,2,1,1,1,0,0,50.0,50.0,1.0
Aneurin Donald,Vasuki Koushik,10,14,0,0,1,0,0.0,140.0,14.0
Brian Bennett,Vasuki Koushik,6,2,1,4,0,0,66.67,33.33,2.0
Brian Bennett,Ravi Teja,1,0,1,1,0,0,100.0,0.0,0.0
Kangabam Priyojit Singh,Ravi Teja,8,18,0,1,0,2,12.5,225.0,18.0
Rajat Patidar,Ravi Teja,7,9,0,3,0,1,42.86,128.57,9.0
Rajat Patidar,Malinda Pushpakumara,10,17,0,4,2,1,40.0,170.0,17.0
Kangabam Priyojit Singh,Vasuki Koushik,6,10,0,1,0,1,16.67,166.67,10.0
Kangabam Priyojit Singh,Pat Cummins,3,7,0,1,0,1,33.33,233.33,7.0
Kangabam Priyojit Singh,Duan Jansen,1,1,0,0,0,0,0.0,100.0,1.0
Rajat Patidar,Liam Livingstone,7,13,1,3,1,1,42.86,185.71,13.0
Rajat Patidar,Sunil Narine,3,9,0,0,0,1,0.0,300.0,9.0
Kangabam Priyojit Singh,Charith Asalanka,4,10,0,0,2,0,0.0,250.0,10.0
Aneurin Donald,Charith Asalanka,8,24,0,0,2,1,0.0,300.0,24.0
Hardik Pandya,Liam Livingstone,7,6,0,4,0,0,57.14,85.71,6.0
Aneurin Donald,Dasun Shanaka,11,19,0,1,2,0,9.09,172.73,19.0
Kangabam Priyojit Singh,Dasun Shanaka,10,13,0,1,1,0,10.0,130.0,13.0
Vishen Halambage,Vasuki Koushik,2,5,0,0,1,0,0.0,250.0,5.0
Bhanu Pania,Tripuresh Singh,4,1,1,3,0,0,75.0,25.0,1.0
Charith Asalanka,Tripuresh Singh,2,1,0,1,0,0,50.0,50.0,1.0
Jitesh Sharma,Mitchell Santner,9,17,0,2,0,2,22.22,188.89,17.0
Kangabam Priyojit Singh,Mitchell Santner,9,11,1,3,1,0,33.33,122.22,11.0
Harpreet Brar,Mitchell Santner,4,4,0,1,0,0,25.0,100.0,4.0
Charith Asalanka,Harpreet Brar,3,5,1,1,1,0,33.33,166.67,5.0
Jitesh Sharma,Sunil Narine,2,1,0,1,0,0,50.0,50.0,1.0
Sahan Arachchige,Tripuresh Singh,4,4,1,1,0,0,25.0,100.0,4.0
Dega Nischal,Tripuresh Singh,2,0,1,2,0,0,100.0,0.0,0.0
Jitesh Sharma,Yashvardhan Dalal,1,1,0,0,0,0,0.0,100.0,1.0
Dasun Shanaka,Tripuresh Singh,10,23,1,1,0,2,10.0,230.0,23.0
Harpreet Brar,Yashvardhan Dalal,3,2,1,2,0,0,66.67,66.67,2.0
Ravi Singh,Harpreet Brar,4,7,1,2,0,1,50.0,175.0,7.0
Arshdeep Singh,Yashvardhan Dalal,1,0,1,1,0,0,100.0,0.0,0.0
Tripuresh Singh,Yashvardhan Dalal,1,6,0,0,0,1,0.0,600.0,6.0
Steve Smith,Arshdeep Singh,2,1,1,1,0,0,50.0,50.0,1.0
Ravi Singh,Arshdeep Singh,3,11,0,0,1,1,0.0,366.67,11.0
Tripuresh Singh,Mitchell Santner,4,8,0,1,0,1,25.0,200.0,8.0
Duan Jansen,Arshdeep Singh,1,0,0,1,0,0,100.0,0.0,0.0
Tripuresh Singh,Ravi Teja,4,3,2,2,0,0,50.0,75.0,1.5
Ravi Singh,Tripuresh Singh,8,14,1,3,1,1,37.5,175.0,14.0
Jitesh Sharma,Ravi Teja,2,1,0,1,0,0,50.0,50.0,1.0
Duan Jansen,Tripuresh Singh,1,0,1,1,0,0,100.0,0.0,0.0
Pat Cummins,Tripuresh Singh,1,0,1,1,0,0,100.0,0.0,0.0
Vasuki Koushik,Tripuresh Singh,1,0,1,1,0,0,100.0,0.0,0.0
Jos Buttler,Arshdeep Singh,2,2,0,0,0,0,0.0,100.0,2.0
Jos Buttler,Tripuresh Singh,14,9,3,10,1,0,71.43,64.29,3.0
Salil Arora,Tripuresh Singh,6,4,2,3,0,0,50.0,66.67,2.0
Liam Livingstone,Tripuresh Singh,10,2,1,8,0,0,80.0,20.0,2.0
Kunal Chandela,Tripuresh Singh,9,13,0,3,0,1,33.33,144.44,13.0
Kunal Chandela,Harpreet Brar,5,4,0,1,0,0,20.0,80.0,4.0
Yashvardhan Dalal,Harpreet Brar,10,13,0,3,1,0,30.0,130.0,13.0
Yashvardhan Dalal,Tripuresh Singh,18,34,1,4,3,2,22.22,188.89,34.0
Venkatesh Iyer,Ravi Teja,1,1,0,0,0,0,0.0,100.0,1.0
Luhan dre pretorious,Ravi Teja,1,2,0,0,0,0,0.0,200.0,2.0
Mitchell Santner,Arshdeep Singh,3,2,0,1,0,0,33.33,66.67,2.0
Mitchell Santner,Harpreet Brar,3,2,0,1,0,0,33.33,66.67,2.0
Mitchell Santner,Vishen Halambage,8,4,2,7,1,0,87.5,50.0,2.0
Bhanu Pania,Ravi Teja,12,14,1,8,0,2,66.67,116.67,14.0
Charith Asalanka,Ravi Teja,7,3,1,4,0,0,57.14,42.86,3.0
Charith Asalanka,Malinda Pushpakumara,7,5,0,2,0,0,28.57,71.43,5.0
Dega Nischal,Malinda Pushpakumara,6,3,1,3,0,0,50.0,50.0,3.0
Dega Nischal,Ravi Teja,2,2,0,0,0,0,0.0,100.0,2.0
Yash Dhull,Prince Yadav,7,8,0,0,0,0,0.0,114.29,8.0
Manish Pandey,Prince Yadav,5,7,0,0,0,0,0.0,140.0,7.0
Yash Dhull,Rashid Khan,2,2,0,0,0,0,0.0,100.0,2.0
Yash Dhull,Sam Curran,6,9,0,1,0,0,16.67,150.0,9.0
Manish Pandey,Sam Curran,6,14,0,2,3,0,33.33,233.33,14.0
Manish Pandey,Shivam Dube,1,1,0,0,0,0,0.0,100.0,1.0
Yash Dhull,Shivam Dube,5,9,0,2,2,0,40.0,180.0,9.0
Sahan Arachchige,Ravi Teja,2,0,1,2,0,0,100.0,0.0,0.0
Yash Dhull,Calvin Harrison,1,0,1,1,0,0,100.0,0.0,0.0
Riyan Parag,Calvin Harrison,5,5,0,0,0,0,0.0,100.0,5.0
Manish Pandey,Calvin Harrison,1,0,1,1,0,0,100.0,0.0,0.0
Ashton Turner,Calvin Harrison,9,13,0,0,0,0,0.0,144.44,13.0
Dasun Shanaka,Ravi Teja,4,8,0,1,0,1,25.0,200.0,8.0
Dasun Shanaka,Malinda Pushpakumara,5,13,0,1,0,1,20.0,260.0,13.0
Ravi Singh,Malinda Pushpakumara,1,1,0,0,0,0,0.0,100.0,1.0
Riyan Parag,Saransh Jain,4,5,0,0,0,0,0.0,125.0,5.0
Ashton Turner,Saransh Jain,8,12,1,1,1,0,12.5,150.0,12.0
Dasun Shanaka,Sunil Narine,5,10,0,1,0,1,20.0,200.0,10.0
Ravi Singh,Sunil Narine,1,1,0,0,0,0,0.0,100.0,1.0
Dasun Shanaka,Mitchell Santner,4,6,1,3,0,1,75.0,150.0,6.0
Duan Jansen,Mitchell Santner,5,5,1,3,1,0,60.0,100.0,5.0
Ravi Singh,Liam Livingstone,2,0,1,2,0,0,100.0,0.0,0.0
Pat Cummins,Liam Livingstone,1,1,0,0,0,0,0.0,100.0,1.0
Duan Jansen,Liam Livingstone,3,2,0,2,0,0,66.67,66.67,2.0
Pat Cummins,Mitchell Santner,3,2,0,1,0,0,33.33,66.67,2.0
Ashton Turner,Rashid Khan,6,9,0,0,0,0,0.0,150.0,9.0
Vaibhav Suryavanshi,Duan Jansen,10,20,1,2,2,1,20.0,200.0,20.0
Sai Sudharsan,Duan Jansen,4,8,0,1,0,1,25.0,200.0,8.0
Jos Buttler,Vaisakh Chandran,2,2,1,1,0,0,50.0,100.0,2.0
Yashvardhan Dalal,Duan Jansen,3,3,0,0,0,0,0.0,100.0,3.0
Yuvraj Chaudhary,Calvin Harrison,2,2,0,0,0,0,0.0,100.0,2.0
Yuvraj Chaudhary,Saransh Jain,4,6,0,0,0,0,0.0,150.0,6.0
Salil Arora,Duan Jansen,1,2,0,0,0,0,0.0,200.0,2.0
Yashvardhan Dalal,Vasuki Koushik,3,2,0,1,0,0,33.33,66.67,2.0
Liam Livingstone,Vasuki Koushik,3,5,0,1,1,0,33.33,166.67,5.0
Mridul Surroch,Saransh Jain,4,6,0,0,0,0,0.0,150.0,6.0
Akash Vasisht,Saransh Jain,2,3,0,0,0,0,0.0,150.0,3.0
Craig Overton,Saransh Jain,2,1,0,1,0,0,50.0,50.0,1.0
Craig Overton,Prince Yadav,3,1,1,2,0,0,66.67,33.33,1.0
Akash Vasisht,Prince Yadav,8,22,0,1,3,1,12.5,275.0,22.0
Craig Overton,Calvin Harrison,3,3,0,0,0,0,0.0,100.0,3.0
Akash Vasisht,Calvin Harrison,3,6,0,0,1,0,0.0,200.0,6.0
Craig Overton,Sam Curran,5,5,0,2,0,0,40.0,100.0,5.0
Akash Vasisht,Sam Curran,1,1,0,0,0,0,0.0,100.0,1.0
Sonal Dinusha,Prince Yadav,1,0,0,1,0,0,100.0,0.0,0.0
Kusal Mendis,Akash Vasisht,2,1,0,1,0,0,50.0,50.0,1.0
Kusal Mendis,Riyan Parag,3,8,1,1,0,1,33.33,266.67,8.0
Tilak Varma,Mayank Yadav,2,2,0,0,0,0,0.0,100.0,2.0
KL Rahul,Mayank Yadav,4,11,0,0,0,1,0.0,275.0,11.0
Tilak Varma,Yash Dhull,7,7,1,1,0,0,14.29,100.0,7.0
KL Rahul,Yash Dhull,5,3,1,2,0,0,40.0,60.0,3.0
Harry Brook,Yash Dhull,8,19,0,0,2,1,0.0,237.5,19.0
Harry Brook,Yuvraj Chaudhary,4,5,0,0,0,0,0.0,125.0,5.0
Tilak Varma,Yuvraj Chaudhary,2,2,0,0,0,0,0.0,100.0,2.0
Harry Brook,Manish Pandey,11,25,0,2,0,3,18.18,227.27,25.0
Tilak Varma,Manish Pandey,4,5,0,0,0,0,0.0,125.0,5.0
Virat Singh,Yash Dhull,4,3,0,2,0,0,50.0,75.0,3.0
Virat Singh,Manish Pandey,3,5,0,0,0,0,0.0,166.67,5.0
Virat Singh,Mayank Yadav,7,11,0,0,1,0,0.0,157.14,11.0
Harry Brook,Mayank Yadav,5,7,0,0,0,0,0.0,140.0,7.0
Virat Singh,Craig Overton,1,6,0,0,0,1,0.0,600.0,6.0
Yash Dhull,Duan Jansen,5,5,0,0,0,0,0.0,100.0,5.0
Manish Pandey,Duan Jansen,7,8,0,1,0,0,14.29,114.29,8.0
Yash Dhull,Vasuki Koushik,10,6,0,6,0,0,60.0,60.0,6.0
Manish Pandey,Vasuki Koushik,1,1,0,0,0,0,0.0,100.0,1.0
Manish Pandey,Dasun Shanaka,4,6,0,0,0,0,0.0,150.0,6.0
Yash Dhull,Dasun Shanaka,10,10,0,4,0,0,40.0,100.0,10.0
Yash Dhull,Vaisakh Chandran,9,7,0,2,0,0,22.22,77.78,7.0
Manish Pandey,Vaisakh Chandran,1,0,1,1,0,0,100.0,0.0,0.0
Riyan Parag,Vaisakh Chandran,3,4,0,1,0,0,33.33,133.33,4.0
Riyan Parag,Dasun Shanaka,2,1,1,1,0,0,50.0,50.0,1.0
Yuvraj Chaudhary,Dasun Shanaka,1,2,0,0,0,0,0.0,200.0,2.0
Yash Dhull,Charith Asalanka,3,7,0,2,0,1,66.67,233.33,7.0
Yuvraj Chaudhary,Charith Asalanka,3,10,0,1,1,1,33.33,333.33,10.0
Yash Dhull,Sahan Arachchige,9,5,1,4,0,0,44.44,55.56,5.0
Yuvraj Chaudhary,Vaisakh Chandran,6,20,0,0,2,1,0.0,333.33,20.0
Mridul Surroch,Vasuki Koushik,1,1,0,0,0,0,0.0,100.0,1.0
Mridul Surroch,Vaisakh Chandran,2,2,0,0,0,0,0.0,100.0,2.0
Ashton Turner,Sahan Arachchige,3,3,1,1,0,0,33.33,100.0,3.0
Sonal Dinusha,Dasun Shanaka,1,1,0,0,0,0,0.0,100.0,1.0
Sonal Dinusha,Vaisakh Chandran,3,4,0,0,0,0,0.0,133.33,4.0
Craig Overton,Sahan Arachchige,3,3,0,0,0,0,0.0,100.0,3.0
Sonal Dinusha,Sahan Arachchige,2,2,0,0,0,0,0.0,100.0,2.0
Craig Overton,Duan Jansen,7,7,0,2,0,0,28.57,100.0,7.0
Sonal Dinusha,Duan Jansen,2,4,1,1,1,0,50.0,200.0,4.0
Akash Vasisht,Duan Jansen,1,0,1,1,0,0,100.0,0.0,0.0
Craig Overton,Pat Cummins,3,6,0,0,1,0,0.0,200.0,6.0
Lungi Ngidi,Vasuki Koushik,3,4,0,0,0,0,0.0,133.33,4.0
Craig Overton,Vasuki Koushik,3,2,0,1,0,0,33.33,66.67,2.0
Lungi Ngidi,Duan Jansen,2,2,0,0,0,0,0.0,100.0,2.0
Steve Smith,Yuvraj Chaudhary,3,3,0,0,0,0,0.0,100.0,3.0
Duan Jansen,Yuvraj Chaudhary,3,3,0,1,0,0,33.33,100.0,3.0
Duan Jansen,Akash Vasisht,3,2,1,1,0,0,33.33,66.67,2.0
Steve Smith,Mayank Yadav,6,6,0,1,0,0,16.67,100.0,6.0
Dega Nischal,Mayank Yadav,6,13,0,1,1,1,16.67,216.67,13.0
Dega Nischal,Akash Vasisht,3,3,0,0,0,0,0.0,100.0,3.0
Steve Smith,Lungi Ngidi,7,12,0,3,1,1,42.86,171.43,12.0
Dega Nischal,Lungi Ngidi,2,0,1,2,0,0,100.0,0.0,0.0
Steve Smith,Sonal Dinusha,7,17,1,1,2,1,14.29,242.86,17.0
Bhanu Pania,Sonal Dinusha,2,2,0,0,0,0,0.0,100.0,2.0
Bhanu Pania,Craig Overton,3,5,0,1,1,0,33.33,166.67,5.0
Steve Smith,Craig Overton,3,6,0,0,1,0,0.0,200.0,6.0
Steve Smith,Mridul Surroch,4,13,0,0,3,0,0.0,325.0,13.0
Sahan Arachchige,Sonal Dinusha,3,4,0,0,0,0,0.0,133.33,4.0
Sahan Arachchige,Akash Vasisht,3,3,0,0,0,0,0.0,100.0,3.0
Charith Asalanka,Akash Vasisht,3,2,0,1,0,0,33.33,66.67,2.0
Charith Asalanka,Mridul Surroch,6,16,1,1,0,2,16.67,266.67,16.0
Charith Asalanka,Sonal Dinusha,6,16,0,2,2,1,33.33,266.67,16.0
Sahan Arachchige,Yuvraj Chaudhary,7,10,0,1,1,0,14.29,142.86,10.0
Charith Asalanka,Yuvraj Chaudhary,2,4,0,0,0,0,0.0,200.0,4.0
Dasun Shanaka,Yuvraj Chaudhary,1,1,0,0,0,0,0.0,100.0,1.0
Luhan dre pretorious,Will Jacks,6,9,0,0,0,0,0.0,150.0,9.0
Luhan dre pretorious,Shubham Agarwal,1,0,1,1,0,0,100.0,0.0,0.0
Shubham Dubey,Will Jacks,6,7,0,1,0,0,16.67,116.67,7.0
Shubham Dubey,Washington Sundar,10,10,0,2,0,0,20.0,100.0,10.0
Shubham Dubey,Bhuvneshwar Kumar,4,2,0,2,0,0,50.0,50.0,2.0
Sanvir Singh,Shubham Agarwal,3,3,0,0,0,0,0.0,100.0,3.0
Arpit Vasavada,Will Jacks,3,2,1,1,0,0,33.33,66.67,2.0
Prabhsimran Singh,Ashish Singh,8,16,0,1,1,0,12.5,200.0,16.0
Prabhsimran Singh,Arpit Vasavada,10,15,0,2,0,1,20.0,150.0,15.0
Devdutt Padikkal,Arpit Vasavada,6,13,0,0,0,1,0.0,216.67,13.0
Prabhsimran Singh,Dushan Hemantha,7,8,0,0,0,0,0.0,114.29,8.0
Prabhsimran Singh,Lasith Embuldeniya,1,0,1,1,0,0,100.0,0.0,0.0
Devdutt Padikkal,Lasith Embuldeniya,4,1,1,3,0,0,75.0,25.0,1.0
Washington Sundar,Lasith Embuldeniya,2,3,0,0,0,0,0.0,150.0,3.0
Shubham Agarwal,Lasith Embuldeniya,2,0,1,2,0,0,100.0,0.0,0.0
Will Jacks,Sanvir Singh,1,1,0,0,0,0,0.0,100.0,1.0
Matt Short,Dasun Shanaka,3,2,0,1,0,0,33.33,66.67,2.0
Venkatesh Iyer,Josh Tongue,17,23,0,4,3,0,23.53,135.29,23.0
Matt Short,Josh Tongue,2,2,1,1,0,0,50.0,100.0,2.0
Mitchell Marsh,Josh Tongue,7,9,0,0,0,0,0.0,128.57,9.0
Venkatesh Iyer,Chamika Gunasekara,14,17,0,0,0,0,0.0,121.43,17.0
Mitchell Marsh,Chamika Gunasekara,6,6,2,2,0,0,33.33,100.0,3.0
Shubham Dubey,Sahan Arachchige,9,8,1,5,1,0,55.56,88.89,8.0
Rinku Singh,Varun Chakravarthy,16,16,0,5,1,0,31.25,100.0,16.0
Shubham Dubey,Varun Chakravarthy,5,4,0,1,0,0,20.0,80.0,4.0
Rinku Singh,Sahan Arachchige,13,14,1,2,0,0,15.38,107.69,14.0
Rinku Singh,Chamika Gunasekara,17,23,0,3,0,1,17.65,135.29,23.0
Shubham Dubey,Chamika Gunasekara,3,5,0,1,1,0,33.33,166.67,5.0
Rinku Singh,Kuldeep Yadav,8,9,0,0,0,0,0.0,112.5,9.0
Rinku Singh,Josh Tongue,9,18,1,4,1,2,44.44,200.0,18.0
Shubham Dubey,Josh Tongue,1,1,0,0,0,0,0.0,100.0,1.0
Akeal Hosein,Chamika Gunasekara,2,2,0,0,0,0,0.0,100.0,2.0
Akeal Hosein,Josh Tongue,1,0,1,1,0,0,100.0,0.0,0.0
Dushan Hemantha,Josh Tongue,2,1,1,1,0,0,50.0,50.0,1.0
Lasith Embuldeniya,Josh Tongue,2,2,0,0,0,0,0.0,100.0,2.0
Lasith Embuldeniya,Chamika Gunasekara,3,4,0,0,0,0,0.0,133.33,4.0
Yashasvi Jaiswal,Binura Fernando,17,18,1,4,0,0,23.53,105.88,18.0
Ryan Rickelton,Binura Fernando,5,8,0,1,1,0,20.0,160.0,8.0
Abhimanyu Easwaran,Binura Fernando,11,15,0,2,0,1,18.18,136.36,15.0
Suryakumar Yadav,Dushan Hemantha,13,26,0,1,1,2,7.69,200.0,26.0
Suryakumar Yadav,Lasith Embuldeniya,29,49,1,6,1,4,20.69,168.97,49.0
Suryakumar Yadav,Akeal Hosein,24,42,0,2,3,2,8.33,175.0,42.0
Suryakumar Yadav,Matt Short,4,7,0,0,0,0,0.0,175.0,7.0
Dasun Shanaka,Akeal Hosein,2,3,0,0,0,0,0.0,150.0,3.0
Shubman Gill,Chamika Gunasekara,3,5,0,0,0,0,0.0,166.67,5.0
Joel Davies,Chamika Gunasekara,5,6,1,1,0,0,20.0,120.0,6.0
Joel Davies,Dasun Shanaka,17,21,0,1,0,0,5.88,123.53,21.0
Shubman Gill,Dasun Shanaka,21,29,0,0,0,0,0.0,138.1,29.0
Joel Davies,Josh Tongue,12,16,0,0,0,0,0.0,133.33,16.0
Shubman Gill,Josh Tongue,12,16,0,0,0,0,0.0,133.33,16.0
Ruchit Ahir,Chamika Gunasekara,7,12,0,0,1,0,0.0,171.43,12.0
Sarfaraz Khan,Chamika Gunasekara,1,2,0,0,0,0,0.0,200.0,2.0
Sarfaraz Khan,Josh Tongue,4,11,1,1,1,1,25.0,275.0,11.0
Heinrich Klaasen,Josh Tongue,2,2,0,0,0,0,0.0,100.0,2.0
Ruchit Ahir,Josh Tongue,10,22,0,0,2,1,0.0,220.0,22.0
Ishan Kishan,Chamika Gunasekara,4,11,0,1,1,1,25.0,275.0,11.0
Ishan Kishan,Josh Tongue,1,0,1,1,0,0,100.0,0.0,0.0
Matthew Forde,Josh Tongue,1,1,0,0,0,0,0.0,100.0,1.0
Matthew Forde,Chamika Gunasekara,1,0,1,1,0,0,100.0,0.0,0.0
Marcus Stoinis,Chamika Gunasekara,2,4,1,1,1,0,50.0,200.0,4.0
Mohsin Khan,Chamika Gunasekara,1,1,0,0,0,0,0.0,100.0,1.0
Yashasvi Jaiswal,Vidwath Kaverappa,8,18,0,0,1,1,0.0,225.0,18.0
Ryan Rickelton,Vidwath Kaverappa,7,14,0,1,1,1,14.29,200.0,14.0
Yashasvi Jaiswal,Matthew Forde,23,30,1,4,1,1,17.39,130.43,30.0
Ryan Rickelton,Matthew Forde,7,5,0,2,0,0,28.57,71.43,5.0
Yashasvi Jaiswal,Marcus Stoinis,5,12,0,0,2,0,0.0,240.0,12.0
Abhimanyu Easwaran,Marcus Stoinis,6,7,0,1,0,0,16.67,116.67,7.0
Abhimanyu Easwaran,Nimesh Vimukthi,5,4,0,1,0,0,20.0,80.0,4.0
Yashasvi Jaiswal,Nimesh Vimukthi,13,12,0,6,0,1,46.15,92.31,12.0
Abhimanyu Easwaran,Matthew Forde,14,28,0,0,2,1,0.0,200.0,28.0
Abhimanyu Easwaran,Joel Davies,11,14,2,3,0,1,27.27,127.27,7.0
Sahan Arachchige,Nimesh Vimukthi,4,7,0,0,1,0,0.0,175.0,7.0
Suryakumar Yadav,Joel Davies,15,22,1,5,0,2,33.33,146.67,22.0
Suryakumar Yadav,Nimesh Vimukthi,2,3,0,0,0,0,0.0,150.0,3.0
Dasun Shanaka,Joel Davies,5,4,0,2,0,0,40.0,80.0,4.0
Dasun Shanaka,Vidwath Kaverappa,3,3,0,0,0,0,0.0,100.0,3.0
Dasun Shanaka,Mohsin Khan,5,5,0,1,0,0,20.0,100.0,5.0
Dasun Shanaka,Matthew Forde,4,15,0,0,0,2,0.0,375.0,15.0
Brian Bennett,Bhuvneshwar Kumar,26,27,0,5,0,0,19.23,103.85,27.0
Brian Bennett,Scott Curie,10,10,1,1,0,0,10.0,100.0,10.0
Bipin Saurabh,Scott Curie,18,11,2,8,0,0,44.44,61.11,5.5
Rajat Patidar,Bhuvneshwar Kumar,10,13,2,3,0,1,30.0,130.0,6.5
Harpreet Brar,Shubham Agarwal,2,6,1,1,0,1,50.0,300.0,6.0
Arshdeep Singh,Shubham Agarwal,1,0,1,1,0,0,100.0,0.0,0.0
Tripuresh Singh,Shubham Agarwal,1,0,1,1,0,0,100.0,0.0,0.0
Prabhsimran Singh,Harpreet Brar,14,23,2,2,3,0,14.29,164.29,11.5
Bhuvneshwar Kumar,Tripuresh Singh,2,1,1,1,0,0,50.0,50.0,1.0
Scott Curie,Arshdeep Singh,1,0,1,1,0,0,100.0,0.0,0.0
Scott Curie,Hardik Pandya,6,2,3,5,0,0,83.33,33.33,0.67
Jos Buttler,Prince Yadav,6,8,1,1,0,0,16.67,133.33,8.0
Jos Buttler,Sam Curran,7,6,0,2,0,0,28.57,85.71,6.0
Yashvardhan Dalal,Calvin Harrison,5,7,0,2,1,0,40.0,140.0,7.0
Vaibhav Suryavanshi,Calvin Harrison,4,9,1,1,0,1,25.0,225.0,9.0
Vaibhav Suryavanshi,Saransh Jain,2,3,0,0,0,0,0.0,150.0,3.0
Kunal Chandela,Saransh Jain,7,14,1,2,1,1,28.57,200.0,14.0
Kunal Chandela,Calvin Harrison,3,5,0,1,1,0,33.33,166.67,5.0
Salil Arora,Saransh Jain,7,11,0,1,1,0,14.29,157.14,11.0
Liam Livingstone,Saransh Jain,10,9,1,5,1,0,50.0,90.0,9.0
Salil Arora,Calvin Harrison,3,6,0,0,1,0,0.0,200.0,6.0
Liam Livingstone,Calvin Harrison,13,22,0,4,2,1,30.77,169.23,22.0
Prabhsimran Singh,Ashok Sharma,19,31,0,1,3,0,5.26,163.16,31.0
Salil Arora,Rashid Khan,5,6,1,2,1,0,40.0,120.0,6.0
Sunil Narine,Rashid Khan,1,0,1,1,0,0,100.0,0.0,0.0
Mitchell Santner,Rashid Khan,5,6,0,1,0,0,20.0,120.0,6.0
Prabhsimran Singh,Sonny Baker,21,40,0,2,4,1,9.52,190.48,40.0
Mitchell Santner,Saransh Jain,1,1,0,0,0,0,0.0,100.0,1.0
Prabhsimran Singh,Kranthi Kumar,14,15,1,4,0,1,28.57,107.14,15.0
Mitchell Santner,Shivam Dube,4,12,0,0,1,1,0.0,300.0,12.0
Malinda Pushpakumara,Shivam Dube,1,1,0,0,0,0,0.0,100.0,1.0
Mitchell Santner,Calvin Harrison,5,9,0,1,1,0,20.0,180.0,9.0
Malinda Pushpakumara,Calvin Harrison,1,1,0,0,0,0,0.0,100.0,1.0
Mitchell Santner,Prince Yadav,3,0,1,3,0,0,100.0,0.0,0.0
Ravi Teja,Prince Yadav,1,1,0,0,0,0,0.0,100.0,1.0
Prabhsimran Singh,Corbin Bosch,14,36,0,1,2,3,7.14,257.14,36.0
Kusal Mendis,Sunil Narine,5,7,0,0,0,0,0.0,140.0,7.0
Prabhsimran Singh,Ravi Bishnoi,10,18,0,2,1,1,20.0,180.0,18.0
Kusal Mendis,Mitchell Santner,22,35,0,4,2,1,18.18,159.09,35.0
KL Rahul,Mitchell Santner,4,4,0,1,0,0,25.0,100.0,4.0
Kusal Mendis,Liam Livingstone,14,14,1,2,0,0,14.29,100.0,14.0
Kusal Mendis,Ravi Teja,9,14,0,1,0,1,11.11,155.56,14.0
KL Rahul,Ravi Teja,6,8,0,3,0,1,50.0,133.33,8.0
Kusal Mendis,Malinda Pushpakumara,7,9,0,3,0,1,42.86,128.57,9.0
Harry Brook,Ravi Teja,6,11,0,1,0,1,16.67,183.33,11.0
Finn Allen,Bhuvneshwar Kumar,5,21,0,0,0,3,0.0,420.0,21.0
Finn Allen,Scott Curie,4,10,1,2,1,1,50.0,250.0,10.0
Harry Brook,Mitchell Santner,5,4,0,2,0,0,40.0,80.0,4.0
Rahul Tripathi,Shubham Agarwal,9,12,0,2,1,0,22.22,133.33,12.0
Rahul Tripathi,Scott Curie,14,22,0,2,1,1,14.29,157.14,22.0
Tilak Varma,Mitchell Santner,7,6,1,2,0,0,28.57,85.71,6.0
Tilak Varma,Ravi Teja,3,5,0,1,1,0,33.33,166.67,5.0
Kamil Mishara,Nathan Ellis,3,6,0,0,1,0,0.0,200.0,6.0
Lahiru Udara,Nathan Ellis,5,9,1,1,0,1,20.0,180.0,9.0
Kamil Mishara,Tripuresh Singh,6,10,1,2,1,0,33.33,166.67,10.0
Kranthi Kumar,Scott Curie,2,7,0,0,0,1,0.0,350.0,7.0
Jos Buttler,Nathan Ellis,2,2,0,0,0,0,0.0,100.0,2.0
Rajat Patidar,Nathan Ellis,9,9,0,0,0,0,0.0,100.0,9.0
Brian Bennett,Lance Morris,17,22,0,1,2,0,5.88,129.41,22.0
Rajat Patidar,Lance Morris,9,12,0,0,0,0,0.0,133.33,12.0
Brian Bennett,Tripuresh Singh,19,22,0,5,0,0,26.32,115.79,22.0
Rajat Patidar,Tripuresh Singh,9,13,1,1,0,1,11.11,144.44,13.0
Rajat Patidar,Dan Lawrence,6,11,0,1,0,1,16.67,183.33,11.0
Brian Bennett,Dan Lawrence,7,19,0,1,1,2,14.29,271.43,19.0
Rajat Patidar,Ravindra Jadeja,11,13,0,0,0,0,0.0,118.18,13.0
Brian Bennett,Ravindra Jadeja,5,5,0,0,0,0,0.0,100.0,5.0
Rajat Patidar,Vishen Halambage,14,20,0,1,0,0,7.14,142.86,20.0
Rajat Patidar,Hardik Pandya,20,18,1,5,0,0,25.0,90.0,18.0
Brian Bennett,Hardik Pandya,15,26,1,4,4,0,26.67,173.33,26.0
Bipin Saurabh,Tripuresh Singh,3,3,0,0,0,0,0.0,100.0,3.0
Rajat Patidar,Arshdeep Singh,9,10,0,1,0,0,11.11,111.11,10.0
Bipin Saurabh,Arshdeep Singh,15,35,0,1,3,2,6.67,233.33,35.0
Bipin Saurabh,Ravindra Jadeja,7,12,1,2,2,0,28.57,171.43,12.0
Bipin Saurabh,Harpreet Brar,9,11,1,3,1,0,33.33,122.22,11.0
Rajat Patidar,Harpreet Brar,11,14,0,0,0,0,0.0,127.27,14.0
Bipin Saurabh,Hardik Pandya,9,8,0,4,1,0,44.44,88.89,8.0
Bipin Saurabh,Vishen Halambage,5,2,0,3,0,0,60.0,40.0,2.0
Aneurin Donald,Harpreet Brar,6,18,0,0,0,2,0.0,300.0,18.0
Aneurin Donald,Tripuresh Singh,4,3,1,1,0,0,25.0,75.0,3.0
Vishen Halambage,Tripuresh Singh,7,15,1,2,0,2,28.57,214.29,15.0
Sonu Yadav,Tripuresh Singh,1,4,0,0,1,0,0.0,400.0,4.0
Sonu Yadav,Vishen Halambage,2,2,0,0,0,0,0.0,100.0,2.0
Sonu Yadav,Ravindra Jadeja,3,3,1,1,0,0,33.33,100.0,3.0
Ravindra Jadeja,Ravindra Jadeja,1,1,0,0,0,0,0.0,100.0,1.0
Ravindra Jadeja,Tripuresh Singh,7,10,0,1,1,0,14.29,142.86,10.0
Ryan Rickelton,Calvin Harrison,9,16,1,2,1,1,22.22,177.78,16.0
Yashasvi Jaiswal,Calvin Harrison,4,9,0,0,1,0,0.0,225.0,9.0
Ryan Rickelton,Saransh Jain,4,12,0,0,1,1,0.0,300.0,12.0
Yashasvi Jaiswal,Saransh Jain,2,1,0,1,0,0,50.0,50.0,1.0
Abhimanyu Easwaran,Shivam Dube,11,27,0,0,1,2,0.0,245.45,27.0
Abhimanyu Easwaran,Rashid Khan,19,30,0,3,0,2,15.79,157.89,30.0
Abhimanyu Easwaran,Calvin Harrison,16,28,1,5,2,1,31.25,175.0,28.0
Suryakumar Yadav,Calvin Harrison,5,5,1,2,0,0,40.0,100.0,5.0
Suryakumar Yadav,Shivam Dube,3,6,0,1,1,0,33.33,200.0,6.0
Sahan Arachchige,Calvin Harrison,6,11,0,0,1,0,0.0,183.33,11.0
Dasun Shanaka,Calvin Harrison,2,3,0,0,0,0,0.0,150.0,3.0
Dasun Shanaka,Sam Curran,6,14,1,2,1,1,33.33,233.33,14.0
Dasun Shanaka,Rashid Khan,6,10,0,1,0,1,16.67,166.67,10.0
Josh Tongue,Sam Curran,3,7,0,1,0,1,33.33,233.33,7.0
Josh Tongue,Prince Yadav,4,1,0,3,0,0,75.0,25.0,1.0
Dhruv Jurel,Prince Yadav,2,2,0,0,0,0,0.0,100.0,2.0
KL Rahul,Dasun Shanaka,9,23,0,0,2,1,0.0,255.56,23.0
Kusal Mendis,Dasun Shanaka,2,1,0,1,0,0,50.0,50.0,1.0
Kusal Mendis,Josh Tongue,2,1,1,1,0,0,50.0,50.0,1.0
KL Rahul,Josh Tongue,4,3,0,1,0,0,25.0,75.0,3.0
Harry Brook,Josh Tongue,2,0,1,2,0,0,100.0,0.0,0.0
Virat Singh,Josh Tongue,4,6,0,0,0,0,0.0,150.0,6.0
Virat Singh,Dasun Shanaka,1,1,0,0,0,0,0.0,100.0,1.0
Virat Singh,Chamika Gunasekara,10,16,0,0,0,0,0.0,160.0,16.0
KL Rahul,Chamika Gunasekara,8,23,0,0,1,2,0.0,287.5,23.0
Shubman Gill,Arzan Nagwaswalla,3,2,1,1,0,0,33.33,66.67,2.0
Joel Davies,Arzan Nagwaswalla,2,2,0,0,0,0,0.0,100.0,2.0
Ruchit Ahir,Arzan Nagwaswalla,1,0,1,1,0,0,100.0,0.0,0.0
Joel Davies,Atit Sheth,2,1,1,1,0,0,50.0,50.0,1.0
Tilak Varma,Josh Tongue,5,13,0,0,1,1,0.0,260.0,13.0
Sam Curran,Josh Tongue,7,3,0,4,0,0,57.14,42.86,3.0
Tilak Varma,Chamika Gunasekara,4,11,0,0,0,1,0.0,275.0,11.0
Sam Curran,Chamika Gunasekara,2,3,0,0,0,0,0.0,150.0,3.0
Heinrich Klaasen,Ismat Alam,14,19,0,1,0,0,7.14,135.71,19.0
Sarfaraz Khan,Arzan Nagwaswalla,3,3,0,0,0,0,0.0,100.0,3.0
Heinrich Klaasen,Arzan Nagwaswalla,9,14,0,1,2,0,11.11,155.56,14.0
Marcus Stoinis,Rachin Ravindra,6,8,0,0,0,0,0.0,133.33,8.0
Marcus Stoinis,Ismat Alam,2,2,0,0,0,0,0.0,100.0,2.0
Rajat Patidar,Ashok Sharma,13,13,1,2,0,0,15.38,100.0,13.0
Marcus Stoinis,Jasprit Bumrah,1,0,1,1,0,0,100.0,0.0,0.0
Rajat Patidar,Sonny Baker,5,6,1,1,0,0,20.0,120.0,6.0
Shivam Mavi,Arzan Nagwaswalla,3,4,0,0,0,0,0.0,133.33,4.0
Rajat Patidar,Kranthi Kumar,6,9,0,2,0,1,33.33,150.0,9.0
Shivam Mavi,Ismat Alam,4,4,0,1,0,0,25.0,100.0,4.0
Kamil Mishara,Prince Yadav,5,8,0,0,1,0,0.0,160.0,8.0
Ottneil Baartman,Jasprit Bumrah,2,2,0,0,0,0,0.0,100.0,2.0
Ottneil Baartman,Arzan Nagwaswalla,2,1,1,1,0,0,50.0,50.0,1.0
Liam Livingstone,Prince Yadav,7,13,0,0,0,1,0.0,185.71,13.0
Vidwath Kaverappa,Arzan Nagwaswalla,1,1,0,0,0,0,0.0,100.0,1.0
Kamil Mishara,Sam Curran,7,14,1,1,2,0,14.29,200.0,14.0
Aneurin Donald,Corbin Bosch,13,18,2,3,0,1,23.08,138.46,9.0
Brian Bennett,Corbin Bosch,32,65,0,1,1,4,3.12,203.12,65.0
Kamil Mishara,Rashid Khan,1,1,0,0,0,0,0.0,100.0,1.0
Christopher Britz,Ottneil Baartman,3,4,0,0,0,0,0.0,133.33,4.0
Kamil Mishara,Shivam Dube,2,2,0,0,0,0,0.0,100.0,2.0
Kangabam Priyojit Singh,Corbin Bosch,6,9,0,0,1,0,0.0,150.0,9.0
Lahiru Udara,Sam Curran,2,4,0,0,0,0,0.0,200.0,4.0
Lahiru Udara,Prince Yadav,4,7,0,0,0,0,0.0,175.0,7.0
Lahiru Udara,Calvin Harrison,7,8,1,1,0,0,14.29,114.29,8.0
Christopher Britz,Shivam Mavi,3,4,0,0,0,0,0.0,133.33,4.0
Lalit Yadav,Shivam Mavi,5,7,0,0,0,0,0.0,140.0,7.0
Lahiru Udara,Rashid Khan,6,6,0,1,0,0,16.67,100.0,6.0
Christopher Britz,Marcus Stoinis,3,2,0,1,0,0,33.33,66.67,2.0
Lahiru Udara,Shivam Dube,4,8,0,0,0,0,0.0,200.0,8.0
Jos Buttler,Saransh Jain,6,11,0,1,0,1,16.67,183.33,11.0
Lahiru Udara,Saransh Jain,3,8,0,0,0,1,0.0,266.67,8.0
Jos Buttler,Rashid Khan,6,9,0,0,0,0,0.0,150.0,9.0
Jos Buttler,Calvin Harrison,1,1,0,0,0,0,0.0,100.0,1.0
Finn Allen,Tanay Thyagarajan,3,2,1,1,0,0,33.33,66.67,2.0
Finn Allen,Arshdeep Singh,8,9,0,2,1,0,25.0,112.5,9.0
Glenn Phillips,Shivam Mavi,4,7,0,0,1,0,0.0,175.0,7.0
Jos Buttler,Shivam Dube,1,0,0,1,0,0,100.0,0.0,0.0
Salil Arora,Prince Yadav,2,6,1,1,0,1,50.0,300.0,6.0
Mitchell Santner,Sam Curran,4,8,0,0,1,0,0.0,200.0,8.0
Kusal Mendis,Harshal Patel,7,12,0,0,1,0,0.0,171.43,12.0
Kranthi Kumar,Arshdeep Singh,10,10,1,2,0,0,20.0,100.0,10.0
Kusal Mendis,Jaydev Unadkat,9,8,0,1,0,0,11.11,88.89,8.0
Kusal Mendis,Mohammed Siraj,12,23,0,1,1,1,8.33,191.67,23.0
Harry Brook,Prasidh Krishna,3,3,0,0,0,0,0.0,100.0,3.0
Kusal Mendis,Prasidh Krishna,12,25,0,0,0,2,0.0,208.33,25.0
Kranthi Kumar,Tanay Thyagarajan,3,9,0,0,0,1,0.0,300.0,9.0
Ankit Kumar,Tanay Thyagarajan,3,2,0,2,0,0,66.67,66.67,2.0
Harry Brook,Jaydev Unadkat,2,4,1,1,1,0,50.0,200.0,4.0
Kranthi Kumar,Ravindra Jadeja,4,9,0,0,0,1,0.0,225.0,9.0
Tilak Varma,Prasidh Krishna,2,2,0,0,0,0,0.0,100.0,2.0
Naman Dhir,Ravindra Jadeja,1,0,0,1,0,0,100.0,0.0,0.0
Naman Dhir,Vishen Halambage,2,0,2,2,0,0,100.0,0.0,0.0
Corbin Bosch,Harpreet Brar,12,18,0,4,1,1,33.33,150.0,18.0
Sam Curran,Mitchell Santner,4,5,0,0,0,0,0.0,125.0,5.0
Virat Kohli,Arzan Nagwaswalla,11,14,1,1,0,0,9.09,127.27,14.0
Devdutt Padikkal,Arzan Nagwaswalla,3,8,0,0,0,1,0.0,266.67,8.0
Prabhsimran Singh,Arzan Nagwaswalla,12,15,0,1,0,0,8.33,125.0,15.0
Sam Curran,Prasidh Krishna,2,2,0,0,0,0,0.0,100.0,2.0
Prabhsimran Singh,Jasprit Bumrah,17,21,0,2,0,1,11.76,123.53,21.0
Rohit Sharma,Tanay Thyagarajan,1,0,1,1,0,0,100.0,0.0,0.0
Prabhsimran Singh,Atit Sheth,4,5,0,0,0,0,0.0,125.0,5.0
Corbin Bosch,Tanay Thyagarajan,4,9,0,1,2,0,25.0,225.0,9.0
Sam Curran,Liam Livingstone,3,4,0,0,0,0,0.0,133.33,4.0
Prabhsimran Singh,Ismat Alam,12,14,2,4,2,0,33.33,116.67,7.0
Corbin Bosch,Ravindra Jadeja,2,0,1,2,0,0,100.0,0.0,0.0
Sam Curran,Harshal Patel,3,5,1,1,1,0,33.33,166.67,5.0
Devdutt Padikkal,Ismat Alam,9,10,2,3,1,0,33.33,111.11,5.0
Shreyas Iyer,Ismat Alam,26,43,0,4,3,2,15.38,165.38,43.0
Ravi Bishnoi,Ravindra Jadeja,3,8,0,0,0,1,0.0,266.67,8.0
Shivam Dube,Prasidh Krishna,4,8,1,2,0,1,50.0,200.0,8.0
Ravi Bishnoi,Vishen Halambage,3,6,0,0,0,0,0.0,200.0,6.0
Prabhsimran Singh,Rachin Ravindra,5,17,0,0,0,2,0.0,340.0,17.0
Sonny Baker,Vishen Halambage,1,0,1,1,0,0,100.0,0.0,0.0
Rashid Khan,Prasidh Krishna,1,1,0,0,0,0,0.0,100.0,1.0
Shreyas Iyer,Arzan Nagwaswalla,14,25,0,5,1,2,35.71,178.57,25.0
Rashid Khan,Harshal Patel,3,4,1,1,0,0,33.33,133.33,4.0
Calvin Harrison,Harshal Patel,2,5,0,0,1,0,0.0,250.0,5.0
Calvin Harrison,Mohammed Siraj,3,3,0,1,0,0,33.33,100.0,3.0
Ashwin Das,Ismat Alam,6,10,1,3,0,1,50.0,166.67,10.0
Ashwin Das,Atit Sheth,5,9,0,1,1,0,20.0,180.0,9.0
Ashwin Das,Rachin Ravindra,10,11,1,6,2,0,60.0,110.0,11.0
Priyansh Arya,Arshdeep Singh,20,40,0,1,0,3,5.0,200.0,40.0
Will Jacks,Arzan Nagwaswalla,6,15,0,0,3,0,0.0,250.0,15.0
Priyansh Arya,Tanay Thyagarajan,8,11,0,1,1,0,12.5,137.5,11.0
Washington Sundar,Arzan Nagwaswalla,12,13,0,3,0,0,25.0,108.33,13.0
Kusal Mendis,Tanay Thyagarajan,4,4,0,0,0,0,0.0,100.0,4.0
Scott Curie,Ismat Alam,1,0,1,1,0,0,100.0,0.0,0.0
Isitha Wijesundara,Ismat Alam,2,1,0,1,0,0,50.0,50.0,1.0
Priyansh Arya,Harpreet Brar,9,11,2,3,1,0,33.33,122.22,5.5
Isitha Wijesundara,Jasprit Bumrah,1,0,1,1,0,0,100.0,0.0,0.0
Bhuvneshwar Kumar,Jasprit Bumrah,1,0,1,1,0,0,100.0,0.0,0.0
Christopher Britz,Bhuvneshwar Kumar,16,27,0,3,1,2,18.75,168.75,27.0
Christopher Britz,Scott Curie,20,32,0,4,3,1,20.0,160.0,32.0
Christopher Britz,Isitha Wijesundara,10,14,0,4,1,1,40.0,140.0,14.0
Lalit Yadav,Isitha Wijesundara,11,10,0,2,0,0,18.18,90.91,10.0
Lalit Yadav,Ashwin Das,12,19,0,1,2,0,8.33,158.33,19.0
Christopher Britz,Ashwin Das,12,15,2,4,0,1,33.33,125.0,7.5
Rajat Patidar,Prince Yadav,10,13,0,3,0,1,30.0,130.0,13.0
Rajat Patidar,Rashid Khan,18,27,1,1,0,1,5.56,150.0,27.0
Brian Bennett,Calvin Harrison,38,45,0,7,0,1,18.42,118.42,45.0
Brian Bennett,Saransh Jain,31,42,0,5,0,2,16.13,135.48,42.0
Vishen Halambage,Saransh Jain,2,2,0,0,0,0,0.0,100.0,2.0
Vishen Halambage,Calvin Harrison,2,1,1,1,0,0,50.0,50.0,1.0
Harpreet Brar,Calvin Harrison,1,0,1,1,0,0,100.0,0.0,0.0
Hardik Pandya,Calvin Harrison,9,8,0,2,0,0,22.22,88.89,8.0
Hardik Pandya,Saransh Jain,13,19,1,1,1,0,7.69,146.15,19.0
Ravindra Jadeja,Saransh Jain,9,10,0,4,0,1,44.44,111.11,10.0
Christopher Britz,Dasun Shanaka,8,20,1,2,1,2,25.0,250.0,20.0
Lalit Yadav,Dasun Shanaka,8,11,0,0,1,0,0.0,137.5,11.0
Lalit Yadav,Josh Tongue,22,18,1,9,0,1,40.91,81.82,18.0
Glenn Phillips,Josh Tongue,16,16,2,6,0,1,37.5,100.0,8.0
Christopher Britz,Josh Tongue,8,16,0,3,2,1,37.5,200.0,16.0
Glenn Phillips,Chamika Gunasekara,15,20,0,2,0,1,13.33,133.33,20.0
Christopher Britz,Chamika Gunasekara,9,16,2,2,2,0,22.22,177.78,8.0
Christopher Britz,Kuldeep Yadav,1,0,1,1,0,0,100.0,0.0,0.0
Glenn Phillips,Dasun Shanaka,17,25,1,1,0,1,5.88,147.06,25.0
Rachin Ravindra,Dasun Shanaka,3,4,0,0,0,0,0.0,133.33,4.0
Rachin Ravindra,Chamika Gunasekara,3,3,0,0,0,0,0.0,100.0,3.0
Rachin Ravindra,Sahan Arachchige,6,4,0,2,0,0,33.33,66.67,4.0
Ismat Alam,Varun Chakravarthy,4,5,0,0,0,0,0.0,125.0,5.0
Ismat Alam,Josh Tongue,7,11,1,1,0,1,14.29,157.14,11.0
Sdnv Prasad,Josh Tongue,17,30,0,3,3,1,17.65,176.47,30.0
Rajat Patidar,Yash Thakur,9,13,0,0,0,0,0.0,144.44,13.0
Sdnv Prasad,Chamika Gunasekara,18,31,1,3,2,1,16.67,172.22,31.0
Ismat Alam,Chamika Gunasekara,5,5,1,1,0,0,20.0,100.0,5.0
Rajat Patidar,Mohsin Khan,3,3,0,0,0,0,0.0,100.0,3.0
Brian Bennett,Vidwath Kaverappa,3,3,0,0,0,0,0.0,100.0,3.0
Rajat Patidar,Vidwath Kaverappa,7,9,0,0,0,0,0.0,128.57,9.0
Ryan Rickelton,Arzan Nagwaswalla,30,45,0,7,5,1,23.33,150.0,45.0
Yashasvi Jaiswal,Arzan Nagwaswalla,19,34,1,2,3,1,10.53,178.95,34.0
Rajat Patidar,Matthew Forde,2,2,0,0,0,0,0.0,100.0,2.0
Kangabam Priyojit Singh,Vidwath Kaverappa,2,1,0,1,0,0,50.0,50.0,1.0
Yashasvi Jaiswal,Rachin Ravindra,3,3,0,0,0,0,0.0,100.0,3.0
Yashasvi Jaiswal,Ismat Alam,17,20,1,5,2,0,29.41,117.65,20.0
Ryan Rickelton,Ismat Alam,24,50,1,2,2,4,8.33,208.33,50.0
Rajat Patidar,Joel Davies,3,3,1,1,0,0,33.33,100.0,3.0
Abhimanyu Easwaran,Praveen Jayawickrama,1,1,0,0,0,0,0.0,100.0,1.0
Abhimanyu Easwaran,Rachin Ravindra,2,1,1,1,0,0,50.0,50.0,1.0
Dhruv Jurel,Ismat Alam,6,10,0,0,1,0,0.0,166.67,10.0
Dhruv Jurel,Arzan Nagwaswalla,4,3,0,1,0,0,25.0,75.0,3.0
Tripuresh Singh,Joel Davies,2,1,1,1,0,0,50.0,50.0,1.0
Suryakumar Yadav,Jasprit Bumrah,8,8,0,1,0,0,12.5,100.0,8.0
Suryakumar Yadav,Rachin Ravindra,8,27,0,0,2,2,0.0,337.5,27.0
Suryakumar Yadav,Praveen Jayawickrama,3,1,0,2,0,0,66.67,33.33,1.0
Suryakumar Yadav,Arzan Nagwaswalla,10,15,1,2,0,1,20.0,150.0,15.0
Hardik Pandya,Matthew Forde,2,3,0,0,0,0,0.0,150.0,3.0
Hardik Pandya,Vidwath Kaverappa,6,6,0,0,0,0,0.0,100.0,6.0
Yashasvi Jaiswal,Jai Moondra,17,27,0,3,1,1,17.65,158.82,27.0
Ryan Rickelton,Jai Moondra,29,54,0,3,2,3,10.34,186.21,54.0
Ravi Singh,Arzan Nagwaswalla,3,3,1,1,0,0,33.33,100.0,3.0
Ravi Singh,Ismat Alam,8,11,0,1,0,0,12.5,137.5,11.0
Ravi Singh,Dian Forrester,7,13,0,2,0,1,28.57,185.71,13.0
Ravi Singh,Jai Moondra,2,2,0,0,0,0,0.0,100.0,2.0
Abhimanyu Easwaran,Dian Forrester,7,9,0,2,1,0,28.57,128.57,9.0
Abhimanyu Easwaran,Jasprit Bumrah,10,15,0,2,2,0,20.0,150.0,15.0
Ravi Singh,Jasprit Bumrah,1,1,0,0,0,0,0.0,100.0,1.0
Abhimanyu Easwaran,Ismat Alam,7,10,0,0,1,0,0.0,142.86,10.0
Abhimanyu Easwaran,Arzan Nagwaswalla,4,1,2,3,0,0,75.0,25.0,0.5
Suryakumar Yadav,Jai Moondra,7,10,1,2,1,0,28.57,142.86,10.0
Dasun Shanaka,Jai Moondra,10,23,0,4,2,2,40.0,230.0,23.0
Duan Jansen,Jai Moondra,1,1,0,0,0,0,0.0,100.0,1.0
Duan Jansen,Jasprit Bumrah,9,5,2,5,0,0,55.56,55.56,2.5
Dasun Shanaka,Jasprit Bumrah,1,1,0,0,0,0,0.0,100.0,1.0
Josh Tongue,Jasprit Bumrah,1,0,1,1,0,0,100.0,0.0,0.0
Ruturaj Gaikwad,Nathan Ellis,7,17,0,1,0,2,14.29,242.86,17.0
Dasun Shanaka,Arzan Nagwaswalla,9,13,1,3,0,1,33.33,144.44,13.0
Ruturaj Gaikwad,Vishen Halambage,9,15,0,0,0,1,0.0,166.67,15.0
Ruturaj Gaikwad,Arshdeep Singh,3,3,0,0,0,0,0.0,100.0,3.0
Ruturaj Gaikwad,Hardik Pandya,3,7,0,1,0,1,33.33,233.33,7.0
Lalit Yadav,Duan Jansen,12,21,0,1,1,0,8.33,175.0,21.0
Glenn Phillips,Duan Jansen,9,20,0,1,0,2,11.11,222.22,20.0
Ruturaj Gaikwad,Tripuresh Singh,3,7,0,1,0,1,33.33,233.33,7.0
Lalit Yadav,Chamika Gunasekara,13,12,1,5,1,0,38.46,92.31,12.0
Abhishek Sharma,Josh Tongue,7,3,2,4,0,0,57.14,42.86,1.5
Dian Forrester,Chamika Gunasekara,4,4,0,0,0,0,0.0,100.0,4.0
Sdnv Prasad,Duan Jansen,4,1,0,3,0,0,75.0,25.0,1.0
Dian Forrester,Duan Jansen,6,9,0,1,1,0,16.67,150.0,9.0
Aneurin Donald,Arzan Nagwaswalla,25,51,2,6,3,4,24.0,204.0,25.5
Brian Bennett,Arzan Nagwaswalla,26,39,0,4,5,0,15.38,150.0,39.0
Aneurin Donald,Dian Forrester,13,17,1,2,1,0,15.38,130.77,17.0
Brian Bennett,Ismat Alam,21,38,0,4,2,2,19.05,180.95,38.0
Rajat Patidar,Ismat Alam,13,15,0,2,0,0,15.38,115.38,15.0
Rajat Patidar,Dian Forrester,21,40,0,0,2,2,0.0,190.48,40.0
Rajat Patidar,Jasprit Bumrah,5,5,1,1,0,0,20.0,100.0,5.0
Vishen Halambage,Ismat Alam,3,4,0,0,0,0,0.0,133.33,4.0
Vishen Halambage,Arzan Nagwaswalla,9,12,2,3,2,0,33.33,133.33,6.0
Jitesh Sharma,Arzan Nagwaswalla,1,2,0,0,0,0,0.0,200.0,2.0
Jitesh Sharma,Jasprit Bumrah,2,4,0,0,0,0,0.0,200.0,4.0
Sonu Yadav,Ismat Alam,2,1,1,1,0,0,50.0,50.0,1.0
Ravindra Jadeja,Ismat Alam,3,1,0,2,0,0,66.67,33.33,1.0
Ravindra Jadeja,Arzan Nagwaswalla,7,20,0,0,1,1,0.0,285.71,20.0
Ravindra Jadeja,Jai Moondra,2,3,0,0,0,0,0.0,150.0,3.0
Hardik Pandya,Arzan Nagwaswalla,2,2,1,1,0,0,50.0,100.0,2.0
Tripuresh Singh,Arzan Nagwaswalla,2,3,0,0,0,0,0.0,150.0,3.0
Christopher Britz,Sonu Yadav,11,9,0,4,0,0,36.36,81.82,9.0
Abhishek Sharma,Sonu Yadav,3,3,0,0,0,0,0.0,100.0,3.0
Sdnv Prasad,Tripuresh Singh,6,6,1,2,0,0,33.33,100.0,6.0
Deepak Hooda,Tripuresh Singh,7,10,0,0,0,0,0.0,142.86,10.0
Ismat Alam,Tripuresh Singh,8,5,2,4,0,0,50.0,62.5,2.5
Ismat Alam,Hardik Pandya,4,3,0,1,0,0,25.0,75.0,3.0
Venkatesh Iyer,Yash Thakur,12,10,0,4,0,0,33.33,83.33,10.0
Matt Short,Yash Thakur,2,1,1,1,0,0,50.0,50.0,1.0
Matt Short,Mohsin Khan,5,3,0,2,0,0,40.0,60.0,3.0
Shubham Dubey,Yash Thakur,3,1,1,2,0,0,66.67,33.33,1.0
Venkatesh Iyer,Vidwath Kaverappa,14,28,0,2,1,2,14.29,200.0,28.0
Shubham Dubey,Vidwath Kaverappa,3,3,0,1,0,0,33.33,100.0,3.0
Sanvir Singh,Yash Thakur,7,10,0,1,1,0,14.29,142.86,10.0
Sanvir Singh,Vidwath Kaverappa,10,19,0,1,0,1,10.0,190.0,19.0
Venkatesh Iyer,Matthew Forde,22,39,0,3,3,1,13.64,177.27,39.0
Sanvir Singh,Matthew Forde,11,20,1,1,1,1,9.09,181.82,20.0
Sanvir Singh,Mohsin Khan,20,48,0,0,4,2,0.0,240.0,48.0
Deepak Hooda,Arshdeep Singh,15,18,1,1,0,0,6.67,120.0,18.0
Sanvir Singh,Joel Davies,25,33,0,4,0,1,16.0,132.0,33.0
Lalit Yadav,Tripuresh Singh,6,10,0,1,0,1,16.67,166.67,10.0
Joel Davies,Ashish Singh,14,16,0,4,1,0,28.57,114.29,16.0
Shubman Gill,Ashish Singh,10,22,0,0,0,2,0.0,220.0,22.0
Rachin Ravindra,Tripuresh Singh,6,0,1,6,0,0,100.0,0.0,0.0
Rachin Ravindra,Arshdeep Singh,4,3,0,1,0,0,25.0,75.0,3.0
Joel Davies,Auqib Nabi,4,6,0,1,1,0,25.0,150.0,6.0
Shubman Gill,Auqib Nabi,2,3,0,0,0,0,0.0,150.0,3.0
Shubman Gill,Lasith Embuldeniya,10,11,3,5,2,0,50.0,110.0,3.67
Ruchit Ahir,Lasith Embuldeniya,15,18,1,6,1,1,40.0,120.0,18.0
Ruchit Ahir,Ashish Singh,4,6,1,3,0,1,75.0,150.0,6.0
Joel Davies,Lasith Embuldeniya,13,16,0,6,1,1,46.15,123.08,16.0
Brian Bennett,Noor Ahmad,4,4,0,1,0,0,25.0,100.0,4.0
Vishen Halambage,Noor Ahmad,6,7,1,1,0,0,16.67,116.67,7.0
Finn Allen,Mohamed Shiraz,5,10,0,0,0,1,0.0,200.0,10.0
Smaran Ravichandra,Mohamed Shiraz,7,9,0,0,0,0,0.0,128.57,9.0
Rajat Patidar,Praveen Jayawickrama,11,16,0,2,2,0,18.18,145.45,16.0
Joel Davies,Sanvir Singh,2,0,1,2,0,0,100.0,0.0,0.0
Finn Allen,Mitchell Starc,3,1,1,2,0,0,66.67,33.33,1.0
Rajat Patidar,Noor Ahmad,6,7,0,0,0,0,0.0,116.67,7.0
Smaran Ravichandra,Craig Overton,3,2,0,1,0,0,33.33,66.67,2.0
Finn Allen,Craig Overton,3,10,0,0,0,1,0.0,333.33,10.0
Jitesh Sharma,Praveen Jayawickrama,5,11,0,0,0,1,0.0,220.0,11.0
Jitesh Sharma,Noor Ahmad,2,2,0,0,0,0,0.0,100.0,2.0
Rajat Patidar,Rachin Ravindra,11,16,1,2,2,0,18.18,145.45,16.0
Harpreet Brar,Rachin Ravindra,1,0,1,1,0,0,100.0,0.0,0.0
Arshdeep Singh,Rachin Ravindra,2,1,1,1,0,0,50.0,50.0,1.0
Ravindra Jadeja,Rachin Ravindra,5,13,0,1,1,1,20.0,260.0,13.0
Naman Dhir,Adam Zampa,4,6,0,0,0,0,0.0,150.0,6.0
Tripuresh Singh,Rachin Ravindra,2,2,0,0,0,0,0.0,100.0,2.0
Tripuresh Singh,Praveen Jayawickrama,1,1,0,0,0,0,0.0,100.0,1.0
Rahul Tripathi,Craig Overton,5,4,0,2,0,0,40.0,80.0,4.0
Naman Dhir,Craig Overton,1,1,0,0,0,0,0.0,100.0,1.0
Rahul Tripathi,Mohamed Shiraz,3,3,1,1,0,0,33.33,100.0,3.0
Naman Dhir,Mohamed Shiraz,5,3,0,2,0,0,40.0,60.0,3.0
Naman Dhir,Mitchell Starc,2,1,1,1,0,0,50.0,50.0,1.0
Corbin Bosch,Mohamed Shiraz,4,6,0,1,1,0,25.0,150.0,6.0
Corbin Bosch,Craig Overton,2,1,1,1,0,0,50.0,50.0,1.0
Ashok Sharma,Craig Overton,2,2,0,0,0,0,0.0,100.0,2.0
Sonny Baker,Craig Overton,2,1,0,1,0,0,50.0,50.0,1.0
Kangabam Priyojit Singh,Arzan Nagwaswalla,6,5,1,1,0,0,16.67,83.33,5.0
Sairaj Patil,Sonny Baker,4,2,1,2,0,0,50.0,50.0,2.0
Karan Shinde,Kranthi Kumar,12,20,0,3,1,1,25.0,166.67,20.0
Craig Overton,Sonny Baker,2,2,0,1,0,0,50.0,100.0,2.0
Craig Overton,Ashok Sharma,4,6,1,2,1,0,50.0,150.0,6.0
Mitchell Starc,Kranthi Kumar,1,1,0,0,0,0,0.0,100.0,1.0
Finn Allen,Arzan Nagwaswalla,5,5,1,1,0,0,20.0,100.0,5.0
Smaran Ravichandra,Arzan Nagwaswalla,7,4,1,3,0,0,42.86,57.14,4.0
Finn Allen,Jasprit Bumrah,9,23,0,1,1,2,11.11,255.56,23.0
Finn Allen,Dian Forrester,7,13,0,2,1,1,28.57,185.71,13.0
Smaran Ravichandra,Jai Moondra,14,15,0,1,0,0,7.14,107.14,15.0
Finn Allen,Jai Moondra,7,13,0,0,0,1,0.0,185.71,13.0
Finn Allen,Ismat Alam,4,7,0,1,1,0,25.0,175.0,7.0
Smaran Ravichandra,Ismat Alam,11,19,0,2,1,1,18.18,172.73,19.0
Rahul Tripathi,Arzan Nagwaswalla,3,5,0,0,0,0,0.0,166.67,5.0
Rahul Tripathi,Ismat Alam,10,16,1,2,0,1,20.0,160.0,16.0
Ankit Kumar,Ismat Alam,8,13,0,0,1,0,0.0,162.5,13.0
Ankit Kumar,Jasprit Bumrah,2,2,0,0,0,0,0.0,100.0,2.0
Naman Dhir,Ismat Alam,1,1,0,0,0,0,0.0,100.0,1.0
Naman Dhir,Jai Moondra,4,3,0,1,0,0,25.0,75.0,3.0
Ankit Kumar,Jai Moondra,2,2,0,0,0,0,0.0,100.0,2.0
Naman Dhir,Arzan Nagwaswalla,3,2,0,1,0,0,33.33,66.67,2.0
Ankit Kumar,Arzan Nagwaswalla,1,0,1,1,0,0,100.0,0.0,0.0
Rohit Sharma,Arzan Nagwaswalla,3,3,0,0,0,0,0.0,100.0,3.0
Aneurin Donald,Chamika Gunasekara,9,21,1,1,4,0,11.11,233.33,21.0
Brian Bennett,Chamika Gunasekara,3,2,0,1,0,0,33.33,66.67,2.0
Aneurin Donald,Gareth Delany,10,16,1,3,2,0,30.0,160.0,16.0
Brian Bennett,Gareth Delany,5,11,0,0,1,0,0.0,220.0,11.0
Corbin Bosch,Jai Moondra,5,3,1,3,0,0,60.0,60.0,3.0
Rohit Sharma,Jai Moondra,1,1,0,0,0,0,0.0,100.0,1.0
Aneurin Donald,Josh Tongue,4,4,1,1,0,0,25.0,100.0,4.0
Brian Bennett,Josh Tongue,9,21,1,3,0,3,33.33,233.33,21.0
Brian Bennett,Dasun Shanaka,7,7,1,3,0,0,42.86,100.0,7.0
Kangabam Priyojit Singh,Josh Tongue,6,9,0,0,1,0,0.0,150.0,9.0
Kranthi Kumar,Arzan Nagwaswalla,1,0,1,1,0,0,100.0,0.0,0.0
Ashok Sharma,Arzan Nagwaswalla,4,8,0,0,0,0,0.0,200.0,8.0
Rajat Patidar,Kuldeep Yadav,7,11,0,2,0,1,28.57,157.14,11.0
Kangabam Priyojit Singh,Chamika Gunasekara,4,4,0,1,0,0,25.0,100.0,4.0
Rajat Patidar,Chamika Gunasekara,14,38,0,1,6,1,7.14,271.43,38.0
Rajat Patidar,Sahan Arachchige,16,19,1,2,0,0,12.5,118.75,19.0
Deepak Hooda,Kranthi Kumar,10,8,1,2,0,0,20.0,80.0,8.0
Hardik Pandya,Gareth Delany,6,6,0,0,0,0,0.0,100.0,6.0
Rajat Patidar,Gareth Delany,3,3,0,0,0,0,0.0,100.0,3.0
Christopher Britz,Kranthi Kumar,9,11,1,3,1,0,33.33,122.22,11.0
Christopher Britz,Sonny Baker,8,13,0,1,1,0,12.5,162.5,13.0
Deepak Hooda,Corbin Bosch,15,17,0,0,0,0,0.0,113.33,17.0
Christopher Britz,Corbin Bosch,8,14,1,1,1,0,12.5,175.0,14.0
Christopher Britz,Ravi Bishnoi,4,15,0,0,1,1,0.0,375.0,15.0
Rajat Patidar,Varun Chakravarthy,10,19,1,3,0,2,30.0,190.0,19.0
Christopher Britz,Ashok Sharma,1,1,0,0,0,0,0.0,100.0,1.0
Tripuresh Singh,Kuldeep Yadav,2,1,1,1,0,0,50.0,50.0,1.0
Tripuresh Singh,Sahan Arachchige,3,3,0,0,0,0,0.0,100.0,3.0
Tripuresh Singh,Varun Chakravarthy,2,2,0,0,0,0,0.0,100.0,2.0
Glenn Phillips,Corbin Bosch,16,19,0,1,0,0,6.25,118.75,19.0
Vishen Halambage,Chamika Gunasekara,6,10,0,1,0,1,16.67,166.67,10.0
Harpreet Brar,Chamika Gunasekara,1,0,1,1,0,0,100.0,0.0,0.0
Ravindra Jadeja,Chamika Gunasekara,3,2,1,1,0,0,33.33,66.67,2.0
Arshdeep Singh,Chamika Gunasekara,2,2,0,0,0,0,0.0,100.0,2.0
Gareth Delany,Vishen Halambage,1,0,1,1,0,0,100.0,0.0,0.0
Abhimanyu Easwaran,Vishen Halambage,13,15,3,4,0,1,30.77,115.38,5.0
Abhimanyu Easwaran,Harpreet Brar,17,18,1,3,0,0,17.65,105.88,18.0
Abhimanyu Easwaran,Arshdeep Singh,11,12,0,4,0,1,36.36,109.09,12.0
Abhimanyu Easwaran,Ravindra Jadeja,23,38,0,3,3,1,13.04,165.22,38.0
Rajat Patidar,Saransh Jain,8,13,0,2,1,0,25.0,162.5,13.0
Rajat Patidar,Calvin Harrison,12,11,2,5,1,0,41.67,91.67,5.5
Abhimanyu Easwaran,Tripuresh Singh,10,11,0,2,1,0,20.0,110.0,11.0
Suryakumar Yadav,Vishen Halambage,17,24,2,5,2,1,29.41,141.18,12.0
Suryakumar Yadav,Tripuresh Singh,9,19,0,0,1,0,0.0,211.11,19.0
Dasun Shanaka,Vishen Halambage,7,8,1,2,0,0,28.57,114.29,8.0
Dasun Shanaka,Harpreet Brar,4,4,0,0,0,0,0.0,100.0,4.0
Suryakumar Yadav,Harpreet Brar,2,1,1,1,0,0,50.0,50.0,1.0
Josh Tongue,Harpreet Brar,2,4,0,0,0,0,0.0,200.0,4.0
Rajat Patidar,Sam Curran,16,22,0,3,0,1,18.75,137.5,22.0
Josh Tongue,Tripuresh Singh,2,3,0,0,0,0,0.0,150.0,3.0
Dasun Shanaka,Arshdeep Singh,3,2,0,1,0,0,33.33,66.67,2.0
Josh Tongue,Arshdeep Singh,3,3,0,0,0,0,0.0,100.0,3.0
Josh Tongue,Vishen Halambage,3,2,1,1,0,0,33.33,66.67,2.0
Chamika Gunasekara,Vishen Halambage,5,2,1,3,0,0,60.0,40.0,2.0
Dasun Shanaka,Hardik Pandya,9,6,1,4,0,0,44.44,66.67,6.0
Chamika Gunasekara,Hardik Pandya,2,2,0,0,0,0,0.0,100.0,2.0
Harry Brook,Tripuresh Singh,9,10,0,0,0,0,0.0,111.11,10.0
Virat Singh,Tripuresh Singh,9,11,0,1,0,0,11.11,122.22,11.0
Sam Curran,Tripuresh Singh,9,10,0,1,0,0,11.11,111.11,10.0
Finn Allen,Tripuresh Singh,9,9,1,3,1,0,33.33,100.0,9.0
Smaran Ravichandra,Tripuresh Singh,12,14,1,2,0,0,16.67,116.67,14.0
Finn Allen,Ravindra Jadeja,10,10,1,2,0,0,20.0,100.0,10.0
Finn Allen,Hardik Pandya,7,7,1,1,0,0,14.29,100.0,7.0
Ankit Kumar,Tripuresh Singh,25,37,1,6,3,1,24.0,148.0,37.0
Naman Dhir,Hardik Pandya,4,4,1,1,0,0,25.0,100.0,4.0
Rohit Sharma,Hardik Pandya,6,11,0,1,2,0,16.67,183.33,11.0
Kranthi Kumar,Tripuresh Singh,9,20,0,0,0,2,0.0,222.22,20.0
Rajat Patidar,Anshul Kamboj,2,1,1,1,0,0,50.0,50.0,1.0
Ravindra Jadeja,Corbin Bosch,12,12,1,1,0,0,8.33,100.0,12.0
Rahul Tripathi,Tripuresh Singh,3,2,1,1,0,0,33.33,66.67,2.0
KL Rahul,Yash Thakur,10,16,0,1,2,0,10.0,160.0,16.0
Priyansh Arya,Yash Thakur,8,17,1,2,0,2,25.0,212.5,17.0
Priyansh Arya,Mohsin Khan,10,9,0,3,0,0,30.0,90.0,9.0
KL Rahul,Vidwath Kaverappa,7,7,0,1,0,0,14.29,100.0,7.0
Kusal Mendis,Vidwath Kaverappa,6,6,0,1,0,0,16.67,100.0,6.0
Kusal Mendis,Yash Thakur,6,4,0,2,0,0,33.33,66.67,4.0
Kusal Mendis,Matthew Forde,5,3,0,2,0,0,40.0,60.0,3.0
KL Rahul,Matthew Forde,11,16,1,1,1,0,9.09,145.45,16.0
Kusal Mendis,Joel Davies,5,4,1,2,0,0,40.0,80.0,4.0
Rohit Sharma,Tripuresh Singh,5,6,1,2,1,0,40.0,120.0,6.0
Harry Brook,Matthew Forde,10,13,1,3,0,1,30.0,130.0,13.0
Harry Brook,Mohsin Khan,7,9,0,0,0,0,0.0,128.57,9.0
Harry Brook,Vidwath Kaverappa,7,8,0,3,1,0,42.86,114.29,8.0
Corbin Bosch,Hardik Pandya,4,7,0,2,0,1,50.0,175.0,7.0
Corbin Bosch,Tripuresh Singh,5,4,0,1,0,0,20.0,80.0,4.0
Corbin Bosch,Vishen Halambage,2,1,1,1,0,0,50.0,50.0,1.0
Virat Singh,Vidwath Kaverappa,4,4,0,1,0,0,25.0,100.0,4.0
Shivam Dube,Mohsin Khan,7,5,1,3,0,0,42.86,71.43,5.0
Sam Curran,Mohsin Khan,6,15,0,0,1,1,0.0,250.0,15.0
Sam Curran,Matthew Forde,5,4,2,2,0,0,40.0,80.0,2.0
Shahbaz Ahmed,Matthew Forde,1,1,0,0,0,0,0.0,100.0,1.0
Hardik Pandya,Harsh Dubey,12,25,0,2,1,2,16.67,208.33,25.0
Joel Davies,Khaleel Ahmed,7,9,0,0,0,0,0.0,128.57,9.0
Brian Bennett,Harsh Dubey,5,5,0,3,1,0,60.0,100.0,5.0
Rajat Patidar,Harsh Dubey,1,1,0,0,0,0,0.0,100.0,1.0
Rajat Patidar,Kagiso Rabada,3,7,1,1,0,1,33.33,233.33,7.0
Ruchit Ahir,Khaleel Ahmed,3,3,0,0,0,0,0.0,100.0,3.0
Tim Seifert,Tripuresh Singh,3,2,0,1,0,0,33.33,66.67,2.0
Ruturaj Gaikwad,Sam Curran,5,9,0,0,1,0,0.0,180.0,9.0
Ruturaj Gaikwad,Khaleel Ahmed,2,7,0,0,0,1,0.0,350.0,7.0
Ruturaj Gaikwad,Prince Yadav,4,14,0,0,0,2,0.0,350.0,14.0
KL Rahul,Arzan Nagwaswalla,26,54,0,1,4,2,3.85,207.69,54.0
Priyansh Arya,Arzan Nagwaswalla,12,17,0,3,1,1,25.0,141.67,17.0
Priyansh Arya,Jasprit Bumrah,9,10,0,2,0,0,22.22,111.11,10.0
Priyansh Arya,Rachin Ravindra,9,31,0,0,1,3,0.0,344.44,31.0
Harsh Dubey,Tripuresh Singh,1,1,0,0,0,0,0.0,100.0,1.0
Priyansh Arya,Praveen Jayawickrama,7,8,1,3,1,0,42.86,114.29,8.0
Priyansh Arya,Noor Ahmad,5,15,0,0,1,1,0.0,300.0,15.0
Kusal Mendis,Noor Ahmad,1,1,0,0,0,0,0.0,100.0,1.0
Kusal Mendis,Rachin Ravindra,3,0,1,3,0,0,100.0,0.0,0.0
Deepak Hooda,Sam Curran,5,5,0,0,0,0,0.0,100.0,5.0
Deepak Hooda,Calvin Harrison,6,6,1,1,0,0,16.67,100.0,6.0
Deepak Hooda,Saransh Jain,6,9,0,0,0,0,0.0,150.0,9.0
Ayush Mhatre,Tripuresh Singh,12,8,0,5,0,0,41.67,66.67,8.0
Vishen Halambage,Corbin Bosch,3,3,0,0,0,0,0.0,100.0,3.0
Mukul Choudhary,Tripuresh Singh,9,12,0,1,1,0,11.11,133.33,12.0
Jitesh Sharma,Kranthi Kumar,4,4,0,1,0,0,25.0,100.0,4.0
Sdnv Prasad,Prince Yadav,4,2,0,2,0,0,50.0,50.0,2.0
Jitesh Sharma,Sonny Baker,3,6,0,0,0,0,0.0,200.0,6.0
Virat Kohli,Vasuki Koushik,3,4,0,0,0,0,0.0,133.33,4.0
Prabhsimran Singh,Vasuki Koushik,11,14,0,3,0,1,27.27,127.27,14.0
Devdutt Padikkal,Josh Tongue,16,14,0,4,0,0,25.0,87.5,14.0
Prabhsimran Singh,Josh Tongue,12,16,1,3,1,0,25.0,133.33,16.0
Devdutt Padikkal,Vasuki Koushik,7,14,0,0,0,1,0.0,200.0,14.0
Prabhsimran Singh,Dasun Shanaka,10,14,0,0,1,0,0.0,140.0,14.0
Prabhsimran Singh,Sahan Arachchige,2,5,0,0,1,0,0.0,250.0,5.0
Sairaj Patil,Tripuresh Singh,3,6,0,0,1,0,0.0,200.0,6.0
Prabhsimran Singh,Kuldeep Yadav,4,14,0,1,2,1,25.0,350.0,14.0
Rajat Patidar,Mitchell Starc,3,3,1,1,0,0,33.33,100.0,3.0
Shreyas Iyer,Vasuki Koushik,3,1,0,2,0,0,66.67,33.33,1.0
Kangabam Priyojit Singh,Mohamed Shiraz,6,7,0,0,0,0,0.0,116.67,7.0
Rajat Patidar,Mohamed Shiraz,6,8,0,0,0,0,0.0,133.33,8.0
Rajat Patidar,Mridul Surroch,13,17,0,1,0,0,7.69,130.77,17.0
Ismat Alam,Kagiso Rabada,3,8,0,1,0,1,33.33,266.67,8.0
Rajat Patidar,Adam Zampa,5,6,0,0,0,0,0.0,120.0,6.0
Ismat Alam,Corbin Bosch,1,0,1,1,0,0,100.0,0.0,0.0
Sdnv Prasad,Corbin Bosch,5,5,0,0,0,0,0.0,100.0,5.0
Jai Moondra,Kranthi Kumar,3,3,0,0,0,0,0.0,100.0,3.0
Vishen Halambage,Craig Overton,3,5,0,0,0,0,0.0,166.67,5.0
Hardik Pandya,Craig Overton,4,5,0,0,0,0,0.0,125.0,5.0
Jai Moondra,Sonny Baker,5,8,0,0,0,0,0.0,160.0,8.0
Chris Lynn,Dasun Shanaka,4,3,0,1,0,0,25.0,75.0,3.0
Shreyas Iyer,Dasun Shanaka,2,2,0,0,0,0,0.0,100.0,2.0
Tim Seifert,Jai Moondra,9,12,0,0,1,0,0.0,133.33,12.0
Chris Lynn,Sahan Arachchige,2,1,1,1,0,0,50.0,50.0,1.0
Jitesh Sharma,Craig Overton,5,3,0,4,0,0,80.0,60.0,3.0
Tim Seifert,Ismat Alam,8,8,1,1,0,0,12.5,100.0,8.0
Tim Seifert,Arzan Nagwaswalla,15,28,0,3,0,2,20.0,186.67,28.0
Ravindra Jadeja,Craig Overton,1,2,0,0,0,0,0.0,200.0,2.0
Tim Seifert,Jasprit Bumrah,8,18,0,1,2,1,12.5,225.0,18.0
Aneurin Donald,Lance Morris,9,19,0,3,1,2,33.33,211.11,19.0
Aneurin Donald,Nathan Ellis,4,11,0,1,1,1,25.0,275.0,11.0
Kangabam Priyojit Singh,Lance Morris,7,6,0,2,0,0,28.57,85.71,6.0
Kangabam Priyojit Singh,Tripuresh Singh,7,9,0,1,0,0,14.29,128.57,9.0
Kangabam Priyojit Singh,Dan Lawrence,4,1,1,3,0,0,75.0,25.0,1.0
Vishen Halambage,Dan Lawrence,1,1,0,0,0,0,0.0,100.0,1.0
Ravindra Jadeja,Hardik Pandya,6,11,0,3,1,1,50.0,183.33,11.0
Jitesh Sharma,Vishen Halambage,1,0,1,1,0,0,100.0,0.0,0.0
Arshdeep Singh,Vishen Halambage,1,0,1,1,0,0,100.0,0.0,0.0
Tripuresh Singh,Vishen Halambage,4,4,1,1,0,0,25.0,100.0,4.0
Tripuresh Singh,Hardik Pandya,2,5,0,0,1,0,0.0,250.0,5.0
Sonu Yadav,Harpreet Brar,3,2,0,1,0,0,33.33,66.67,2.0
Sonu Yadav,Arshdeep Singh,5,9,1,2,0,1,40.0,180.0,9.0
Mitchell Marsh,Matthew Forde,22,48,0,0,4,2,0.0,218.18,48.0
Shubham Dubey,Mohsin Khan,2,2,0,0,0,0,0.0,100.0,2.0
Shubham Dubey,Matthew Forde,5,18,1,1,1,2,20.0,360.0,18.0
Rinku Singh,Matthew Forde,7,13,0,1,0,1,14.29,185.71,13.0
Rinku Singh,Mohsin Khan,5,8,1,1,1,0,20.0,160.0,8.0
Axar Patel,Matthew Forde,2,2,0,0,0,0,0.0,100.0,2.0
Ruturaj Gaikwad,Mohammed Shami,1,1,0,0,0,0,0.0,100.0,1.0
Ruturaj Gaikwad,Dushan Hemantha,3,3,0,0,0,0,0.0,100.0,3.0
Ruturaj Gaikwad,Axar Patel,4,4,0,0,0,0,0.0,100.0,4.0
Ruturaj Gaikwad,Lasith Embuldeniya,1,0,1,1,0,0,100.0,0.0,0.0
Karan Lal,Lasith Embuldeniya,2,1,1,1,0,0,50.0,50.0,1.0
Gurinder Singh,Lasith Embuldeniya,6,10,0,0,0,0,0.0,166.67,10.0
Matthew Forde,Akeal Hosein,2,1,1,1,0,0,50.0,50.0,1.0
Sai Kishore,Lasith Embuldeniya,2,2,0,0,0,0,0.0,100.0,2.0
Sai Kishore,Sanvir Singh,3,2,0,1,0,0,33.33,66.67,2.0
Priyansh Arya,Ashok Sharma,9,18,1,2,1,1,22.22,200.0,18.0
Priyansh Arya,Prashant Veer,9,15,0,5,2,1,55.56,166.67,15.0
Virat Kohli,Deepak Hooda,4,4,0,1,0,0,25.0,100.0,4.0
Prabhsimran Singh,Deepak Hooda,2,2,0,0,0,0,0.0,100.0,2.0
Kusal Mendis,Ashok Sharma,10,18,0,1,0,1,10.0,180.0,18.0
Prabhsimran Singh,Jai Moondra,11,25,1,2,0,2,18.18,227.27,25.0
Prabhsimran Singh,Dian Forrester,9,13,0,2,1,0,22.22,144.44,13.0
Priyansh Arya,Ravi Bishnoi,5,8,1,2,0,1,40.0,160.0,8.0
Priyansh Arya,Harsh Dubey,4,6,0,1,1,0,25.0,150.0,6.0
Devdutt Padikkal,Jai Moondra,7,15,1,1,1,1,14.29,214.29,15.0
Chris Lynn,Arzan Nagwaswalla,5,4,1,2,0,0,40.0,80.0,4.0
Shubham Agarwal,Jai Moondra,4,7,0,0,0,0,0.0,175.0,7.0
Finn Allen,Prince Yadav,8,9,2,4,1,0,50.0,112.5,4.5
Bhuvneshwar Kumar,Arzan Nagwaswalla,4,11,0,0,0,1,0.0,275.0,11.0
Shubham Agarwal,Arzan Nagwaswalla,1,1,0,0,0,0,0.0,100.0,1.0
Finn Allen,Sam Curran,6,18,0,1,2,1,16.67,300.0,18.0
Rahul Tripathi,Prince Yadav,7,13,0,0,0,1,0.0,185.71,13.0
Deepak Hooda,Manav Suthar,8,20,0,0,2,0,0.0,250.0,20.0
Rahul Tripathi,Shivam Dube,5,8,0,1,0,0,20.0,160.0,8.0
Abhishek Sharma,Shubham Agarwal,3,4,0,0,0,0,0.0,133.33,4.0
Rahul Tripathi,Calvin Harrison,10,9,2,6,1,0,60.0,90.0,4.5
Smaran Ravichandra,Calvin Harrison,7,8,2,2,0,0,28.57,114.29,4.0
Smaran Ravichandra,Saransh Jain,3,3,0,0,0,0,0.0,100.0,3.0
Rahul Tripathi,Saransh Jain,4,3,0,2,0,0,50.0,75.0,3.0
Christopher Britz,Will Jacks,1,0,0,1,0,0,100.0,0.0,0.0
Deepak Hooda,Scott Curie,14,19,0,0,0,0,0.0,135.71,19.0
Ankit Kumar,Calvin Harrison,14,20,1,3,1,1,21.43,142.86,20.0
Christopher Britz,Shubham Agarwal,4,9,0,0,1,0,0.0,225.0,9.0
Ankit Kumar,Saransh Jain,8,10,1,3,1,0,37.5,125.0,10.0
Naman Dhir,Calvin Harrison,2,1,0,1,0,0,50.0,50.0,1.0
Naman Dhir,Saransh Jain,6,7,1,3,1,0,50.0,116.67,7.0
Rohit Sharma,Saransh Jain,2,1,0,1,0,0,50.0,50.0,1.0
Naman Dhir,Shivam Dube,5,10,0,1,1,0,20.0,200.0,10.0
Christopher Britz,Manav Suthar,2,3,0,0,0,0,0.0,150.0,3.0
Prashant Veer,Saransh Jain,1,1,0,0,0,0,0.0,100.0,1.0
Prashant Veer,Prince Yadav,5,6,1,2,1,0,40.0,120.0,6.0
Rohit Sharma,Calvin Harrison,1,0,1,1,0,0,100.0,0.0,0.0
Harsh Dubey,Calvin Harrison,3,2,0,1,0,0,33.33,66.67,2.0
Prashant Veer,Calvin Harrison,2,3,0,0,0,0,0.0,150.0,3.0
Harsh Dubey,Prince Yadav,2,2,0,0,0,0,0.0,100.0,2.0
Ravi Bishnoi,Prince Yadav,1,1,0,0,0,0,0.0,100.0,1.0
Matt Short,Jasprit Bumrah,3,6,1,2,0,1,66.67,200.0,6.0
Venkatesh Iyer,Arzan Nagwaswalla,16,18,0,2,0,0,12.5,112.5,18.0
Shubham Dubey,Arzan Nagwaswalla,5,5,0,1,0,0,20.0,100.0,5.0
Shubham Dubey,Jasprit Bumrah,7,9,0,3,0,1,42.86,128.57,9.0
Shubham Dubey,Abhishek Sharma,2,3,0,0,0,0,0.0,150.0,3.0
Shubham Dubey,Glenn Phillips,2,2,0,0,0,0,0.0,100.0,2.0
Shubham Dubey,Deepak Hooda,16,16,0,7,0,1,43.75,100.0,16.0
Venkatesh Iyer,Deepak Hooda,17,25,0,6,1,2,35.29,147.06,25.0
Tim Seifert,Prince Yadav,4,6,0,0,0,0,0.0,150.0,6.0
Tim Seifert,Khaleel Ahmed,2,1,1,1,0,0,50.0,50.0,1.0
Shubham Dubey,Noor Ahmad,8,11,0,2,0,1,25.0,137.5,11.0
Shubham Dubey,Rachin Ravindra,14,21,0,3,3,0,21.43,150.0,21.0
Shubham Dubey,Praveen Jayawickrama,17,29,1,2,2,1,11.76,170.59,29.0
Sanvir Singh,Rachin Ravindra,4,4,0,2,0,0,50.0,100.0,4.0
Rinku Singh,Praveen Jayawickrama,13,16,0,2,0,0,15.38,123.08,16.0
Rinku Singh,Rachin Ravindra,4,2,0,2,0,0,50.0,50.0,2.0
Rinku Singh,Noor Ahmad,4,2,0,2,0,0,50.0,50.0,2.0
Nitish Kumar Reddy,Calvin Harrison,8,8,0,3,1,0,37.5,100.0,8.0
Christopher Britz,Mohammed Shami,8,14,1,1,2,0,12.5,175.0,14.0
Deepak Hooda,Matt Short,6,11,1,2,2,0,33.33,183.33,11.0
Finn Allen,Calvin Harrison,1,2,0,0,0,0,0.0,200.0,2.0
Abhishek Sharma,Matt Short,7,12,0,0,0,0,0.0,171.43,12.0
Nitish Kumar Reddy,Khaleel Ahmed,3,8,0,0,0,1,0.0,266.67,8.0
Finn Allen,Khaleel Ahmed,3,4,0,0,0,0,0.0,133.33,4.0
Corbin Bosch,Prince Yadav,2,2,0,1,0,0,50.0,100.0,2.0
Sdnv Prasad,Akeal Hosein,5,6,0,1,0,0,20.0,120.0,6.0
Corbin Bosch,Sam Curran,1,0,1,1,0,0,100.0,0.0,0.0
Ravi Bishnoi,Sam Curran,1,1,0,0,0,0,0.0,100.0,1.0
Deepak Hooda,Lasith Embuldeniya,13,19,0,1,2,0,7.69,146.15,19.0
Sdnv Prasad,Lasith Embuldeniya,2,2,0,0,0,0,0.0,100.0,2.0
Ashok Sharma,Khaleel Ahmed,2,2,0,0,0,0,0.0,100.0,2.0
Ravi Bishnoi,Khaleel Ahmed,2,3,0,0,0,0,0.0,150.0,3.0
Lalit Yadav,Lasith Embuldeniya,9,17,0,1,1,1,11.11,188.89,17.0
Sdnv Prasad,Sanvir Singh,3,1,0,2,0,0,66.67,33.33,1.0
Kamil Mishara,Mohsin Khan,10,16,0,1,1,0,10.0,160.0,16.0
Liam Livingstone,Mohsin Khan,7,9,1,1,0,0,14.29,128.57,9.0
Kamil Mishara,Matthew Forde,6,8,0,0,0,0,0.0,133.33,8.0
Liam Livingstone,Matthew Forde,6,6,0,1,0,0,16.67,100.0,6.0
Kamil Mishara,Gurinder Singh,5,6,0,0,0,0,0.0,120.0,6.0
Sam Curran,Ravi Bishnoi,8,12,0,1,0,0,12.5,150.0,12.0
Kamil Mishara,Karan Lal,3,3,0,0,0,0,0.0,100.0,3.0
Kamil Mishara,Joel Davies,4,2,1,2,0,0,50.0,50.0,2.0
Sam Curran,Nitish Kumar Reddy,1,2,0,0,0,0,0.0,200.0,2.0
Sam Curran,Corbin Bosch,2,6,0,1,0,1,50.0,300.0,6.0
Jos Buttler,Mohsin Khan,1,1,0,0,0,0,0.0,100.0,1.0
Jos Buttler,Sai Kishore,8,8,0,1,0,0,12.5,100.0,8.0
Kamil Mishara,Sai Kishore,2,2,0,0,0,0,0.0,100.0,2.0
Jos Buttler,Gurinder Singh,9,16,0,2,1,1,22.22,177.78,16.0
Lahiru Udara,Joel Davies,1,0,1,1,0,0,100.0,0.0,0.0
Kunal Chandela,Joel Davies,7,6,0,2,0,0,28.57,85.71,6.0
Jos Buttler,Joel Davies,9,12,0,2,1,0,22.22,133.33,12.0
Kunal Chandela,Karan Lal,3,4,0,0,0,0,0.0,133.33,4.0
Jos Buttler,Karan Lal,7,17,1,1,2,1,14.29,242.86,17.0
Salil Arora,Sai Kishore,2,4,1,1,1,0,50.0,200.0,4.0
Harshal Patel,Sai Kishore,3,2,1,1,0,0,33.33,66.67,2.0
Kunal Chandela,Sai Kishore,7,6,1,2,0,0,28.57,85.71,6.0
Mitchell Santner,Sai Kishore,2,2,0,0,0,0,0.0,100.0,2.0
Mitchell Santner,Joel Davies,2,7,0,0,0,1,0.0,350.0,7.0
Mitchell Santner,Gurinder Singh,3,5,0,1,1,0,33.33,166.67,5.0
Mohammed Siraj,Sai Kishore,3,0,1,3,0,0,100.0,0.0,0.0
Jaydev Unadkat,Sai Kishore,1,1,0,0,0,0,0.0,100.0,1.0
Mitchell Santner,Matthew Forde,1,1,0,0,0,0,0.0,100.0,1.0
Jaydev Unadkat,Matthew Forde,3,0,1,3,0,0,100.0,0.0,0.0
Prasidh Krishna,Matthew Forde,2,3,0,0,0,0,0.0,150.0,3.0
Prasidh Krishna,Mohsin Khan,1,1,0,0,0,0,0.0,100.0,1.0
Mitchell Santner,Mohsin Khan,1,0,1,1,0,0,100.0,0.0,0.0
Shubman Gill,Jaydev Unadkat,11,15,0,1,1,0,9.09,136.36,15.0
Joel Davies,Jaydev Unadkat,2,0,2,2,0,0,100.0,0.0,0.0
Ruchit Ahir,Jaydev Unadkat,11,21,1,4,3,1,36.36,190.91,21.0
Shubman Gill,Mitchell Santner,8,11,0,0,0,0,0.0,137.5,11.0
Ishan Kishan,Mitchell Santner,7,12,1,2,2,0,28.57,171.43,12.0
Ruturaj Gaikwad,Liam Livingstone,2,2,0,0,0,0,0.0,100.0,2.0
Ruturaj Gaikwad,Mohammed Siraj,7,11,0,0,1,0,0.0,157.14,11.0
Ruturaj Gaikwad,Mitchell Santner,3,4,0,0,0,0,0.0,133.33,4.0
Prabhsimran Singh,Prince Yadav,31,81,0,2,9,4,6.45,261.29,81.0
Prabhsimran Singh,Sam Curran,28,60,0,1,4,3,3.57,214.29,60.0
Prabhsimran Singh,Shivam Dube,23,59,0,0,7,2,0.0,256.52,59.0
Prabhsimran Singh,Rashid Khan,27,58,1,1,3,4,3.7,214.81,58.0
Prabhsimran Singh,Calvin Harrison,28,60,1,4,3,4,14.29,214.29,60.0
Virat Kohli,Calvin Harrison,17,22,0,1,1,0,5.88,129.41,22.0
Virat Kohli,Saransh Jain,14,16,1,6,1,1,42.86,114.29,16.0
Prabhsimran Singh,Saransh Jain,21,36,2,3,1,2,14.29,171.43,18.0
Shreyas Iyer,Saransh Jain,13,23,2,2,1,1,15.38,176.92,11.5
Devdutt Padikkal,Saransh Jain,29,45,2,8,1,3,27.59,155.17,22.5
Devdutt Padikkal,Calvin Harrison,31,41,1,9,3,1,29.03,132.26,41.0
KL Rahul,Isitha Wijesundara,7,18,0,0,0,2,0.0,257.14,18.0
Harry Brook,Isitha Wijesundara,7,8,0,0,0,0,0.0,114.29,8.0
Priyansh Arya,Scott Curie,13,31,0,1,2,2,7.69,238.46,31.0
Priyansh Arya,Isitha Wijesundara,5,9,1,1,1,0,20.0,180.0,9.0
Priyansh Arya,Ashwin Das,4,5,0,1,0,0,25.0,125.0,5.0
Kusal Mendis,Bhuvneshwar Kumar,18,28,1,2,1,1,11.11,155.56,28.0
Priyansh Arya,Bhuvneshwar Kumar,11,22,1,4,1,2,36.36,200.0,22.0
Kusal Mendis,Isitha Wijesundara,2,5,0,0,1,0,0.0,250.0,5.0
Virat Singh,Isitha Wijesundara,3,9,0,0,0,1,0.0,300.0,9.0
Prabhsimran Singh,Arshdeep Singh,18,27,0,4,2,1,22.22,150.0,27.0
Prabhsimran Singh,Yuzvendra Chahal,10,16,1,4,0,2,40.0,160.0,16.0
Kusal Mendis,Ashwin Das,2,1,1,1,0,0,50.0,50.0,1.0
Sam Curran,Ashwin Das,4,6,0,0,0,0,0.0,150.0,6.0
Prabhsimran Singh,Ravindra Jadeja,14,20,2,2,2,0,14.29,142.86,10.0
Ashwin Das,Hardik Pandya,7,1,0,6,0,0,85.71,14.29,1.0
Bhuvneshwar Kumar,Hardik Pandya,3,0,2,3,0,0,100.0,0.0,0.0
Isitha Wijesundara,Vishen Halambage,5,0,1,5,0,0,100.0,0.0,0.0
Aneurin Donald,Deepak Hooda,3,7,0,0,1,0,0.0,233.33,7.0
Rajat Patidar,Deepak Hooda,3,11,0,0,1,1,0.0,366.67,11.0
Rajat Patidar,Lalit Yadav,5,19,0,0,1,2,0.0,380.0,19.0
Aneurin Donald,Ismat Alam,1,0,1,1,0,0,100.0,0.0,0.0
Devdutt Padikkal,Yuzvendra Chahal,3,4,0,0,0,0,0.0,133.33,4.0
Prabhsimran Singh,Hardik Pandya,15,26,1,3,0,2,20.0,173.33,26.0
Prabhsimran Singh,Brian Bennett,2,2,0,0,0,0,0.0,100.0,2.0
Shreyas Iyer,Yuzvendra Chahal,4,9,0,1,0,1,25.0,225.0,9.0
Devdutt Padikkal,Cameron Green,4,5,0,0,0,0,0.0,125.0,5.0
Rajat Patidar,Scott Curie,5,4,1,2,0,0,40.0,80.0,4.0
Ravindra Jadeja,Scott Curie,9,16,0,1,2,0,11.11,177.78,16.0
Rahul Tripathi,Manav Suthar,2,0,1,2,0,0,100.0,0.0,0.0
Bipin Saurabh,Ashok Sharma,4,5,0,0,0,0,0.0,125.0,5.0
Bipin Saurabh,Prashant Veer,3,2,1,1,0,0,33.33,66.67,2.0
Rajat Patidar,Prashant Veer,3,4,0,0,0,0,0.0,133.33,4.0
Rajat Patidar,Ravi Bishnoi,5,5,1,1,0,0,20.0,100.0,5.0
Aneurin Donald,Harsh Dubey,6,10,1,2,0,1,33.33,166.67,10.0
Ashok Sharma,Yuzvendra Chahal,3,6,0,0,1,0,0.0,200.0,6.0
Rahul Tripathi,Yuzvendra Chahal,2,2,0,0,0,0,0.0,100.0,2.0
Rahul Tripathi,Brian Bennett,3,1,0,2,0,0,66.67,33.33,1.0
Rohit Sharma,Brian Bennett,4,11,0,0,0,1,0.0,275.0,11.0
Ravi Bishnoi,Hardik Pandya,1,0,1,1,0,0,100.0,0.0,0.0
Nishan Peiris,Hardik Pandya,1,0,1,1,0,0,100.0,0.0,0.0
Abhishek Sharma,Mayank Yadav,8,11,1,1,0,0,12.5,137.5,11.0
Deepak Hooda,Mayank Yadav,1,2,0,0,0,0,0.0,200.0,2.0
Christopher Britz,Mitchell Starc,4,9,1,1,2,0,25.0,225.0,9.0
Christopher Britz,Mayank Yadav,5,12,0,2,1,1,40.0,240.0,12.0
Ismat Alam,Mitchell Starc,3,5,0,0,0,0,0.0,166.67,5.0
Ismat Alam,Mayank Yadav,3,2,0,1,0,0,33.33,66.67,2.0
Glenn Phillips,Mayank Yadav,1,4,0,0,1,0,0.0,400.0,4.0
Ismat Alam,Lungi Ngidi,6,11,0,0,0,0,0.0,183.33,11.0
Glenn Phillips,Craig Overton,8,6,0,3,0,0,37.5,75.0,6.0
Sdnv Prasad,Craig Overton,4,4,0,1,0,0,25.0,100.0,4.0
Ayush Mhatre,Arzan Nagwaswalla,5,7,0,1,0,0,20.0,140.0,7.0
Sanju Samson,Arzan Nagwaswalla,1,1,0,0,0,0,0.0,100.0,1.0
Sanju Samson,Jai Moondra,5,9,0,0,1,0,0.0,180.0,9.0
Ayush Mhatre,Jai Moondra,7,19,0,0,0,2,0.0,271.43,19.0
Sanju Samson,Ismat Alam,2,1,1,1,0,0,50.0,50.0,1.0
Mukul Choudhary,Ismat Alam,9,10,1,1,0,0,11.11,111.11,10.0
Riyan Parag,Ismat Alam,7,9,0,1,1,0,14.29,128.57,9.0
Riyan Parag,Arzan Nagwaswalla,8,3,1,5,0,0,62.5,37.5,3.0
Mukul Choudhary,Arzan Nagwaswalla,3,5,0,0,0,0,0.0,166.67,5.0
Riyan Parag,Jai Moondra,3,4,0,0,0,0,0.0,133.33,4.0
Mukul Choudhary,Jai Moondra,3,4,0,0,0,0,0.0,133.33,4.0
Mridul Surroch,Arzan Nagwaswalla,1,1,0,0,0,0,0.0,100.0,1.0
Mridul Surroch,Jai Moondra,3,5,1,1,1,0,33.33,166.67,5.0
Sairaj Patil,Jai Moondra,2,5,0,0,1,0,0.0,250.0,5.0
Karan Shinde,Jai Moondra,1,1,0,0,0,0,0.0,100.0,1.0
Sairaj Patil,Dian Forrester,2,4,1,1,1,0,50.0,200.0,4.0
Craig Overton,Dian Forrester,1,0,1,1,0,0,100.0,0.0,0.0
Mitchell Starc,Dian Forrester,2,2,0,1,0,0,50.0,100.0,2.0
Karan Shinde,Ismat Alam,2,1,0,1,0,0,50.0,50.0,1.0
Mitchell Starc,Ismat Alam,4,3,0,2,0,0,50.0,75.0,3.0
Mitchell Starc,Arzan Nagwaswalla,3,1,0,2,0,0,66.67,33.33,1.0
Karan Shinde,Arzan Nagwaswalla,3,0,1,3,0,0,100.0,0.0,0.0
Deepak Hooda,Lance Morris,6,6,0,1,0,0,16.67,100.0,6.0
Abhishek Sharma,Brian Bennett,3,3,0,1,0,0,33.33,100.0,3.0
Sdnv Prasad,Lance Morris,1,1,0,0,0,0,0.0,100.0,1.0
Ismat Alam,Arshdeep Singh,3,4,0,0,0,0,0.0,133.33,4.0
Dian Forrester,Brian Bennett,3,4,0,0,0,0,0.0,133.33,4.0
Ismat Alam,Brian Bennett,3,1,0,2,0,0,66.67,33.33,1.0
Jai Moondra,Tripuresh Singh,2,3,0,0,0,0,0.0,150.0,3.0
Jasprit Bumrah,Tripuresh Singh,1,1,0,0,0,0,0.0,100.0,1.0
Jasprit Bumrah,Lance Morris,2,2,0,0,0,0,0.0,100.0,2.0
Jai Moondra,Lance Morris,4,5,0,1,0,0,25.0,125.0,5.0
Rajat Patidar,Jai Moondra,9,13,0,0,0,0,0.0,144.44,13.0
Rajat Patidar,Arzan Nagwaswalla,10,18,0,3,1,1,30.0,180.0,18.0
Deepak Hooda,Arzan Nagwaswalla,6,9,1,1,0,0,16.67,150.0,9.0
Sdnv Prasad,Arzan Nagwaswalla,13,35,0,2,4,2,15.38,269.23,35.0
Sdnv Prasad,Jai Moondra,7,10,0,2,0,1,28.57,142.86,10.0
Deepak Hooda,Jai Moondra,8,15,0,0,1,0,0.0,187.5,15.0
Deepak Hooda,Ismat Alam,4,6,0,0,0,0,0.0,150.0,6.0
Sdnv Prasad,Ismat Alam,9,22,0,0,2,1,0.0,244.44,22.0
Christopher Britz,Arzan Nagwaswalla,5,6,0,0,0,0,0.0,120.0,6.0
Christopher Britz,Jai Moondra,9,11,0,3,1,0,33.33,122.22,11.0
Christopher Britz,Ismat Alam,11,21,0,1,1,1,9.09,190.91,21.0
Christopher Britz,Dian Forrester,6,9,0,2,1,0,33.33,150.0,9.0
Christopher Britz,Jasprit Bumrah,12,21,0,2,1,1,16.67,175.0,21.0
Mitchell Marsh,Arzan Nagwaswalla,15,24,0,3,2,0,20.0,160.0,24.0
Sanvir Singh,Deepak Hooda,1,0,1,1,0,0,100.0,0.0,0.0
Rinku Singh,Deepak Hooda,5,8,0,0,1,0,0.0,160.0,8.0
Rinku Singh,Jasprit Bumrah,4,5,0,1,0,0,25.0,125.0,5.0
Rinku Singh,Dian Forrester,9,17,0,1,1,1,11.11,188.89,17.0
Matt Short,Arzan Nagwaswalla,3,2,0,1,0,0,33.33,66.67,2.0
Rinku Singh,Arzan Nagwaswalla,6,14,0,0,1,1,0.0,233.33,14.0
Axar Patel,Arzan Nagwaswalla,3,3,0,0,0,0,0.0,100.0,3.0
Christopher Britz,Matt Short,5,14,1,1,0,2,20.0,280.0,14.0
Glenn Phillips,Lasith Embuldeniya,3,1,1,2,0,0,66.67,33.33,1.0
Rachin Ravindra,Lasith Embuldeniya,9,17,0,2,1,1,22.22,188.89,17.0
Rachin Ravindra,Dushan Hemantha,4,6,0,1,0,0,25.0,150.0,6.0
Ruturaj Gaikwad,Ashok Sharma,3,3,0,0,0,0,0.0,100.0,3.0
Ruturaj Gaikwad,Sonny Baker,8,10,0,1,0,0,12.5,125.0,10.0
Ruturaj Gaikwad,Kranthi Kumar,8,17,0,1,1,1,12.5,212.5,17.0
Ruturaj Gaikwad,Corbin Bosch,6,9,1,1,0,0,16.67,150.0,9.0
Ruturaj Gaikwad,Cameron Green,4,9,0,0,1,0,0.0,225.0,9.0
Marcus Stoinis,Cameron Green,2,6,0,1,0,1,50.0,300.0,6.0
Marcus Stoinis,Ravi Bishnoi,6,19,0,0,2,1,0.0,316.67,19.0
Sai Kishore,Corbin Bosch,3,4,0,0,0,0,0.0,133.33,4.0
Nimesh Vimukthi,Ravi Bishnoi,3,8,0,0,0,1,0.0,266.67,8.0
Sai Kishore,Ravi Bishnoi,5,6,0,0,0,0,0.0,120.0,6.0
Nimesh Vimukthi,Corbin Bosch,3,5,1,1,1,0,33.33,166.67,5.0
Karan Lal,Corbin Bosch,1,1,0,0,0,0,0.0,100.0,1.0
Sai Kishore,Sonny Baker,3,1,0,2,0,0,66.67,33.33,1.0
Sai Kishore,Kranthi Kumar,6,8,0,0,0,0,0.0,133.33,8.0
Sai Kishore,Ashok Sharma,4,5,1,1,0,0,25.0,125.0,5.0
Shivam Mavi,Ashok Sharma,1,1,0,0,0,0,0.0,100.0,1.0
Dunith Wellalage,Ashok Sharma,1,0,1,1,0,0,100.0,0.0,0.0
Shivam Mavi,Sonny Baker,1,1,0,0,0,0,0.0,100.0,1.0
Ottneil Baartman,Sonny Baker,1,0,1,1,0,0,100.0,0.0,0.0
Smaran Ravichandra,Nimesh Vimukthi,9,21,0,4,0,2,44.44,233.33,21.0
Tim Seifert,Nimesh Vimukthi,8,14,1,3,3,0,37.5,175.0,14.0
Tim Seifert,Sai Kishore,7,9,0,1,1,0,14.29,128.57,9.0
Smaran Ravichandra,Sai Kishore,5,15,0,0,0,2,0.0,300.0,15.0
Smaran Ravichandra,Karan Lal,2,2,0,0,0,0,0.0,100.0,2.0
Rahul Tripathi,Ottneil Baartman,4,14,0,0,1,1,0.0,350.0,14.0
Rahul Tripathi,Nimesh Vimukthi,7,11,0,1,1,0,14.29,157.14,11.0
Rahul Tripathi,Dunith Wellalage,4,8,0,0,1,0,0.0,200.0,8.0
Priyansh Arya,Will Jacks,9,14,1,3,2,0,33.33,155.56,14.0
Kusal Mendis,Will Jacks,8,11,1,1,0,0,12.5,137.5,11.0
Kusal Mendis,Scott Curie,7,7,0,0,0,0,0.0,100.0,7.0
Kusal Mendis,Manav Suthar,4,6,0,0,0,0,0.0,150.0,6.0
Harry Brook,Shubham Agarwal,3,3,1,1,0,0,33.33,100.0,3.0
Chris Lynn,Prince Yadav,17,22,1,2,1,0,11.76,129.41,22.0
Chris Lynn,Calvin Harrison,13,22,1,4,3,0,30.77,169.23,22.0
Will Jacks,Saransh Jain,6,8,1,1,1,0,16.67,133.33,8.0
Chris Lynn,Saransh Jain,9,15,0,0,0,1,0.0,166.67,15.0
Will Jacks,Calvin Harrison,3,8,0,0,0,1,0.0,266.67,8.0
Prabhsimran Singh,Chamika Gunasekara,6,8,1,2,1,0,33.33,133.33,8.0
Devdutt Padikkal,Chamika Gunasekara,4,4,0,0,0,0,0.0,100.0,4.0
Shreyas Iyer,Chamika Gunasekara,2,2,0,0,0,0,0.0,100.0,2.0
Ayush Mhatre,Yash Thakur,6,9,0,0,0,0,0.0,150.0,9.0
Sanju Samson,Yash Thakur,11,26,0,2,2,2,18.18,236.36,26.0
Will Jacks,Varun Chakravarthy,7,8,0,0,0,0,0.0,114.29,8.0
Will Jacks,Josh Tongue,12,19,0,1,2,0,8.33,158.33,19.0
Ayush Mhatre,Matthew Forde,8,25,0,0,0,3,0.0,312.5,25.0
Sanju Samson,Matthew Forde,10,17,0,2,2,0,20.0,170.0,17.0
Ayush Mhatre,Vidwath Kaverappa,9,26,0,1,2,2,11.11,288.89,26.0
Sanju Samson,Vidwath Kaverappa,9,13,0,2,0,1,22.22,144.44,13.0
Chris Lynn,Chamika Gunasekara,1,0,1,1,0,0,100.0,0.0,0.0
Shubham Agarwal,Chamika Gunasekara,4,5,0,0,0,0,0.0,125.0,5.0
Will Jacks,Chamika Gunasekara,7,12,0,1,0,1,14.29,171.43,12.0
Shubham Agarwal,Josh Tongue,3,3,0,0,0,0,0.0,100.0,3.0
Mukul Choudhary,Vidwath Kaverappa,6,9,0,0,1,0,0.0,150.0,9.0
Mukul Choudhary,Matthew Forde,6,6,0,1,0,0,16.67,100.0,6.0
Mukul Choudhary,Yash Thakur,7,16,0,0,1,1,0.0,228.57,16.0
Mukul Choudhary,Mohsin Khan,7,7,0,2,0,0,28.57,100.0,7.0
Ravi Singh,Bhuvneshwar Kumar,4,8,0,0,1,0,0.0,200.0,8.0
Ravi Singh,Shubham Agarwal,13,20,0,3,0,1,23.08,153.85,20.0
Ravi Singh,Manav Suthar,6,5,1,2,0,0,33.33,83.33,5.0
Ravi Singh,Scott Curie,4,6,0,1,0,0,25.0,150.0,6.0
Yashasvi Jaiswal,Scott Curie,2,7,0,0,0,1,0.0,350.0,7.0
Abhimanyu Easwaran,Manav Suthar,5,15,0,1,2,1,20.0,300.0,15.0
Abhimanyu Easwaran,Shubham Agarwal,2,5,0,0,1,0,0.0,250.0,5.0
Suryakumar Yadav,Manav Suthar,7,8,0,4,0,1,57.14,114.29,8.0
Joel Davies,Mayank Yadav,5,10,0,1,0,1,20.0,200.0,10.0
Shubman Gill,Mayank Yadav,3,7,0,1,0,1,33.33,233.33,7.0
Suryakumar Yadav,Bhuvneshwar Kumar,5,13,0,1,1,1,20.0,260.0,13.0
Abhimanyu Easwaran,Bhuvneshwar Kumar,1,1,0,0,0,0,0.0,100.0,1.0
Abhimanyu Easwaran,Scott Curie,3,11,0,0,1,1,0.0,366.67,11.0
Suryakumar Yadav,Scott Curie,1,4,0,0,1,0,0.0,400.0,4.0
Ishan Kishan,Mayank Yadav,4,13,0,0,3,0,0.0,325.0,13.0
Ruchit Ahir,Riyan Parag,2,2,0,0,0,0,0.0,100.0,2.0
Ruturaj Gaikwad,Riyan Parag,2,3,0,0,0,0,0.0,150.0,3.0
Ruturaj Gaikwad,Craig Overton,5,6,0,0,0,0,0.0,120.0,6.0
Ruturaj Gaikwad,Sairaj Patil,6,8,0,2,1,0,33.33,133.33,8.0
Ruturaj Gaikwad,Lungi Ngidi,2,6,1,1,0,1,50.0,300.0,6.0
Karan Lal,Craig Overton,7,18,0,0,3,0,0.0,257.14,18.0
Matthew Forde,Mitchell Starc,1,0,1,1,0,0,100.0,0.0,0.0
Mohsin Khan,Mitchell Starc,2,5,0,0,1,0,0.0,250.0,5.0
Mohsin Khan,Lungi Ngidi,5,8,1,3,0,1,60.0,160.0,8.0
Vidwath Kaverappa,Lungi Ngidi,1,0,0,1,0,0,100.0,0.0,0.0
Jos Buttler,Jasprit Bumrah,14,35,0,5,0,5,35.71,250.0,35.0
Vaibhav Suryavanshi,Arzan Nagwaswalla,7,5,1,3,0,0,42.86,71.43,5.0
Jos Buttler,Arzan Nagwaswalla,12,18,0,2,2,0,16.67,150.0,18.0
Jos Buttler,Dian Forrester,17,35,1,1,3,1,5.88,205.88,35.0
Jos Buttler,Rachin Ravindra,6,10,0,1,1,0,16.67,166.67,10.0
Jos Buttler,Praveen Jayawickrama,7,21,0,0,1,2,0.0,300.0,21.0
Jos Buttler,Abhishek Sharma,1,1,0,0,0,0,0.0,100.0,1.0
Vaibhav Suryavanshi,Abhishek Sharma,4,14,1,1,2,1,25.0,350.0,14.0
Sai Sudharsan,Abhishek Sharma,1,1,0,0,0,0,0.0,100.0,1.0
Jos Buttler,Deepak Hooda,8,12,0,2,0,1,25.0,150.0,12.0
Sai Sudharsan,Arzan Nagwaswalla,8,19,0,2,0,2,25.0,237.5,19.0
Yashvardhan Dalal,Rachin Ravindra,6,7,0,0,0,0,0.0,116.67,7.0
Sai Sudharsan,Rachin Ravindra,6,8,0,0,0,0,0.0,133.33,8.0
Yashvardhan Dalal,Arzan Nagwaswalla,4,3,1,2,0,0,50.0,75.0,3.0
Deepak Hooda,Jaydev Unadkat,9,6,2,4,0,0,44.44,66.67,3.0
Deepak Hooda,Liam Livingstone,2,2,0,0,0,0,0.0,100.0,2.0
Sdnv Prasad,Prasidh Krishna,23,39,0,5,2,2,21.74,169.57,39.0
Deepak Hooda,Prasidh Krishna,6,5,0,1,0,0,16.67,83.33,5.0
Christopher Britz,Jaydev Unadkat,12,26,0,4,4,1,33.33,216.67,26.0
Christopher Britz,Prasidh Krishna,6,11,0,3,0,1,50.0,183.33,11.0
Sdnv Prasad,Mitchell Santner,14,37,0,0,4,2,0.0,264.29,37.0
Christopher Britz,Mitchell Santner,7,17,0,1,2,1,14.29,242.86,17.0
Christopher Britz,Mohammed Siraj,6,10,1,1,1,0,16.67,166.67,10.0
Glenn Phillips,Prasidh Krishna,5,8,0,0,0,0,0.0,160.0,8.0
Abhishek Sharma,Prasidh Krishna,1,1,0,0,0,0,0.0,100.0,1.0
Rachin Ravindra,Malinda Pushpakumara,2,3,0,0,0,0,0.0,150.0,3.0
Rachin Ravindra,Jaydev Unadkat,2,2,0,0,0,0,0.0,100.0,2.0
Dian Forrester,Prasidh Krishna,4,7,0,0,1,0,0.0,175.0,7.0
Lalit Yadav,Prasidh Krishna,2,2,0,0,0,0,0.0,100.0,2.0
Dian Forrester,Mitchell Santner,2,1,0,1,0,0,50.0,50.0,1.0
Lalit Yadav,Mitchell Santner,4,12,0,0,1,1,0.0,300.0,12.0
Liam Livingstone,Arzan Nagwaswalla,1,1,0,0,0,0,0.0,100.0,1.0
Liam Livingstone,Jai Moondra,6,4,0,2,0,0,33.33,66.67,4.0
Sai Sudharsan,Jai Moondra,4,7,1,2,0,1,50.0,175.0,7.0
Jos Buttler,Jai Moondra,5,13,1,2,0,2,40.0,260.0,13.0
Liam Livingstone,Ismat Alam,3,5,0,0,0,0,0.0,166.67,5.0
Jos Buttler,Ismat Alam,12,31,0,1,1,3,8.33,258.33,31.0
Mitchell Santner,Jasprit Bumrah,7,8,1,1,0,0,14.29,114.29,8.0
Mitchell Santner,Ismat Alam,3,2,0,1,0,0,33.33,66.67,2.0
Mitchell Santner,Dian Forrester,5,7,0,0,0,0,0.0,140.0,7.0
Mitchell Santner,Arzan Nagwaswalla,6,14,0,0,0,1,0.0,233.33,14.0
Mitchell Santner,Jai Moondra,3,1,0,2,0,0,66.67,33.33,1.0
Yashvardhan Dalal,Ismat Alam,3,9,0,0,0,1,0.0,300.0,9.0
Salil Arora,Ismat Alam,3,7,0,0,1,0,0.0,233.33,7.0
Salil Arora,Jai Moondra,4,7,0,0,1,0,0.0,175.0,7.0
Yashvardhan Dalal,Jai Moondra,2,2,0,0,0,0,0.0,100.0,2.0
Salil Arora,Arzan Nagwaswalla,3,4,0,0,0,0,0.0,133.33,4.0
Jaydev Unadkat,Arzan Nagwaswalla,1,1,0,0,0,0,0.0,100.0,1.0
Sai Sudharsan,Tripuresh Singh,12,15,2,6,1,1,50.0,125.0,7.5
Sai Sudharsan,Lance Morris,9,8,1,3,0,0,33.33,88.89,8.0
Vaibhav Suryavanshi,Lance Morris,14,8,0,7,0,0,50.0,57.14,8.0
Deepak Hooda,Mitchell Santner,3,4,0,0,0,0,0.0,133.33,4.0
Vaibhav Suryavanshi,Tripuresh Singh,14,16,3,7,1,1,50.0,114.29,5.33
Brian Bennett,Prasidh Krishna,24,44,0,7,4,2,29.17,183.33,44.0
Aneurin Donald,Prasidh Krishna,24,70,1,3,3,7,12.5,291.67,70.0
Aneurin Donald,Jaydev Unadkat,18,44,2,2,2,4,11.11,244.44,22.0
Brian Bennett,Jaydev Unadkat,18,28,0,4,2,1,22.22,155.56,28.0
Salil Arora,Lance Morris,6,15,0,0,1,1,0.0,250.0,15.0
Yashvardhan Dalal,Lance Morris,8,12,0,2,0,1,25.0,150.0,12.0
Christopher Britz,Malinda Pushpakumara,4,10,0,0,2,0,0.0,250.0,10.0
Mitchell Santner,Ravindra Jadeja,4,8,0,0,1,0,0.0,200.0,8.0
Mohammed Siraj,Ravindra Jadeja,2,1,1,1,0,0,50.0,50.0,1.0
Brian Bennett,Mitchell Santner,4,5,0,0,0,0,0.0,125.0,5.0
Mitchell Santner,Hardik Pandya,3,2,0,1,0,0,33.33,66.67,2.0
Jaydev Unadkat,Hardik Pandya,2,0,1,2,0,0,100.0,0.0,0.0
Brian Bennett,Liam Livingstone,8,20,0,2,3,1,25.0,250.0,20.0
Prasidh Krishna,Hardik Pandya,2,1,0,1,0,0,50.0,50.0,1.0
Prasidh Krishna,Tripuresh Singh,6,9,0,3,0,1,50.0,150.0,9.0
Prasidh Krishna,Lance Morris,4,5,1,1,0,0,25.0,125.0,5.0
Mitchell Santner,Lance Morris,2,7,0,0,0,1,0.0,350.0,7.0
Rajat Patidar,Mohammed Siraj,2,7,0,0,0,1,0.0,350.0,7.0
Rajat Patidar,Jaydev Unadkat,3,2,1,1,0,0,33.33,66.67,2.0
Jos Buttler,Lance Morris,12,27,0,3,4,1,25.0,225.0,27.0
Hardik Pandya,Prasidh Krishna,6,8,0,3,0,1,50.0,133.33,8.0
Kangabam Priyojit Singh,Prasidh Krishna,7,10,0,1,1,0,14.29,142.86,10.0
Christopher Britz,Liam Livingstone,2,0,0,2,0,0,100.0,0.0,0.0
Malinda Pushpakumara,Ravindra Jadeja,6,4,0,5,1,0,83.33,66.67,4.0
Mohammed Siraj,Vishen Halambage,4,0,0,4,0,0,100.0,0.0,0.0
Malinda Pushpakumara,Brian Bennett,3,3,0,1,0,0,33.33,100.0,3.0
Mohammed Siraj,Brian Bennett,1,0,1,1,0,0,100.0,0.0,0.0
Jaydev Unadkat,Brian Bennett,2,1,0,1,0,0,50.0,50.0,1.0
Priyansh Arya,Shubham Agarwal,8,11,0,2,1,0,25.0,137.5,11.0
Kusal Mendis,Shubham Agarwal,18,26,0,2,2,0,11.11,144.44,26.0
Kusal Mendis,Washington Sundar,19,33,0,0,4,0,0.0,173.68,33.0
Washington Sundar,Saransh Jain,19,30,1,5,1,2,26.32,157.89,30.0
Washington Sundar,Calvin Harrison,13,15,0,3,0,0,23.08,115.38,15.0
Washington Sundar,Shivam Dube,5,15,0,0,1,1,0.0,300.0,15.0
Ruchit Ahir,Sanvir Singh,6,9,0,0,1,0,0.0,150.0,9.0
Marcus Stoinis,Mohammed Shami,3,7,0,1,0,1,33.33,233.33,7.0
Mitchell Marsh,Vidwath Kaverappa,13,36,0,1,3,2,7.69,276.92,36.0
Luhan dre pretorious,Matthew Forde,3,3,0,0,0,0,0.0,100.0,3.0
Luhan dre pretorious,Marcus Stoinis,3,2,0,1,0,0,33.33,66.67,2.0
Mitchell Marsh,Nimesh Vimukthi,4,8,0,0,1,0,0.0,200.0,8.0
Luhan dre pretorious,Nimesh Vimukthi,2,5,0,0,1,0,0.0,250.0,5.0
Rinku Singh,Marcus Stoinis,2,2,0,0,0,0,0.0,100.0,2.0
Rinku Singh,Joel Davies,2,2,0,0,0,0,0.0,100.0,2.0
Rinku Singh,Vidwath Kaverappa,2,3,0,0,0,0,0.0,150.0,3.0
Matt Short,Marcus Stoinis,3,2,0,1,0,0,33.33,66.67,2.0
Chris Lynn,Sam Curran,7,11,0,1,1,0,14.29,157.14,11.0
Shreyas Iyer,Calvin Harrison,5,7,0,0,0,0,0.0,140.0,7.0
Brian Bennett,Binura Fernando,22,49,0,1,3,3,4.55,222.73,49.0
Kangabam Priyojit Singh,Ashish Singh,11,22,1,2,2,1,18.18,200.0,22.0
Brian Bennett,Ashish Singh,14,19,1,4,1,1,28.57,135.71,19.0
Kangabam Priyojit Singh,Matt Short,1,1,0,0,0,0,0.0,100.0,1.0
Brian Bennett,Mitchell Marsh,10,18,0,1,1,1,10.0,180.0,18.0
Kangabam Priyojit Singh,Lasith Embuldeniya,18,38,0,1,1,3,5.56,211.11,38.0
Brian Bennett,Lasith Embuldeniya,14,19,0,3,1,1,21.43,135.71,19.0
Shubham Agarwal,Rashid Khan,4,2,0,2,0,0,50.0,50.0,2.0
Shubham Agarwal,Sam Curran,4,8,0,1,0,1,25.0,200.0,8.0
Will Jacks,Sam Curran,8,24,0,0,0,3,0.0,300.0,24.0
Mitchell Marsh,Tripuresh Singh,11,5,0,6,0,0,54.55,45.45,5.0
Venkatesh Iyer,Tripuresh Singh,13,38,0,2,4,3,15.38,292.31,38.0
Shubham Agarwal,Saransh Jain,3,1,0,2,0,0,66.67,33.33,1.0
Shubham Agarwal,Calvin Harrison,4,2,0,2,0,0,50.0,50.0,2.0
Venkatesh Iyer,Lance Morris,17,18,1,6,2,0,35.29,105.88,18.0
Sanvir Singh,Lance Morris,1,0,1,1,0,0,100.0,0.0,0.0
Luhan dre pretorious,Lance Morris,2,1,0,1,0,0,50.0,50.0,1.0
Luhan dre pretorious,Tripuresh Singh,1,0,1,1,0,0,100.0,0.0,0.0
Rinku Singh,Tripuresh Singh,3,3,0,0,0,0,0.0,100.0,3.0
Rinku Singh,Lance Morris,5,8,1,2,0,1,40.0,160.0,8.0
Rinku Singh,Arshdeep Singh,4,3,0,1,0,0,25.0,75.0,3.0
Rinku Singh,Vishen Halambage,4,4,1,1,0,0,25.0,100.0,4.0
Matt Short,Lance Morris,4,8,0,0,0,0,0.0,200.0,8.0
Mohammed Shami,Lance Morris,1,0,1,1,0,0,100.0,0.0,0.0
Binura Fernando,Lance Morris,3,10,0,0,0,1,0.0,333.33,10.0
Matt Short,Tripuresh Singh,2,9,0,0,0,1,0.0,450.0,9.0
Binura Fernando,Tripuresh Singh,2,4,1,1,1,0,50.0,200.0,4.0
Lasith Embuldeniya,Tripuresh Singh,2,3,0,0,0,0,0.0,150.0,3.0
Lasith Embuldeniya,Vishen Halambage,4,6,0,0,0,0,0.0,150.0,6.0
Lasith Embuldeniya,Hardik Pandya,4,3,1,1,0,0,25.0,75.0,3.0
Lasith Embuldeniya,Lance Morris,3,3,0,0,0,0,0.0,100.0,3.0
Lasith Embuldeniya,Arshdeep Singh,4,5,0,0,0,0,0.0,125.0,5.0
Matt Short,Arshdeep Singh,3,2,1,1,0,0,33.33,66.67,2.0
Ashish Singh,Hardik Pandya,2,3,0,0,0,0,0.0,150.0,3.0
Kusal Mendis,Mohammed Shami,19,31,0,2,1,1,10.53,163.16,31.0
Kusal Mendis,Arpit Vasavada,21,19,0,5,0,0,23.81,90.48,19.0
Kusal Mendis,Mitchell Marsh,8,12,1,1,0,1,12.5,150.0,12.0
Priyansh Arya,Mohammed Shami,9,11,1,2,1,0,22.22,122.22,11.0
Kusal Mendis,Akeal Hosein,9,10,0,2,1,0,22.22,111.11,10.0
Priyansh Arya,Akeal Hosein,4,3,1,1,0,0,25.0,75.0,3.0
Priyansh Arya,Axar Patel,3,4,0,0,0,0,0.0,133.33,4.0
Kusal Mendis,Axar Patel,20,22,0,5,1,0,25.0,110.0,22.0
Kusal Mendis,Lasith Embuldeniya,19,40,1,3,2,3,15.79,210.53,40.0
Harry Brook,Lasith Embuldeniya,16,14,2,5,0,0,31.25,87.5,7.0
Virat Singh,Lasith Embuldeniya,13,17,0,2,1,0,15.38,130.77,17.0
Sam Curran,Lasith Embuldeniya,6,9,0,3,0,1,50.0,150.0,9.0
Venkatesh Iyer,Rashid Khan,19,24,1,2,1,0,10.53,126.32,24.0
David Warner,Rashid Khan,20,19,1,5,0,0,25.0,95.0,19.0
David Warner,Prince Yadav,20,25,0,2,0,0,10.0,125.0,25.0
Venkatesh Iyer,Prince Yadav,20,33,0,0,1,1,0.0,165.0,33.0
Venkatesh Iyer,Calvin Harrison,19,24,0,3,2,0,15.79,126.32,24.0
David Warner,Calvin Harrison,14,21,0,2,0,1,14.29,150.0,21.0
David Warner,Saransh Jain,15,27,1,6,1,3,40.0,180.0,27.0
Venkatesh Iyer,Saransh Jain,14,25,0,4,1,2,28.57,178.57,25.0
Matt Short,Saransh Jain,8,19,0,1,4,0,12.5,237.5,19.0
Mitchell Marsh,Rashid Khan,3,1,0,2,0,0,66.67,33.33,1.0
Matt Short,Prince Yadav,4,4,0,0,0,0,0.0,100.0,4.0
Mitchell Marsh,Prince Yadav,1,0,1,1,0,0,100.0,0.0,0.0
Sanvir Singh,Prince Yadav,3,2,0,1,0,0,33.33,66.67,2.0
Sanvir Singh,Calvin Harrison,3,1,1,2,0,0,66.67,33.33,1.0
Matt Short,Calvin Harrison,9,14,0,2,2,0,22.22,155.56,14.0
Sanvir Singh,Saransh Jain,4,2,0,2,0,0,50.0,50.0,2.0
Rinku Singh,Calvin Harrison,3,4,0,0,0,0,0.0,133.33,4.0
Rinku Singh,Saransh Jain,1,1,0,0,0,0,0.0,100.0,1.0
Rinku Singh,Sam Curran,5,9,0,0,0,0,0.0,180.0,9.0
Rinku Singh,Rashid Khan,1,0,0,1,0,0,100.0,0.0,0.0
Axar Patel,Prince Yadav,4,9,0,0,0,1,0.0,225.0,9.0
Rinku Singh,Prince Yadav,3,13,0,0,0,2,0.0,433.33,13.0
KL Rahul,Lasith Embuldeniya,6,11,0,0,1,0,0.0,183.33,11.0
Harry Brook,Mitchell Marsh,1,1,0,0,0,0,0.0,100.0,1.0
Priyansh Arya,Gurinder Singh,5,6,0,0,0,0,0.0,120.0,6.0
Priyansh Arya,Matthew Forde,5,4,1,1,0,0,20.0,80.0,4.0
Priyansh Arya,Sai Kishore,6,8,0,1,1,0,16.67,133.33,8.0
Priyansh Arya,Joel Davies,6,11,0,1,0,1,16.67,183.33,11.0
Harry Brook,Sai Kishore,3,3,0,1,0,0,33.33,100.0,3.0
Kusal Mendis,Sai Kishore,1,0,1,1,0,0,100.0,0.0,0.0
Shivam Dube,Sai Kishore,3,6,0,0,0,0,0.0,200.0,6.0
Virat Singh,Matthew Forde,6,17,1,2,1,2,33.33,283.33,17.0
Shivam Dube,Matthew Forde,5,14,0,0,1,1,0.0,280.0,14.0
Joel Davies,Shivam Dube,4,8,0,1,0,1,25.0,200.0,8.0
Shubman Gill,Calvin Harrison,12,12,0,2,0,0,16.67,100.0,12.0
Joel Davies,Calvin Harrison,12,19,0,2,0,1,16.67,158.33,19.0
Shubman Gill,Saransh Jain,11,15,0,2,1,0,18.18,136.36,15.0
Joel Davies,Saransh Jain,7,7,0,1,0,0,14.29,100.0,7.0
Shubman Gill,Gareth Delany,21,29,0,1,1,0,4.76,138.1,29.0
Joel Davies,Gareth Delany,12,10,2,4,0,0,33.33,83.33,5.0
Ruturaj Gaikwad,Sahan Arachchige,6,5,1,2,0,0,33.33,83.33,5.0
Matthew Forde,Kuldeep Yadav,7,8,1,1,0,0,14.29,114.29,8.0
Ryan Rickelton,Maheesh Theekshana,12,12,2,3,0,0,25.0,100.0,6.0
Yashasvi Jaiswal,Maheesh Theekshana,21,25,1,8,1,1,38.1,119.05,25.0
Ryan Rickelton,Sai Kishore,4,12,0,0,2,0,0.0,300.0,12.0
Yashasvi Jaiswal,Sai Kishore,19,38,1,1,1,2,5.26,200.0,38.0
Ravi Singh,Gurinder Singh,9,9,1,4,0,0,44.44,100.0,9.0
Abhimanyu Easwaran,Gurinder Singh,11,7,2,5,0,0,45.45,63.64,3.5
Abhimanyu Easwaran,Maheesh Theekshana,5,5,0,0,0,0,0.0,100.0,5.0
Suryakumar Yadav,Maheesh Theekshana,7,3,0,4,0,0,57.14,42.86,3.0
Suryakumar Yadav,Gurinder Singh,14,20,0,4,2,0,28.57,142.86,20.0
Suryakumar Yadav,Sai Kishore,9,7,0,2,0,0,22.22,77.78,7.0
Abhimanyu Easwaran,Sai Kishore,11,20,0,2,2,1,18.18,181.82,20.0
Suryakumar Yadav,Matthew Forde,8,18,0,2,2,1,25.0,225.0,18.0
Gareth Delany,Gurinder Singh,4,7,0,0,1,0,0.0,175.0,7.0
Gareth Delany,Maheesh Theekshana,2,8,0,0,0,1,0.0,400.0,8.0
Ishan Kishan,Gareth Delany,8,12,0,2,0,1,25.0,150.0,12.0
Ruturaj Gaikwad,Vaisakh Chandran,4,6,0,0,0,0,0.0,150.0,6.0
Ruturaj Gaikwad,Gareth Delany,7,10,1,1,1,0,14.29,142.86,10.0
Ruturaj Gaikwad,Kuldeep Yadav,9,18,0,2,2,1,22.22,200.0,18.0
Ruchit Ahir,Gareth Delany,9,8,0,5,1,0,55.56,88.89,8.0
Ruturaj Gaikwad,Varun Chakravarthy,3,1,1,2,0,0,66.67,33.33,1.0
Matthew Forde,Varun Chakravarthy,9,9,2,2,0,0,22.22,100.0,4.5
Matthew Forde,Sahan Arachchige,3,5,0,1,1,0,33.33,166.67,5.0
Sai Kishore,Sahan Arachchige,1,0,1,1,0,0,100.0,0.0,0.0
Maheesh Theekshana,Sahan Arachchige,1,1,0,0,0,0,0.0,100.0,1.0
Maheesh Theekshana,Varun Chakravarthy,1,1,0,0,0,0,0.0,100.0,1.0
Ravi Singh,Maheesh Theekshana,9,8,1,3,0,0,33.33,88.89,8.0
Ravi Singh,Sai Kishore,5,10,0,1,2,0,20.0,200.0,10.0
Ravi Singh,Matthew Forde,7,7,0,1,0,0,14.29,100.0,7.0
Dasun Shanaka,Sai Kishore,4,12,0,0,0,1,0.0,300.0,12.0
Ruturaj Gaikwad,Shubham Agarwal,6,5,1,1,0,0,16.67,83.33,5.0
Ruturaj Gaikwad,Washington Sundar,5,9,0,1,1,0,20.0,180.0,9.0
Ruturaj Gaikwad,Scott Curie,2,2,0,0,0,0,0.0,100.0,2.0
Mohsin Khan,Scott Curie,3,3,0,0,0,0,0.0,100.0,3.0
Mohsin Khan,Bhuvneshwar Kumar,2,1,0,1,0,0,50.0,50.0,1.0
Prabhsimran Singh,Yash Thakur,11,21,0,1,3,0,9.09,190.91,21.0
Prabhsimran Singh,Mohsin Khan,2,2,0,0,0,0,0.0,100.0,2.0
Prabhsimran Singh,Matthew Forde,8,28,1,1,2,3,12.5,350.0,28.0
Sdnv Prasad,Ashwin Das,5,14,0,0,1,1,0.0,280.0,14.0
Deepak Hooda,Ashwin Das,9,17,0,2,0,1,22.22,188.89,17.0
Deepak Hooda,Isitha Wijesundara,6,16,0,0,3,0,0.0,266.67,16.0
Sdnv Prasad,Isitha Wijesundara,3,8,0,0,0,1,0.0,266.67,8.0
Rinku Singh,Shubham Agarwal,2,2,0,0,0,0,0.0,100.0,2.0
Rinku Singh,Washington Sundar,3,8,0,0,0,1,0.0,266.67,8.0
Prabhsimran Singh,Akeal Hosein,3,2,0,1,0,0,33.33,66.67,2.0
Prabhsimran Singh,Mohammed Shami,4,3,1,1,0,0,25.0,75.0,3.0
Shubham Agarwal,Axar Patel,4,4,1,1,0,0,25.0,100.0,4.0
Shubham Agarwal,Matt Short,2,1,0,1,0,0,50.0,50.0,1.0
Virat Kohli,Lasith Embuldeniya,11,24,0,1,1,2,9.09,218.18,24.0
Ryan Rickelton,Tripuresh Singh,5,9,0,2,0,1,40.0,180.0,9.0
Yashasvi Jaiswal,Tripuresh Singh,7,7,0,0,0,0,0.0,100.0,7.0
Yashasvi Jaiswal,Lance Morris,12,22,2,4,1,2,33.33,183.33,11.0
Ryan Rickelton,Lance Morris,2,0,1,2,0,0,100.0,0.0,0.0
Ravi Singh,Lance Morris,1,1,0,0,0,0,0.0,100.0,1.0
Abhimanyu Easwaran,Lance Morris,6,5,0,1,0,0,16.67,83.33,5.0
Suryakumar Yadav,Lance Morris,8,10,0,2,1,0,25.0,125.0,10.0
Suryakumar Yadav,Arshdeep Singh,5,16,0,0,2,1,0.0,320.0,16.0
Suryakumar Yadav,Hardik Pandya,4,1,0,3,0,0,75.0,25.0,1.0
Abhimanyu Easwaran,Hardik Pandya,2,1,0,1,0,0,50.0,50.0,1.0
Abhimanyu Easwaran,Brian Bennett,4,8,0,1,0,1,25.0,200.0,8.0
Suryakumar Yadav,Brian Bennett,6,13,0,1,1,1,16.67,216.67,13.0
Suryakumar Yadav,Ravindra Jadeja,9,14,0,5,0,2,55.56,155.56,14.0
Josh Tongue,Ravindra Jadeja,2,0,2,2,0,0,100.0,0.0,0.0
Varun Chakravarthy,Brian Bennett,2,0,0,2,0,0,100.0,0.0,0.0
Chamika Gunasekara,Ravindra Jadeja,2,0,0,2,0,0,100.0,0.0,0.0
Chamika Gunasekara,Arshdeep Singh,5,0,0,5,0,0,100.0,0.0,0.0
Ashwin Das,Arshdeep Singh,5,9,0,2,0,1,40.0,180.0,9.0
Liam Livingstone,Lance Morris,4,1,1,3,0,0,75.0,25.0,1.0
Harpreet Brar,Ravindra Jadeja,7,16,0,1,3,0,14.29,228.57,16.0
Harpreet Brar,Brian Bennett,2,1,0,1,0,0,50.0,50.0,1.0
Ashwin Das,Brian Bennett,4,5,0,2,1,0,50.0,125.0,5.0
Brian Bennett,CV Stephen,2,2,0,0,0,0,0.0,100.0,2.0
Priyansh Arya,Ravindra Jadeja,4,6,0,0,0,0,0.0,150.0,6.0
Priyansh Arya,Brian Bennett,4,4,1,1,0,0,25.0,100.0,4.0
KL Rahul,Lance Morris,12,25,0,0,0,2,0.0,208.33,25.0
Priyansh Arya,Lance Morris,6,8,0,0,0,0,0.0,133.33,8.0
Priyansh Arya,Hardik Pandya,2,4,0,0,0,0,0.0,200.0,4.0
Kusal Mendis,Brian Bennett,3,3,0,0,0,0,0.0,100.0,3.0
Kusal Mendis,Hardik Pandya,4,7,0,1,1,0,25.0,175.0,7.0
KL Rahul,Tripuresh Singh,15,10,1,7,0,0,46.67,66.67,10.0
Kusal Mendis,Tripuresh Singh,12,13,0,4,1,0,33.33,108.33,13.0
Kusal Mendis,Lance Morris,4,8,0,1,0,1,25.0,200.0,8.0
Jitesh Sharma,Calvin Harrison,2,1,1,1,0,0,50.0,50.0,1.0
Jitesh Sharma,Saransh Jain,8,5,0,5,0,0,62.5,62.5,5.0
Ryan Rickelton,Yuzvendra Chahal,7,10,0,3,1,0,42.86,142.86,10.0
Sahan Arachchige,Yuzvendra Chahal,1,2,0,0,0,0,0.0,200.0,2.0
Jos Buttler,Chamika Gunasekara,5,14,1,2,2,1,40.0,280.0,14.0
Sai Sudharsan,Chamika Gunasekara,9,13,1,2,1,0,22.22,144.44,13.0
Sai Sudharsan,Josh Tongue,4,6,0,0,0,0,0.0,150.0,6.0
Vaibhav Suryavanshi,Josh Tongue,5,5,0,0,0,0,0.0,100.0,5.0
Vaibhav Suryavanshi,Chamika Gunasekara,2,2,0,0,0,0,0.0,100.0,2.0
Liam Livingstone,Josh Tongue,3,4,0,0,0,0,0.0,133.33,4.0
Sunil Narine,Sahan Arachchige,1,0,1,1,0,0,100.0,0.0,0.0
Salil Arora,Chamika Gunasekara,3,2,0,1,0,0,33.33,66.67,2.0
Yashvardhan Dalal,Chamika Gunasekara,6,6,1,2,0,0,33.33,100.0,6.0
Prasidh Krishna,Varun Chakravarthy,9,17,1,3,1,1,33.33,188.89,17.0
Prasidh Krishna,Josh Tongue,4,2,1,2,0,0,50.0,50.0,2.0
Salil Arora,Josh Tongue,1,0,1,1,0,0,100.0,0.0,0.0
Mohammed Siraj,Josh Tongue,2,0,1,2,0,0,100.0,0.0,0.0
Malinda Pushpakumara,Josh Tongue,4,8,1,1,1,0,25.0,200.0,8.0
Prasidh Krishna,Chamika Gunasekara,4,5,0,0,0,0,0.0,125.0,5.0
Malinda Pushpakumara,Chamika Gunasekara,2,2,0,0,0,0,0.0,100.0,2.0
Jaydev Unadkat,Josh Tongue,1,1,0,0,0,0,0.0,100.0,1.0
Yashasvi Jaiswal,Jaydev Unadkat,10,12,0,0,0,0,0.0,120.0,12.0
Yashasvi Jaiswal,Prasidh Krishna,9,7,2,2,0,0,22.22,77.78,3.5
Ryan Rickelton,Prasidh Krishna,7,10,1,1,1,0,14.29,142.86,10.0
Ryan Rickelton,Sunil Narine,2,1,1,1,0,0,50.0,50.0,1.0
Yashasvi Jaiswal,Liam Livingstone,7,8,0,0,0,0,0.0,114.29,8.0
Sahan Arachchige,Liam Livingstone,3,3,0,0,0,0,0.0,100.0,3.0
Sahan Arachchige,Prasidh Krishna,2,1,1,1,0,0,50.0,50.0,1.0
Abhimanyu Easwaran,Prasidh Krishna,18,39,0,1,1,3,5.56,216.67,39.0
Abhimanyu Easwaran,Mohammed Siraj,19,33,0,2,1,2,10.53,173.68,33.0
Abhimanyu Easwaran,Sunil Narine,4,5,0,0,0,0,0.0,125.0,5.0
Abhimanyu Easwaran,Jaydev Unadkat,16,13,0,3,0,0,18.75,81.25,13.0
Abhimanyu Easwaran,Malinda Pushpakumara,21,57,0,2,2,5,9.52,271.43,57.0
Abhimanyu Easwaran,Liam Livingstone,20,43,0,1,2,2,5.0,215.0,43.0
Suryakumar Yadav,Prasidh Krishna,4,4,0,0,0,0,0.0,100.0,4.0
Suryakumar Yadav,Jaydev Unadkat,6,11,0,0,0,1,0.0,183.33,11.0
Suryakumar Yadav,Liam Livingstone,4,3,0,1,0,0,25.0,75.0,3.0
Suryakumar Yadav,Malinda Pushpakumara,5,2,0,3,0,0,60.0,40.0,2.0
Prabhsimran Singh,Vishen Halambage,9,27,0,0,2,2,0.0,300.0,27.0
Chris Lynn,Tripuresh Singh,9,15,0,1,1,0,11.11,166.67,15.0
Chris Lynn,Lance Morris,3,3,0,0,0,0,0.0,100.0,3.0
Will Jacks,Lance Morris,8,18,0,2,2,1,25.0,225.0,18.0
Will Jacks,Tripuresh Singh,4,6,1,1,1,0,25.0,150.0,6.0
Shubham Agarwal,Tripuresh Singh,2,2,0,0,0,0,0.0,100.0,2.0
Brian Bennett,Avinov Choudhary,7,7,0,0,0,0,0.0,100.0,7.0
KL Rahul,Gareth Delany,16,28,2,3,3,1,18.75,175.0,14.0
Kusal Mendis,Gareth Delany,9,10,0,2,0,0,22.22,111.11,10.0
KL Rahul,Vaisakh Chandran,14,15,0,1,0,0,7.14,107.14,15.0
Kusal Mendis,Vaisakh Chandran,9,7,1,4,0,0,44.44,77.78,7.0
Rajat Patidar,Avinov Choudhary,9,15,0,0,1,0,0.0,166.67,15.0
Priyansh Arya,Vaisakh Chandran,5,7,0,0,0,0,0.0,140.0,7.0
Harry Brook,Gareth Delany,3,2,0,1,0,0,33.33,66.67,2.0
Priyansh Arya,Gareth Delany,2,3,0,0,0,0,0.0,150.0,3.0
Rajat Patidar,Washington Sundar,7,7,1,1,0,0,14.29,100.0,7.0
Harry Brook,Vaisakh Chandran,3,3,0,0,0,0,0.0,100.0,3.0
Priyansh Arya,Sahan Arachchige,4,10,0,0,0,1,0.0,250.0,10.0
Priyansh Arya,Kuldeep Yadav,6,21,1,1,0,3,16.67,350.0,21.0
Rajat Patidar,Shubham Agarwal,6,8,0,0,0,0,0.0,133.33,8.0
Bhanu Pania,Calvin Harrison,1,0,1,1,0,0,100.0,0.0,0.0
Abhimanyu Easwaran,Saransh Jain,10,13,0,1,1,0,10.0,130.0,13.0
Sahan Arachchige,Saransh Jain,4,4,1,1,0,0,25.0,100.0,4.0
Suryakumar Yadav,Saransh Jain,2,2,0,0,0,0,0.0,100.0,2.0
Suryakumar Yadav,Rashid Khan,1,0,1,1,0,0,100.0,0.0,0.0
Dasun Shanaka,Saransh Jain,1,0,1,1,0,0,100.0,0.0,0.0
Gareth Delany,Saransh Jain,3,3,0,0,0,0,0.0,100.0,3.0
Gareth Delany,Calvin Harrison,1,0,1,1,0,0,100.0,0.0,0.0
Vaisakh Chandran,Calvin Harrison,3,3,0,0,0,0,0.0,100.0,3.0
Vaisakh Chandran,Saransh Jain,2,2,1,1,0,0,50.0,100.0,2.0
Varun Chakravarthy,Saransh Jain,2,2,0,0,0,0,0.0,100.0,2.0
Varun Chakravarthy,Calvin Harrison,1,1,0,0,0,0,0.0,100.0,1.0
Varun Chakravarthy,Rashid Khan,2,2,0,0,0,0,0.0,100.0,2.0
Abhimanyu Easwaran,Sam Curran,6,17,0,0,2,1,0.0,283.33,17.0
Kuldeep Yadav,Prince Yadav,5,7,0,1,0,0,20.0,140.0,7.0
Abhimanyu Easwaran,Prince Yadav,1,1,0,0,0,0,0.0,100.0,1.0
Abhishek Sharma,Chamika Gunasekara,10,13,0,3,0,1,30.0,130.0,13.0
Abhishek Sharma,Vasuki Koushik,13,26,0,2,3,1,15.38,200.0,26.0
Glenn Phillips,Vasuki Koushik,5,5,0,3,1,0,60.0,100.0,5.0
Abhishek Sharma,Duan Jansen,12,19,1,4,1,1,33.33,158.33,19.0
Abhishek Sharma,Dasun Shanaka,6,9,0,0,1,0,0.0,150.0,9.0
Deepak Hooda,Josh Tongue,9,12,1,1,1,0,11.11,133.33,12.0
Lalit Yadav,Vasuki Koushik,7,15,0,1,1,1,14.29,214.29,15.0
Deepak Hooda,Vasuki Koushik,1,1,0,0,0,0,0.0,100.0,1.0
Deepak Hooda,Duan Jansen,5,3,0,2,0,0,40.0,60.0,3.0
Deepak Hooda,Chamika Gunasekara,7,25,0,0,2,2,0.0,357.14,25.0
Jai Moondra,Josh Tongue,2,3,0,0,0,0,0.0,150.0,3.0
Dian Forrester,Josh Tongue,1,0,1,1,0,0,100.0,0.0,0.0
Jasprit Bumrah,Josh Tongue,1,1,0,0,0,0,0.0,100.0,1.0
Duan Jansen,Ismat Alam,6,6,0,3,1,0,50.0,100.0,6.0
Suryakumar Yadav,Ismat Alam,4,7,0,0,0,0,0.0,175.0,7.0
Dhruv Jurel,Jai Moondra,3,7,1,1,0,1,33.33,233.33,7.0
Josh Tongue,Arzan Nagwaswalla,6,8,1,1,0,0,16.67,133.33,8.0
Josh Tongue,Dian Forrester,4,3,0,1,0,0,25.0,75.0,3.0
Dasun Shanaka,Dian Forrester,3,3,0,0,0,0,0.0,100.0,3.0
Josh Tongue,Jai Moondra,1,1,0,0,0,0,0.0,100.0,1.0
Vasuki Koushik,Arzan Nagwaswalla,2,2,0,0,0,0,0.0,100.0,2.0
Vasuki Koushik,Jai Moondra,2,1,0,1,0,0,50.0,50.0,1.0
Vasuki Koushik,Dian Forrester,6,6,1,2,0,0,33.33,100.0,6.0
Vasuki Koushik,Ismat Alam,2,3,0,0,0,0,0.0,150.0,3.0
Dasun Shanaka,Ismat Alam,2,6,1,1,0,1,50.0,300.0,6.0
Chamika Gunasekara,Ismat Alam,2,3,0,0,0,0,0.0,150.0,3.0
Chamika Gunasekara,Dian Forrester,5,6,0,0,0,0,0.0,120.0,6.0
Varun Chakravarthy,Dian Forrester,6,8,0,0,0,0,0.0,133.33,8.0
Varun Chakravarthy,Arzan Nagwaswalla,3,4,0,0,0,0,0.0,133.33,4.0
Chamika Gunasekara,Arzan Nagwaswalla,3,2,0,1,0,0,33.33,66.67,2.0
Varun Chakravarthy,Jasprit Bumrah,3,4,0,0,0,0,0.0,133.33,4.0
Chamika Gunasekara,Jasprit Bumrah,3,3,0,1,0,0,33.33,100.0,3.0
Vishen Halambage,Prasidh Krishna,2,1,1,1,0,0,50.0,50.0,1.0
Yashasvi Jaiswal,Glenn Phillips,2,2,0,0,0,0,0.0,100.0,2.0
Yashasvi Jaiswal,Abhishek Sharma,4,7,0,0,1,0,0.0,175.0,7.0
Christopher Britz,Vasuki Koushik,6,2,0,4,0,0,66.67,33.33,2.0
Sdnv Prasad,Vasuki Koushik,4,2,0,2,0,0,50.0,50.0,2.0
David Warner,Jai Moondra,3,2,0,1,0,0,33.33,66.67,2.0
Venkatesh Iyer,Jai Moondra,11,27,0,0,2,1,0.0,245.45,27.0
Mitchell Marsh,Jai Moondra,10,26,0,1,0,3,10.0,260.0,26.0
Mitchell Marsh,Abhishek Sharma,4,14,0,0,0,2,0.0,350.0,14.0
Mitchell Marsh,Deepak Hooda,3,11,0,0,2,0,0.0,366.67,11.0
David Warner,Lance Morris,12,21,0,2,1,1,16.67,175.0,21.0
David Warner,Tripuresh Singh,10,24,0,4,2,2,40.0,240.0,24.0
Rinku Singh,Ravindra Jadeja,2,5,0,0,1,0,0.0,250.0,5.0
Sanvir Singh,Vishen Halambage,10,22,0,1,2,1,10.0,220.0,22.0
Sanvir Singh,Hardik Pandya,6,6,0,2,0,0,33.33,100.0,6.0
Sanvir Singh,Tripuresh Singh,4,2,1,2,0,0,50.0,50.0,2.0
Aneurin Donald,Lasith Embuldeniya,8,19,1,2,2,1,25.0,237.5,19.0
Aneurin Donald,Ashish Singh,9,14,0,2,0,1,22.22,155.56,14.0
Vishen Halambage,Lasith Embuldeniya,2,3,0,0,0,0,0.0,150.0,3.0
Vishen Halambage,Ashish Singh,1,1,0,0,0,0,0.0,100.0,1.0
Rajat Patidar,Ashish Singh,1,1,0,0,0,0,0.0,100.0,1.0
Rajat Patidar,Matt Short,4,10,0,0,0,1,0.0,250.0,10.0
Rajat Patidar,Mitchell Marsh,3,9,0,0,0,1,0.0,300.0,9.0
Rajat Patidar,Sanvir Singh,1,1,0,0,0,0,0.0,100.0,1.0
Kusal Mendis,Kuldeep Yadav,1,1,0,0,0,0,0.0,100.0,1.0
Kusal Mendis,Varun Chakravarthy,2,1,1,1,0,0,50.0,50.0,1.0
KL Rahul,Charith Asalanka,6,10,0,0,1,0,0.0,166.67,10.0
Shahbaz Ahmed,Charith Asalanka,6,8,0,2,1,0,33.33,133.33,8.0
Shahbaz Ahmed,Gareth Delany,3,7,0,0,1,0,0.0,233.33,7.0
Gangam Anikethreddy,Gareth Delany,1,0,1,1,0,0,100.0,0.0,0.0
Saransh Jain,Gareth Delany,1,3,0,0,0,0,0.0,300.0,3.0
Rashid Khan,Gareth Delany,1,0,1,1,0,0,100.0,0.0,0.0
Saransh Jain,Kuldeep Yadav,3,7,0,1,0,1,33.33,233.33,7.0
Ravi Singh,Shiran Fernando,5,8,1,1,1,0,20.0,160.0,8.0
Gareth Delany,Shiran Fernando,2,2,0,0,0,0,0.0,100.0,2.0
Gareth Delany,Rashid Khan,4,2,1,2,0,0,50.0,50.0,2.0
Ravi Singh,Rashid Khan,5,9,0,0,1,0,0.0,180.0,9.0
Ravi Singh,Gangam Anikethreddy,3,3,0,0,0,0,0.0,100.0,3.0
Abhimanyu Easwaran,Shiran Fernando,4,8,0,0,1,0,0.0,200.0,8.0
Dega Nischal,Rashid Khan,5,3,0,2,0,0,40.0,60.0,3.0
Abhimanyu Easwaran,Gangam Anikethreddy,8,17,0,1,1,1,12.5,212.5,17.0
Dega Nischal,Gangam Anikethreddy,4,7,0,0,1,0,0.0,175.0,7.0
Dega Nischal,Shahbaz Ahmed,5,13,0,0,1,1,0.0,260.0,13.0
Abhimanyu Easwaran,Shahbaz Ahmed,6,18,1,1,2,1,16.67,300.0,18.0
Dega Nischal,Shivam Dube,4,8,0,1,0,1,25.0,200.0,8.0
Dega Nischal,Tilak Varma,1,7,0,0,0,1,0.0,700.0,7.0
Dhruv Jurel,Saransh Jain,3,7,0,1,0,1,33.33,233.33,7.0
Deepak Hooda,Shiran Fernando,4,5,1,2,1,0,50.0,125.0,5.0
Deepak Hooda,Gangam Anikethreddy,5,4,0,3,0,0,60.0,80.0,4.0
Christopher Britz,Gangam Anikethreddy,1,0,1,1,0,0,100.0,0.0,0.0
Kusal Mendis,Arzan Nagwaswalla,10,13,0,0,1,0,0.0,130.0,13.0
Kusal Mendis,Praveen Jayawickrama,11,19,0,2,0,2,18.18,172.73,19.0
Kusal Mendis,Jasprit Bumrah,5,4,0,2,0,0,40.0,80.0,4.0
Harry Brook,Abhishek Sharma,3,1,1,2,0,0,66.67,33.33,1.0
KL Rahul,Deepak Hooda,3,4,0,1,0,0,33.33,133.33,4.0
Virat Singh,Deepak Hooda,3,11,0,0,1,1,0.0,366.67,11.0
KL Rahul,Christopher Britz,4,12,0,0,1,1,0.0,300.0,12.0
Virat Singh,Christopher Britz,2,2,0,0,0,0,0.0,100.0,2.0
Priyansh Arya,Vishen Halambage,3,0,1,3,0,0,100.0,0.0,0.0
Harry Brook,Lance Morris,6,8,0,1,0,0,16.67,133.33,8.0
Virat Singh,Lance Morris,5,5,0,0,0,0,0.0,100.0,5.0
Shivam Dube,Lance Morris,3,4,0,0,0,0,0.0,133.33,4.0
Shivam Dube,Tripuresh Singh,6,10,0,1,0,1,16.67,166.67,10.0
Sanju Samson,Arpit Vasavada,1,0,1,1,0,0,100.0,0.0,0.0
Riyan Parag,Lasith Embuldeniya,3,4,0,0,0,0,0.0,133.33,4.0
Mridul Surroch,Lasith Embuldeniya,7,7,0,2,0,0,28.57,100.0,7.0
Karan Shinde,Lasith Embuldeniya,8,7,0,2,0,0,25.0,87.5,7.0
Akash Vasisht,Lasith Embuldeniya,6,13,0,0,1,0,0.0,216.67,13.0
Matt Short,Adam Zampa,7,14,1,1,1,1,14.29,200.0,14.0
Arpit Vasavada,Mridul Surroch,3,2,0,1,0,0,33.33,66.67,2.0
Mitchell Marsh,Sonal Dinusha,7,20,0,1,1,2,14.29,285.71,20.0
Arpit Vasavada,Sonal Dinusha,3,5,0,0,0,0,0.0,166.67,5.0
Venkatesh Iyer,Charith Asalanka,15,19,1,3,0,1,20.0,126.67,19.0
David Warner,Charith Asalanka,15,23,0,0,0,1,0.0,153.33,23.0
David Warner,Gareth Delany,56,83,0,15,5,2,26.79,148.21,83.0
Venkatesh Iyer,Gareth Delany,28,31,2,5,0,0,17.86,110.71,15.5
Mitchell Marsh,Charith Asalanka,6,8,0,1,0,0,16.67,133.33,8.0
Mitchell Marsh,Vaisakh Chandran,2,2,0,0,0,0,0.0,100.0,2.0
Sanvir Singh,Varun Chakravarthy,2,0,1,2,0,0,100.0,0.0,0.0
Arpit Vasavada,Sahan Arachchige,8,6,2,3,0,0,37.5,75.0,3.0
Ryan Rickelton,Lasith Embuldeniya,17,25,0,7,3,1,41.18,147.06,25.0
Ryan Rickelton,Axar Patel,18,23,1,4,0,1,22.22,127.78,23.0
Charith Asalanka,Akeal Hosein,2,5,0,0,1,0,0.0,250.0,5.0
Charith Asalanka,Matt Short,8,22,0,1,1,2,12.5,275.0,22.0
Dhruv Jurel,Sanvir Singh,3,5,1,1,1,0,33.33,166.67,5.0
Charith Asalanka,Sanvir Singh,2,7,0,0,0,1,0.0,350.0,7.0
Vaisakh Chandran,Sanvir Singh,1,1,0,0,0,0,0.0,100.0,1.0
Vaisakh Chandran,Mitchell Marsh,4,2,0,2,0,0,50.0,50.0,2.0
Charith Asalanka,Mitchell Marsh,2,1,1,1,0,0,50.0,50.0,1.0
Vaisakh Chandran,Matt Short,1,0,1,1,0,0,100.0,0.0,0.0
Varun Chakravarthy,Matt Short,2,2,0,0,0,0,0.0,100.0,2.0
Kuldeep Yadav,Matt Short,3,1,0,2,0,0,66.67,33.33,1.0
Varun Chakravarthy,Sanvir Singh,1,1,0,0,0,0,0.0,100.0,1.0
Dega Nischal,Sai Kishore,7,9,0,1,0,0,14.29,128.57,9.0
Dega Nischal,Joel Davies,9,10,0,1,0,0,11.11,111.11,10.0
Dega Nischal,Matthew Forde,9,22,0,0,2,1,0.0,244.44,22.0
Dega Nischal,Gurinder Singh,6,8,1,2,1,0,33.33,133.33,8.0
Suryakumar Yadav,Karan Lal,2,0,1,2,0,0,100.0,0.0,0.0
Sahan Arachchige,Karan Lal,3,2,1,1,0,0,33.33,66.67,2.0
Dega Nischal,Karan Lal,7,11,0,1,0,1,14.29,157.14,11.0
Dega Nischal,Maheesh Theekshana,4,2,0,2,0,0,50.0,50.0,2.0
Sahan Arachchige,Maheesh Theekshana,2,4,0,0,0,0,0.0,200.0,4.0
Charith Asalanka,Karan Lal,6,7,0,2,1,0,33.33,116.67,7.0
Charith Asalanka,Joel Davies,3,11,0,0,1,1,0.0,366.67,11.0
Charith Asalanka,Gurinder Singh,1,0,1,1,0,0,100.0,0.0,0.0
Dasun Shanaka,Gurinder Singh,1,0,1,1,0,0,100.0,0.0,0.0
Ruturaj Gaikwad,Charith Asalanka,8,11,0,0,0,0,0.0,137.5,11.0
Shubman Gill,Charith Asalanka,4,5,0,0,0,0,0.0,125.0,5.0
Ruturaj Gaikwad,Dasun Shanaka,4,6,0,0,0,0,0.0,150.0,6.0
Ishan Kishan,Dasun Shanaka,6,15,0,0,2,0,0.0,250.0,15.0
Sarfaraz Khan,Gareth Delany,3,5,0,0,0,0,0.0,166.67,5.0
Maheesh Theekshana,Kuldeep Yadav,1,0,1,1,0,0,100.0,0.0,0.0
Tim Seifert,Dasun Shanaka,18,25,0,1,0,1,5.56,138.89,25.0
Tim Seifert,Charith Asalanka,3,3,0,0,0,0,0.0,100.0,3.0
Ankit Kumar,Chamika Gunasekara,6,9,2,3,0,1,50.0,150.0,4.5
Rohit Sharma,Chamika Gunasekara,5,5,1,1,0,0,20.0,100.0,5.0
Tim Seifert,Chamika Gunasekara,17,20,0,6,1,1,35.29,117.65,20.0
Krunal Pandya,Varun Chakravarthy,7,9,0,0,0,0,0.0,128.57,9.0
Tim Seifert,Varun Chakravarthy,10,30,0,0,3,2,0.0,300.0,30.0
Krunal Pandya,Josh Tongue,6,7,1,1,0,0,16.67,116.67,7.0
Tim Seifert,Josh Tongue,19,44,0,1,1,4,5.26,231.58,44.0
Krunal Pandya,Chamika Gunasekara,3,4,0,0,0,0,0.0,133.33,4.0
Kranthi Kumar,Josh Tongue,3,3,0,0,0,0,0.0,100.0,3.0
Kranthi Kumar,Chamika Gunasekara,7,12,0,0,0,1,0.0,171.43,12.0
Corbin Bosch,Josh Tongue,1,0,1,1,0,0,100.0,0.0,0.0
Anshul Kamboj,Josh Tongue,4,5,0,1,0,0,25.0,125.0,5.0
Dega Nischal,Anshul Kamboj,8,20,0,0,2,1,0.0,250.0,20.0
Abhimanyu Easwaran,Anshul Kamboj,10,8,0,2,0,0,20.0,80.0,8.0
Abhimanyu Easwaran,Kranthi Kumar,7,6,2,2,0,0,28.57,85.71,3.0
Abhimanyu Easwaran,Corbin Bosch,9,26,0,1,2,2,11.11,288.89,26.0
Suryakumar Yadav,Kranthi Kumar,6,3,1,3,0,0,50.0,50.0,3.0
Suryakumar Yadav,Corbin Bosch,4,2,0,2,0,0,50.0,50.0,2.0
Suryakumar Yadav,Ashok Sharma,6,6,0,1,0,0,16.67,100.0,6.0
Suryakumar Yadav,Sonny Baker,5,7,0,3,1,0,60.0,140.0,7.0
Ruturaj Gaikwad,Malinda Pushpakumara,4,5,0,0,0,0,0.0,125.0,5.0
Ruturaj Gaikwad,Jaydev Unadkat,4,6,1,1,0,0,25.0,150.0,6.0
Ruturaj Gaikwad,CV Stephen,6,8,0,1,1,0,16.67,133.33,8.0
Ruchit Ahir,Prasidh Krishna,2,7,0,0,0,1,0.0,350.0,7.0
Ruturaj Gaikwad,Prasidh Krishna,4,9,0,0,1,0,0.0,225.0,9.0
Ruturaj Gaikwad,Sunil Narine,5,15,0,1,0,2,20.0,300.0,15.0
Vaibhav Suryavanshi,Maheesh Theekshana,6,3,0,3,0,0,50.0,50.0,3.0
Yashvardhan Dalal,Maheesh Theekshana,16,30,0,2,3,0,12.5,187.5,30.0
Yashvardhan Dalal,Sai Kishore,7,10,0,2,1,0,28.57,142.86,10.0
Sai Sudharsan,Karan Lal,2,1,1,1,0,0,50.0,50.0,1.0
Yashvardhan Dalal,Karan Lal,8,24,0,1,1,2,12.5,300.0,24.0
Liam Livingstone,Sai Kishore,3,8,0,0,0,1,0.0,266.67,8.0
Liam Livingstone,Maheesh Theekshana,2,2,0,0,0,0,0.0,100.0,2.0
Sunil Narine,Sai Kishore,5,7,1,1,0,0,20.0,140.0,7.0
Malinda Pushpakumara,Sai Kishore,3,4,0,0,0,0,0.0,133.33,4.0
Malinda Pushpakumara,Joel Davies,2,2,0,0,0,0,0.0,100.0,2.0
Malinda Pushpakumara,Karan Lal,3,2,0,1,0,0,33.33,66.67,2.0
Bipin Saurabh,Jasprit Bumrah,6,10,0,1,0,1,16.67,166.67,10.0
Bipin Saurabh,Praveen Jayawickrama,3,8,1,1,2,0,33.33,266.67,8.0
Rajat Patidar,Glenn Phillips,3,6,0,0,1,0,0.0,200.0,6.0
Ravindra Jadeja,Glenn Phillips,1,1,0,0,0,0,0.0,100.0,1.0
Deepak Hooda,Yuzvendra Chahal,4,7,0,1,1,0,25.0,175.0,7.0
Rachin Ravindra,Yuzvendra Chahal,2,1,0,1,0,0,50.0,50.0,1.0
Rachin Ravindra,Harpreet Brar,3,7,1,1,0,1,33.33,233.33,7.0
Lalit Yadav,Yuzvendra Chahal,2,1,1,1,0,0,50.0,50.0,1.0
Praveen Jayawickrama,Ravindra Jadeja,5,2,1,3,0,0,60.0,40.0,2.0
Jasprit Bumrah,Ravindra Jadeja,1,0,1,1,0,0,100.0,0.0,0.0
Prabhsimran Singh,Lance Morris,3,3,0,0,0,0,0.0,100.0,3.0
Kusal Mendis,Avinov Choudhary,7,12,0,0,1,0,0.0,171.43,12.0
Prabhsimran Singh,Seekkuge Prasanna,14,33,0,0,1,3,0.0,235.71,33.0
Dega Nischal,Nathan Ellis,2,2,0,0,0,0,0.0,100.0,2.0
Yashasvi Jaiswal,Harpreet Brar,14,26,0,1,4,0,7.14,185.71,26.0
Dega Nischal,Harpreet Brar,5,6,0,0,0,0,0.0,120.0,6.0
Dega Nischal,Seekkuge Prasanna,2,0,2,2,0,0,100.0,0.0,0.0
Abhimanyu Easwaran,Seekkuge Prasanna,9,14,0,2,0,1,22.22,155.56,14.0
Abhimanyu Easwaran,Nathan Ellis,6,11,0,1,0,1,16.67,183.33,11.0
Charith Asalanka,Vishen Halambage,1,0,1,1,0,0,100.0,0.0,0.0
Gareth Delany,Nathan Ellis,2,2,0,0,0,0,0.0,100.0,2.0
Dasun Shanaka,Nathan Ellis,7,6,1,2,0,0,28.57,85.71,6.0
Gareth Delany,Harpreet Brar,2,2,0,0,0,0,0.0,100.0,2.0
Varun Chakravarthy,Harpreet Brar,3,3,1,1,0,0,33.33,100.0,3.0
Brian Bennett,Charith Asalanka,6,7,0,1,0,0,16.67,116.67,7.0
Kangabam Priyojit Singh,Gareth Delany,8,12,0,2,1,0,25.0,150.0,12.0
Rajat Patidar,Dasun Shanaka,10,19,0,1,1,1,10.0,190.0,19.0
Jitesh Sharma,Sahan Arachchige,3,5,0,0,0,0,0.0,166.67,5.0
Jitesh Sharma,Varun Chakravarthy,4,4,0,1,0,0,25.0,100.0,4.0
Jitesh Sharma,Gareth Delany,2,1,1,1,0,0,50.0,50.0,1.0
Vishen Halambage,Gareth Delany,2,2,0,0,0,0,0.0,100.0,2.0
Rajat Patidar,Will Jacks,2,3,0,0,0,0,0.0,150.0,3.0
Jitesh Sharma,Shubham Agarwal,3,4,1,2,1,0,66.67,133.33,4.0
Seekkuge Prasanna,Washington Sundar,5,12,1,2,3,0,40.0,240.0,12.0
Prabhsimran Singh,Nathan Ellis,9,21,0,0,2,1,0.0,233.33,21.0
Vaibhav Suryavanshi,Lasith Embuldeniya,1,0,1,1,0,0,100.0,0.0,0.0
Sunil Narine,Lasith Embuldeniya,3,4,0,0,0,0,0.0,133.33,4.0
Salil Arora,Lasith Embuldeniya,8,15,0,0,2,0,0.0,187.5,15.0
Salil Arora,Arpit Vasavada,9,11,0,3,1,0,33.33,122.22,11.0
Sunil Narine,Arpit Vasavada,1,0,1,1,0,0,100.0,0.0,0.0
Sai Sudharsan,Lasith Embuldeniya,6,16,0,2,4,0,33.33,266.67,16.0
Jos Buttler,Mohammed Shami,1,1,0,0,0,0,0.0,100.0,1.0
Jos Buttler,Matt Short,3,6,1,2,0,1,66.67,200.0,6.0
Yashvardhan Dalal,Lasith Embuldeniya,6,6,0,1,0,0,16.67,100.0,6.0
David Warner,CV Stephen,11,13,0,3,1,0,27.27,118.18,13.0
David Warner,Mitchell Santner,13,20,0,4,2,1,30.77,153.85,20.0
Venkatesh Iyer,Mitchell Santner,5,12,0,1,1,1,20.0,240.0,12.0
Mitchell Marsh,Mitchell Santner,6,8,0,3,0,1,50.0,133.33,8.0
David Warner,Sunil Narine,6,7,0,0,0,0,0.0,116.67,7.0
Axar Patel,Sunil Narine,1,1,0,0,0,0,0.0,100.0,1.0
Lasith Embuldeniya,Malinda Pushpakumara,3,3,0,1,0,0,33.33,100.0,3.0
Mitchell Marsh,Gareth Delany,10,11,0,1,0,0,10.0,110.0,11.0
Kartik Sharma,Dasun Shanaka,4,5,0,1,0,0,25.0,125.0,5.0
Dega Nischal,Mohammed Shami,16,22,0,1,0,1,6.25,137.5,22.0
Dega Nischal,Mitchell Marsh,4,5,0,0,0,0,0.0,125.0,5.0
Dega Nischal,Matt Short,2,2,0,0,0,0,0.0,100.0,2.0
Suryakumar Yadav,Mohammed Shami,8,8,0,0,0,0,0.0,100.0,8.0
Suryakumar Yadav,Arpit Vasavada,19,25,1,8,2,1,42.11,131.58,25.0
Suryakumar Yadav,Axar Patel,31,49,0,5,3,1,16.13,158.06,49.0
Dega Nischal,Axar Patel,10,8,1,3,0,0,30.0,80.0,8.0
Dega Nischal,Akeal Hosein,7,12,0,1,0,1,14.29,171.43,12.0
Gareth Delany,Lasith Embuldeniya,3,3,0,0,0,0,0.0,100.0,3.0
Gareth Delany,Axar Patel,1,0,1,1,0,0,100.0,0.0,0.0
Charith Asalanka,Axar Patel,1,1,0,0,0,0,0.0,100.0,1.0
Charith Asalanka,Lasith Embuldeniya,10,21,1,2,2,1,20.0,210.0,21.0
Charith Asalanka,Arpit Vasavada,3,3,0,0,0,0,0.0,100.0,3.0
Dasun Shanaka,Matt Short,2,10,0,0,1,1,0.0,500.0,10.0
Dasun Shanaka,Lasith Embuldeniya,4,3,0,1,0,0,25.0,75.0,3.0
David Warner,Chamika Gunasekara,20,30,0,5,1,1,25.0,150.0,30.0
Kartik Sharma,Chamika Gunasekara,8,16,0,2,1,1,25.0,200.0,16.0
Abhimanyu Easwaran,Mohammed Shami,35,72,0,1,4,4,2.86,205.71,72.0
Abhimanyu Easwaran,Mitchell Marsh,17,46,1,1,2,4,5.88,270.59,46.0
Abhimanyu Easwaran,Arpit Vasavada,26,56,2,4,3,4,15.38,215.38,28.0
Abhimanyu Easwaran,Matt Short,2,5,0,0,1,0,0.0,250.0,5.0
Gareth Delany,Arpit Vasavada,3,3,1,1,0,0,33.33,100.0,3.0
Suryakumar Yadav,Binura Fernando,9,20,0,0,2,1,0.0,222.22,20.0
Suryakumar Yadav,Mitchell Marsh,7,17,0,0,1,1,0.0,242.86,17.0
Suryakumar Yadav,Ashish Singh,9,29,0,1,0,4,11.11,322.22,29.0
Duan Jansen,Lasith Embuldeniya,2,1,0,1,0,0,50.0,50.0,1.0
Duan Jansen,Mohammed Shami,2,0,1,2,0,0,100.0,0.0,0.0
Dasun Shanaka,Mitchell Marsh,4,1,0,3,0,0,75.0,25.0,1.0
David Warner,Josh Tongue,2,1,1,1,0,0,50.0,50.0,1.0
Kartik Sharma,Josh Tongue,2,1,1,1,0,0,50.0,50.0,1.0
Axar Patel,Chamika Gunasekara,4,6,0,1,1,0,25.0,150.0,6.0
Matt Short,Chamika Gunasekara,16,26,1,2,1,1,12.5,162.5,26.0
Lasith Embuldeniya,Varun Chakravarthy,3,6,0,0,1,0,0.0,200.0,6.0
Ashish Singh,Josh Tongue,1,0,1,1,0,0,100.0,0.0,0.0
Binura Fernando,Josh Tongue,2,2,1,1,0,0,50.0,100.0,2.0
Priyansh Arya,Dushan Hemantha,3,3,0,0,0,0,0.0,100.0,3.0
Priyansh Arya,Arpit Vasavada,5,7,1,1,1,0,20.0,140.0,7.0
Kusal Mendis,Dushan Hemantha,9,20,0,0,1,1,0.0,222.22,20.0
Axar Patel,Shivam Dube,1,1,0,0,0,0,0.0,100.0,1.0
Prabhsimran Singh,Anshul Kamboj,3,5,1,1,1,0,33.33,166.67,5.0
Ashwin Das,Sonny Baker,4,5,0,0,0,0,0.0,125.0,5.0
Ashwin Das,Anshul Kamboj,4,6,0,0,0,0,0.0,150.0,6.0
Scott Curie,Sonny Baker,3,1,0,2,0,0,66.67,33.33,1.0
Ashwin Das,Kranthi Kumar,6,6,1,2,0,0,33.33,100.0,6.0
Isitha Wijesundara,Ashok Sharma,2,1,0,1,0,0,50.0,50.0,1.0
Isitha Wijesundara,Kranthi Kumar,1,0,1,1,0,0,100.0,0.0,0.0
Bhuvneshwar Kumar,Kranthi Kumar,3,3,0,1,0,0,33.33,100.0,3.0
Tim Seifert,Ashwin Das,1,0,1,1,0,0,100.0,0.0,0.0
Rahul Tripathi,Isitha Wijesundara,6,22,0,0,3,1,0.0,366.67,22.0
Ankit Kumar,Isitha Wijesundara,10,16,0,1,0,1,10.0,160.0,16.0
Smaran Ravichandra,Isitha Wijesundara,3,7,1,1,0,1,33.33,233.33,7.0
Rohit Sharma,Isitha Wijesundara,5,6,0,0,0,0,0.0,120.0,6.0
Rohit Sharma,Scott Curie,4,7,0,0,1,0,0.0,175.0,7.0
Rohit Sharma,Virat Kohli,3,3,0,0,0,0,0.0,100.0,3.0
Ankit Kumar,Virat Kohli,3,6,0,0,0,0,0.0,200.0,6.0
Rohit Sharma,Devdutt Padikkal,2,2,0,0,0,0,0.0,100.0,2.0
Ankit Kumar,Devdutt Padikkal,2,3,0,0,0,0,0.0,150.0,3.0
Matt Short,Gareth Delany,5,11,0,0,0,1,0.0,220.0,11.0
Lasith Embuldeniya,Kuldeep Yadav,1,1,0,0,0,0,0.0,100.0,1.0
Lasith Embuldeniya,Sahan Arachchige,1,0,1,1,0,0,100.0,0.0,0.0
Dushan Hemantha,Chamika Gunasekara,4,6,0,0,0,0,0.0,150.0,6.0
Mohammed Shami,Chamika Gunasekara,1,0,1,1,0,0,100.0,0.0,0.0
Dega Nischal,Arpit Vasavada,8,18,0,1,2,1,12.5,225.0,18.0
Dega Nischal,Lasith Embuldeniya,6,3,0,3,0,0,50.0,50.0,3.0
Rinku Singh,Gareth Delany,3,2,0,1,0,0,33.33,66.67,2.0
Smaran Ravichandra,Josh Tongue,9,18,0,0,1,1,0.0,200.0,18.0
Smaran Ravichandra,Chamika Gunasekara,5,6,1,1,0,0,20.0,120.0,6.0
Kranthi Kumar,Sahan Arachchige,3,2,0,1,0,0,33.33,66.67,2.0
Corbin Bosch,Chamika Gunasekara,5,14,0,2,0,2,40.0,280.0,14.0
Abhimanyu Easwaran,Ashok Sharma,6,7,0,1,0,0,16.67,116.67,7.0
Abhimanyu Easwaran,Sonny Baker,3,2,0,1,0,0,33.33,66.67,2.0
Dega Nischal,Krunal Pandya,4,7,0,0,1,0,0.0,175.0,7.0
Sahan Arachchige,Corbin Bosch,2,3,0,0,0,0,0.0,150.0,3.0
Sahan Arachchige,Sonny Baker,2,2,0,0,0,0,0.0,100.0,2.0
Dasun Shanaka,Anshul Kamboj,4,7,1,2,0,1,50.0,175.0,7.0
Josh Tongue,Kranthi Kumar,2,0,1,2,0,0,100.0,0.0,0.0
Chamika Gunasekara,Kranthi Kumar,5,6,0,0,0,0,0.0,120.0,6.0
Chamika Gunasekara,Ashok Sharma,8,10,0,1,0,0,12.5,125.0,10.0
Varun Chakravarthy,Sonny Baker,2,2,0,0,0,0,0.0,100.0,2.0
Chamika Gunasekara,Sonny Baker,4,8,0,0,1,0,0.0,200.0,8.0
Mridul Surroch,Corbin Bosch,6,6,0,1,0,0,16.67,100.0,6.0
Mridul Surroch,Anshul Kamboj,4,1,1,3,0,0,75.0,25.0,1.0
Karan Shinde,Corbin Bosch,3,3,0,0,0,0,0.0,100.0,3.0
Tim Seifert,Akash Vasisht,4,4,0,1,0,0,25.0,100.0,4.0
Ashok Sharma,Mridul Surroch,11,25,0,2,1,2,18.18,227.27,25.0
Anshul Kamboj,Mridul Surroch,2,3,0,0,0,0,0.0,150.0,3.0
Ashok Sharma,Riyan Parag,2,2,0,0,0,0,0.0,100.0,2.0
Anshul Kamboj,Riyan Parag,4,5,0,1,0,0,25.0,125.0,5.0
Anshul Kamboj,Akash Vasisht,2,2,1,1,0,0,50.0,100.0,2.0
Ashok Sharma,Lungi Ngidi,9,15,1,3,1,1,33.33,166.67,15.0
Sonny Baker,Sairaj Patil,4,2,0,2,0,0,50.0,50.0,2.0
Dega Nischal,Prasidh Krishna,2,1,1,1,0,0,50.0,50.0,1.0
Dega Nischal,Liam Livingstone,8,13,0,1,1,0,12.5,162.5,13.0
Dega Nischal,Mohammed Siraj,3,2,0,1,0,0,33.33,66.67,2.0
Dega Nischal,Jaydev Unadkat,3,5,0,1,1,0,33.33,166.67,5.0
Suryakumar Yadav,Mohammed Siraj,1,0,1,1,0,0,100.0,0.0,0.0
Dasun Shanaka,Mohammed Siraj,4,3,1,2,0,0,50.0,75.0,3.0
Vaibhav Suryavanshi,Gareth Delany,3,2,0,1,0,0,33.33,66.67,2.0
Jos Buttler,Gareth Delany,1,0,1,1,0,0,100.0,0.0,0.0
Sai Sudharsan,Gareth Delany,10,9,1,2,0,0,20.0,90.0,9.0
Sai Sudharsan,Dasun Shanaka,5,8,0,0,0,0,0.0,160.0,8.0
Vaibhav Suryavanshi,Dasun Shanaka,1,0,1,1,0,0,100.0,0.0,0.0
Malinda Pushpakumara,Dasun Shanaka,1,1,0,0,0,0,0.0,100.0,1.0
Malinda Pushpakumara,Gareth Delany,2,1,1,1,0,0,50.0,50.0,1.0
Liam Livingstone,Gareth Delany,3,3,1,1,0,0,33.33,100.0,3.0
Liam Livingstone,Dasun Shanaka,5,8,0,0,0,0,0.0,160.0,8.0
Yashvardhan Dalal,Gareth Delany,5,5,0,0,0,0,0.0,100.0,5.0
Prasidh Krishna,Sahan Arachchige,3,4,0,0,0,0,0.0,133.33,4.0
Mohammed Siraj,Varun Chakravarthy,3,2,0,1,0,0,33.33,66.67,2.0
Kunal Chandela,Chamika Gunasekara,2,4,0,0,0,0,0.0,200.0,4.0
Mohammed Siraj,Chamika Gunasekara,5,8,1,1,0,0,20.0,160.0,8.0
Jaydev Unadkat,Chamika Gunasekara,1,0,1,1,0,0,100.0,0.0,0.0
Jitesh Sharma,Josh Tongue,6,11,0,1,2,0,16.67,183.33,11.0
Jitesh Sharma,Dasun Shanaka,3,2,0,1,0,0,33.33,66.67,2.0
Rajat Patidar,Josh Tongue,6,7,0,1,0,0,16.67,116.67,7.0
Hardik Pandya,Dasun Shanaka,7,14,0,0,0,1,0.0,200.0,14.0
Hardik Pandya,Chamika Gunasekara,6,10,0,0,1,0,0.0,166.67,10.0
Hardik Pandya,Josh Tongue,5,12,0,1,1,1,20.0,240.0,12.0
Suryakumar Yadav,Seekkuge Prasanna,3,7,0,0,1,0,0.0,233.33,7.0
Josh Tongue,Hardik Pandya,1,1,0,0,0,0,0.0,100.0,1.0
